[h14] H10 채택 방식: trend_following
[h14] 전체기간/2022 - H10 저장 CSV 재사용 + 풀breadth/실현낙폭/SPY 신호 계산
[h14] 14개 반기 리밸런싱일에서 풀 구성: ['2020-01-02', '2020-07-01', '2021-01-04', '2021-07-01', '2022-01-03', '2022-07-01', '2023-01-03', '2023-07-03', '2024-01-02', '2024-07-01', '2025-01-02', '2025-07-01', '2026-01-02', '2026-07-01']
$ADS: possibly delisted; no timezone found
$ABMD: possibly delisted; no timezone found
$ADS: possibly delisted; no timezone found

1 Failed download:
['ADS']: possibly delisted; no timezone found
$ABMD: possibly delisted; no timezone found

1 Failed download:
['ABMD']: possibly delisted; no timezone found
$ABC: possibly delisted; no timezone found
$ABC: possibly delisted; no timezone found

1 Failed download:
['ABC']: possibly delisted; no timezone found
$AGN: possibly delisted; no timezone found
$AGN: possibly delisted; no timezone found

1 Failed download:
['AGN']: possibly delisted; no timezone found
$ALXN: possibly delisted; no timezone found
$ALXN: possibly delisted; no timezone found

1 Failed download:
['ALXN']: possibly delisted; no timezone found
$ANSS: possibly delisted; no timezone found
$ANSS: possibly delisted; no timezone found
$ANTM: possibly delisted; no timezone found

1 Failed download:
['ANSS']: possibly delisted; no timezone found
$ANTM: possibly delisted; no timezone found

1 Failed download:
['ANTM']: possibly delisted; no timezone found
$ARNC: possibly delisted; no timezone found
$ARNC: possibly delisted; no timezone found
$ATVI: possibly delisted; no timezone found

1 Failed download:
['ARNC']: possibly delisted; no timezone found
$ATVI: possibly delisted; no timezone found

1 Failed download:
['ATVI']: possibly delisted; no timezone found
$BK: possibly delisted; no timezone found
$BK: possibly delisted; no timezone found

1 Failed download:
['BK']: possibly delisted; no timezone found
$BLL: possibly delisted; no timezone found
$BLL: possibly delisted; no timezone found

1 Failed download:
['BLL']: possibly delisted; no timezone found
$CERN: possibly delisted; no timezone found
$CERN: possibly delisted; no timezone found

1 Failed download:
['CERN']: possibly delisted; no timezone found
$CMA: possibly delisted; no timezone found
$CMA: possibly delisted; no timezone found

1 Failed download:
['CMA']: possibly delisted; no timezone found
$COG: possibly delisted; no timezone found
$COG: possibly delisted; no timezone found

1 Failed download:
['COG']: possibly delisted; no timezone found
$CTL: possibly delisted; no timezone found
$CTL: possibly delisted; no timezone found

1 Failed download:
['CTL']: possibly delisted; no timezone found
$CTXS: possibly delisted; no timezone found
$CTXS: possibly delisted; no timezone found

1 Failed download:
['CTXS']: possibly delisted; no timezone found
$DFS: possibly delisted; no timezone found
$CXO: possibly delisted; no timezone found
$CXO: possibly delisted; no timezone found
$DFS: possibly delisted; no timezone found

1 Failed download:
['DFS']: possibly delisted; no timezone found

1 Failed download:
['CXO']: possibly delisted; no timezone found
$DISH: possibly delisted; no timezone found
$DISCA: possibly delisted; no timezone found
$DISCK: possibly delisted; no timezone found
$DISH: possibly delisted; no timezone found
$DISCA: possibly delisted; no timezone found

1 Failed download:
['DISH']: possibly delisted; no timezone found

1 Failed download:
['DISCA']: possibly delisted; no timezone found
$DISCK: possibly delisted; no timezone found

1 Failed download:
['DISCK']: possibly delisted; no timezone found
$DRE: possibly delisted; no timezone found
$DRE: possibly delisted; no timezone found

1 Failed download:
['DRE']: possibly delisted; no timezone found
$ETFC: possibly delisted; no timezone found
$ETFC: possibly delisted; no timezone found

1 Failed download:
['ETFC']: possibly delisted; no timezone found
$FB: possibly delisted; no price data found  (1d 2019-12-23 -> 2020-01-03) (Yahoo error = "Data doesn't exist for startDate = 1577077200, endDate = 1578027600")

1 Failed download:
['FB']: possibly delisted; no price data found  (1d 2019-12-23 -> 2020-01-03) (Yahoo error = "Data doesn't exist for startDate = 1577077200, endDate = 1578027600")
$FBHS: possibly delisted; no timezone found
$FBHS: possibly delisted; no timezone found

1 Failed download:
['FBHS']: possibly delisted; no timezone found
$FLIR: possibly delisted; no timezone found
$FLIR: possibly delisted; no timezone found

1 Failed download:
['FLIR']: possibly delisted; no timezone found
$FLT: possibly delisted; no timezone found
$FLT: possibly delisted; no timezone found

1 Failed download:
['FLT']: possibly delisted; no timezone found
$FRC: possibly delisted; no timezone found
$FRC: possibly delisted; no timezone found

1 Failed download:
['FRC']: possibly delisted; no timezone found
$GPS: possibly delisted; no timezone found
$GPS: possibly delisted; no timezone found

1 Failed download:
['GPS']: possibly delisted; no timezone found
$HBI: possibly delisted; no timezone found
$HBI: possibly delisted; no timezone found

1 Failed download:
['HBI']: possibly delisted; no timezone found
$HFC: possibly delisted; no timezone found
$HES: possibly delisted; no timezone found
$HFC: possibly delisted; no timezone found

1 Failed download:
['HFC']: possibly delisted; no timezone found
$HES: possibly delisted; no timezone found

1 Failed download:
['HES']: possibly delisted; no timezone found
$HOLX: possibly delisted; no timezone found
$HOLX: possibly delisted; no timezone found

1 Failed download:
['HOLX']: possibly delisted; no timezone found
$INFO: possibly delisted; no price data found  (1d 2019-12-23 -> 2020-01-03) (Yahoo error = "Data doesn't exist for startDate = 1577077200, endDate = 1578027600")

1 Failed download:
['INFO']: possibly delisted; no price data found  (1d 2019-12-23 -> 2020-01-03) (Yahoo error = "Data doesn't exist for startDate = 1577077200, endDate = 1578027600")
$IPG: possibly delisted; no timezone found
$IPG: possibly delisted; no timezone found

1 Failed download:
['IPG']: possibly delisted; no timezone found
$JNPR: possibly delisted; no timezone found
$JNPR: possibly delisted; no timezone found

1 Failed download:
['JNPR']: possibly delisted; no timezone found
$JWN: possibly delisted; no timezone found
$K: possibly delisted; no timezone found
$JWN: possibly delisted; no timezone found
$K: possibly delisted; no timezone found

1 Failed download:

1 Failed download:
['K']: possibly delisted; no timezone found
['JWN']: possibly delisted; no timezone found
$KSU: possibly delisted; no timezone found
$KSU: possibly delisted; no timezone found

1 Failed download:
['KSU']: possibly delisted; no timezone found
$LB: possibly delisted; no price data found  (1d 2019-12-23 -> 2020-01-03) (Yahoo error = "Data doesn't exist for startDate = 1577077200, endDate = 1578027600")

1 Failed download:
['LB']: possibly delisted; no price data found  (1d 2019-12-23 -> 2020-01-03) (Yahoo error = "Data doesn't exist for startDate = 1577077200, endDate = 1578027600")
$MMC: possibly delisted; no timezone found
$MMC: possibly delisted; no timezone found

1 Failed download:
['MMC']: possibly delisted; no timezone found
$MRO: possibly delisted; no timezone found
$MRO: possibly delisted; no timezone found

1 Failed download:
['MRO']: possibly delisted; no timezone found
$NBL: possibly delisted; no timezone found
$MXIM: possibly delisted; no timezone found
$NBL: possibly delisted; no timezone found
$MXIM: possibly delisted; no timezone found

1 Failed download:
['NBL']: possibly delisted; no timezone found

1 Failed download:
['MXIM']: possibly delisted; no timezone found
$MYL: possibly delisted; no timezone found
$MYL: possibly delisted; no timezone found

1 Failed download:
['MYL']: possibly delisted; no timezone found
$NLOK: possibly delisted; no timezone found
$NLSN: possibly delisted; no timezone found
$NLOK: possibly delisted; no timezone found
$NLSN: possibly delisted; no timezone found

1 Failed download:
['NLOK']: possibly delisted; no timezone found

1 Failed download:
['NLSN']: possibly delisted; no timezone found
$PBCT: possibly delisted; no timezone found
$PBCT: possibly delisted; no timezone found

1 Failed download:
['PBCT']: possibly delisted; no timezone found
$PEAK: possibly delisted; no timezone found
$PEAK: possibly delisted; no timezone found

1 Failed download:
['PEAK']: possibly delisted; no timezone found
$PKI: possibly delisted; no timezone found
$PKI: possibly delisted; no timezone found

1 Failed download:
['PKI']: possibly delisted; no timezone found
$PXD: possibly delisted; no timezone found
$PXD: possibly delisted; no timezone found

1 Failed download:
['PXD']: possibly delisted; no timezone found
$RE: possibly delisted; no timezone found
$RE: possibly delisted; no timezone found

1 Failed download:
['RE']: possibly delisted; no timezone found
$RTN: possibly delisted; no timezone found
$RTN: possibly delisted; no timezone found

1 Failed download:
['RTN']: possibly delisted; no timezone found
$SEE: possibly delisted; no timezone found
$SEE: possibly delisted; no timezone found

1 Failed download:
['SEE']: possibly delisted; no timezone found
$SIVB: possibly delisted; no timezone found
$SIVB: possibly delisted; no timezone found

1 Failed download:
['SIVB']: possibly delisted; no timezone found
$TIF: possibly delisted; no timezone found
$TIF: possibly delisted; no timezone found

1 Failed download:
['TIF']: possibly delisted; no timezone found
$TWTR: possibly delisted; no timezone found
$TWTR: possibly delisted; no timezone found

1 Failed download:
['TWTR']: possibly delisted; no timezone found
$UTX: possibly delisted; no timezone found
$UTX: possibly delisted; no timezone found
$VAR: possibly delisted; no timezone found

1 Failed download:
$VIAC: possibly delisted; no timezone found
$VAR: possibly delisted; no timezone found
['UTX']: possibly delisted; no timezone found

1 Failed download:
['VAR']: possibly delisted; no timezone found
$VIAC: possibly delisted; no timezone found

1 Failed download:
['VIAC']: possibly delisted; no timezone found
$WBA: possibly delisted; no timezone found
$WBA: possibly delisted; no timezone found

1 Failed download:
['WBA']: possibly delisted; no timezone found
$WCG: possibly delisted; no timezone found
$WCG: possibly delisted; no timezone found

1 Failed download:
['WCG']: possibly delisted; no timezone found
$WLTW: possibly delisted; no timezone found
$WLTW: possibly delisted; no timezone found

1 Failed download:
['WLTW']: possibly delisted; no timezone found
$WRK: possibly delisted; no timezone found
$WRK: possibly delisted; no timezone found

1 Failed download:
['WRK']: possibly delisted; no timezone found
$XLNX: possibly delisted; no timezone found
$XEC: possibly delisted; no timezone found
$XLNX: possibly delisted; no timezone found
$XEC: possibly delisted; no timezone found

1 Failed download:
['XLNX']: possibly delisted; no timezone found

1 Failed download:
['XEC']: possibly delisted; no timezone found
[h14]   [1/14] 2020-01-02: 풀 40종목 (56.6s)
$ABC: possibly delisted; no timezone found
$ABC: possibly delisted; no timezone found

1 Failed download:
['ABC']: possibly delisted; no timezone found
$ABMD: possibly delisted; no timezone found
$ABMD: possibly delisted; no timezone found

1 Failed download:
['ABMD']: possibly delisted; no timezone found
$ALXN: possibly delisted; no timezone found
$ALXN: possibly delisted; no timezone found

1 Failed download:
['ALXN']: possibly delisted; no timezone found
$ANSS: possibly delisted; no timezone found
$ANSS: possibly delisted; no timezone found

1 Failed download:
['ANSS']: possibly delisted; no timezone found
$ANTM: possibly delisted; no timezone found
$ANTM: possibly delisted; no timezone found

1 Failed download:
['ANTM']: possibly delisted; no timezone found
$ATVI: possibly delisted; no timezone found
$ATVI: possibly delisted; no timezone found

1 Failed download:
['ATVI']: possibly delisted; no timezone found
$BK: possibly delisted; no timezone found
$BK: possibly delisted; no timezone found

1 Failed download:
['BK']: possibly delisted; no timezone found
$BLL: possibly delisted; no timezone found
$BLL: possibly delisted; no timezone found

1 Failed download:
['BLL']: possibly delisted; no timezone found
$BIO: possibly delisted; no price data found  (1d 2020-06-21 -> 2020-06-21)

1 Failed download:
['BIO']: possibly delisted; no price data found  (1d 2020-06-21 -> 2020-06-21)
$CERN: possibly delisted; no timezone found
$CERN: possibly delisted; no timezone found

1 Failed download:
['CERN']: possibly delisted; no timezone found
$CMA: possibly delisted; no timezone found
$CMA: possibly delisted; no timezone found

1 Failed download:
['CMA']: possibly delisted; no timezone found
$COG: possibly delisted; no timezone found
$COG: possibly delisted; no timezone found

1 Failed download:
['COG']: possibly delisted; no timezone found
$CTL: possibly delisted; no timezone found
$CTL: possibly delisted; no timezone found

1 Failed download:
['CTL']: possibly delisted; no timezone found
$CTXS: possibly delisted; no timezone found
$CTXS: possibly delisted; no timezone found

1 Failed download:
['CTXS']: possibly delisted; no timezone found
$CXO: possibly delisted; no timezone found
$CXO: possibly delisted; no timezone found

1 Failed download:
['CXO']: possibly delisted; no timezone found
$DFS: possibly delisted; no timezone found
$DFS: possibly delisted; no timezone found

1 Failed download:
['DFS']: possibly delisted; no timezone found
$DISCA: possibly delisted; no timezone found
$DISCA: possibly delisted; no timezone found

1 Failed download:
['DISCA']: possibly delisted; no timezone found
$DISCK: possibly delisted; no timezone found
$DISCK: possibly delisted; no timezone found

1 Failed download:
['DISCK']: possibly delisted; no timezone found
$DISH: possibly delisted; no timezone found
$DISH: possibly delisted; no timezone found

1 Failed download:
['DISH']: possibly delisted; no timezone found
$DRE: possibly delisted; no timezone found
$DRE: possibly delisted; no timezone found

1 Failed download:
['DRE']: possibly delisted; no timezone found
$DPZ: possibly delisted; no price data found  (1d 2020-06-21 -> 2020-06-21)

1 Failed download:
['DPZ']: possibly delisted; no price data found  (1d 2020-06-21 -> 2020-06-21)
$DXCM: possibly delisted; no price data found  (1d 2020-06-21 -> 2020-06-21)

1 Failed download:
['DXCM']: possibly delisted; no price data found  (1d 2020-06-21 -> 2020-06-21)
$ETFC: possibly delisted; no timezone found
$ETFC: possibly delisted; no timezone found

1 Failed download:
['ETFC']: possibly delisted; no timezone found
$FBHS: possibly delisted; no timezone found
$FBHS: possibly delisted; no timezone found

1 Failed download:
['FBHS']: possibly delisted; no timezone found
$FB: possibly delisted; no price data found  (1d 2020-06-21 -> 2020-07-02) (Yahoo error = "Data doesn't exist for startDate = 1592712000, endDate = 1593662400")

1 Failed download:
['FB']: possibly delisted; no price data found  (1d 2020-06-21 -> 2020-07-02) (Yahoo error = "Data doesn't exist for startDate = 1592712000, endDate = 1593662400")
$FRC: possibly delisted; no timezone found
$FRC: possibly delisted; no timezone found

1 Failed download:
['FRC']: possibly delisted; no timezone found
$FLIR: possibly delisted; no timezone found
$FLIR: possibly delisted; no timezone found

1 Failed download:
['FLIR']: possibly delisted; no timezone found
$FLT: possibly delisted; no timezone found
$FLT: possibly delisted; no timezone found

1 Failed download:
['FLT']: possibly delisted; no timezone found
$GPS: possibly delisted; no timezone found
$GPS: possibly delisted; no timezone found

1 Failed download:
['GPS']: possibly delisted; no timezone found
$HES: possibly delisted; no timezone found
$HES: possibly delisted; no timezone found
$HBI: possibly delisted; no timezone found

1 Failed download:
['HES']: possibly delisted; no timezone found
$HBI: possibly delisted; no timezone found

1 Failed download:
['HBI']: possibly delisted; no timezone found
$HFC: possibly delisted; no timezone found
$HFC: possibly delisted; no timezone found

1 Failed download:
['HFC']: possibly delisted; no timezone found
$HOLX: possibly delisted; no timezone found
$HOLX: possibly delisted; no timezone found

1 Failed download:
['HOLX']: possibly delisted; no timezone found
$HWM: possibly delisted; no price data found  (1d 2020-06-21 -> 2020-06-21)

1 Failed download:
['HWM']: possibly delisted; no price data found  (1d 2020-06-21 -> 2020-06-21)
$INFO: possibly delisted; no price data found  (1d 2020-06-21 -> 2020-07-02) (Yahoo error = "Data doesn't exist for startDate = 1592712000, endDate = 1593662400")

1 Failed download:
['INFO']: possibly delisted; no price data found  (1d 2020-06-21 -> 2020-07-02) (Yahoo error = "Data doesn't exist for startDate = 1592712000, endDate = 1593662400")
$IPG: possibly delisted; no timezone found
$IPG: possibly delisted; no timezone found

1 Failed download:
['IPG']: possibly delisted; no timezone found
$JNPR: possibly delisted; no timezone found
$JNPR: possibly delisted; no timezone found

1 Failed download:
['JNPR']: possibly delisted; no timezone found
$K: possibly delisted; no timezone found
$K: possibly delisted; no timezone found

1 Failed download:
['K']: possibly delisted; no timezone found
$KSU: possibly delisted; no timezone found
$KSU: possibly delisted; no timezone found

1 Failed download:
['KSU']: possibly delisted; no timezone found
$LB: possibly delisted; no price data found  (1d 2020-06-21 -> 2020-07-02) (Yahoo error = "Data doesn't exist for startDate = 1592712000, endDate = 1593662400")

1 Failed download:
['LB']: possibly delisted; no price data found  (1d 2020-06-21 -> 2020-07-02) (Yahoo error = "Data doesn't exist for startDate = 1592712000, endDate = 1593662400")
$MMC: possibly delisted; no timezone found
$MMC: possibly delisted; no timezone found

1 Failed download:
['MMC']: possibly delisted; no timezone found
$MRO: possibly delisted; no timezone found
$MRO: possibly delisted; no timezone found

1 Failed download:
['MRO']: possibly delisted; no timezone found
$MXIM: possibly delisted; no timezone found
$MXIM: possibly delisted; no timezone found

1 Failed download:
['MXIM']: possibly delisted; no timezone found
$NBL: possibly delisted; no timezone found
$NBL: possibly delisted; no timezone found

1 Failed download:
['NBL']: possibly delisted; no timezone found
$NLSN: possibly delisted; no timezone found
$NLSN: possibly delisted; no timezone found

1 Failed download:
['NLSN']: possibly delisted; no timezone found
$NLOK: possibly delisted; no timezone found
$NLOK: possibly delisted; no timezone found

1 Failed download:
['NLOK']: possibly delisted; no timezone found
$MYL: possibly delisted; no timezone found
$MYL: possibly delisted; no timezone found

1 Failed download:
['MYL']: possibly delisted; no timezone found
$OTIS: possibly delisted; no price data found  (1d 2020-06-21 -> 2020-06-21)

1 Failed download:
['OTIS']: possibly delisted; no price data found  (1d 2020-06-21 -> 2020-06-21)
$PAYC: possibly delisted; no price data found  (1d 2020-06-21 -> 2020-06-21)

1 Failed download:
['PAYC']: possibly delisted; no price data found  (1d 2020-06-21 -> 2020-06-21)
$PBCT: possibly delisted; no timezone found
$PBCT: possibly delisted; no timezone found

1 Failed download:
['PBCT']: possibly delisted; no timezone found
$PEAK: possibly delisted; no timezone found
$PEAK: possibly delisted; no timezone found

1 Failed download:
['PEAK']: possibly delisted; no timezone found
$PKI: possibly delisted; no timezone found
$PKI: possibly delisted; no timezone found

1 Failed download:
['PKI']: possibly delisted; no timezone found
$PXD: possibly delisted; no timezone found
$PXD: possibly delisted; no timezone found

1 Failed download:
['PXD']: possibly delisted; no timezone found
$RE: possibly delisted; no timezone found
$RE: possibly delisted; no timezone found

1 Failed download:
['RE']: possibly delisted; no timezone found
$SIVB: possibly delisted; no timezone found
$SIVB: possibly delisted; no timezone found

1 Failed download:
['SIVB']: possibly delisted; no timezone found
$SEE: possibly delisted; no timezone found
$SEE: possibly delisted; no timezone found

1 Failed download:
['SEE']: possibly delisted; no timezone found
$TDY: possibly delisted; no price data found  (1d 2020-06-21 -> 2020-06-21)

1 Failed download:
['TDY']: possibly delisted; no price data found  (1d 2020-06-21 -> 2020-06-21)
$TIF: possibly delisted; no timezone found
$TIF: possibly delisted; no timezone found

1 Failed download:
['TIF']: possibly delisted; no timezone found
$TWTR: possibly delisted; no timezone found
$TWTR: possibly delisted; no timezone found

1 Failed download:
['TWTR']: possibly delisted; no timezone found
$TYL: possibly delisted; no price data found  (1d 2020-06-21 -> 2020-06-21)

1 Failed download:
['TYL']: possibly delisted; no price data found  (1d 2020-06-21 -> 2020-06-21)
$VAR: possibly delisted; no timezone found
$VAR: possibly delisted; no timezone found

1 Failed download:
['VAR']: possibly delisted; no timezone found
$VIAC: possibly delisted; no timezone found
$VIAC: possibly delisted; no timezone found

1 Failed download:
['VIAC']: possibly delisted; no timezone found
$WBA: possibly delisted; no timezone found
$WBA: possibly delisted; no timezone found

1 Failed download:
['WBA']: possibly delisted; no timezone found
$WLTW: possibly delisted; no timezone found
$WLTW: possibly delisted; no timezone found

1 Failed download:
['WLTW']: possibly delisted; no timezone found
$WRK: possibly delisted; no timezone found
$WRK: possibly delisted; no timezone found

1 Failed download:
['WRK']: possibly delisted; no timezone found
$XLNX: possibly delisted; no timezone found
$XLNX: possibly delisted; no timezone found

1 Failed download:
['XLNX']: possibly delisted; no timezone found
$WST: possibly delisted; no price data found  (1d 2020-06-21 -> 2020-06-21)

1 Failed download:
['WST']: possibly delisted; no price data found  (1d 2020-06-21 -> 2020-06-21)
[h14]   [2/14] 2020-07-01: 풀 40종목 (51.2s)
$ABC: possibly delisted; no timezone found
$ABMD: possibly delisted; no timezone found
$ABC: possibly delisted; no timezone found
$ABMD: possibly delisted; no timezone found

1 Failed download:
['ABC']: possibly delisted; no timezone found

1 Failed download:
['ABMD']: possibly delisted; no timezone found
$ALXN: possibly delisted; no timezone found
$ALXN: possibly delisted; no timezone found

1 Failed download:
['ALXN']: possibly delisted; no timezone found
$ANTM: possibly delisted; no timezone found
$ANTM: possibly delisted; no timezone found
$ANSS: possibly delisted; no timezone found
$ANSS: possibly delisted; no timezone found

1 Failed download:
['ANTM']: possibly delisted; no timezone found

1 Failed download:
['ANSS']: possibly delisted; no timezone found
$ATVI: possibly delisted; no timezone found
$ATVI: possibly delisted; no timezone found

1 Failed download:
['ATVI']: possibly delisted; no timezone found
$BK: possibly delisted; no timezone found
$BK: possibly delisted; no timezone found

1 Failed download:
['BK']: possibly delisted; no timezone found
$BLL: possibly delisted; no timezone found
$BLL: possibly delisted; no timezone found

1 Failed download:
['BLL']: possibly delisted; no timezone found
$CERN: possibly delisted; no timezone found
$CERN: possibly delisted; no timezone found

1 Failed download:
['CERN']: possibly delisted; no timezone found
$CMA: possibly delisted; no timezone found
$CMA: possibly delisted; no timezone found

1 Failed download:
['CMA']: possibly delisted; no timezone found
$COG: possibly delisted; no timezone found
$COG: possibly delisted; no timezone found

1 Failed download:
['COG']: possibly delisted; no timezone found
$CTLT: possibly delisted; no timezone found
$DFS: possibly delisted; no timezone found
$CTLT: possibly delisted; no timezone found
$DFS: possibly delisted; no timezone found

1 Failed download:

1 Failed download:
['CTLT']: possibly delisted; no timezone found
['DFS']: possibly delisted; no timezone found
$CTXS: possibly delisted; no timezone found
$CTXS: possibly delisted; no timezone found

1 Failed download:
['CTXS']: possibly delisted; no timezone found
$CXO: possibly delisted; no timezone found
$DISH: possibly delisted; no timezone found
$CXO: possibly delisted; no timezone found
$DISH: possibly delisted; no timezone found

1 Failed download:
['CXO']: possibly delisted; no timezone found
$DISCA: possibly delisted; no timezone found

1 Failed download:
['DISH']: possibly delisted; no timezone found
$DISCA: possibly delisted; no timezone found

1 Failed download:
['DISCA']: possibly delisted; no timezone found
$DISCK: possibly delisted; no timezone found
$DISCK: possibly delisted; no timezone found

1 Failed download:
['DISCK']: possibly delisted; no timezone found
$DRE: possibly delisted; no timezone found
$DRE: possibly delisted; no timezone found

1 Failed download:
['DRE']: possibly delisted; no timezone found
$ETSY: possibly delisted; no price data found  (1d 2020-12-25 -> 2020-12-27)

1 Failed download:
['ETSY']: possibly delisted; no price data found  (1d 2020-12-25 -> 2020-12-27)
$FBHS: possibly delisted; no timezone found
$FBHS: possibly delisted; no timezone found

1 Failed download:
['FBHS']: possibly delisted; no timezone found
$FLIR: possibly delisted; no timezone found
$FB: possibly delisted; no price data found  (1d 2020-12-25 -> 2021-01-05) (Yahoo error = "Data doesn't exist for startDate = 1608872400, endDate = 1609822800")

1 Failed download:
['FB']: possibly delisted; no price data found  (1d 2020-12-25 -> 2021-01-05) (Yahoo error = "Data doesn't exist for startDate = 1608872400, endDate = 1609822800")
$FLIR: possibly delisted; no timezone found

1 Failed download:
['FLIR']: possibly delisted; no timezone found
$FLT: possibly delisted; no timezone found
$FLT: possibly delisted; no timezone found

1 Failed download:
['FLT']: possibly delisted; no timezone found
$FRC: possibly delisted; no timezone found
$FRC: possibly delisted; no timezone found

1 Failed download:
['FRC']: possibly delisted; no timezone found
$GPS: possibly delisted; no timezone found
$GPS: possibly delisted; no timezone found

1 Failed download:
['GPS']: possibly delisted; no timezone found
$HBI: possibly delisted; no timezone found
$HBI: possibly delisted; no timezone found

1 Failed download:
['HBI']: possibly delisted; no timezone found
$HES: possibly delisted; no timezone found
$HES: possibly delisted; no timezone found

1 Failed download:
['HES']: possibly delisted; no timezone found
$HFC: possibly delisted; no timezone found
$HFC: possibly delisted; no timezone found

1 Failed download:
['HFC']: possibly delisted; no timezone found
$HOLX: possibly delisted; no timezone found
$HOLX: possibly delisted; no timezone found

1 Failed download:
['HOLX']: possibly delisted; no timezone found
$IPG: possibly delisted; no timezone found
$IPG: possibly delisted; no timezone found

1 Failed download:
['IPG']: possibly delisted; no timezone found
$INFO: possibly delisted; no price data found  (1d 2020-12-25 -> 2021-01-05) (Yahoo error = "Data doesn't exist for startDate = 1608872400, endDate = 1609822800")

1 Failed download:
['INFO']: possibly delisted; no price data found  (1d 2020-12-25 -> 2021-01-05) (Yahoo error = "Data doesn't exist for startDate = 1608872400, endDate = 1609822800")
$JNPR: possibly delisted; no timezone found
$JNPR: possibly delisted; no timezone found

1 Failed download:
['JNPR']: possibly delisted; no timezone found
$K: possibly delisted; no timezone found
$K: possibly delisted; no timezone found

1 Failed download:
['K']: possibly delisted; no timezone found
$KSU: possibly delisted; no timezone found
$KSU: possibly delisted; no timezone found

1 Failed download:
['KSU']: possibly delisted; no timezone found
$LB: possibly delisted; no price data found  (1d 2020-12-25 -> 2021-01-05) (Yahoo error = "Data doesn't exist for startDate = 1608872400, endDate = 1609822800")

1 Failed download:
['LB']: possibly delisted; no price data found  (1d 2020-12-25 -> 2021-01-05) (Yahoo error = "Data doesn't exist for startDate = 1608872400, endDate = 1609822800")
$LUMN: possibly delisted; no price data found  (1d 2020-12-25 -> 2020-12-27)

1 Failed download:
['LUMN']: possibly delisted; no price data found  (1d 2020-12-25 -> 2020-12-27)
$MMC: possibly delisted; no timezone found
$MMC: possibly delisted; no timezone found

1 Failed download:
['MMC']: possibly delisted; no timezone found
$MRO: possibly delisted; no timezone found
$MRO: possibly delisted; no timezone found

1 Failed download:
['MRO']: possibly delisted; no timezone found
$MXIM: possibly delisted; no timezone found
$MXIM: possibly delisted; no timezone found

1 Failed download:
['MXIM']: possibly delisted; no timezone found
$NLOK: possibly delisted; no timezone found
$NLOK: possibly delisted; no timezone found
$NLSN: possibly delisted; no timezone found

1 Failed download:
['NLOK']: possibly delisted; no timezone found
$NLSN: possibly delisted; no timezone found

1 Failed download:
['NLSN']: possibly delisted; no timezone found
$PBCT: possibly delisted; no timezone found
$PBCT: possibly delisted; no timezone found

1 Failed download:
['PBCT']: possibly delisted; no timezone found
$PEAK: possibly delisted; no timezone found
$PEAK: possibly delisted; no timezone found

1 Failed download:
['PEAK']: possibly delisted; no timezone found
$PKI: possibly delisted; no timezone found
$PKI: possibly delisted; no timezone found

1 Failed download:
['PKI']: possibly delisted; no timezone found
$POOL: possibly delisted; no price data found  (1d 2020-12-25 -> 2020-12-27)

1 Failed download:
['POOL']: possibly delisted; no price data found  (1d 2020-12-25 -> 2020-12-27)
$PXD: possibly delisted; no timezone found
$PXD: possibly delisted; no timezone found

1 Failed download:
['PXD']: possibly delisted; no timezone found
$RE: possibly delisted; no timezone found
$RE: possibly delisted; no timezone found

1 Failed download:
['RE']: possibly delisted; no timezone found
$SEE: possibly delisted; no timezone found
$SEE: possibly delisted; no timezone found

1 Failed download:
['SEE']: possibly delisted; no timezone found
$SIVB: possibly delisted; no timezone found
$SIVB: possibly delisted; no timezone found

1 Failed download:
['SIVB']: possibly delisted; no timezone found
$TIF: possibly delisted; no timezone found
$TIF: possibly delisted; no timezone found

1 Failed download:
['TIF']: possibly delisted; no timezone found
$TWTR: possibly delisted; no timezone found
$TWTR: possibly delisted; no timezone found

1 Failed download:
['TWTR']: possibly delisted; no timezone found
$VAR: possibly delisted; no timezone found
$VAR: possibly delisted; no timezone found

1 Failed download:
['VAR']: possibly delisted; no timezone found
$VIAC: possibly delisted; no timezone found
$VIAC: possibly delisted; no timezone found

1 Failed download:
['VIAC']: possibly delisted; no timezone found
$VNT: possibly delisted; no price data found  (1d 2020-12-25 -> 2020-12-27)

1 Failed download:
['VNT']: possibly delisted; no price data found  (1d 2020-12-25 -> 2020-12-27)
$WBA: possibly delisted; no timezone found
$WBA: possibly delisted; no timezone found

1 Failed download:
['WBA']: possibly delisted; no timezone found
$WLTW: possibly delisted; no timezone found
$WLTW: possibly delisted; no timezone found

1 Failed download:
['WLTW']: possibly delisted; no timezone found
$VTRS: possibly delisted; no price data found  (1d 2020-12-25 -> 2020-12-27)

1 Failed download:
['VTRS']: possibly delisted; no price data found  (1d 2020-12-25 -> 2020-12-27)
$WRK: possibly delisted; no timezone found
$WRK: possibly delisted; no timezone found

1 Failed download:
['WRK']: possibly delisted; no timezone found
$XLNX: possibly delisted; no timezone found
$XLNX: possibly delisted; no timezone found

1 Failed download:
['XLNX']: possibly delisted; no timezone found
[h14]   [3/14] 2021-01-04: 풀 40종목 (51.2s)
$ABMD: possibly delisted; no timezone found
$ABC: possibly delisted; no timezone found
$ABC: possibly delisted; no timezone found

1 Failed download:
['ABC']: possibly delisted; no timezone found
$ABMD: possibly delisted; no timezone found

1 Failed download:
['ABMD']: possibly delisted; no timezone found
$ALXN: possibly delisted; no timezone found
$ALXN: possibly delisted; no timezone found

1 Failed download:
['ALXN']: possibly delisted; no timezone found
$ANTM: possibly delisted; no timezone found
$ANTM: possibly delisted; no timezone found
$ANSS: possibly delisted; no timezone found

1 Failed download:
['ANTM']: possibly delisted; no timezone found
$ANSS: possibly delisted; no timezone found

1 Failed download:
['ANSS']: possibly delisted; no timezone found
$ATVI: possibly delisted; no timezone found
$ATVI: possibly delisted; no timezone found

1 Failed download:
['ATVI']: possibly delisted; no timezone found
$BK: possibly delisted; no timezone found
$BK: possibly delisted; no timezone found

1 Failed download:
['BK']: possibly delisted; no timezone found
$BLL: possibly delisted; no timezone found
$BLL: possibly delisted; no timezone found

1 Failed download:
['BLL']: possibly delisted; no timezone found
$CERN: possibly delisted; no timezone found
$CERN: possibly delisted; no timezone found

1 Failed download:
['CERN']: possibly delisted; no timezone found
$CMA: possibly delisted; no timezone found
$CMA: possibly delisted; no timezone found

1 Failed download:
['CMA']: possibly delisted; no timezone found
$COG: possibly delisted; no timezone found
$COG: possibly delisted; no timezone found

1 Failed download:
['COG']: possibly delisted; no timezone found
$CTLT: possibly delisted; no timezone found
$CTLT: possibly delisted; no timezone found

1 Failed download:
['CTLT']: possibly delisted; no timezone found
$CTXS: possibly delisted; no timezone found
$CTXS: possibly delisted; no timezone found

1 Failed download:
['CTXS']: possibly delisted; no timezone found
$DFS: possibly delisted; no timezone found
$DFS: possibly delisted; no timezone found

1 Failed download:
['DFS']: possibly delisted; no timezone found
$DISCA: possibly delisted; no timezone found
$DISCA: possibly delisted; no timezone found

1 Failed download:
['DISCA']: possibly delisted; no timezone found
$DISCK: possibly delisted; no timezone found
$DISH: possibly delisted; no timezone found
$DISCK: possibly delisted; no timezone found

1 Failed download:
['DISCK']: possibly delisted; no timezone found
$DISH: possibly delisted; no timezone found

1 Failed download:
['DISH']: possibly delisted; no timezone found
$DRE: possibly delisted; no timezone found
$DRE: possibly delisted; no timezone found

1 Failed download:
['DRE']: possibly delisted; no timezone found
$FBHS: possibly delisted; no timezone found
$FBHS: possibly delisted; no timezone found

1 Failed download:
['FBHS']: possibly delisted; no timezone found
$FB: possibly delisted; no price data found  (1d 2021-06-21 -> 2021-07-02) (Yahoo error = "Data doesn't exist for startDate = 1624248000, endDate = 1625198400")

1 Failed download:
['FB']: possibly delisted; no price data found  (1d 2021-06-21 -> 2021-07-02) (Yahoo error = "Data doesn't exist for startDate = 1624248000, endDate = 1625198400")
$FLT: possibly delisted; no timezone found
$FLT: possibly delisted; no timezone found

1 Failed download:
['FLT']: possibly delisted; no timezone found
$FRC: possibly delisted; no timezone found
$FRC: possibly delisted; no timezone found

1 Failed download:
['FRC']: possibly delisted; no timezone found
$GPS: possibly delisted; no timezone found
$GPS: possibly delisted; no timezone found

1 Failed download:
['GPS']: possibly delisted; no timezone found
$HBI: possibly delisted; no timezone found
$HBI: possibly delisted; no timezone found

1 Failed download:
['HBI']: possibly delisted; no timezone found
$HES: possibly delisted; no timezone found
$HES: possibly delisted; no timezone found

1 Failed download:
['HES']: possibly delisted; no timezone found
$HOLX: possibly delisted; no timezone found
$HOLX: possibly delisted; no timezone found

1 Failed download:
['HOLX']: possibly delisted; no timezone found
$IPG: possibly delisted; no timezone found
$IPG: possibly delisted; no timezone found

1 Failed download:
['IPG']: possibly delisted; no timezone found
$INFO: possibly delisted; no price data found  (1d 2021-06-21 -> 2021-07-02) (Yahoo error = "Data doesn't exist for startDate = 1624248000, endDate = 1625198400")

1 Failed download:
['INFO']: possibly delisted; no price data found  (1d 2021-06-21 -> 2021-07-02) (Yahoo error = "Data doesn't exist for startDate = 1624248000, endDate = 1625198400")
$JNPR: possibly delisted; no timezone found
$JNPR: possibly delisted; no timezone found

1 Failed download:
['JNPR']: possibly delisted; no timezone found
$K: possibly delisted; no timezone found
$K: possibly delisted; no timezone found

1 Failed download:
['K']: possibly delisted; no timezone found
$KSU: possibly delisted; no timezone found
$KSU: possibly delisted; no timezone found

1 Failed download:
['KSU']: possibly delisted; no timezone found
$LB: possibly delisted; no price data found  (1d 2021-06-21 -> 2021-07-02) (Yahoo error = "Data doesn't exist for startDate = 1624248000, endDate = 1625198400")

1 Failed download:
['LB']: possibly delisted; no price data found  (1d 2021-06-21 -> 2021-07-02) (Yahoo error = "Data doesn't exist for startDate = 1624248000, endDate = 1625198400")
$MMC: possibly delisted; no timezone found
$MMC: possibly delisted; no timezone found

1 Failed download:
['MMC']: possibly delisted; no timezone found
$MRO: possibly delisted; no timezone found
$MRO: possibly delisted; no timezone found

1 Failed download:
['MRO']: possibly delisted; no timezone found
$MXIM: possibly delisted; no timezone found
$MXIM: possibly delisted; no timezone found

1 Failed download:
['MXIM']: possibly delisted; no timezone found
$NLOK: possibly delisted; no timezone found
$NLOK: possibly delisted; no timezone found

1 Failed download:
['NLOK']: possibly delisted; no timezone found
$NLSN: possibly delisted; no timezone found
$NLSN: possibly delisted; no timezone found

1 Failed download:
['NLSN']: possibly delisted; no timezone found
$PBCT: possibly delisted; no timezone found
$PBCT: possibly delisted; no timezone found

1 Failed download:
['PBCT']: possibly delisted; no timezone found
$PEAK: possibly delisted; no timezone found
$PEAK: possibly delisted; no timezone found

1 Failed download:
['PEAK']: possibly delisted; no timezone found
$PKI: possibly delisted; no timezone found
$PKI: possibly delisted; no timezone found

1 Failed download:
['PKI']: possibly delisted; no timezone found
$PXD: possibly delisted; no timezone found
$PXD: possibly delisted; no timezone found

1 Failed download:
['PXD']: possibly delisted; no timezone found
$RE: possibly delisted; no timezone found
$RE: possibly delisted; no timezone found

1 Failed download:
['RE']: possibly delisted; no timezone found
$SEE: possibly delisted; no timezone found
$SEE: possibly delisted; no timezone found

1 Failed download:
['SEE']: possibly delisted; no timezone found
$SIVB: possibly delisted; no timezone found
$SIVB: possibly delisted; no timezone found

1 Failed download:
['SIVB']: possibly delisted; no timezone found
$TWTR: possibly delisted; no timezone found
$TWTR: possibly delisted; no timezone found

1 Failed download:
['TWTR']: possibly delisted; no timezone found
$VIAC: possibly delisted; no timezone found
$VIAC: possibly delisted; no timezone found

1 Failed download:
['VIAC']: possibly delisted; no timezone found
$WBA: possibly delisted; no timezone found
$WBA: possibly delisted; no timezone found

1 Failed download:
['WBA']: possibly delisted; no timezone found
$WLTW: possibly delisted; no timezone found
$WLTW: possibly delisted; no timezone found

1 Failed download:
['WLTW']: possibly delisted; no timezone found
$WRK: possibly delisted; no timezone found
$WRK: possibly delisted; no timezone found

1 Failed download:
['WRK']: possibly delisted; no timezone found
$XLNX: possibly delisted; no timezone found
$XLNX: possibly delisted; no timezone found

1 Failed download:
['XLNX']: possibly delisted; no timezone found
[h14]   [4/14] 2021-07-01: 풀 40종목 (53.5s)
$ABC: possibly delisted; no timezone found
$ABMD: possibly delisted; no timezone found
$ABC: possibly delisted; no timezone found
$ABMD: possibly delisted; no timezone found

1 Failed download:
['ABMD']: possibly delisted; no timezone found

1 Failed download:
['ABC']: possibly delisted; no timezone found
$ANSS: possibly delisted; no timezone found
$ANSS: possibly delisted; no timezone found

1 Failed download:
['ANSS']: possibly delisted; no timezone found
$ANTM: possibly delisted; no timezone found
$ANTM: possibly delisted; no timezone found

1 Failed download:
['ANTM']: possibly delisted; no timezone found
$ATVI: possibly delisted; no timezone found
$ATVI: possibly delisted; no timezone found

1 Failed download:
['ATVI']: possibly delisted; no timezone found
$BK: possibly delisted; no timezone found
$BK: possibly delisted; no timezone found

1 Failed download:
['BK']: possibly delisted; no timezone found
$BLL: possibly delisted; no timezone found
$BLL: possibly delisted; no timezone found

1 Failed download:
['BLL']: possibly delisted; no timezone found
$BBWI: possibly delisted; no price data found  (1d 2021-12-24 -> 2021-12-26)

1 Failed download:
['BBWI']: possibly delisted; no price data found  (1d 2021-12-24 -> 2021-12-26)
$BRO: possibly delisted; no price data found  (1d 2021-12-24 -> 2021-12-26)

1 Failed download:
['BRO']: possibly delisted; no price data found  (1d 2021-12-24 -> 2021-12-26)
$CERN: possibly delisted; no timezone found
$CERN: possibly delisted; no timezone found

1 Failed download:
['CERN']: possibly delisted; no timezone found
$CDAY: possibly delisted; no timezone found
$CDAY: possibly delisted; no timezone found

1 Failed download:
['CDAY']: possibly delisted; no timezone found
$CMA: possibly delisted; no timezone found
$CMA: possibly delisted; no timezone found

1 Failed download:
['CMA']: possibly delisted; no timezone found
$CTLT: possibly delisted; no timezone found
$CTLT: possibly delisted; no timezone found

1 Failed download:
['CTLT']: possibly delisted; no timezone found
$CTXS: possibly delisted; no timezone found
$CTXS: possibly delisted; no timezone found

1 Failed download:
['CTXS']: possibly delisted; no timezone found
$CTRA: possibly delisted; no timezone found
$CTRA: possibly delisted; no timezone found

1 Failed download:
['CTRA']: possibly delisted; no timezone found
$DFS: possibly delisted; no timezone found
$DFS: possibly delisted; no timezone found

1 Failed download:
['DFS']: possibly delisted; no timezone found
$DISCA: possibly delisted; no timezone found
$DISCA: possibly delisted; no timezone found

1 Failed download:
['DISCA']: possibly delisted; no timezone found
$DISCK: possibly delisted; no timezone found
$DISCK: possibly delisted; no timezone found

1 Failed download:
['DISCK']: possibly delisted; no timezone found
$DISH: possibly delisted; no timezone found
$DISH: possibly delisted; no timezone found

1 Failed download:
['DISH']: possibly delisted; no timezone found
$DRE: possibly delisted; no timezone found
$DRE: possibly delisted; no timezone found

1 Failed download:
['DRE']: possibly delisted; no timezone found
$EPAM: possibly delisted; no price data found  (1d 2021-12-24 -> 2021-12-26)

1 Failed download:
['EPAM']: possibly delisted; no price data found  (1d 2021-12-24 -> 2021-12-26)
$FBHS: possibly delisted; no timezone found
$FBHS: possibly delisted; no timezone found

1 Failed download:
['FBHS']: possibly delisted; no timezone found
$FB: possibly delisted; no price data found  (1d 2021-12-24 -> 2022-01-04) (Yahoo error = "Data doesn't exist for startDate = 1640322000, endDate = 1641272400")

1 Failed download:
['FB']: possibly delisted; no price data found  (1d 2021-12-24 -> 2022-01-04) (Yahoo error = "Data doesn't exist for startDate = 1640322000, endDate = 1641272400")
$FLT: possibly delisted; no timezone found
$FLT: possibly delisted; no timezone found

1 Failed download:
['FLT']: possibly delisted; no timezone found
$FRC: possibly delisted; no timezone found
$FRC: possibly delisted; no timezone found

1 Failed download:
['FRC']: possibly delisted; no timezone found
$GPS: possibly delisted; no timezone found
$GPS: possibly delisted; no timezone found

1 Failed download:
['GPS']: possibly delisted; no timezone found
$HES: possibly delisted; no timezone found
$HES: possibly delisted; no timezone found

1 Failed download:
['HES']: possibly delisted; no timezone found
$HOLX: possibly delisted; no timezone found
$HOLX: possibly delisted; no timezone found

1 Failed download:
['HOLX']: possibly delisted; no timezone found
$IPG: possibly delisted; no timezone found
$IPG: possibly delisted; no timezone found

1 Failed download:
['IPG']: possibly delisted; no timezone found
$INFO: possibly delisted; no price data found  (1d 2021-12-24 -> 2022-01-04) (Yahoo error = "Data doesn't exist for startDate = 1640322000, endDate = 1641272400")

1 Failed download:
['INFO']: possibly delisted; no price data found  (1d 2021-12-24 -> 2022-01-04) (Yahoo error = "Data doesn't exist for startDate = 1640322000, endDate = 1641272400")
$JNPR: possibly delisted; no timezone found
$JNPR: possibly delisted; no timezone found

1 Failed download:
['JNPR']: possibly delisted; no timezone found
$K: possibly delisted; no timezone found
$K: possibly delisted; no timezone found

1 Failed download:
['K']: possibly delisted; no timezone found
$MMC: possibly delisted; no timezone found
$MMC: possibly delisted; no timezone found

1 Failed download:
['MMC']: possibly delisted; no timezone found
$MRO: possibly delisted; no timezone found
$MRO: possibly delisted; no timezone found

1 Failed download:
['MRO']: possibly delisted; no timezone found
$MRNA: possibly delisted; no price data found  (1d 2021-12-24 -> 2021-12-26)

1 Failed download:
['MRNA']: possibly delisted; no price data found  (1d 2021-12-24 -> 2021-12-26)
$NLSN: possibly delisted; no timezone found
$NLOK: possibly delisted; no timezone found
$NLSN: possibly delisted; no timezone found

1 Failed download:
['NLSN']: possibly delisted; no timezone found
$NLOK: possibly delisted; no timezone found

1 Failed download:
['NLOK']: possibly delisted; no timezone found
$PBCT: possibly delisted; no timezone found
$PBCT: possibly delisted; no timezone found
$PEAK: possibly delisted; no timezone found

1 Failed download:
['PBCT']: possibly delisted; no timezone found
$PEAK: possibly delisted; no timezone found

1 Failed download:
['PEAK']: possibly delisted; no timezone found
$PKI: possibly delisted; no timezone found
$PKI: possibly delisted; no timezone found

1 Failed download:
['PKI']: possibly delisted; no timezone found
$PXD: possibly delisted; no timezone found
$PXD: possibly delisted; no timezone found

1 Failed download:
['PXD']: possibly delisted; no timezone found
$RE: possibly delisted; no timezone found
$RE: possibly delisted; no timezone found

1 Failed download:
['RE']: possibly delisted; no timezone found
$SEE: possibly delisted; no timezone found
$SEE: possibly delisted; no timezone found

1 Failed download:
['SEE']: possibly delisted; no timezone found
$SIVB: possibly delisted; no timezone found
$SIVB: possibly delisted; no timezone found

1 Failed download:
['SIVB']: possibly delisted; no timezone found
$SBNY: possibly delisted; no price data found  (1d 2021-12-24 -> 2022-01-04) (Yahoo error = "Data doesn't exist for startDate = 1640322000, endDate = 1641272400")

1 Failed download:
['SBNY']: possibly delisted; no price data found  (1d 2021-12-24 -> 2022-01-04) (Yahoo error = "Data doesn't exist for startDate = 1640322000, endDate = 1641272400")
$SEDG: possibly delisted; no price data found  (1d 2021-12-24 -> 2021-12-26)

1 Failed download:
['SEDG']: possibly delisted; no price data found  (1d 2021-12-24 -> 2021-12-26)
$TWTR: possibly delisted; no timezone found
$TWTR: possibly delisted; no timezone found

1 Failed download:
['TWTR']: possibly delisted; no timezone found
$VIAC: possibly delisted; no timezone found
$VIAC: possibly delisted; no timezone found

1 Failed download:
['VIAC']: possibly delisted; no timezone found
$WBA: possibly delisted; no timezone found
$WBA: possibly delisted; no timezone found

1 Failed download:
['WBA']: possibly delisted; no timezone found
$WLTW: possibly delisted; no timezone found
$WLTW: possibly delisted; no timezone found

1 Failed download:
['WLTW']: possibly delisted; no timezone found
$WRK: possibly delisted; no timezone found
$WRK: possibly delisted; no timezone found

1 Failed download:
['WRK']: possibly delisted; no timezone found
$XLNX: possibly delisted; no timezone found
$XLNX: possibly delisted; no timezone found

1 Failed download:
['XLNX']: possibly delisted; no timezone found
[h14]   [5/14] 2022-01-03: 풀 40종목 (50.1s)
$ABC: possibly delisted; no timezone found
$ABMD: possibly delisted; no timezone found
$ABC: possibly delisted; no timezone found

1 Failed download:
['ABC']: possibly delisted; no timezone found
$ABMD: possibly delisted; no timezone found

1 Failed download:
['ABMD']: possibly delisted; no timezone found
$ANSS: possibly delisted; no timezone found
$ANSS: possibly delisted; no timezone found

1 Failed download:
['ANSS']: possibly delisted; no timezone found
$ATVI: possibly delisted; no timezone found
$ATVI: possibly delisted; no timezone found

1 Failed download:
['ATVI']: possibly delisted; no timezone found
$BK: possibly delisted; no timezone found
$BK: possibly delisted; no timezone found

1 Failed download:
['BK']: possibly delisted; no timezone found
$CDAY: possibly delisted; no timezone found
$CDAY: possibly delisted; no timezone found

1 Failed download:
['CDAY']: possibly delisted; no timezone found
$CMA: possibly delisted; no timezone found
$CMA: possibly delisted; no timezone found

1 Failed download:
['CMA']: possibly delisted; no timezone found
$CTLT: possibly delisted; no timezone found
$CTLT: possibly delisted; no timezone found

1 Failed download:
['CTLT']: possibly delisted; no timezone found
$CTRA: possibly delisted; no timezone found
$CTRA: possibly delisted; no timezone found

1 Failed download:
['CTRA']: possibly delisted; no timezone found
$CTXS: possibly delisted; no timezone found
$CTXS: possibly delisted; no timezone found

1 Failed download:
['CTXS']: possibly delisted; no timezone found
$DFS: possibly delisted; no timezone found
$DFS: possibly delisted; no timezone found

1 Failed download:
['DFS']: possibly delisted; no timezone found
$DISH: possibly delisted; no timezone found
$DISH: possibly delisted; no timezone found

1 Failed download:
['DISH']: possibly delisted; no timezone found
$DRE: possibly delisted; no timezone found
$DRE: possibly delisted; no timezone found

1 Failed download:
['DRE']: possibly delisted; no timezone found
$FBHS: possibly delisted; no timezone found
$FBHS: possibly delisted; no timezone found

1 Failed download:
['FBHS']: possibly delisted; no timezone found
$FLT: possibly delisted; no timezone found
$FLT: possibly delisted; no timezone found

1 Failed download:
['FLT']: possibly delisted; no timezone found
$FRC: possibly delisted; no timezone found
$FRC: possibly delisted; no timezone found

1 Failed download:
['FRC']: possibly delisted; no timezone found
$HES: possibly delisted; no timezone found
$HES: possibly delisted; no timezone found

1 Failed download:
['HES']: possibly delisted; no timezone found
$HOLX: possibly delisted; no timezone found
$HOLX: possibly delisted; no timezone found

1 Failed download:
['HOLX']: possibly delisted; no timezone found
$IPG: possibly delisted; no timezone found
$IPG: possibly delisted; no timezone found

1 Failed download:
['IPG']: possibly delisted; no timezone found
$JNPR: possibly delisted; no timezone found
$JNPR: possibly delisted; no timezone found

1 Failed download:
['JNPR']: possibly delisted; no timezone found
$K: possibly delisted; no timezone found
$K: possibly delisted; no timezone found

1 Failed download:
['K']: possibly delisted; no timezone found
$MMC: possibly delisted; no timezone found
$MMC: possibly delisted; no timezone found

1 Failed download:
['MMC']: possibly delisted; no timezone found
$MRO: possibly delisted; no timezone found
$MRO: possibly delisted; no timezone found

1 Failed download:
['MRO']: possibly delisted; no timezone found
$NLOK: possibly delisted; no timezone found
$NLOK: possibly delisted; no timezone found
$NLSN: possibly delisted; no timezone found

1 Failed download:
['NLOK']: possibly delisted; no timezone found
$NLSN: possibly delisted; no timezone found

1 Failed download:
['NLSN']: possibly delisted; no timezone found
$PEAK: possibly delisted; no timezone found
$PEAK: possibly delisted; no timezone found

1 Failed download:
['PEAK']: possibly delisted; no timezone found
$PKI: possibly delisted; no timezone found
$PKI: possibly delisted; no timezone found

1 Failed download:
['PKI']: possibly delisted; no timezone found
$PXD: possibly delisted; no timezone found
$PXD: possibly delisted; no timezone found

1 Failed download:
['PXD']: possibly delisted; no timezone found
$RE: possibly delisted; no timezone found
$RE: possibly delisted; no timezone found

1 Failed download:
['RE']: possibly delisted; no timezone found
$SEE: possibly delisted; no timezone found
$SEE: possibly delisted; no timezone found

1 Failed download:
['SEE']: possibly delisted; no timezone found
$SIVB: possibly delisted; no timezone found
$SIVB: possibly delisted; no timezone found
$SBNY: possibly delisted; no price data found  (1d 2022-06-21 -> 2022-07-02) (Yahoo error = "Data doesn't exist for startDate = 1655784000, endDate = 1656734400")

1 Failed download:
['SIVB']: possibly delisted; no timezone found

1 Failed download:
['SBNY']: possibly delisted; no price data found  (1d 2022-06-21 -> 2022-07-02) (Yahoo error = "Data doesn't exist for startDate = 1655784000, endDate = 1656734400")
$TWTR: possibly delisted; no timezone found
$TWTR: possibly delisted; no timezone found

1 Failed download:
['TWTR']: possibly delisted; no timezone found
$WBA: possibly delisted; no timezone found
$WBA: possibly delisted; no timezone found

1 Failed download:
['WBA']: possibly delisted; no timezone found
$WRK: possibly delisted; no timezone found
$WRK: possibly delisted; no timezone found

1 Failed download:
['WRK']: possibly delisted; no timezone found
[h14]   [6/14] 2022-07-01: 풀 40종목 (52.1s)
$ABC: possibly delisted; no timezone found
$ABC: possibly delisted; no timezone found

1 Failed download:
['ABC']: possibly delisted; no timezone found
$ACGL: possibly delisted; no price data found  (1d 2022-12-24 -> 2022-12-26)

1 Failed download:
['ACGL']: possibly delisted; no price data found  (1d 2022-12-24 -> 2022-12-26)
$ANSS: possibly delisted; no timezone found
$ANSS: possibly delisted; no timezone found

1 Failed download:
['ANSS']: possibly delisted; no timezone found
$ATVI: possibly delisted; no timezone found
$ATVI: possibly delisted; no timezone found

1 Failed download:
['ATVI']: possibly delisted; no timezone found
$BK: possibly delisted; no timezone found
$BK: possibly delisted; no timezone found

1 Failed download:
['BK']: possibly delisted; no timezone found
$CDAY: possibly delisted; no timezone found
$CDAY: possibly delisted; no timezone found

1 Failed download:
['CDAY']: possibly delisted; no timezone found
$CMA: possibly delisted; no timezone found
$CMA: possibly delisted; no timezone found

1 Failed download:
['CMA']: possibly delisted; no timezone found
$CTLT: possibly delisted; no timezone found
$CTLT: possibly delisted; no timezone found

1 Failed download:
['CTLT']: possibly delisted; no timezone found
$CTRA: possibly delisted; no timezone found
$CTRA: possibly delisted; no timezone found

1 Failed download:
['CTRA']: possibly delisted; no timezone found
$DFS: possibly delisted; no timezone found
$DFS: possibly delisted; no timezone found

1 Failed download:
['DFS']: possibly delisted; no timezone found
$DISH: possibly delisted; no timezone found
$DISH: possibly delisted; no timezone found

1 Failed download:
['DISH']: possibly delisted; no timezone found
$FLT: possibly delisted; no timezone found
$FLT: possibly delisted; no timezone found

1 Failed download:
['FLT']: possibly delisted; no timezone found
$FRC: possibly delisted; no timezone found
$FRC: possibly delisted; no timezone found

1 Failed download:
['FRC']: possibly delisted; no timezone found
$FSLR: possibly delisted; no price data found  (1d 2022-12-24 -> 2022-12-26)

1 Failed download:
['FSLR']: possibly delisted; no price data found  (1d 2022-12-24 -> 2022-12-26)
$HES: possibly delisted; no timezone found
$HES: possibly delisted; no timezone found

1 Failed download:
['HES']: possibly delisted; no timezone found
$HOLX: possibly delisted; no timezone found
$HOLX: possibly delisted; no timezone found

1 Failed download:
['HOLX']: possibly delisted; no timezone found
$IPG: possibly delisted; no timezone found
$IPG: possibly delisted; no timezone found

1 Failed download:
['IPG']: possibly delisted; no timezone found
$INVH: possibly delisted; no price data found  (1d 2022-12-24 -> 2022-12-26)

1 Failed download:
['INVH']: possibly delisted; no price data found  (1d 2022-12-24 -> 2022-12-26)
$JNPR: possibly delisted; no timezone found
$JNPR: possibly delisted; no timezone found

1 Failed download:
['JNPR']: possibly delisted; no timezone found
$K: possibly delisted; no timezone found
$K: possibly delisted; no timezone found

1 Failed download:
['K']: possibly delisted; no timezone found
$MMC: possibly delisted; no timezone found
$MMC: possibly delisted; no timezone found

1 Failed download:
['MMC']: possibly delisted; no timezone found
$MRO: possibly delisted; no timezone found
$MRO: possibly delisted; no timezone found

1 Failed download:
['MRO']: possibly delisted; no timezone found
$PEAK: possibly delisted; no timezone found
$PEAK: possibly delisted; no timezone found

1 Failed download:
['PEAK']: possibly delisted; no timezone found
$PKI: possibly delisted; no timezone found
$PKI: possibly delisted; no timezone found

1 Failed download:
['PKI']: possibly delisted; no timezone found
$PXD: possibly delisted; no timezone found
$PXD: possibly delisted; no timezone found

1 Failed download:
['PXD']: possibly delisted; no timezone found
$RE: possibly delisted; no timezone found
$RE: possibly delisted; no timezone found

1 Failed download:
['RE']: possibly delisted; no timezone found
$SEE: possibly delisted; no timezone found
$SIVB: possibly delisted; no timezone found
$SEE: possibly delisted; no timezone found
$SBNY: possibly delisted; no price data found  (1d 2022-12-24 -> 2023-01-04) (Yahoo error = "Data doesn't exist for startDate = 1671858000, endDate = 1672808400")

1 Failed download:
['SEE']: possibly delisted; no timezone found
$SIVB: possibly delisted; no timezone found

1 Failed download:
['SBNY']: possibly delisted; no price data found  (1d 2022-12-24 -> 2023-01-04) (Yahoo error = "Data doesn't exist for startDate = 1671858000, endDate = 1672808400")

1 Failed download:
['SIVB']: possibly delisted; no timezone found
$WBA: possibly delisted; no timezone found
$WBA: possibly delisted; no timezone found

1 Failed download:
['WBA']: possibly delisted; no timezone found
$WRK: possibly delisted; no timezone found
$WRK: possibly delisted; no timezone found

1 Failed download:
['WRK']: possibly delisted; no timezone found
[h14]   [7/14] 2023-01-03: 풀 40종목 (54.3s)
$ABC: possibly delisted; no timezone found
$ABC: possibly delisted; no timezone found

1 Failed download:
['ABC']: possibly delisted; no timezone found
$ANSS: possibly delisted; no timezone found
$ANSS: possibly delisted; no timezone found

1 Failed download:
['ANSS']: possibly delisted; no timezone found
$ATVI: possibly delisted; no timezone found
$ATVI: possibly delisted; no timezone found

1 Failed download:
['ATVI']: possibly delisted; no timezone found
$BK: possibly delisted; no timezone found
$BK: possibly delisted; no timezone found

1 Failed download:
['BK']: possibly delisted; no timezone found
$CDAY: possibly delisted; no timezone found
$CDAY: possibly delisted; no timezone found

1 Failed download:
['CDAY']: possibly delisted; no timezone found
$CMA: possibly delisted; no timezone found
$CMA: possibly delisted; no timezone found

1 Failed download:
['CMA']: possibly delisted; no timezone found
$CTRA: possibly delisted; no timezone found
$CTLT: possibly delisted; no timezone found
$CTRA: possibly delisted; no timezone found

1 Failed download:
['CTRA']: possibly delisted; no timezone found
$CTLT: possibly delisted; no timezone found

1 Failed download:
['CTLT']: possibly delisted; no timezone found
$DFS: possibly delisted; no timezone found
$DFS: possibly delisted; no timezone found

1 Failed download:
['DFS']: possibly delisted; no timezone found
$FLT: possibly delisted; no timezone found
$FLT: possibly delisted; no timezone found

1 Failed download:
['FLT']: possibly delisted; no timezone found
$HES: possibly delisted; no timezone found
$HES: possibly delisted; no timezone found

1 Failed download:
['HES']: possibly delisted; no timezone found
$HOLX: possibly delisted; no timezone found
$HOLX: possibly delisted; no timezone found

1 Failed download:
['HOLX']: possibly delisted; no timezone found
$IPG: possibly delisted; no timezone found
$IPG: possibly delisted; no timezone found

1 Failed download:
['IPG']: possibly delisted; no timezone found
$JNPR: possibly delisted; no timezone found
$JNPR: possibly delisted; no timezone found

1 Failed download:
['JNPR']: possibly delisted; no timezone found
$K: possibly delisted; no timezone found
$K: possibly delisted; no timezone found

1 Failed download:
['K']: possibly delisted; no timezone found
$MMC: possibly delisted; no timezone found
$MMC: possibly delisted; no timezone found

1 Failed download:
['MMC']: possibly delisted; no timezone found
$MRO: possibly delisted; no timezone found
$MRO: possibly delisted; no timezone found

1 Failed download:
['MRO']: possibly delisted; no timezone found
$PEAK: possibly delisted; no timezone found
$PEAK: possibly delisted; no timezone found

1 Failed download:
['PEAK']: possibly delisted; no timezone found
$PXD: possibly delisted; no timezone found
$PXD: possibly delisted; no timezone found

1 Failed download:
['PXD']: possibly delisted; no timezone found
$RE: possibly delisted; no timezone found
$RE: possibly delisted; no timezone found

1 Failed download:
['RE']: possibly delisted; no timezone found
$SEE: possibly delisted; no timezone found
$SEE: possibly delisted; no timezone found

1 Failed download:
['SEE']: possibly delisted; no timezone found
$WBA: possibly delisted; no timezone found
$WBA: possibly delisted; no timezone found

1 Failed download:
['WBA']: possibly delisted; no timezone found
$WRK: possibly delisted; no timezone found
$WRK: possibly delisted; no timezone found

1 Failed download:
['WRK']: possibly delisted; no timezone found
[h14]   [8/14] 2023-07-03: 풀 40종목 (51.7s)
$ANSS: possibly delisted; no timezone found
$ANSS: possibly delisted; no timezone found

1 Failed download:
['ANSS']: possibly delisted; no timezone found
$BK: possibly delisted; no timezone found
$BK: possibly delisted; no timezone found

1 Failed download:
['BK']: possibly delisted; no timezone found
$BLDR: possibly delisted; no price data found  (1d 2023-12-23 -> 2023-12-25)

1 Failed download:
['BLDR']: possibly delisted; no price data found  (1d 2023-12-23 -> 2023-12-25)
$BX: possibly delisted; no price data found  (1d 2023-12-23 -> 2023-12-25)

1 Failed download:
['BX']: possibly delisted; no price data found  (1d 2023-12-23 -> 2023-12-25)
$CDAY: possibly delisted; no timezone found
$CDAY: possibly delisted; no timezone found

1 Failed download:
['CDAY']: possibly delisted; no timezone found
$CMA: possibly delisted; no timezone found
$CMA: possibly delisted; no timezone found

1 Failed download:
['CMA']: possibly delisted; no timezone found
$COR: possibly delisted; no price data found  (1d 2023-12-23 -> 2023-12-25)

1 Failed download:
['COR']: possibly delisted; no price data found  (1d 2023-12-23 -> 2023-12-25)
$CTLT: possibly delisted; no timezone found
$CTRA: possibly delisted; no timezone found
$CTLT: possibly delisted; no timezone found
$CTRA: possibly delisted; no timezone found

1 Failed download:
['CTLT']: possibly delisted; no timezone found

1 Failed download:
['CTRA']: possibly delisted; no timezone found
$DFS: possibly delisted; no timezone found
$DFS: possibly delisted; no timezone found

1 Failed download:
['DFS']: possibly delisted; no timezone found
$EG: possibly delisted; no price data found  (1d 2023-12-23 -> 2023-12-25)

1 Failed download:
['EG']: possibly delisted; no price data found  (1d 2023-12-23 -> 2023-12-25)
$FLT: possibly delisted; no timezone found
$FLT: possibly delisted; no timezone found

1 Failed download:
['FLT']: possibly delisted; no timezone found
$HES: possibly delisted; no timezone found
$HES: possibly delisted; no timezone found

1 Failed download:
['HES']: possibly delisted; no timezone found
$HOLX: possibly delisted; no timezone found
$HOLX: possibly delisted; no timezone found

1 Failed download:
['HOLX']: possibly delisted; no timezone found
$HUBB: possibly delisted; no price data found  (1d 2023-12-23 -> 2023-12-25)

1 Failed download:
['HUBB']: possibly delisted; no price data found  (1d 2023-12-23 -> 2023-12-25)
$IPG: possibly delisted; no timezone found
$IPG: possibly delisted; no timezone found

1 Failed download:
['IPG']: possibly delisted; no timezone found
$JNPR: possibly delisted; no timezone found
$JNPR: possibly delisted; no timezone found

1 Failed download:
['JNPR']: possibly delisted; no timezone found
$K: possibly delisted; no timezone found
$K: possibly delisted; no timezone found

1 Failed download:
['K']: possibly delisted; no timezone found
$KVUE: possibly delisted; no price data found  (1d 2023-12-23 -> 2023-12-25)

1 Failed download:
['KVUE']: possibly delisted; no price data found  (1d 2023-12-23 -> 2023-12-25)
$MMC: possibly delisted; no timezone found
$MMC: possibly delisted; no timezone found

1 Failed download:
['MMC']: possibly delisted; no timezone found
$MRO: possibly delisted; no timezone found
$MRO: possibly delisted; no timezone found

1 Failed download:
['MRO']: possibly delisted; no timezone found
$PEAK: possibly delisted; no timezone found
$PEAK: possibly delisted; no timezone found

1 Failed download:
['PEAK']: possibly delisted; no timezone found
$PXD: possibly delisted; no timezone found
$PXD: possibly delisted; no timezone found

1 Failed download:
['PXD']: possibly delisted; no timezone found
$VLTO: possibly delisted; no price data found  (1d 2023-12-23 -> 2023-12-25)

1 Failed download:
['VLTO']: possibly delisted; no price data found  (1d 2023-12-23 -> 2023-12-25)
$WBA: possibly delisted; no timezone found
$WBA: possibly delisted; no timezone found

1 Failed download:
['WBA']: possibly delisted; no timezone found
$WRK: possibly delisted; no timezone found
$WRK: possibly delisted; no timezone found

1 Failed download:
['WRK']: possibly delisted; no timezone found
[h14]   [9/14] 2024-01-02: 풀 40종목 (51.5s)
$ANSS: possibly delisted; no timezone found
$ANSS: possibly delisted; no timezone found

1 Failed download:
['ANSS']: possibly delisted; no timezone found
$BK: possibly delisted; no timezone found
$BK: possibly delisted; no timezone found

1 Failed download:
['BK']: possibly delisted; no timezone found
$CTLT: possibly delisted; no timezone found
$CTRA: possibly delisted; no timezone found
$CTRA: possibly delisted; no timezone found

1 Failed download:
['CTRA']: possibly delisted; no timezone found
$CTLT: possibly delisted; no timezone found

1 Failed download:
['CTLT']: possibly delisted; no timezone found
$DFS: possibly delisted; no timezone found
$DFS: possibly delisted; no timezone found

1 Failed download:
['DFS']: possibly delisted; no timezone found
$HES: possibly delisted; no timezone found
$HES: possibly delisted; no timezone found

1 Failed download:
['HES']: possibly delisted; no timezone found
$HOLX: possibly delisted; no timezone found
$HOLX: possibly delisted; no timezone found

1 Failed download:
['HOLX']: possibly delisted; no timezone found
$IPG: possibly delisted; no timezone found
$IPG: possibly delisted; no timezone found

1 Failed download:
['IPG']: possibly delisted; no timezone found
$JNPR: possibly delisted; no timezone found
$JNPR: possibly delisted; no timezone found

1 Failed download:
['JNPR']: possibly delisted; no timezone found
$K: possibly delisted; no timezone found
$K: possibly delisted; no timezone found

1 Failed download:
['K']: possibly delisted; no timezone found
$MMC: possibly delisted; no timezone found
$MMC: possibly delisted; no timezone found

1 Failed download:
['MMC']: possibly delisted; no timezone found
$MRO: possibly delisted; no timezone found
$MRO: possibly delisted; no timezone found

1 Failed download:
['MRO']: possibly delisted; no timezone found
$WBA: possibly delisted; no timezone found
$WBA: possibly delisted; no timezone found

1 Failed download:
['WBA']: possibly delisted; no timezone found
$WRK: possibly delisted; no timezone found
$WRK: possibly delisted; no timezone found

1 Failed download:
['WRK']: possibly delisted; no timezone found
[h14]   [10/14] 2024-07-01: 풀 40종목 (50.1s)
$ANSS: possibly delisted; no timezone found
$ANSS: possibly delisted; no timezone found

1 Failed download:
['ANSS']: possibly delisted; no timezone found
$BK: possibly delisted; no timezone found
$BK: possibly delisted; no timezone found

1 Failed download:
['BK']: possibly delisted; no timezone found
$CTRA: possibly delisted; no timezone found
$CTRA: possibly delisted; no timezone found

1 Failed download:
['CTRA']: possibly delisted; no timezone found
$DFS: possibly delisted; no timezone found
$DFS: possibly delisted; no timezone found

1 Failed download:
['DFS']: possibly delisted; no timezone found
$HES: possibly delisted; no timezone found
$HES: possibly delisted; no timezone found

1 Failed download:
['HES']: possibly delisted; no timezone found
$HOLX: possibly delisted; no timezone found
$HOLX: possibly delisted; no timezone found

1 Failed download:
['HOLX']: possibly delisted; no timezone found
$IPG: possibly delisted; no timezone found
$IPG: possibly delisted; no timezone found

1 Failed download:
['IPG']: possibly delisted; no timezone found
$JNPR: possibly delisted; no timezone found
$JNPR: possibly delisted; no timezone found

1 Failed download:
['JNPR']: possibly delisted; no timezone found
$K: possibly delisted; no timezone found
$K: possibly delisted; no timezone found

1 Failed download:
['K']: possibly delisted; no timezone found
$MMC: possibly delisted; no timezone found
$MMC: possibly delisted; no timezone found

1 Failed download:
['MMC']: possibly delisted; no timezone found
$WBA: possibly delisted; no timezone found
$WBA: possibly delisted; no timezone found

1 Failed download:
['WBA']: possibly delisted; no timezone found
[h14]   [11/14] 2025-01-02: 풀 40종목 (53.3s)
$ANSS: possibly delisted; no timezone found
$ANSS: possibly delisted; no timezone found

1 Failed download:
['ANSS']: possibly delisted; no timezone found
$BK: possibly delisted; no timezone found
$BK: possibly delisted; no timezone found

1 Failed download:
['BK']: possibly delisted; no timezone found
$CTRA: possibly delisted; no timezone found
$CTRA: possibly delisted; no timezone found

1 Failed download:
['CTRA']: possibly delisted; no timezone found
$HES: possibly delisted; no timezone found
$HES: possibly delisted; no timezone found

1 Failed download:
['HES']: possibly delisted; no timezone found
$HOLX: possibly delisted; no timezone found
$HOLX: possibly delisted; no timezone found

1 Failed download:
['HOLX']: possibly delisted; no timezone found
$IPG: possibly delisted; no timezone found
$IPG: possibly delisted; no timezone found

1 Failed download:
['IPG']: possibly delisted; no timezone found
$JNPR: possibly delisted; no timezone found
$JNPR: possibly delisted; no timezone found

1 Failed download:
['JNPR']: possibly delisted; no timezone found
$K: possibly delisted; no timezone found
$K: possibly delisted; no timezone found

1 Failed download:
['K']: possibly delisted; no timezone found
$MMC: possibly delisted; no timezone found
$MMC: possibly delisted; no timezone found

1 Failed download:
['MMC']: possibly delisted; no timezone found
$WBA: possibly delisted; no timezone found
$WBA: possibly delisted; no timezone found

1 Failed download:
['WBA']: possibly delisted; no timezone found
[h14]   [12/14] 2025-07-01: 풀 40종목 (50.3s)
$BK: possibly delisted; no timezone found
$BK: possibly delisted; no timezone found

1 Failed download:
['BK']: possibly delisted; no timezone found
$CTRA: possibly delisted; no timezone found
$CTRA: possibly delisted; no timezone found

1 Failed download:
['CTRA']: possibly delisted; no timezone found
$HOLX: possibly delisted; no timezone found
$HOLX: possibly delisted; no timezone found

1 Failed download:
['HOLX']: possibly delisted; no timezone found
$MMC: possibly delisted; no timezone found
$MMC: possibly delisted; no timezone found

1 Failed download:
['MMC']: possibly delisted; no timezone found
[h14]   [13/14] 2026-01-02: 풀 40종목 (55.0s)
[h14]   [14/14] 2026-07-01: 풀 40종목 (53.6s)
$CEG: possibly delisted; no price data found  (1d 2018-07-08 -> 2022-01-18) (Yahoo error = "Data doesn't exist for startDate = 1531022400, endDate = 1642482000")

1 Failed download:
['CEG']: possibly delisted; no price data found  (1d 2018-07-08 -> 2022-01-18) (Yahoo error = "Data doesn't exist for startDate = 1531022400, endDate = 1642482000")
$ENPH: possibly delisted; no price data found  (1d 2018-07-08 -> 2018-07-08)

1 Failed download:
['ENPH']: possibly delisted; no price data found  (1d 2018-07-08 -> 2018-07-08)
$RTX: possibly delisted; no price data found  (1d 2018-07-08 -> 2018-07-08)

1 Failed download:
['RTX']: possibly delisted; no price data found  (1d 2018-07-08 -> 2018-07-08)
$GEV: possibly delisted; no price data found  (1d 2018-07-08 -> 2024-03-26) (Yahoo error = "Data doesn't exist for startDate = 1531022400, endDate = 1711425600")

1 Failed download:
['GEV']: possibly delisted; no price data found  (1d 2018-07-08 -> 2024-03-26) (Yahoo error = "Data doesn't exist for startDate = 1531022400, endDate = 1711425600")
$UBER: possibly delisted; no price data found  (1d 2018-07-08 -> 2019-05-09) (Yahoo error = "Data doesn't exist for startDate = 1531022400, endDate = 1557374400")

1 Failed download:
['UBER']: possibly delisted; no price data found  (1d 2018-07-08 -> 2019-05-09) (Yahoo error = "Data doesn't exist for startDate = 1531022400, endDate = 1557374400")
[h14]   SPY불+풀breadth약세 괴리구간(>=10거래일): 1건
[h14]     2019-08-12 ~ 2019-12-31 (99거래일)
/workspaces/Quant/analysis/2026-08-22_regime_conditional_satellite_switch/h12_regime_switch.py:84: FutureWarning: Downcasting object dtype arrays on .fillna, .ffill, .bfill is deprecated and will change in a future version. Call result.infer_objects(copy=False) instead. To opt-in to the future behavior, set `pd.set_option('future.no_silent_downcasting', True)`
  signal_lagged = regime_aligned.shift(1).fillna(False)  # 전일 신호를 오늘 적용(챔피언 관례와 동일)
/workspaces/Quant/analysis/2026-08-22_regime_conditional_satellite_switch/h12_regime_switch.py:84: FutureWarning: Downcasting object dtype arrays on .fillna, .ffill, .bfill is deprecated and will change in a future version. Call result.infer_objects(copy=False) instead. To opt-in to the future behavior, set `pd.set_option('future.no_silent_downcasting', True)`
  signal_lagged = regime_aligned.shift(1).fillna(False)  # 전일 신호를 오늘 적용(챔피언 관례와 동일)
/workspaces/Quant/analysis/2026-08-22_regime_conditional_satellite_switch/h12_regime_switch.py:84: FutureWarning: Downcasting object dtype arrays on .fillna, .ffill, .bfill is deprecated and will change in a future version. Call result.infer_objects(copy=False) instead. To opt-in to the future behavior, set `pd.set_option('future.no_silent_downcasting', True)`
  signal_lagged = regime_aligned.shift(1).fillna(False)  # 전일 신호를 오늘 적용(챔피언 관례와 동일)
/workspaces/Quant/analysis/2026-08-22_regime_conditional_satellite_switch/h12_regime_switch.py:84: FutureWarning: Downcasting object dtype arrays on .fillna, .ffill, .bfill is deprecated and will change in a future version. Call result.infer_objects(copy=False) instead. To opt-in to the future behavior, set `pd.set_option('future.no_silent_downcasting', True)`
  signal_lagged = regime_aligned.shift(1).fillna(False)  # 전일 신호를 오늘 적용(챔피언 관례와 동일)
/workspaces/Quant/analysis/2026-08-22_regime_conditional_satellite_switch/h12_regime_switch.py:84: FutureWarning: Downcasting object dtype arrays on .fillna, .ffill, .bfill is deprecated and will change in a future version. Call result.infer_objects(copy=False) instead. To opt-in to the future behavior, set `pd.set_option('future.no_silent_downcasting', True)`
  signal_lagged = regime_aligned.shift(1).fillna(False)  # 전일 신호를 오늘 적용(챔피언 관례와 동일)
/workspaces/Quant/analysis/2026-08-22_regime_conditional_satellite_switch/h12_regime_switch.py:84: FutureWarning: Downcasting object dtype arrays on .fillna, .ffill, .bfill is deprecated and will change in a future version. Call result.infer_objects(copy=False) instead. To opt-in to the future behavior, set `pd.set_option('future.no_silent_downcasting', True)`
  signal_lagged = regime_aligned.shift(1).fillna(False)  # 전일 신호를 오늘 적용(챔피언 관례와 동일)
/workspaces/Quant/analysis/2026-08-22_regime_conditional_satellite_switch/h12_regime_switch.py:84: FutureWarning: Downcasting object dtype arrays on .fillna, .ffill, .bfill is deprecated and will change in a future version. Call result.infer_objects(copy=False) instead. To opt-in to the future behavior, set `pd.set_option('future.no_silent_downcasting', True)`
  signal_lagged = regime_aligned.shift(1).fillna(False)  # 전일 신호를 오늘 적용(챔피언 관례와 동일)
/workspaces/Quant/analysis/2026-08-22_regime_conditional_satellite_switch/h12_regime_switch.py:84: FutureWarning: Downcasting object dtype arrays on .fillna, .ffill, .bfill is deprecated and will change in a future version. Call result.infer_objects(copy=False) instead. To opt-in to the future behavior, set `pd.set_option('future.no_silent_downcasting', True)`
  signal_lagged = regime_aligned.shift(1).fillna(False)  # 전일 신호를 오늘 적용(챔피언 관례와 동일)
/workspaces/Quant/analysis/2026-08-22_regime_conditional_satellite_switch/h12_regime_switch.py:84: FutureWarning: Downcasting object dtype arrays on .fillna, .ffill, .bfill is deprecated and will change in a future version. Call result.infer_objects(copy=False) instead. To opt-in to the future behavior, set `pd.set_option('future.no_silent_downcasting', True)`
  signal_lagged = regime_aligned.shift(1).fillna(False)  # 전일 신호를 오늘 적용(챔피언 관례와 동일)
/workspaces/Quant/analysis/2026-08-22_regime_conditional_satellite_switch/h12_regime_switch.py:84: FutureWarning: Downcasting object dtype arrays on .fillna, .ffill, .bfill is deprecated and will change in a future version. Call result.infer_objects(copy=False) instead. To opt-in to the future behavior, set `pd.set_option('future.no_silent_downcasting', True)`
  signal_lagged = regime_aligned.shift(1).fillna(False)  # 전일 신호를 오늘 적용(챔피언 관례와 동일)
[h14] 2008 GFC - 3자산 코어 재구축 + point-in-time 새틀라이트(trend_following) + 풀breadth/실현낙폭 신호
[h11]   반기 리밸런싱 6회(trend_following): ['2007-01-03', '2007-07-02', '2008-01-02', '2008-07-01', '2009-01-02', '2009-07-01']
$ABC: possibly delisted; no timezone found
$ABC: possibly delisted; no timezone found

1 Failed download:
['ABC']: possibly delisted; no timezone found
$AABA: possibly delisted; no timezone found
$AABA: possibly delisted; no timezone found
$A: possibly delisted; no price data found  (1d 2006-12-24 -> 2006-12-25)

1 Failed download:
['A']: possibly delisted; no price data found  (1d 2006-12-24 -> 2006-12-25)

1 Failed download:
['AABA']: possibly delisted; no timezone found
$ADBE: possibly delisted; no price data found  (1d 2006-12-24 -> 2006-12-25)

1 Failed download:
['ADBE']: possibly delisted; no price data found  (1d 2006-12-24 -> 2006-12-25)
$ADCT: possibly delisted; no price data found  (1d 2006-12-24 -> 2007-01-04) (Yahoo error = "Data doesn't exist for startDate = 1166936400, endDate = 1167886800")

1 Failed download:
['ADCT']: possibly delisted; no price data found  (1d 2006-12-24 -> 2007-01-04) (Yahoo error = "Data doesn't exist for startDate = 1166936400, endDate = 1167886800")
$ABT: possibly delisted; no price data found  (1d 2006-12-24 -> 2006-12-25)

1 Failed download:
['ABT']: possibly delisted; no price data found  (1d 2006-12-24 -> 2006-12-25)
$ADSK: possibly delisted; no price data found  (1d 2006-12-24 -> 2006-12-25)

1 Failed download:
['ADSK']: possibly delisted; no price data found  (1d 2006-12-24 -> 2006-12-25)
$ADI: possibly delisted; no price data found  (1d 2006-12-24 -> 2006-12-25)

1 Failed download:
['ADI']: possibly delisted; no price data found  (1d 2006-12-24 -> 2006-12-25)
$AGN: possibly delisted; no timezone found
$AEE: possibly delisted; no price data found  (1d 2006-12-24 -> 2006-12-25)

1 Failed download:
['AEE']: possibly delisted; no price data found  (1d 2006-12-24 -> 2006-12-25)
$ADM: possibly delisted; no price data found  (1d 2006-12-24 -> 2006-12-25)

1 Failed download:
['ADM']: possibly delisted; no price data found  (1d 2006-12-24 -> 2006-12-25)
$AES: possibly delisted; no price data found  (1d 2006-12-24 -> 2006-12-25)

1 Failed download:
['AES']: possibly delisted; no price data found  (1d 2006-12-24 -> 2006-12-25)
$ADP: possibly delisted; no price data found  (1d 2006-12-24 -> 2006-12-25)

1 Failed download:
['ADP']: possibly delisted; no price data found  (1d 2006-12-24 -> 2006-12-25)
$AET: possibly delisted; no price data found  (1d 2006-12-24 -> 2006-12-25)
$AGN: possibly delisted; no timezone found

1 Failed download:
['AET']: possibly delisted; no price data found  (1d 2006-12-24 -> 2006-12-25)

1 Failed download:
['AGN']: possibly delisted; no timezone found
$ALTR: possibly delisted; no timezone found
$AEP: possibly delisted; no price data found  (1d 2006-12-24 -> 2006-12-25)

1 Failed download:
['AEP']: possibly delisted; no price data found  (1d 2006-12-24 -> 2006-12-25)
$ALTR: possibly delisted; no timezone found

1 Failed download:
['ALTR']: possibly delisted; no timezone found
$AIV: possibly delisted; no price data found  (1d 2006-12-24 -> 2006-12-25)

1 Failed download:
['AIV']: possibly delisted; no price data found  (1d 2006-12-24 -> 2006-12-25)
$ANTM: possibly delisted; no timezone found
$AMP: possibly delisted; no price data found  (1d 2006-12-24 -> 2006-12-25)

1 Failed download:
['AMP']: possibly delisted; no price data found  (1d 2006-12-24 -> 2006-12-25)
$ANTM: possibly delisted; no timezone found
$AMAT: possibly delisted; no price data found  (1d 2006-12-24 -> 2006-12-25)

1 Failed download:
['ANTM']: possibly delisted; no timezone found

1 Failed download:
['AMAT']: possibly delisted; no price data found  (1d 2006-12-24 -> 2006-12-25)
$AMD: possibly delisted; no price data found  (1d 2006-12-24 -> 2006-12-25)

1 Failed download:
['AMD']: possibly delisted; no price data found  (1d 2006-12-24 -> 2006-12-25)
$APOL: possibly delisted; no price data found  (1d 1927-09-16 -> 2026-08-22)
$AN: possibly delisted; no price data found  (1d 2006-12-24 -> 2006-12-25)

1 Failed download:
['AN']: possibly delisted; no price data found  (1d 2006-12-24 -> 2006-12-25)
$ARNC: possibly delisted; no timezone found
$APC: possibly delisted; no price data found  (1d 2006-12-24 -> 2026-02-11) (Yahoo error = "Data doesn't exist for startDate = 1166936400, endDate = 1770786000")

1 Failed download:
['APC']: possibly delisted; no price data found  (1d 2006-12-24 -> 2026-02-11) (Yahoo error = "Data doesn't exist for startDate = 1166936400, endDate = 1770786000")
$ARNC: possibly delisted; no timezone found

1 Failed download:
['ARNC']: possibly delisted; no timezone found
$AVP: possibly delisted; no timezone found
$AT: possibly delisted; no timezone found
$APOL: possibly delisted; no price data found  (1d 2006-12-24 -> 2007-01-04)

1 Failed download:
['APOL']: possibly delisted; no price data found  (1d 2006-12-24 -> 2007-01-04)
$AT: possibly delisted; no timezone found
$AVP: possibly delisted; no timezone found

1 Failed download:

1 Failed download:
['AVP']: possibly delisted; no timezone found
['AT']: possibly delisted; no timezone found
$BBBY: possibly delisted; no price data found  (1d 2006-12-24 -> 2006-12-25)

1 Failed download:
['BBBY']: possibly delisted; no price data found  (1d 2006-12-24 -> 2006-12-25)
$BCR: possibly delisted; no price data found  (1d 1927-09-16 -> 2026-08-22)
$BCR: possibly delisted; no price data found  (1d 2006-12-24 -> 2007-01-04)

1 Failed download:
['BCR']: possibly delisted; no price data found  (1d 2006-12-24 -> 2007-01-04)
$AVY: possibly delisted; no price data found  (1d 2006-12-24 -> 2006-12-25)

1 Failed download:
['AVY']: possibly delisted; no price data found  (1d 2006-12-24 -> 2006-12-25)
$BK: possibly delisted; no timezone found
$BHGE: possibly delisted; no timezone found
$ATI: possibly delisted; no price data found  (1d 2006-12-24 -> 2006-12-25)

1 Failed download:
['ATI']: possibly delisted; no price data found  (1d 2006-12-24 -> 2006-12-25)
$BC: possibly delisted; no price data found  (1d 2006-12-24 -> 2006-12-25)

1 Failed download:
['BC']: possibly delisted; no price data found  (1d 2006-12-24 -> 2006-12-25)
$BIG: possibly delisted; no timezone found
$BDX: possibly delisted; no price data found  (1d 2006-12-24 -> 2006-12-25)
$BEN: possibly delisted; no price data found  (1d 2006-12-24 -> 2006-12-25)

1 Failed download:
['BDX']: possibly delisted; no price data found  (1d 2006-12-24 -> 2006-12-25)

1 Failed download:
['BEN']: possibly delisted; no price data found  (1d 2006-12-24 -> 2006-12-25)
$BLL: possibly delisted; no timezone found
$BRCM: possibly delisted; no price data found  (1d 1927-09-16 -> 2026-08-22)
$BF-B: possibly delisted; no price data found  (1d 2006-12-24 -> 2006-12-25)

1 Failed download:
['BF-B']: possibly delisted; no price data found  (1d 2006-12-24 -> 2006-12-25)
$BK: possibly delisted; no timezone found
$BHGE: possibly delisted; no timezone found

1 Failed download:
['BK']: possibly delisted; no timezone found

1 Failed download:
['BHGE']: possibly delisted; no timezone found
$BIG: possibly delisted; no timezone found

1 Failed download:
['BIG']: possibly delisted; no timezone found
$BEAM: possibly delisted; no price data found  (1d 2006-12-24 -> 2007-01-04) (Yahoo error = "Data doesn't exist for startDate = 1166936400, endDate = 1167886800")

1 Failed download:
['BEAM']: possibly delisted; no price data found  (1d 2006-12-24 -> 2007-01-04) (Yahoo error = "Data doesn't exist for startDate = 1166936400, endDate = 1167886800")
$BIIB: possibly delisted; no price data found  (1d 2006-12-24 -> 2006-12-25)
$BTUUQ: possibly delisted; no price data found  (1d 1927-09-16 -> 2026-08-22)

1 Failed download:
['BIIB']: possibly delisted; no price data found  (1d 2006-12-24 -> 2006-12-25)
$BMS: possibly delisted; no price data found  (1d 2006-12-24 -> 2006-12-25)

1 Failed download:
['BMS']: possibly delisted; no price data found  (1d 2006-12-24 -> 2006-12-25)
$BLL: possibly delisted; no timezone found

1 Failed download:
['BLL']: possibly delisted; no timezone found
$BRCM: possibly delisted; no price data found  (1d 2006-12-24 -> 2007-01-04)

1 Failed download:
['BRCM']: possibly delisted; no price data found  (1d 2006-12-24 -> 2007-01-04)
$CA: possibly delisted; no timezone found
$CA: possibly delisted; no timezone found

1 Failed download:
['CA']: possibly delisted; no timezone found
$BTUUQ: possibly delisted; no price data found  (1d 2006-12-24 -> 2007-01-04)

1 Failed download:
['BTUUQ']: possibly delisted; no price data found  (1d 2006-12-24 -> 2007-01-04)
$BUD: possibly delisted; no price data found  (1d 2006-12-24 -> 2009-06-30) (Yahoo error = "Data doesn't exist for startDate = 1166936400, endDate = 1246334400")

1 Failed download:
['BUD']: possibly delisted; no price data found  (1d 2006-12-24 -> 2009-06-30) (Yahoo error = "Data doesn't exist for startDate = 1166936400, endDate = 1246334400")
$BSX: possibly delisted; no price data found  (1d 2006-12-24 -> 2006-12-25)

1 Failed download:
['BSX']: possibly delisted; no price data found  (1d 2006-12-24 -> 2006-12-25)
$BMY: possibly delisted; no price data found  (1d 2006-12-24 -> 2006-12-25)

1 Failed download:
['BMY']: possibly delisted; no price data found  (1d 2006-12-24 -> 2006-12-25)
$BXP: possibly delisted; no price data found  (1d 2006-12-24 -> 2006-12-25)

1 Failed download:
['BXP']: possibly delisted; no price data found  (1d 2006-12-24 -> 2006-12-25)
$CBH: possibly delisted; no timezone found
$CCE: possibly delisted; no price data found  (1d 1927-09-16 -> 2026-08-22)
$C: possibly delisted; no price data found  (1d 2006-12-24 -> 2006-12-25)

1 Failed download:
['C']: possibly delisted; no price data found  (1d 2006-12-24 -> 2006-12-25)
$CBH: possibly delisted; no timezone found

1 Failed download:
['CBH']: possibly delisted; no timezone found
$CBS: possibly delisted; no timezone found
$CAG: possibly delisted; no price data found  (1d 2006-12-24 -> 2006-12-25)
$CBRE: possibly delisted; no price data found  (1d 2006-12-24 -> 2006-12-25)

1 Failed download:
['CAG']: possibly delisted; no price data found  (1d 2006-12-24 -> 2006-12-25)

1 Failed download:
['CBRE']: possibly delisted; no price data found  (1d 2006-12-24 -> 2006-12-25)
$CAT: possibly delisted; no price data found  (1d 2006-12-24 -> 2006-12-25)
$CAH: possibly delisted; no price data found  (1d 2006-12-24 -> 2006-12-25)

1 Failed download:
['CAT']: possibly delisted; no price data found  (1d 2006-12-24 -> 2006-12-25)

1 Failed download:
['CAH']: possibly delisted; no price data found  (1d 2006-12-24 -> 2006-12-25)
$CBS: possibly delisted; no timezone found
$CELG: possibly delisted; no timezone found

1 Failed download:
['CBS']: possibly delisted; no timezone found
$CCE: possibly delisted; no price data found  (1d 2006-12-24 -> 2007-01-04)

1 Failed download:
['CCE']: possibly delisted; no price data found  (1d 2006-12-24 -> 2007-01-04)
$CHK: possibly delisted; no timezone found
$CCL: possibly delisted; no price data found  (1d 2006-12-24 -> 2006-12-25)

1 Failed download:
['CCL']: possibly delisted; no price data found  (1d 2006-12-24 -> 2006-12-25)
$CELG: possibly delisted; no timezone found

1 Failed download:
['CELG']: possibly delisted; no timezone found
$CEG: possibly delisted; no price data found  (1d 2006-12-24 -> 2022-01-18) (Yahoo error = "Data doesn't exist for startDate = 1166936400, endDate = 1642482000")

1 Failed download:
['CEG']: possibly delisted; no price data found  (1d 2006-12-24 -> 2022-01-18) (Yahoo error = "Data doesn't exist for startDate = 1166936400, endDate = 1642482000")
$CHK: possibly delisted; no timezone found
$CCU: possibly delisted; no price data found  (1d 2006-12-24 -> 2006-12-25)

1 Failed download:
['CHK']: possibly delisted; no timezone found

1 Failed download:
['CCU']: possibly delisted; no price data found  (1d 2006-12-24 -> 2006-12-25)
$CMA: possibly delisted; no timezone found
$CI: possibly delisted; no price data found  (1d 2006-12-24 -> 2006-12-25)
$CIEN: possibly delisted; no price data found  (1d 2006-12-24 -> 2006-12-25)
$CMA: possibly delisted; no timezone found

1 Failed download:
['CI']: possibly delisted; no price data found  (1d 2006-12-24 -> 2006-12-25)

1 Failed download:
['CMA']: possibly delisted; no timezone found

1 Failed download:
['CIEN']: possibly delisted; no price data found  (1d 2006-12-24 -> 2006-12-25)
$CL: possibly delisted; no price data found  (1d 2006-12-24 -> 2006-12-25)

1 Failed download:
['CL']: possibly delisted; no price data found  (1d 2006-12-24 -> 2006-12-25)
$CINF: possibly delisted; no price data found  (1d 2006-12-24 -> 2006-12-25)

1 Failed download:
['CINF']: possibly delisted; no price data found  (1d 2006-12-24 -> 2006-12-25)
$CMCSA: possibly delisted; no price data found  (1d 2006-12-24 -> 2006-12-25)

1 Failed download:
['CMCSA']: possibly delisted; no price data found  (1d 2006-12-24 -> 2006-12-25)
$CLX: possibly delisted; no price data found  (1d 2006-12-24 -> 2006-12-25)

1 Failed download:
['CLX']: possibly delisted; no price data found  (1d 2006-12-24 -> 2006-12-25)
$CMS: possibly delisted; no price data found  (1d 2006-12-24 -> 2006-12-25)

1 Failed download:
['CMS']: possibly delisted; no price data found  (1d 2006-12-24 -> 2006-12-25)
$COL: possibly delisted; no price data found  (1d 2006-12-24 -> 2012-08-01)

1 Failed download:
['COL']: possibly delisted; no price data found  (1d 2006-12-24 -> 2012-08-01)
$CNX: possibly delisted; no price data found  (1d 2006-12-24 -> 2006-12-25)

1 Failed download:
['CNX']: possibly delisted; no price data found  (1d 2006-12-24 -> 2006-12-25)
$COF: possibly delisted; no price data found  (1d 2006-12-24 -> 2006-12-25)

1 Failed download:
['COF']: possibly delisted; no price data found  (1d 2006-12-24 -> 2006-12-25)
$CTL: possibly delisted; no timezone found
$CNP: possibly delisted; no price data found  (1d 2006-12-24 -> 2006-12-25)
$CPWR: possibly delisted; no price data found  (1d 2006-12-24 -> 2006-12-25)

1 Failed download:
['CNP']: possibly delisted; no price data found  (1d 2006-12-24 -> 2006-12-25)

1 Failed download:
['CPWR']: possibly delisted; no price data found  (1d 2006-12-24 -> 2006-12-25)
$CTL: possibly delisted; no timezone found

1 Failed download:
['CTL']: possibly delisted; no timezone found
$CTXS: possibly delisted; no timezone found
$COST: possibly delisted; no price data found  (1d 2006-12-24 -> 2006-12-25)

1 Failed download:
['COST']: possibly delisted; no price data found  (1d 2006-12-24 -> 2006-12-25)
$CTSH: possibly delisted; no price data found  (1d 2006-12-24 -> 2006-12-25)
$CTXS: possibly delisted; no timezone found

1 Failed download:
['CTSH']: possibly delisted; no price data found  (1d 2006-12-24 -> 2006-12-25)

1 Failed download:
['CTXS']: possibly delisted; no timezone found
$CTAS: possibly delisted; no price data found  (1d 2006-12-24 -> 2006-12-25)

1 Failed download:
['CTAS']: possibly delisted; no price data found  (1d 2006-12-24 -> 2006-12-25)
$CVG: possibly delisted; no price data found  (1d 2006-12-24 -> 2006-12-26)

1 Failed download:
['CVG']: possibly delisted; no price data found  (1d 2006-12-24 -> 2006-12-26)
$CPB: possibly delisted; no price data found  (1d 2006-12-24 -> 2006-12-25)

1 Failed download:
['CPB']: possibly delisted; no price data found  (1d 2006-12-24 -> 2006-12-25)
$DF: possibly delisted; no timezone found
$DF: possibly delisted; no timezone found

1 Failed download:
['DF']: possibly delisted; no timezone found
$DELL: possibly delisted; no price data found  (1d 2006-12-24 -> 2016-08-16) (Yahoo error = "Data doesn't exist for startDate = 1166936400, endDate = 1471320000")

1 Failed download:
['DELL']: possibly delisted; no price data found  (1d 2006-12-24 -> 2016-08-16) (Yahoo error = "Data doesn't exist for startDate = 1166936400, endDate = 1471320000")
$DD: possibly delisted; no price data found  (1d 2006-12-24 -> 2006-12-25)

1 Failed download:
['DD']: possibly delisted; no price data found  (1d 2006-12-24 -> 2006-12-25)
$DE: possibly delisted; no price data found  (1d 2006-12-24 -> 2006-12-25)

1 Failed download:
['DE']: possibly delisted; no price data found  (1d 2006-12-24 -> 2006-12-25)
$DDS: possibly delisted; no price data found  (1d 2006-12-24 -> 2006-12-25)

1 Failed download:
['DDS']: possibly delisted; no price data found  (1d 2006-12-24 -> 2006-12-25)
$DG: possibly delisted; no price data found  (1d 2006-12-24 -> 2009-11-12) (Yahoo error = "Data doesn't exist for startDate = 1166936400, endDate = 1258002000")

1 Failed download:
['DG']: possibly delisted; no price data found  (1d 2006-12-24 -> 2009-11-12) (Yahoo error = "Data doesn't exist for startDate = 1166936400, endDate = 1258002000")
$DGX: possibly delisted; no price data found  (1d 2006-12-24 -> 2006-12-25)

1 Failed download:
['DGX']: possibly delisted; no price data found  (1d 2006-12-24 -> 2006-12-25)
$DHI: possibly delisted; no price data found  (1d 2006-12-24 -> 2006-12-25)

1 Failed download:
['DHI']: possibly delisted; no price data found  (1d 2006-12-24 -> 2006-12-25)
$DTV: possibly delisted; no timezone found
$DHR: possibly delisted; no price data found  (1d 2006-12-24 -> 2006-12-25)

1 Failed download:
['DHR']: possibly delisted; no price data found  (1d 2006-12-24 -> 2006-12-25)
$DTV: possibly delisted; no timezone found

1 Failed download:
['DTV']: possibly delisted; no timezone found
$DOW: possibly delisted; no price data found  (1d 2006-12-24 -> 2019-03-19) (Yahoo error = "Data doesn't exist for startDate = 1166936400, endDate = 1552968000")

1 Failed download:
['DOW']: possibly delisted; no price data found  (1d 2006-12-24 -> 2019-03-19) (Yahoo error = "Data doesn't exist for startDate = 1166936400, endDate = 1552968000")
$DRI: possibly delisted; no price data found  (1d 2006-12-24 -> 2006-12-25)

1 Failed download:
['DRI']: possibly delisted; no price data found  (1d 2006-12-24 -> 2006-12-25)
$DOV: possibly delisted; no price data found  (1d 2006-12-24 -> 2006-12-25)

1 Failed download:
['DOV']: possibly delisted; no price data found  (1d 2006-12-24 -> 2006-12-25)
$DIS: possibly delisted; no price data found  (1d 2006-12-24 -> 2006-12-25)

1 Failed download:
['DIS']: possibly delisted; no price data found  (1d 2006-12-24 -> 2006-12-25)
$EA: possibly delisted; no price data found  (1d 2006-12-24 -> 2016-07-18) (Yahoo error = "Data doesn't exist for startDate = 1166936400, endDate = 1468814400")

1 Failed download:
['EA']: possibly delisted; no price data found  (1d 2006-12-24 -> 2016-07-18) (Yahoo error = "Data doesn't exist for startDate = 1166936400, endDate = 1468814400")
$DYN: possibly delisted; no price data found  (1d 2006-12-24 -> 2007-01-04) (Yahoo error = "Data doesn't exist for startDate = 1166936400, endDate = 1167886800")

1 Failed download:
['DYN']: possibly delisted; no price data found  (1d 2006-12-24 -> 2007-01-04) (Yahoo error = "Data doesn't exist for startDate = 1166936400, endDate = 1167886800")
$DUK: possibly delisted; no price data found  (1d 2006-12-24 -> 2006-12-25)

1 Failed download:
['DUK']: possibly delisted; no price data found  (1d 2006-12-24 -> 2006-12-25)
$EBAY: possibly delisted; no price data found  (1d 2006-12-24 -> 2006-12-25)
$DTE: possibly delisted; no price data found  (1d 2006-12-24 -> 2006-12-25)

1 Failed download:
['EBAY']: possibly delisted; no price data found  (1d 2006-12-24 -> 2006-12-25)

1 Failed download:
['DTE']: possibly delisted; no price data found  (1d 2006-12-24 -> 2006-12-25)
$DVN: possibly delisted; no price data found  (1d 2006-12-24 -> 2006-12-25)

1 Failed download:
['DVN']: possibly delisted; no price data found  (1d 2006-12-24 -> 2006-12-25)
$ECL: possibly delisted; no price data found  (1d 2006-12-24 -> 2006-12-25)

1 Failed download:
['ECL']: possibly delisted; no price data found  (1d 2006-12-24 -> 2006-12-25)
$EMC: possibly delisted; no price data found  (1d 2006-12-24 -> 2007-01-04) (Yahoo error = "Data doesn't exist for startDate = 1166936400, endDate = 1167886800")

1 Failed download:
['EMC']: possibly delisted; no price data found  (1d 2006-12-24 -> 2007-01-04) (Yahoo error = "Data doesn't exist for startDate = 1166936400, endDate = 1167886800")
$EL: possibly delisted; no price data found  (1d 2006-12-24 -> 2006-12-25)

1 Failed download:
['EL']: possibly delisted; no price data found  (1d 2006-12-24 -> 2006-12-25)
$EQ: possibly delisted; no price data found  (1d 2006-12-24 -> 2007-01-04) (Yahoo error = "Data doesn't exist for startDate = 1166936400, endDate = 1167886800")

1 Failed download:
['EQ']: possibly delisted; no price data found  (1d 2006-12-24 -> 2007-01-04) (Yahoo error = "Data doesn't exist for startDate = 1166936400, endDate = 1167886800")
$EOG: possibly delisted; no price data found  (1d 2006-12-24 -> 2006-12-25)

1 Failed download:
['EOG']: possibly delisted; no price data found  (1d 2006-12-24 -> 2006-12-25)
$ETFC: possibly delisted; no timezone found
$ED: possibly delisted; no price data found  (1d 2006-12-24 -> 2006-12-25)

1 Failed download:
['ED']: possibly delisted; no price data found  (1d 2006-12-24 -> 2006-12-25)
$EMN: possibly delisted; no price data found  (1d 2006-12-24 -> 2006-12-25)

1 Failed download:
['EMN']: possibly delisted; no price data found  (1d 2006-12-24 -> 2006-12-25)
$EP: possibly delisted; no price data found  (1d 2006-12-24 -> 2006-12-25)

1 Failed download:
['EP']: possibly delisted; no price data found  (1d 2006-12-24 -> 2006-12-25)
$EQR: possibly delisted; no price data found  (1d 2006-12-24 -> 2006-12-25)

1 Failed download:
['EQR']: possibly delisted; no price data found  (1d 2006-12-24 -> 2006-12-25)
$EIX: possibly delisted; no price data found  (1d 2006-12-24 -> 2006-12-25)

1 Failed download:
['EIX']: possibly delisted; no price data found  (1d 2006-12-24 -> 2006-12-25)
$ETFC: possibly delisted; no timezone found

1 Failed download:
['ETFC']: possibly delisted; no timezone found
$FDC: possibly delisted; no timezone found
$FDC: possibly delisted; no timezone found

1 Failed download:
['FDC']: possibly delisted; no timezone found
$EMR: possibly delisted; no price data found  (1d 2006-12-24 -> 2006-12-25)

1 Failed download:
['EMR']: possibly delisted; no price data found  (1d 2006-12-24 -> 2006-12-25)
$ETN: possibly delisted; no price data found  (1d 2006-12-24 -> 2006-12-25)

1 Failed download:
['ETN']: possibly delisted; no price data found  (1d 2006-12-24 -> 2006-12-25)
$FII: possibly delisted; no timezone found
$FII: possibly delisted; no timezone found

1 Failed download:
['FII']: possibly delisted; no timezone found
$ETR: possibly delisted; no price data found  (1d 2006-12-24 -> 2006-12-25)

1 Failed download:
['ETR']: possibly delisted; no price data found  (1d 2006-12-24 -> 2006-12-25)
$F: possibly delisted; no price data found  (1d 2006-12-24 -> 2006-12-25)
$FIS: possibly delisted; no price data found  (1d 2006-12-24 -> 2006-12-25)

1 Failed download:
['F']: possibly delisted; no price data found  (1d 2006-12-24 -> 2006-12-25)

1 Failed download:
['FIS']: possibly delisted; no price data found  (1d 2006-12-24 -> 2006-12-25)
$FDX: possibly delisted; no price data found  (1d 2006-12-24 -> 2006-12-25)

1 Failed download:
['FDX']: possibly delisted; no price data found  (1d 2006-12-24 -> 2006-12-25)
$FTR: possibly delisted; no timezone found
$GAS: possibly delisted; no price data found  (1d 1927-09-16 -> 2026-08-22)
$FRX: possibly delisted; no timezone found
$FLR: possibly delisted; no price data found  (1d 2006-12-24 -> 2006-12-25)

1 Failed download:
['FLR']: possibly delisted; no price data found  (1d 2006-12-24 -> 2006-12-25)
$FHN: possibly delisted; no price data found  (1d 2006-12-24 -> 2006-12-25)

1 Failed download:
['FHN']: possibly delisted; no price data found  (1d 2006-12-24 -> 2006-12-25)
$FISV: possibly delisted; no price data found  (1d 2006-12-24 -> 2006-12-25)

1 Failed download:
['FISV']: possibly delisted; no price data found  (1d 2006-12-24 -> 2006-12-25)
$FTR: possibly delisted; no timezone found

1 Failed download:
['FTR']: possibly delisted; no timezone found
$FRX: possibly delisted; no timezone found

1 Failed download:
['FRX']: possibly delisted; no timezone found
$FITB: possibly delisted; no price data found  (1d 2006-12-24 -> 2006-12-25)

1 Failed download:
['FITB']: possibly delisted; no price data found  (1d 2006-12-24 -> 2006-12-25)
$GAS: possibly delisted; no price data found  (1d 2006-12-24 -> 2007-01-04) (Yahoo error = "Data doesn't exist for startDate = 1166936400, endDate = 1167886800")

1 Failed download:
['GAS']: possibly delisted; no price data found  (1d 2006-12-24 -> 2007-01-04) (Yahoo error = "Data doesn't exist for startDate = 1166936400, endDate = 1167886800")
$FOXA: possibly delisted; no price data found  (1d 2006-12-24 -> 2019-03-11) (Yahoo error = "Data doesn't exist for startDate = 1166936400, endDate = 1552276800")

1 Failed download:
['FOXA']: possibly delisted; no price data found  (1d 2006-12-24 -> 2019-03-11) (Yahoo error = "Data doesn't exist for startDate = 1166936400, endDate = 1552276800")
$GNW: possibly delisted; no price data found  (1d 2006-12-24 -> 2006-12-25)

1 Failed download:
['GNW']: possibly delisted; no price data found  (1d 2006-12-24 -> 2006-12-25)
$GPS: possibly delisted; no timezone found
$GPS: possibly delisted; no timezone found

1 Failed download:
['GPS']: possibly delisted; no timezone found
$HAR: possibly delisted; no price data found  (1d 1927-09-16 -> 2026-08-22)
$GD: possibly delisted; no price data found  (1d 2006-12-24 -> 2006-12-25)

1 Failed download:
['GD']: possibly delisted; no price data found  (1d 2006-12-24 -> 2006-12-25)
$GLW: possibly delisted; no price data found  (1d 2006-12-24 -> 2006-12-25)

1 Failed download:
['GLW']: possibly delisted; no price data found  (1d 2006-12-24 -> 2006-12-25)
$HAR: possibly delisted; no price data found  (1d 2006-12-24 -> 2007-01-04) (Yahoo error = "Data doesn't exist for startDate = 1166936400, endDate = 1167886800")

1 Failed download:
['HAR']: possibly delisted; no price data found  (1d 2006-12-24 -> 2007-01-04) (Yahoo error = "Data doesn't exist for startDate = 1166936400, endDate = 1167886800")
$H: possibly delisted; no price data found  (1d 2006-12-24 -> 2007-01-04) (Yahoo error = "Data doesn't exist for startDate = 1166936400, endDate = 1167886800")

1 Failed download:
['H']: possibly delisted; no price data found  (1d 2006-12-24 -> 2007-01-04) (Yahoo error = "Data doesn't exist for startDate = 1166936400, endDate = 1167886800")
$GS: possibly delisted; no price data found  (1d 2006-12-24 -> 2006-12-25)

1 Failed download:
['GS']: possibly delisted; no price data found  (1d 2006-12-24 -> 2006-12-25)
$HCR: possibly delisted; no timezone found
$HES: possibly delisted; no timezone found
$GPC: possibly delisted; no price data found  (1d 2006-12-24 -> 2006-12-25)

1 Failed download:
['GPC']: possibly delisted; no price data found  (1d 2006-12-24 -> 2006-12-25)
$HCR: possibly delisted; no timezone found

1 Failed download:
['HCR']: possibly delisted; no timezone found
$GT: possibly delisted; no price data found  (1d 2006-12-24 -> 2006-12-25)

1 Failed download:
['GT']: possibly delisted; no price data found  (1d 2006-12-24 -> 2006-12-25)
$HIG: possibly delisted; no price data found  (1d 2006-12-24 -> 2006-12-25)

1 Failed download:
['HIG']: possibly delisted; no price data found  (1d 2006-12-24 -> 2006-12-25)
$HLT: possibly delisted; no price data found  (1d 2006-12-24 -> 2013-12-11) (Yahoo error = "Data doesn't exist for startDate = 1166936400, endDate = 1386738000")
$HES: possibly delisted; no timezone found

1 Failed download:
['HES']: possibly delisted; no timezone found

1 Failed download:
['HLT']: possibly delisted; no price data found  (1d 2006-12-24 -> 2013-12-11) (Yahoo error = "Data doesn't exist for startDate = 1166936400, endDate = 1386738000")
$GWW: possibly delisted; no price data found  (1d 2006-12-24 -> 2006-12-25)
$HSP: possibly delisted; no price data found  (1d 1927-09-16 -> 2026-08-22)

1 Failed download:
['GWW']: possibly delisted; no price data found  (1d 2006-12-24 -> 2006-12-25)
$HOT: possibly delisted; no price data found  (1d 2006-12-24 -> 2007-01-04) (Yahoo error = "Data doesn't exist for startDate = 1166936400, endDate = 1167886800")

1 Failed download:
['HOT']: possibly delisted; no price data found  (1d 2006-12-24 -> 2007-01-04) (Yahoo error = "Data doesn't exist for startDate = 1166936400, endDate = 1167886800")
$HOG: possibly delisted; no price data found  (1d 2006-12-24 -> 2006-12-25)

1 Failed download:
['HOG']: possibly delisted; no price data found  (1d 2006-12-24 -> 2006-12-25)
$HBAN: possibly delisted; no price data found  (1d 2006-12-24 -> 2006-12-25)

1 Failed download:
['HBAN']: possibly delisted; no price data found  (1d 2006-12-24 -> 2006-12-25)
$HSP: possibly delisted; no price data found  (1d 2006-12-24 -> 2007-01-04)

1 Failed download:
['HSP']: possibly delisted; no price data found  (1d 2006-12-24 -> 2007-01-04)
$HMA: possibly delisted; no timezone found
$IAC: possibly delisted; no timezone found
$HON: possibly delisted; no price data found  (1d 2006-12-24 -> 2006-12-25)

1 Failed download:
['HON']: possibly delisted; no price data found  (1d 2006-12-24 -> 2006-12-25)
$HSY: possibly delisted; no price data found  (1d 2006-12-24 -> 2006-12-25)

1 Failed download:
['HSY']: possibly delisted; no price data found  (1d 2006-12-24 -> 2006-12-25)
$HMA: possibly delisted; no timezone found

1 Failed download:
['HMA']: possibly delisted; no timezone found
$IAC: possibly delisted; no timezone found

1 Failed download:
['IAC']: possibly delisted; no timezone found
$IGT: possibly delisted; no timezone found
$IGT: possibly delisted; no timezone found

1 Failed download:
['IGT']: possibly delisted; no timezone found
$HUM: possibly delisted; no price data found  (1d 2006-12-24 -> 2006-12-25)

1 Failed download:
['HUM']: possibly delisted; no price data found  (1d 2006-12-24 -> 2006-12-25)
$IPG: possibly delisted; no timezone found
$IPG: possibly delisted; no timezone found

1 Failed download:
['IPG']: possibly delisted; no timezone found
$IR: possibly delisted; no price data found  (1d 2006-12-24 -> 2017-05-11) (Yahoo error = "Data doesn't exist for startDate = 1166936400, endDate = 1494475200")

1 Failed download:
['IR']: possibly delisted; no price data found  (1d 2006-12-24 -> 2017-05-11) (Yahoo error = "Data doesn't exist for startDate = 1166936400, endDate = 1494475200")
$JCP: possibly delisted; no timezone found
$INTU: possibly delisted; no price data found  (1d 2006-12-24 -> 2006-12-25)

1 Failed download:
['INTU']: possibly delisted; no price data found  (1d 2006-12-24 -> 2006-12-25)
$IFF: possibly delisted; no price data found  (1d 2006-12-24 -> 2006-12-25)

1 Failed download:
['IFF']: possibly delisted; no price data found  (1d 2006-12-24 -> 2006-12-25)
$JCP: possibly delisted; no timezone found

1 Failed download:
['JCP']: possibly delisted; no timezone found
$JNS: possibly delisted; no price data found  (1d 1927-09-16 -> 2026-08-22)
$JNPR: possibly delisted; no timezone found
$ITT: possibly delisted; no price data found  (1d 2006-12-24 -> 2006-12-25)

1 Failed download:
['ITT']: possibly delisted; no price data found  (1d 2006-12-24 -> 2006-12-25)
$JBL: possibly delisted; no price data found  (1d 2006-12-24 -> 2006-12-25)
$IP: possibly delisted; no price data found  (1d 2006-12-24 -> 2006-12-25)

1 Failed download:

1 Failed download:
['IP']: possibly delisted; no price data found  (1d 2006-12-24 -> 2006-12-25)
['JBL']: possibly delisted; no price data found  (1d 2006-12-24 -> 2006-12-25)
$JNPR: possibly delisted; no timezone found

1 Failed download:
['JNPR']: possibly delisted; no timezone found
$JWN: possibly delisted; no timezone found
$KATE: possibly delisted; no price data found  (1d 1927-09-16 -> 2026-08-22)
$JNS: possibly delisted; no price data found  (1d 2006-12-24 -> 2007-01-04)

1 Failed download:
['JNS']: possibly delisted; no price data found  (1d 2006-12-24 -> 2007-01-04)
$JCI: possibly delisted; no price data found  (1d 2006-12-24 -> 2006-12-25)

1 Failed download:
['JCI']: possibly delisted; no price data found  (1d 2006-12-24 -> 2006-12-25)
$K: possibly delisted; no timezone found
$JWN: possibly delisted; no timezone found

1 Failed download:
['JWN']: possibly delisted; no timezone found
$ITW: possibly delisted; no price data found  (1d 2006-12-24 -> 2006-12-25)

1 Failed download:
['ITW']: possibly delisted; no price data found  (1d 2006-12-24 -> 2006-12-25)
$KATE: possibly delisted; no price data found  (1d 2006-12-24 -> 2007-01-04)
$K: possibly delisted; no timezone found

1 Failed download:
['KATE']: possibly delisted; no price data found  (1d 2006-12-24 -> 2007-01-04)

1 Failed download:
['K']: possibly delisted; no timezone found
$KG: possibly delisted; no price data found  (1d 2006-12-24 -> 2008-05-05) (Yahoo error = "Data doesn't exist for startDate = 1166936400, endDate = 1209960000")

1 Failed download:
['KG']: possibly delisted; no price data found  (1d 2006-12-24 -> 2008-05-05) (Yahoo error = "Data doesn't exist for startDate = 1166936400, endDate = 1209960000")
$KIM: possibly delisted; no price data found  (1d 2006-12-24 -> 2006-12-25)

1 Failed download:
['KIM']: possibly delisted; no price data found  (1d 2006-12-24 -> 2006-12-25)
$KBH: possibly delisted; no price data found  (1d 2006-12-24 -> 2006-12-25)

1 Failed download:
['KBH']: possibly delisted; no price data found  (1d 2006-12-24 -> 2006-12-25)
$KMI: possibly delisted; no price data found  (1d 2006-12-24 -> 2011-02-10) (Yahoo error = "Data doesn't exist for startDate = 1166936400, endDate = 1297314000")

1 Failed download:
['KMI']: possibly delisted; no price data found  (1d 2006-12-24 -> 2011-02-10) (Yahoo error = "Data doesn't exist for startDate = 1166936400, endDate = 1297314000")
$KEY: possibly delisted; no price data found  (1d 2006-12-24 -> 2006-12-25)

1 Failed download:
['KEY']: possibly delisted; no price data found  (1d 2006-12-24 -> 2006-12-25)
$LB: possibly delisted; no price data found  (1d 2006-12-24 -> 2007-01-04) (Yahoo error = "Data doesn't exist for startDate = 1166936400, endDate = 1167886800")

1 Failed download:
['LB']: possibly delisted; no price data found  (1d 2006-12-24 -> 2007-01-04) (Yahoo error = "Data doesn't exist for startDate = 1166936400, endDate = 1167886800")
$LLTC: possibly delisted; no price data found  (1d 1927-09-16 -> 2026-08-22)
$KMB: possibly delisted; no price data found  (1d 2006-12-24 -> 2006-12-25)

1 Failed download:
['KMB']: possibly delisted; no price data found  (1d 2006-12-24 -> 2006-12-25)
$KLAC: possibly delisted; no price data found  (1d 2006-12-24 -> 2006-12-25)

1 Failed download:
['KLAC']: possibly delisted; no price data found  (1d 2006-12-24 -> 2006-12-25)
$LLL: possibly delisted; no timezone found
$KSS: possibly delisted; no price data found  (1d 2006-12-24 -> 2006-12-25)

1 Failed download:
['KSS']: possibly delisted; no price data found  (1d 2006-12-24 -> 2006-12-25)
$KR: possibly delisted; no price data found  (1d 2006-12-24 -> 2006-12-25)

1 Failed download:
['KR']: possibly delisted; no price data found  (1d 2006-12-24 -> 2006-12-25)
$LM: possibly delisted; no timezone found
$LLTC: possibly delisted; no price data found  (1d 2006-12-24 -> 2007-01-04)

1 Failed download:
['LLTC']: possibly delisted; no price data found  (1d 2006-12-24 -> 2007-01-04)
$LEN: possibly delisted; no price data found  (1d 2006-12-24 -> 2006-12-25)
$LLL: possibly delisted; no timezone found
$LM: possibly delisted; no timezone found

1 Failed download:
['LLL']: possibly delisted; no timezone found

1 Failed download:
['LEN']: possibly delisted; no price data found  (1d 2006-12-24 -> 2006-12-25)

1 Failed download:
['LM']: possibly delisted; no timezone found
$LH: possibly delisted; no price data found  (1d 2006-12-24 -> 2006-12-25)

1 Failed download:
['LH']: possibly delisted; no price data found  (1d 2006-12-24 -> 2006-12-25)
$LXK: possibly delisted; no price data found  (1d 1927-09-16 -> 2026-08-22)
$LSI: possibly delisted; no timezone found
$LSI: possibly delisted; no timezone found

1 Failed download:
['LSI']: possibly delisted; no timezone found
$LXK: possibly delisted; no price data found  (1d 2006-12-24 -> 2007-01-04)

1 Failed download:
['LXK']: possibly delisted; no price data found  (1d 2006-12-24 -> 2007-01-04)
$LMT: possibly delisted; no price data found  (1d 2006-12-24 -> 2006-12-25)

1 Failed download:
['LMT']: possibly delisted; no price data found  (1d 2006-12-24 -> 2006-12-25)
$LNC: possibly delisted; no price data found  (1d 2006-12-24 -> 2006-12-25)

1 Failed download:
['LNC']: possibly delisted; no price data found  (1d 2006-12-24 -> 2006-12-25)
$LEG: possibly delisted; no price data found  (1d 2006-12-24 -> 2006-12-25)

1 Failed download:
['LEG']: possibly delisted; no price data found  (1d 2006-12-24 -> 2006-12-25)
$MAR: possibly delisted; no price data found  (1d 2006-12-24 -> 2006-12-25)

1 Failed download:
['MAR']: possibly delisted; no price data found  (1d 2006-12-24 -> 2006-12-25)
$LUV: possibly delisted; no price data found  (1d 2006-12-24 -> 2006-12-25)

1 Failed download:
['LUV']: possibly delisted; no price data found  (1d 2006-12-24 -> 2006-12-25)
$MDP: possibly delisted; no timezone found
$MIL: possibly delisted; no price data found  (1d 1927-09-16 -> 2026-08-22)
$MAS: possibly delisted; no price data found  (1d 2006-12-24 -> 2006-12-25)

1 Failed download:
['MAS']: possibly delisted; no price data found  (1d 2006-12-24 -> 2006-12-25)
$MAT: possibly delisted; no price data found  (1d 2006-12-24 -> 2006-12-25)

1 Failed download:
['MAT']: possibly delisted; no price data found  (1d 2006-12-24 -> 2006-12-25)
$MCK: possibly delisted; no price data found  (1d 2006-12-24 -> 2006-12-25)

1 Failed download:
['MCK']: possibly delisted; no price data found  (1d 2006-12-24 -> 2006-12-25)
$MDP: possibly delisted; no timezone found

1 Failed download:
['MDP']: possibly delisted; no timezone found
$MBI: possibly delisted; no price data found  (1d 2006-12-24 -> 2006-12-25)

1 Failed download:
['MBI']: possibly delisted; no price data found  (1d 2006-12-24 -> 2006-12-25)
$MMC: possibly delisted; no timezone found
$MIL: possibly delisted; no price data found  (1d 2006-12-24 -> 2007-01-04)

1 Failed download:
['MIL']: possibly delisted; no price data found  (1d 2006-12-24 -> 2007-01-04)
$MON: possibly delisted; no timezone found
$MI: possibly delisted; no price data found  (1d 2006-12-24 -> 2007-01-04) (Yahoo error = "Data doesn't exist for startDate = 1166936400, endDate = 1167886800")

1 Failed download:
['MI']: possibly delisted; no price data found  (1d 2006-12-24 -> 2007-01-04) (Yahoo error = "Data doesn't exist for startDate = 1166936400, endDate = 1167886800")
$MET: possibly delisted; no price data found  (1d 2006-12-24 -> 2006-12-25)

1 Failed download:
['MET']: possibly delisted; no price data found  (1d 2006-12-24 -> 2006-12-25)
$MMC: possibly delisted; no timezone found

1 Failed download:
['MMC']: possibly delisted; no timezone found
$MDT: possibly delisted; no price data found  (1d 2006-12-24 -> 2006-12-25)

1 Failed download:
['MDT']: possibly delisted; no price data found  (1d 2006-12-24 -> 2006-12-25)
$MON: possibly delisted; no timezone found

1 Failed download:
['MON']: possibly delisted; no timezone found
$MRO: possibly delisted; no timezone found
$MRO: possibly delisted; no timezone found

1 Failed download:
['MRO']: possibly delisted; no timezone found
$MKC: possibly delisted; no price data found  (1d 2006-12-24 -> 2006-12-25)

1 Failed download:
['MKC']: possibly delisted; no price data found  (1d 2006-12-24 -> 2006-12-25)
$MXIM: possibly delisted; no timezone found
$MXIM: possibly delisted; no timezone found

1 Failed download:
['MXIM']: possibly delisted; no timezone found
$MYL: possibly delisted; no timezone found
$MS: possibly delisted; no price data found  (1d 2006-12-24 -> 2006-12-25)
$MYL: possibly delisted; no timezone found

1 Failed download:
['MS']: possibly delisted; no price data found  (1d 2006-12-24 -> 2006-12-25)

1 Failed download:
['MYL']: possibly delisted; no timezone found
$MWW: possibly delisted; no price data found  (1d 1927-09-16 -> 2026-08-22)
$MUR: possibly delisted; no price data found  (1d 2006-12-24 -> 2006-12-25)

1 Failed download:
['MUR']: possibly delisted; no price data found  (1d 2006-12-24 -> 2006-12-25)
$NCR: possibly delisted; no timezone found
$MTB: possibly delisted; no price data found  (1d 2006-12-24 -> 2006-12-25)

1 Failed download:
['MTB']: possibly delisted; no price data found  (1d 2006-12-24 -> 2006-12-25)
$MWW: possibly delisted; no price data found  (1d 2006-12-24 -> 2007-01-04)

1 Failed download:
['MWW']: possibly delisted; no price data found  (1d 2006-12-24 -> 2007-01-04)
$NE: possibly delisted; no price data found  (1d 2006-12-24 -> 2021-06-08) (Yahoo error = "Data doesn't exist for startDate = 1166936400, endDate = 1623124800")
$NCR: possibly delisted; no timezone found

1 Failed download:
['NE']: possibly delisted; no price data found  (1d 2006-12-24 -> 2021-06-08) (Yahoo error = "Data doesn't exist for startDate = 1166936400, endDate = 1623124800")

1 Failed download:
['NCR']: possibly delisted; no timezone found
$MTG: possibly delisted; no price data found  (1d 2006-12-24 -> 2006-12-25)

1 Failed download:
['MTG']: possibly delisted; no price data found  (1d 2006-12-24 -> 2006-12-25)
$NBR: possibly delisted; no price data found  (1d 2006-12-24 -> 2006-12-25)

1 Failed download:
['NBR']: possibly delisted; no price data found  (1d 2006-12-24 -> 2006-12-25)
$NEE: possibly delisted; no price data found  (1d 2006-12-24 -> 2006-12-25)

1 Failed download:
['NEE']: possibly delisted; no price data found  (1d 2006-12-24 -> 2006-12-25)
$NI: possibly delisted; no price data found  (1d 2006-12-24 -> 2006-12-25)

1 Failed download:
['NI']: possibly delisted; no price data found  (1d 2006-12-24 -> 2006-12-25)
$NVLS: possibly delisted; no price data found  (1d 1927-09-16 -> 2026-08-22)
$NVLS: possibly delisted; no price data found  (1d 2006-12-24 -> 2007-01-04)

1 Failed download:
['NVLS']: possibly delisted; no price data found  (1d 2006-12-24 -> 2007-01-04)
$NSM: possibly delisted; no price data found  (1d 2006-12-24 -> 2007-01-04) (Yahoo error = "Data doesn't exist for startDate = 1166936400, endDate = 1167886800")

1 Failed download:
['NSM']: possibly delisted; no price data found  (1d 2006-12-24 -> 2007-01-04) (Yahoo error = "Data doesn't exist for startDate = 1166936400, endDate = 1167886800")
$ODP: possibly delisted; no timezone found
$NVDA: possibly delisted; no price data found  (1d 2006-12-24 -> 2006-12-25)

1 Failed download:
['NVDA']: possibly delisted; no price data found  (1d 2006-12-24 -> 2006-12-25)
$NSC: possibly delisted; no price data found  (1d 2006-12-24 -> 2006-12-25)

1 Failed download:
['NSC']: possibly delisted; no price data found  (1d 2006-12-24 -> 2006-12-25)
$ODP: possibly delisted; no timezone found

1 Failed download:
['ODP']: possibly delisted; no timezone found
$NYT: possibly delisted; no price data found  (1d 2006-12-24 -> 2006-12-25)

1 Failed download:
['NYT']: possibly delisted; no price data found  (1d 2006-12-24 -> 2006-12-25)
$NTAP: possibly delisted; no price data found  (1d 2006-12-24 -> 2006-12-25)

1 Failed download:
['NTAP']: possibly delisted; no price data found  (1d 2006-12-24 -> 2006-12-25)
$OMC: possibly delisted; no price data found  (1d 2006-12-24 -> 2006-12-25)

1 Failed download:
['OMC']: possibly delisted; no price data found  (1d 2006-12-24 -> 2006-12-25)
$ORCL: possibly delisted; no price data found  (1d 2006-12-24 -> 2006-12-25)

1 Failed download:
['ORCL']: possibly delisted; no price data found  (1d 2006-12-24 -> 2006-12-25)
$NOC: possibly delisted; no price data found  (1d 2006-12-24 -> 2006-12-25)

1 Failed download:
['NOC']: possibly delisted; no price data found  (1d 2006-12-24 -> 2006-12-25)
$OXY: possibly delisted; no price data found  (1d 2006-12-24 -> 2006-12-25)

1 Failed download:
['OXY']: possibly delisted; no price data found  (1d 2006-12-24 -> 2006-12-25)
$PAYX: possibly delisted; no price data found  (1d 2006-12-24 -> 2006-12-25)

1 Failed download:
['PAYX']: possibly delisted; no price data found  (1d 2006-12-24 -> 2006-12-25)
$PDCO: possibly delisted; no timezone found
$PCL: possibly delisted; no price data found  (1d 2006-12-24 -> 2007-01-04) (Yahoo error = "Data doesn't exist for startDate = 1166936400, endDate = 1167886800")

1 Failed download:
['PCL']: possibly delisted; no price data found  (1d 2006-12-24 -> 2007-01-04) (Yahoo error = "Data doesn't exist for startDate = 1166936400, endDate = 1167886800")
$PBI: possibly delisted; no price data found  (1d 2006-12-24 -> 2006-12-25)

1 Failed download:
['PBI']: possibly delisted; no price data found  (1d 2006-12-24 -> 2006-12-25)
$PD: possibly delisted; no price data found  (1d 2006-12-24 -> 2007-01-04) (Yahoo error = "Data doesn't exist for startDate = 1166936400, endDate = 1167886800")

1 Failed download:
['PD']: possibly delisted; no price data found  (1d 2006-12-24 -> 2007-01-04) (Yahoo error = "Data doesn't exist for startDate = 1166936400, endDate = 1167886800")
$PGN: possibly delisted; no price data found  (1d 1927-09-16 -> 2026-08-22)
$PCAR: possibly delisted; no price data found  (1d 2006-12-24 -> 2006-12-25)

1 Failed download:
['PCAR']: possibly delisted; no price data found  (1d 2006-12-24 -> 2006-12-25)
$NTRS: possibly delisted; no price data found  (1d 2006-12-24 -> 2006-12-25)
$PDCO: possibly delisted; no timezone found

1 Failed download:
['PDCO']: possibly delisted; no timezone found

1 Failed download:
['NTRS']: possibly delisted; no price data found  (1d 2006-12-24 -> 2006-12-25)
$PCG: possibly delisted; no price data found  (1d 2006-12-24 -> 2006-12-25)

1 Failed download:
['PCG']: possibly delisted; no price data found  (1d 2006-12-24 -> 2006-12-25)
$PMCS: possibly delisted; no price data found  (1d 1927-09-16 -> 2026-08-22)
$PKI: possibly delisted; no timezone found
$PLL: possibly delisted; no timezone found
$PMCS: possibly delisted; no price data found  (1d 2006-12-24 -> 2007-01-04)

1 Failed download:
['PMCS']: possibly delisted; no price data found  (1d 2006-12-24 -> 2007-01-04)
$PKI: possibly delisted; no timezone found
$PGN: possibly delisted; no price data found  (1d 2006-12-24 -> 2007-01-04)

1 Failed download:

1 Failed download:
['PKI']: possibly delisted; no timezone found
['PGN']: possibly delisted; no price data found  (1d 2006-12-24 -> 2007-01-04)
$PLL: possibly delisted; no timezone found

1 Failed download:
['PLL']: possibly delisted; no timezone found
$PFG: possibly delisted; no price data found  (1d 2006-12-24 -> 2006-12-25)

1 Failed download:
['PFG']: possibly delisted; no price data found  (1d 2006-12-24 -> 2006-12-25)
$PGR: possibly delisted; no price data found  (1d 2006-12-24 -> 2006-12-25)

1 Failed download:
['PGR']: possibly delisted; no price data found  (1d 2006-12-24 -> 2006-12-25)
$PHM: possibly delisted; no price data found  (1d 2006-12-24 -> 2006-12-25)

1 Failed download:
['PHM']: possibly delisted; no price data found  (1d 2006-12-24 -> 2006-12-25)
$PH: possibly delisted; no price data found  (1d 2006-12-24 -> 2006-12-25)

1 Failed download:
['PH']: possibly delisted; no price data found  (1d 2006-12-24 -> 2006-12-25)
$PX: possibly delisted; no timezone found
$QLGC: possibly delisted; no price data found  (1d 1927-09-16 -> 2026-08-22)
$PX: possibly delisted; no timezone found

1 Failed download:
['PX']: possibly delisted; no timezone found
$Q: possibly delisted; no price data found  (1d 2006-12-24 -> 2025-10-26) (Yahoo error = "Data doesn't exist for startDate = 1166936400, endDate = 1761451200")

1 Failed download:
['Q']: possibly delisted; no price data found  (1d 2006-12-24 -> 2025-10-26) (Yahoo error = "Data doesn't exist for startDate = 1166936400, endDate = 1761451200")
$RAI: possibly delisted; no price data found  (1d 1927-09-16 -> 2026-08-22)
$QLGC: possibly delisted; no price data found  (1d 2006-12-24 -> 2007-01-04)

1 Failed download:
['QLGC']: possibly delisted; no price data found  (1d 2006-12-24 -> 2007-01-04)
$RDC: possibly delisted; no timezone found
$PRU: possibly delisted; no price data found  (1d 2006-12-24 -> 2006-12-25)

1 Failed download:
['PRU']: possibly delisted; no price data found  (1d 2006-12-24 -> 2006-12-25)
$PNC: possibly delisted; no price data found  (1d 2006-12-24 -> 2006-12-25)

1 Failed download:
['PNC']: possibly delisted; no price data found  (1d 2006-12-24 -> 2006-12-25)
$QCOM: possibly delisted; no price data found  (1d 2006-12-24 -> 2006-12-25)

1 Failed download:
['QCOM']: possibly delisted; no price data found  (1d 2006-12-24 -> 2006-12-25)
$RAI: possibly delisted; no price data found  (1d 2006-12-24 -> 2007-01-04)

1 Failed download:
['RAI']: possibly delisted; no price data found  (1d 2006-12-24 -> 2007-01-04)
$RDC: possibly delisted; no timezone found

1 Failed download:
['RDC']: possibly delisted; no timezone found
$RRD: possibly delisted; no timezone found
$RHI: possibly delisted; no price data found  (1d 2006-12-24 -> 2006-12-25)

1 Failed download:
['RHI']: possibly delisted; no price data found  (1d 2006-12-24 -> 2006-12-25)
$PNW: possibly delisted; no price data found  (1d 2006-12-24 -> 2006-12-25)

1 Failed download:
['PNW']: possibly delisted; no price data found  (1d 2006-12-24 -> 2006-12-25)
$RTN: possibly delisted; no timezone found
$R: possibly delisted; no price data found  (1d 2006-12-24 -> 2006-12-25)

1 Failed download:
['R']: possibly delisted; no price data found  (1d 2006-12-24 -> 2006-12-25)
$RF: possibly delisted; no price data found  (1d 2006-12-24 -> 2006-12-25)
$RRD: possibly delisted; no timezone found

1 Failed download:

1 Failed download:
['RRD']: possibly delisted; no timezone found
['RF']: possibly delisted; no price data found  (1d 2006-12-24 -> 2006-12-25)
$RTN: possibly delisted; no timezone found

1 Failed download:
['RTN']: possibly delisted; no timezone found
$ROK: possibly delisted; no price data found  (1d 2006-12-24 -> 2006-12-25)

1 Failed download:
['ROK']: possibly delisted; no price data found  (1d 2006-12-24 -> 2006-12-25)
$S: possibly delisted; no price data found  (1d 2006-12-24 -> 2021-06-29) (Yahoo error = "Data doesn't exist for startDate = 1166936400, endDate = 1624939200")

1 Failed download:
['S']: possibly delisted; no price data found  (1d 2006-12-24 -> 2021-06-29) (Yahoo error = "Data doesn't exist for startDate = 1166936400, endDate = 1624939200")
$SEE: possibly delisted; no timezone found
$SIAL: possibly delisted; no price data found  (1d 1927-09-16 -> 2026-08-22)
$SE: possibly delisted; no price data found  (1d 2006-12-24 -> 2007-01-04) (Yahoo error = "Data doesn't exist for startDate = 1166936400, endDate = 1167886800")

1 Failed download:
['SE']: possibly delisted; no price data found  (1d 2006-12-24 -> 2007-01-04) (Yahoo error = "Data doesn't exist for startDate = 1166936400, endDate = 1167886800")
$SCHW: possibly delisted; no price data found  (1d 2006-12-24 -> 2006-12-25)

1 Failed download:
['SCHW']: possibly delisted; no price data found  (1d 2006-12-24 -> 2006-12-25)
$SGP: possibly delisted; no price data found  (1d 2006-12-24 -> 2007-01-04) (Yahoo error = "Data doesn't exist for startDate = 1166936400, endDate = 1167886800")

1 Failed download:
['SGP']: possibly delisted; no price data found  (1d 2006-12-24 -> 2007-01-04) (Yahoo error = "Data doesn't exist for startDate = 1166936400, endDate = 1167886800")
$SIAL: possibly delisted; no price data found  (1d 2006-12-24 -> 2007-01-04)

1 Failed download:
['SIAL']: possibly delisted; no price data found  (1d 2006-12-24 -> 2007-01-04)
$SEE: possibly delisted; no timezone found

1 Failed download:
['SEE']: possibly delisted; no timezone found
$SANM: possibly delisted; no price data found  (1d 2006-12-24 -> 2006-12-25)

1 Failed download:
['SANM']: possibly delisted; no price data found  (1d 2006-12-24 -> 2006-12-25)
$SNV: possibly delisted; no timezone found
$SHW: possibly delisted; no price data found  (1d 2006-12-24 -> 2006-12-25)

1 Failed download:
['SHW']: possibly delisted; no price data found  (1d 2006-12-24 -> 2006-12-25)
$SHLD: possibly delisted; no price data found  (1d 2006-12-24 -> 2007-01-04) (Yahoo error = "Data doesn't exist for startDate = 1166936400, endDate = 1167886800")

1 Failed download:
['SHLD']: possibly delisted; no price data found  (1d 2006-12-24 -> 2007-01-04) (Yahoo error = "Data doesn't exist for startDate = 1166936400, endDate = 1167886800")
$SNV: possibly delisted; no timezone found

1 Failed download:
['SNV']: possibly delisted; no timezone found
$SNDK: possibly delisted; no price data found  (1d 2006-12-24 -> 2025-02-12) (Yahoo error = "Data doesn't exist for startDate = 1166936400, endDate = 1739336400")

1 Failed download:
['SNDK']: possibly delisted; no price data found  (1d 2006-12-24 -> 2025-02-12) (Yahoo error = "Data doesn't exist for startDate = 1166936400, endDate = 1739336400")
$SII: possibly delisted; no price data found  (1d 2006-12-24 -> 2007-01-04) (Yahoo error = "Data doesn't exist for startDate = 1166936400, endDate = 1167886800")
$STJ: possibly delisted; no price data found  (1d 1927-09-16 -> 2026-08-22)

1 Failed download:
['SII']: possibly delisted; no price data found  (1d 2006-12-24 -> 2007-01-04) (Yahoo error = "Data doesn't exist for startDate = 1166936400, endDate = 1167886800")
$SNA: possibly delisted; no price data found  (1d 2006-12-24 -> 2006-12-25)

1 Failed download:
['SNA']: possibly delisted; no price data found  (1d 2006-12-24 -> 2006-12-25)
$SPLS: possibly delisted; no price data found  (1d 2006-12-24 -> 2026-01-15) (Yahoo error = "Data doesn't exist for startDate = 1166936400, endDate = 1768453200")

1 Failed download:
['SPLS']: possibly delisted; no price data found  (1d 2006-12-24 -> 2026-01-15) (Yahoo error = "Data doesn't exist for startDate = 1166936400, endDate = 1768453200")
$STJ: possibly delisted; no price data found  (1d 2006-12-24 -> 2007-01-04)

1 Failed download:
['STJ']: possibly delisted; no price data found  (1d 2006-12-24 -> 2007-01-04)
$SPGI: possibly delisted; no price data found  (1d 2006-12-24 -> 2006-12-25)

1 Failed download:
['SPGI']: possibly delisted; no price data found  (1d 2006-12-24 -> 2006-12-25)
$STR: possibly delisted; no timezone found
$SRE: possibly delisted; no price data found  (1d 2006-12-24 -> 2006-12-25)

1 Failed download:
['SRE']: possibly delisted; no price data found  (1d 2006-12-24 -> 2006-12-25)
$STI: possibly delisted; no price data found  (1d 2006-12-24 -> 2007-01-04) (Yahoo error = "Data doesn't exist for startDate = 1166936400, endDate = 1167886800")
$SSP: possibly delisted; no price data found  (1d 2006-12-24 -> 2006-12-25)

1 Failed download:
['STI']: possibly delisted; no price data found  (1d 2006-12-24 -> 2007-01-04) (Yahoo error = "Data doesn't exist for startDate = 1166936400, endDate = 1167886800")

1 Failed download:
['SSP']: possibly delisted; no price data found  (1d 2006-12-24 -> 2006-12-25)
$STR: possibly delisted; no timezone found

1 Failed download:
['STR']: possibly delisted; no timezone found
$SYMC: possibly delisted; no timezone found
$STZ: possibly delisted; no price data found  (1d 2006-12-24 -> 2006-12-25)

1 Failed download:
['STZ']: possibly delisted; no price data found  (1d 2006-12-24 -> 2006-12-25)
$SUN: possibly delisted; no price data found  (1d 2006-12-24 -> 2007-01-04) (Yahoo error = "Data doesn't exist for startDate = 1166936400, endDate = 1167886800")

1 Failed download:
['SUN']: possibly delisted; no price data found  (1d 2006-12-24 -> 2007-01-04) (Yahoo error = "Data doesn't exist for startDate = 1166936400, endDate = 1167886800")
$SVU: possibly delisted; no price data found  (1d 2006-12-24 -> 2006-12-25)

1 Failed download:
['SVU']: possibly delisted; no price data found  (1d 2006-12-24 -> 2006-12-25)
$STT: possibly delisted; no price data found  (1d 2006-12-24 -> 2006-12-25)

1 Failed download:
['STT']: possibly delisted; no price data found  (1d 2006-12-24 -> 2006-12-25)
$SYK: possibly delisted; no price data found  (1d 2006-12-24 -> 2006-12-25)

1 Failed download:
['SYK']: possibly delisted; no price data found  (1d 2006-12-24 -> 2006-12-25)
$SYMC: possibly delisted; no timezone found
$SWK: possibly delisted; no price data found  (1d 2006-12-24 -> 2006-12-25)

1 Failed download:

1 Failed download:
['SYMC']: possibly delisted; no timezone found
['SWK']: possibly delisted; no price data found  (1d 2006-12-24 -> 2006-12-25)
$TE: possibly delisted; no price data found  (1d 2006-12-24 -> 2007-01-04) (Yahoo error = "Data doesn't exist for startDate = 1166936400, endDate = 1167886800")
$TGNA: possibly delisted; no timezone found

1 Failed download:
['TE']: possibly delisted; no price data found  (1d 2006-12-24 -> 2007-01-04) (Yahoo error = "Data doesn't exist for startDate = 1166936400, endDate = 1167886800")
$TIF: possibly delisted; no timezone found
$TAP: possibly delisted; no price data found  (1d 2006-12-24 -> 2006-12-25)

1 Failed download:
['TAP']: possibly delisted; no price data found  (1d 2006-12-24 -> 2006-12-25)
$TGNA: possibly delisted; no timezone found
$SYY: possibly delisted; no price data found  (1d 2006-12-24 -> 2006-12-25)

1 Failed download:
['TGNA']: possibly delisted; no timezone found

1 Failed download:
['SYY']: possibly delisted; no price data found  (1d 2006-12-24 -> 2006-12-25)
$TIF: possibly delisted; no timezone found

1 Failed download:
['TIF']: possibly delisted; no timezone found
$TMK: possibly delisted; no timezone found
$TEX: possibly delisted; no price data found  (1d 2006-12-24 -> 2006-12-25)

1 Failed download:
['TEX']: possibly delisted; no price data found  (1d 2006-12-24 -> 2006-12-25)
$TSG: possibly delisted; no timezone found
$TGT: possibly delisted; no price data found  (1d 2006-12-24 -> 2006-12-25)

1 Failed download:
['TGT']: possibly delisted; no price data found  (1d 2006-12-24 -> 2006-12-25)
$TMK: possibly delisted; no timezone found
$THC: possibly delisted; no price data found  (1d 2006-12-24 -> 2006-12-25)

1 Failed download:
['TMK']: possibly delisted; no timezone found

1 Failed download:
['THC']: possibly delisted; no price data found  (1d 2006-12-24 -> 2006-12-25)
$TPR: possibly delisted; no price data found  (1d 2006-12-24 -> 2006-12-25)

1 Failed download:
['TPR']: possibly delisted; no price data found  (1d 2006-12-24 -> 2006-12-25)
$TSG: possibly delisted; no timezone found
$TJX: possibly delisted; no price data found  (1d 2006-12-24 -> 2006-12-25)

1 Failed download:
['TSG']: possibly delisted; no timezone found

1 Failed download:
['TJX']: possibly delisted; no price data found  (1d 2006-12-24 -> 2006-12-25)
$TMO: possibly delisted; no price data found  (1d 2006-12-24 -> 2006-12-25)

1 Failed download:
['TMO']: possibly delisted; no price data found  (1d 2006-12-24 -> 2006-12-25)
$TSN: possibly delisted; no price data found  (1d 2006-12-24 -> 2006-12-25)

1 Failed download:
['TSN']: possibly delisted; no price data found  (1d 2006-12-24 -> 2006-12-25)
$TXN: possibly delisted; no price data found  (1d 2006-12-24 -> 2006-12-25)

1 Failed download:
['TXN']: possibly delisted; no price data found  (1d 2006-12-24 -> 2006-12-25)
$UNH: possibly delisted; no price data found  (1d 2006-12-24 -> 2006-12-25)

1 Failed download:
['UNH']: possibly delisted; no price data found  (1d 2006-12-24 -> 2006-12-25)
$UTX: possibly delisted; no timezone found
$TT: possibly delisted; no price data found  (1d 2006-12-24 -> 2006-12-25)

1 Failed download:
['TT']: possibly delisted; no price data found  (1d 2006-12-24 -> 2006-12-25)
$TXT: possibly delisted; no price data found  (1d 2006-12-24 -> 2006-12-25)

1 Failed download:
['TXT']: possibly delisted; no price data found  (1d 2006-12-24 -> 2006-12-25)
$UTX: possibly delisted; no timezone found

1 Failed download:
['UTX']: possibly delisted; no timezone found
$VIAB: possibly delisted; no timezone found
$UIS: possibly delisted; no price data found  (1d 2006-12-24 -> 2006-12-25)

1 Failed download:
['UIS']: possibly delisted; no price data found  (1d 2006-12-24 -> 2006-12-25)
$TRV: possibly delisted; no price data found  (1d 2006-12-24 -> 2006-12-25)
$VIAB: possibly delisted; no timezone found

1 Failed download:
['VIAB']: possibly delisted; no timezone found

1 Failed download:
['TRV']: possibly delisted; no price data found  (1d 2006-12-24 -> 2006-12-25)
$USB: possibly delisted; no price data found  (1d 2006-12-24 -> 2006-12-25)

1 Failed download:
['USB']: possibly delisted; no price data found  (1d 2006-12-24 -> 2006-12-25)
$WBA: possibly delisted; no timezone found
$VIAV: possibly delisted; no price data found  (1d 2006-12-24 -> 2006-12-25)

1 Failed download:
['VIAV']: possibly delisted; no price data found  (1d 2006-12-24 -> 2006-12-25)
$WBA: possibly delisted; no timezone found

1 Failed download:
['WBA']: possibly delisted; no timezone found
$VRSN: possibly delisted; no price data found  (1d 2006-12-24 -> 2006-12-25)

1 Failed download:
['VRSN']: possibly delisted; no price data found  (1d 2006-12-24 -> 2006-12-25)
$WB: possibly delisted; no price data found  (1d 2006-12-24 -> 2007-01-04) (Yahoo error = "Data doesn't exist for startDate = 1166936400, endDate = 1167886800")

1 Failed download:
['WB']: possibly delisted; no price data found  (1d 2006-12-24 -> 2007-01-04) (Yahoo error = "Data doesn't exist for startDate = 1166936400, endDate = 1167886800")
$WFM: possibly delisted; no price data found  (1d 1927-09-16 -> 2026-08-22)
$WAT: possibly delisted; no price data found  (1d 2006-12-24 -> 2006-12-25)

1 Failed download:
['WAT']: possibly delisted; no price data found  (1d 2006-12-24 -> 2006-12-25)
$VLO: possibly delisted; no price data found  (1d 2006-12-24 -> 2006-12-25)

1 Failed download:
['VLO']: possibly delisted; no price data found  (1d 2006-12-24 -> 2006-12-25)
$WFT: possibly delisted; no timezone found
$WFM: possibly delisted; no price data found  (1d 2006-12-24 -> 2007-01-04)
$WFT: possibly delisted; no timezone found

1 Failed download:
['WFM']: possibly delisted; no price data found  (1d 2006-12-24 -> 2007-01-04)

1 Failed download:
['WFT']: possibly delisted; no timezone found
$VNO: possibly delisted; no price data found  (1d 2006-12-24 -> 2006-12-25)

1 Failed download:
['VNO']: possibly delisted; no price data found  (1d 2006-12-24 -> 2006-12-25)
$WIN: possibly delisted; no timezone found
$WU: possibly delisted; no price data found  (1d 2006-12-24 -> 2006-12-25)

1 Failed download:
['WU']: possibly delisted; no price data found  (1d 2006-12-24 -> 2006-12-25)
$WIN: possibly delisted; no timezone found

1 Failed download:
['WIN']: possibly delisted; no timezone found
$WYND: possibly delisted; no timezone found
$WYND: possibly delisted; no timezone found

1 Failed download:
['WYND']: possibly delisted; no timezone found
$XLNX: possibly delisted; no timezone found
$WM: possibly delisted; no price data found  (1d 2006-12-24 -> 2006-12-25)

1 Failed download:
['WM']: possibly delisted; no price data found  (1d 2006-12-24 -> 2006-12-25)
$WHR: possibly delisted; no price data found  (1d 2006-12-24 -> 2006-12-25)

1 Failed download:
['WHR']: possibly delisted; no price data found  (1d 2006-12-24 -> 2006-12-25)
$XLNX: possibly delisted; no timezone found

1 Failed download:
['XLNX']: possibly delisted; no timezone found
$X: possibly delisted; no timezone found
$WMB: possibly delisted; no price data found  (1d 2006-12-24 -> 2006-12-25)
$X: possibly delisted; no timezone found

1 Failed download:
['X']: possibly delisted; no timezone found

1 Failed download:
['WMB']: possibly delisted; no price data found  (1d 2006-12-24 -> 2006-12-25)
$XEL: possibly delisted; no price data found  (1d 2006-12-24 -> 2006-12-25)

1 Failed download:
['XEL']: possibly delisted; no price data found  (1d 2006-12-24 -> 2006-12-25)
$XL: possibly delisted; no timezone found
$ZBH: possibly delisted; no price data found  (1d 2006-12-24 -> 2006-12-25)
$XL: possibly delisted; no timezone found

1 Failed download:
['ZBH']: possibly delisted; no price data found  (1d 2006-12-24 -> 2006-12-25)

1 Failed download:
['XL']: possibly delisted; no timezone found
$ZION: possibly delisted; no price data found  (1d 2006-12-24 -> 2006-12-25)

1 Failed download:
['ZION']: possibly delisted; no price data found  (1d 2006-12-24 -> 2006-12-25)
$YUM: possibly delisted; no price data found  (1d 2006-12-24 -> 2006-12-25)

1 Failed download:
['YUM']: possibly delisted; no price data found  (1d 2006-12-24 -> 2006-12-25)
[h11]     [1/6] 2007-01-03: picks=['CSCO', 'VFC', 'T'] (pool=40, 후보=40, 71.0s)
$ABC: possibly delisted; no timezone found
$AABA: possibly delisted; no timezone found
$AABA: possibly delisted; no timezone found

1 Failed download:
['AABA']: possibly delisted; no timezone found
$ABC: possibly delisted; no timezone found

1 Failed download:
['ABC']: possibly delisted; no timezone found
$AGN: possibly delisted; no timezone found
$AGN: possibly delisted; no timezone found

1 Failed download:
['AGN']: possibly delisted; no timezone found
$ALTR: possibly delisted; no timezone found
$ALTR: possibly delisted; no timezone found

1 Failed download:
['ALTR']: possibly delisted; no timezone found
$ANTM: possibly delisted; no timezone found
$ANTM: possibly delisted; no timezone found

1 Failed download:
['ANTM']: possibly delisted; no timezone found
$APOL: possibly delisted; no price data found  (1d 1927-09-16 -> 2026-08-22)
$ARNC: possibly delisted; no timezone found
$AT: possibly delisted; no timezone found
$ARNC: possibly delisted; no timezone found
$APOL: possibly delisted; no price data found  (1d 2007-06-22 -> 2007-07-03)

1 Failed download:
['ARNC']: possibly delisted; no timezone found

1 Failed download:
['APOL']: possibly delisted; no price data found  (1d 2007-06-22 -> 2007-07-03)
$AT: possibly delisted; no timezone found

1 Failed download:
['AT']: possibly delisted; no timezone found
$AVP: possibly delisted; no timezone found
$AVP: possibly delisted; no timezone found

1 Failed download:
['AVP']: possibly delisted; no timezone found
$APC: possibly delisted; no price data found  (1d 2007-06-22 -> 2026-02-11) (Yahoo error = "Data doesn't exist for startDate = 1182484800, endDate = 1770786000")

1 Failed download:
['APC']: possibly delisted; no price data found  (1d 2007-06-22 -> 2026-02-11) (Yahoo error = "Data doesn't exist for startDate = 1182484800, endDate = 1770786000")
$BCR: possibly delisted; no price data found  (1d 1927-09-16 -> 2026-08-22)
$BCR: possibly delisted; no price data found  (1d 2007-06-22 -> 2007-07-03)

1 Failed download:
['BCR']: possibly delisted; no price data found  (1d 2007-06-22 -> 2007-07-03)
$BIG: possibly delisted; no timezone found
$BEAM: possibly delisted; no price data found  (1d 2007-06-22 -> 2007-07-03) (Yahoo error = "Data doesn't exist for startDate = 1182484800, endDate = 1183435200")
$BHGE: possibly delisted; no timezone found

1 Failed download:
['BEAM']: possibly delisted; no price data found  (1d 2007-06-22 -> 2007-07-03) (Yahoo error = "Data doesn't exist for startDate = 1182484800, endDate = 1183435200")
$BK: possibly delisted; no timezone found
$BIG: possibly delisted; no timezone found

1 Failed download:
['BIG']: possibly delisted; no timezone found
$BHGE: possibly delisted; no timezone found
$BK: possibly delisted; no timezone found

1 Failed download:
['BHGE']: possibly delisted; no timezone found
$BLL: possibly delisted; no timezone found

1 Failed download:
['BK']: possibly delisted; no timezone found
$BLL: possibly delisted; no timezone found

1 Failed download:
['BLL']: possibly delisted; no timezone found
$BRCM: possibly delisted; no price data found  (1d 1927-09-16 -> 2026-08-22)
$BTUUQ: possibly delisted; no price data found  (1d 1927-09-16 -> 2026-08-22)
$BRCM: possibly delisted; no price data found  (1d 2007-06-22 -> 2007-07-03)

1 Failed download:
['BRCM']: possibly delisted; no price data found  (1d 2007-06-22 -> 2007-07-03)
$BTUUQ: possibly delisted; no price data found  (1d 2007-06-22 -> 2007-07-03)

1 Failed download:
['BTUUQ']: possibly delisted; no price data found  (1d 2007-06-22 -> 2007-07-03)
$CA: possibly delisted; no timezone found
$CA: possibly delisted; no timezone found

1 Failed download:
['CA']: possibly delisted; no timezone found
$BUD: possibly delisted; no price data found  (1d 2007-06-22 -> 2009-06-30) (Yahoo error = "Data doesn't exist for startDate = 1182484800, endDate = 1246334400")

1 Failed download:
['BUD']: possibly delisted; no price data found  (1d 2007-06-22 -> 2009-06-30) (Yahoo error = "Data doesn't exist for startDate = 1182484800, endDate = 1246334400")
$CBH: possibly delisted; no timezone found
$CCE: possibly delisted; no price data found  (1d 1927-09-16 -> 2026-08-22)
$CBS: possibly delisted; no timezone found
$CHK: possibly delisted; no timezone found
$CELG: possibly delisted; no timezone found
$CBH: possibly delisted; no timezone found

1 Failed download:
['CBH']: possibly delisted; no timezone found
$CCE: possibly delisted; no price data found  (1d 2007-06-22 -> 2007-07-03)

1 Failed download:
['CCE']: possibly delisted; no price data found  (1d 2007-06-22 -> 2007-07-03)
$CBS: possibly delisted; no timezone found
$CELG: possibly delisted; no timezone found

1 Failed download:
['CBS']: possibly delisted; no timezone found

1 Failed download:
$CHK: possibly delisted; no timezone found
['CELG']: possibly delisted; no timezone found

1 Failed download:
['CHK']: possibly delisted; no timezone found
$CEG: possibly delisted; no price data found  (1d 2007-06-22 -> 2022-01-18) (Yahoo error = "Data doesn't exist for startDate = 1182484800, endDate = 1642482000")

1 Failed download:
['CEG']: possibly delisted; no price data found  (1d 2007-06-22 -> 2022-01-18) (Yahoo error = "Data doesn't exist for startDate = 1182484800, endDate = 1642482000")
$CMA: possibly delisted; no timezone found
$CMA: possibly delisted; no timezone found

1 Failed download:
['CMA']: possibly delisted; no timezone found
$COL: possibly delisted; no price data found  (1d 2007-06-22 -> 2012-08-01)

1 Failed download:
['COL']: possibly delisted; no price data found  (1d 2007-06-22 -> 2012-08-01)
$CTL: possibly delisted; no timezone found
$CTL: possibly delisted; no timezone found

1 Failed download:
['CTL']: possibly delisted; no timezone found
$CTXS: possibly delisted; no timezone found
$CTXS: possibly delisted; no timezone found

1 Failed download:
['CTXS']: possibly delisted; no timezone found
$DDR: possibly delisted; no price data found  (1d 1927-09-16 -> 2026-08-22)
$DF: possibly delisted; no timezone found
$DF: possibly delisted; no timezone found

1 Failed download:
['DF']: possibly delisted; no timezone found
$DFS: possibly delisted; no timezone found
$DDR: possibly delisted; no price data found  (1d 2007-06-22 -> 2007-07-03)

1 Failed download:
['DDR']: possibly delisted; no price data found  (1d 2007-06-22 -> 2007-07-03)
$DFS: possibly delisted; no timezone found

1 Failed download:
['DFS']: possibly delisted; no timezone found
$DG: possibly delisted; no price data found  (1d 2007-06-22 -> 2009-11-12) (Yahoo error = "Data doesn't exist for startDate = 1182484800, endDate = 1258002000")

1 Failed download:
['DG']: possibly delisted; no price data found  (1d 2007-06-22 -> 2009-11-12) (Yahoo error = "Data doesn't exist for startDate = 1182484800, endDate = 1258002000")
$DTV: possibly delisted; no timezone found
$DOW: possibly delisted; no price data found  (1d 2007-06-22 -> 2019-03-19) (Yahoo error = "Data doesn't exist for startDate = 1182484800, endDate = 1552968000")
$DTV: possibly delisted; no timezone found

1 Failed download:
['DOW']: possibly delisted; no price data found  (1d 2007-06-22 -> 2019-03-19) (Yahoo error = "Data doesn't exist for startDate = 1182484800, endDate = 1552968000")

1 Failed download:
['DTV']: possibly delisted; no timezone found
$DELL: possibly delisted; no price data found  (1d 2007-06-22 -> 2016-08-16) (Yahoo error = "Data doesn't exist for startDate = 1182484800, endDate = 1471320000")

1 Failed download:
['DELL']: possibly delisted; no price data found  (1d 2007-06-22 -> 2016-08-16) (Yahoo error = "Data doesn't exist for startDate = 1182484800, endDate = 1471320000")
$EA: possibly delisted; no price data found  (1d 2007-06-22 -> 2016-07-18) (Yahoo error = "Data doesn't exist for startDate = 1182484800, endDate = 1468814400")

1 Failed download:
['EA']: possibly delisted; no price data found  (1d 2007-06-22 -> 2016-07-18) (Yahoo error = "Data doesn't exist for startDate = 1182484800, endDate = 1468814400")
$DYN: possibly delisted; no price data found  (1d 2007-06-22 -> 2007-07-03) (Yahoo error = "Data doesn't exist for startDate = 1182484800, endDate = 1183435200")

1 Failed download:
['DYN']: possibly delisted; no price data found  (1d 2007-06-22 -> 2007-07-03) (Yahoo error = "Data doesn't exist for startDate = 1182484800, endDate = 1183435200")
$ESV: possibly delisted; no timezone found
$EQ: possibly delisted; no price data found  (1d 2007-06-22 -> 2007-07-03) (Yahoo error = "Data doesn't exist for startDate = 1182484800, endDate = 1183435200")

1 Failed download:
['EQ']: possibly delisted; no price data found  (1d 2007-06-22 -> 2007-07-03) (Yahoo error = "Data doesn't exist for startDate = 1182484800, endDate = 1183435200")
$ESV: possibly delisted; no timezone found

1 Failed download:
['ESV']: possibly delisted; no timezone found
$ETFC: possibly delisted; no timezone found
$ETFC: possibly delisted; no timezone found

1 Failed download:
['ETFC']: possibly delisted; no timezone found
$EMC: possibly delisted; no price data found  (1d 2007-06-22 -> 2007-07-03) (Yahoo error = "Data doesn't exist for startDate = 1182484800, endDate = 1183435200")

1 Failed download:
['EMC']: possibly delisted; no price data found  (1d 2007-06-22 -> 2007-07-03) (Yahoo error = "Data doesn't exist for startDate = 1182484800, endDate = 1183435200")
$FDC: possibly delisted; no timezone found
$FII: possibly delisted; no timezone found
$FDC: possibly delisted; no timezone found
$FII: possibly delisted; no timezone found

1 Failed download:

1 Failed download:
['FII']: possibly delisted; no timezone found
['FDC']: possibly delisted; no timezone found
$FTR: possibly delisted; no timezone found
$GAS: possibly delisted; no price data found  (1d 1927-09-16 -> 2026-08-22)
$FOXA: possibly delisted; no price data found  (1d 2007-06-22 -> 2019-03-11) (Yahoo error = "Data doesn't exist for startDate = 1182484800, endDate = 1552276800")

1 Failed download:
['FOXA']: possibly delisted; no price data found  (1d 2007-06-22 -> 2019-03-11) (Yahoo error = "Data doesn't exist for startDate = 1182484800, endDate = 1552276800")
$FTR: possibly delisted; no timezone found

1 Failed download:
['FTR']: possibly delisted; no timezone found
$GGP: possibly delisted; no price data found  (1d 1927-09-16 -> 2026-08-22)
$FRX: possibly delisted; no timezone found
$GGP: possibly delisted; no price data found  (1d 2007-06-22 -> 2007-07-03)

1 Failed download:
['GGP']: possibly delisted; no price data found  (1d 2007-06-22 -> 2007-07-03)
$FRX: possibly delisted; no timezone found

1 Failed download:
['FRX']: possibly delisted; no timezone found
$GAS: possibly delisted; no price data found  (1d 2007-06-22 -> 2007-07-03) (Yahoo error = "Data doesn't exist for startDate = 1182484800, endDate = 1183435200")

1 Failed download:
['GAS']: possibly delisted; no price data found  (1d 2007-06-22 -> 2007-07-03) (Yahoo error = "Data doesn't exist for startDate = 1182484800, endDate = 1183435200")
$GPS: possibly delisted; no timezone found
$HAR: possibly delisted; no price data found  (1d 1927-09-16 -> 2026-08-22)
$GPS: possibly delisted; no timezone found

1 Failed download:
['GPS']: possibly delisted; no timezone found
$HCBK: possibly delisted; no price data found  (1d 1927-09-16 -> 2026-08-22)
$HCBK: possibly delisted; no price data found  (1d 2007-06-22 -> 2007-07-03)

1 Failed download:
['HCBK']: possibly delisted; no price data found  (1d 2007-06-22 -> 2007-07-03)
$HCR: possibly delisted; no timezone found
$HCR: possibly delisted; no timezone found

1 Failed download:
['HCR']: possibly delisted; no timezone found
$HES: possibly delisted; no timezone found
$HAR: possibly delisted; no price data found  (1d 2007-06-22 -> 2007-07-03) (Yahoo error = "Data doesn't exist for startDate = 1182484800, endDate = 1183435200")

1 Failed download:
['HAR']: possibly delisted; no price data found  (1d 2007-06-22 -> 2007-07-03) (Yahoo error = "Data doesn't exist for startDate = 1182484800, endDate = 1183435200")
$HES: possibly delisted; no timezone found

1 Failed download:
['HES']: possibly delisted; no timezone found
$HSP: possibly delisted; no price data found  (1d 1927-09-16 -> 2026-08-22)
$HLT: possibly delisted; no price data found  (1d 2007-06-22 -> 2013-12-11) (Yahoo error = "Data doesn't exist for startDate = 1182484800, endDate = 1386738000")

1 Failed download:
['HLT']: possibly delisted; no price data found  (1d 2007-06-22 -> 2013-12-11) (Yahoo error = "Data doesn't exist for startDate = 1182484800, endDate = 1386738000")
$HSP: possibly delisted; no price data found  (1d 2007-06-22 -> 2007-07-03)

1 Failed download:
['HSP']: possibly delisted; no price data found  (1d 2007-06-22 -> 2007-07-03)
$IAC: possibly delisted; no timezone found
$IAC: possibly delisted; no timezone found

1 Failed download:
['IAC']: possibly delisted; no timezone found
$HOT: possibly delisted; no price data found  (1d 2007-06-22 -> 2007-07-03) (Yahoo error = "Data doesn't exist for startDate = 1182484800, endDate = 1183435200")
$IGT: possibly delisted; no timezone found

1 Failed download:
['HOT']: possibly delisted; no price data found  (1d 2007-06-22 -> 2007-07-03) (Yahoo error = "Data doesn't exist for startDate = 1182484800, endDate = 1183435200")
$IGT: possibly delisted; no timezone found

1 Failed download:
['IGT']: possibly delisted; no timezone found
$IPG: possibly delisted; no timezone found
$IPG: possibly delisted; no timezone found

1 Failed download:
['IPG']: possibly delisted; no timezone found
$IR: possibly delisted; no price data found  (1d 2007-06-22 -> 2017-05-11) (Yahoo error = "Data doesn't exist for startDate = 1182484800, endDate = 1494475200")

1 Failed download:
['IR']: possibly delisted; no price data found  (1d 2007-06-22 -> 2017-05-11) (Yahoo error = "Data doesn't exist for startDate = 1182484800, endDate = 1494475200")
$JNS: possibly delisted; no price data found  (1d 1927-09-16 -> 2026-08-22)
$JCP: possibly delisted; no timezone found
$JCP: possibly delisted; no timezone found

1 Failed download:
['JCP']: possibly delisted; no timezone found
$KATE: possibly delisted; no price data found  (1d 1927-09-16 -> 2026-08-22)
$JNPR: possibly delisted; no timezone found
$JNS: possibly delisted; no price data found  (1d 2007-06-22 -> 2007-07-03)

1 Failed download:
['JNS']: possibly delisted; no price data found  (1d 2007-06-22 -> 2007-07-03)
$JNPR: possibly delisted; no timezone found

1 Failed download:
['JNPR']: possibly delisted; no timezone found
$JWN: possibly delisted; no timezone found
$JWN: possibly delisted; no timezone found

1 Failed download:
['JWN']: possibly delisted; no timezone found
$K: possibly delisted; no timezone found
$K: possibly delisted; no timezone found
$KATE: possibly delisted; no price data found  (1d 2007-06-22 -> 2007-07-03)

1 Failed download:
['KATE']: possibly delisted; no price data found  (1d 2007-06-22 -> 2007-07-03)

1 Failed download:
['K']: possibly delisted; no timezone found
$KG: possibly delisted; no price data found  (1d 2007-06-22 -> 2008-05-05) (Yahoo error = "Data doesn't exist for startDate = 1182484800, endDate = 1209960000")

1 Failed download:
['KG']: possibly delisted; no price data found  (1d 2007-06-22 -> 2008-05-05) (Yahoo error = "Data doesn't exist for startDate = 1182484800, endDate = 1209960000")
$LLTC: possibly delisted; no price data found  (1d 1927-09-16 -> 2026-08-22)
$LLL: possibly delisted; no timezone found
$LB: possibly delisted; no price data found  (1d 2007-06-22 -> 2007-07-03) (Yahoo error = "Data doesn't exist for startDate = 1182484800, endDate = 1183435200")

1 Failed download:
['LB']: possibly delisted; no price data found  (1d 2007-06-22 -> 2007-07-03) (Yahoo error = "Data doesn't exist for startDate = 1182484800, endDate = 1183435200")
$LLL: possibly delisted; no timezone found

1 Failed download:
['LLL']: possibly delisted; no timezone found
$LLTC: possibly delisted; no price data found  (1d 2007-06-22 -> 2007-07-03)

1 Failed download:
['LLTC']: possibly delisted; no price data found  (1d 2007-06-22 -> 2007-07-03)
$LM: possibly delisted; no timezone found
$LM: possibly delisted; no timezone found

1 Failed download:
['LM']: possibly delisted; no timezone found
$LSI: possibly delisted; no timezone found
$LSI: possibly delisted; no timezone found

1 Failed download:
['LSI']: possibly delisted; no timezone found
$LXK: possibly delisted; no price data found  (1d 1927-09-16 -> 2026-08-22)
$LXK: possibly delisted; no price data found  (1d 2007-06-22 -> 2007-07-03)

1 Failed download:
['LXK']: possibly delisted; no price data found  (1d 2007-06-22 -> 2007-07-03)
$MDP: possibly delisted; no timezone found
$MIL: possibly delisted; no price data found  (1d 1927-09-16 -> 2026-08-22)
$MDP: possibly delisted; no timezone found

1 Failed download:
['MDP']: possibly delisted; no timezone found
$MMC: possibly delisted; no timezone found
$MIL: possibly delisted; no price data found  (1d 2007-06-22 -> 2007-07-03)

1 Failed download:
['MIL']: possibly delisted; no price data found  (1d 2007-06-22 -> 2007-07-03)
$MMC: possibly delisted; no timezone found

1 Failed download:
['MMC']: possibly delisted; no timezone found
$MON: possibly delisted; no timezone found
$MI: possibly delisted; no price data found  (1d 2007-06-22 -> 2007-07-03) (Yahoo error = "Data doesn't exist for startDate = 1182484800, endDate = 1183435200")

1 Failed download:
['MI']: possibly delisted; no price data found  (1d 2007-06-22 -> 2007-07-03) (Yahoo error = "Data doesn't exist for startDate = 1182484800, endDate = 1183435200")
$MON: possibly delisted; no timezone found

1 Failed download:
['MON']: possibly delisted; no timezone found
$MRO: possibly delisted; no timezone found
$MRO: possibly delisted; no timezone found

1 Failed download:
['MRO']: possibly delisted; no timezone found
$MWW: possibly delisted; no price data found  (1d 1927-09-16 -> 2026-08-22)
$MXIM: possibly delisted; no timezone found
$MXIM: possibly delisted; no timezone found

1 Failed download:
['MXIM']: possibly delisted; no timezone found
$MWW: possibly delisted; no price data found  (1d 2007-06-22 -> 2007-07-03)

1 Failed download:
['MWW']: possibly delisted; no price data found  (1d 2007-06-22 -> 2007-07-03)
$NCR: possibly delisted; no timezone found
$NCR: possibly delisted; no timezone found

1 Failed download:
['NCR']: possibly delisted; no timezone found
$NE: possibly delisted; no price data found  (1d 2007-06-22 -> 2021-06-08) (Yahoo error = "Data doesn't exist for startDate = 1182484800, endDate = 1623124800")

1 Failed download:
['NE']: possibly delisted; no price data found  (1d 2007-06-22 -> 2021-06-08) (Yahoo error = "Data doesn't exist for startDate = 1182484800, endDate = 1623124800")
$MYL: possibly delisted; no timezone found
$MYL: possibly delisted; no timezone found

1 Failed download:
['MYL']: possibly delisted; no timezone found
$NVLS: possibly delisted; no price data found  (1d 1927-09-16 -> 2026-08-22)
$NSM: possibly delisted; no price data found  (1d 2007-06-22 -> 2007-07-03) (Yahoo error = "Data doesn't exist for startDate = 1182484800, endDate = 1183435200")

1 Failed download:
['NSM']: possibly delisted; no price data found  (1d 2007-06-22 -> 2007-07-03) (Yahoo error = "Data doesn't exist for startDate = 1182484800, endDate = 1183435200")
$NVLS: possibly delisted; no price data found  (1d 2007-06-22 -> 2007-07-03)

1 Failed download:
['NVLS']: possibly delisted; no price data found  (1d 2007-06-22 -> 2007-07-03)
$ODP: possibly delisted; no timezone found
$ODP: possibly delisted; no timezone found

1 Failed download:
['ODP']: possibly delisted; no timezone found
$PCP: possibly delisted; no price data found  (1d 1927-09-16 -> 2026-08-22)
$PDCO: possibly delisted; no timezone found
$PCP: possibly delisted; no price data found  (1d 2007-06-22 -> 2007-07-03) (Yahoo error = "Data doesn't exist for startDate = 1182484800, endDate = 1183435200")
$PCL: possibly delisted; no price data found  (1d 2007-06-22 -> 2007-07-03) (Yahoo error = "Data doesn't exist for startDate = 1182484800, endDate = 1183435200")

1 Failed download:
['PCP']: possibly delisted; no price data found  (1d 2007-06-22 -> 2007-07-03) (Yahoo error = "Data doesn't exist for startDate = 1182484800, endDate = 1183435200")
$PDCO: possibly delisted; no timezone found

1 Failed download:
['PCL']: possibly delisted; no price data found  (1d 2007-06-22 -> 2007-07-03) (Yahoo error = "Data doesn't exist for startDate = 1182484800, endDate = 1183435200")

1 Failed download:
['PDCO']: possibly delisted; no timezone found
$PGN: possibly delisted; no price data found  (1d 1927-09-16 -> 2026-08-22)
$PKI: possibly delisted; no timezone found
$PKI: possibly delisted; no timezone found

1 Failed download:
['PKI']: possibly delisted; no timezone found
$PGN: possibly delisted; no price data found  (1d 2007-06-22 -> 2007-07-03)

1 Failed download:
['PGN']: possibly delisted; no price data found  (1d 2007-06-22 -> 2007-07-03)
$PLL: possibly delisted; no timezone found
$PLL: possibly delisted; no timezone found

1 Failed download:
['PLL']: possibly delisted; no timezone found
$PX: possibly delisted; no timezone found
$PX: possibly delisted; no timezone found

1 Failed download:
['PX']: possibly delisted; no timezone found
$QLGC: possibly delisted; no price data found  (1d 1927-09-16 -> 2026-08-22)
$QLGC: possibly delisted; no price data found  (1d 2007-06-22 -> 2007-07-03)

1 Failed download:
['QLGC']: possibly delisted; no price data found  (1d 2007-06-22 -> 2007-07-03)
$Q: possibly delisted; no price data found  (1d 2007-06-22 -> 2025-10-26) (Yahoo error = "Data doesn't exist for startDate = 1182484800, endDate = 1761451200")

1 Failed download:
['Q']: possibly delisted; no price data found  (1d 2007-06-22 -> 2025-10-26) (Yahoo error = "Data doesn't exist for startDate = 1182484800, endDate = 1761451200")
$RAI: possibly delisted; no price data found  (1d 1927-09-16 -> 2026-08-22)
$RDC: possibly delisted; no timezone found
$RDC: possibly delisted; no timezone found

1 Failed download:
['RDC']: possibly delisted; no timezone found
$RAI: possibly delisted; no price data found  (1d 2007-06-22 -> 2007-07-03)

1 Failed download:
['RAI']: possibly delisted; no price data found  (1d 2007-06-22 -> 2007-07-03)
$RRD: possibly delisted; no timezone found
$RTN: possibly delisted; no timezone found
$RRD: possibly delisted; no timezone found

1 Failed download:
['RRD']: possibly delisted; no timezone found
$RTN: possibly delisted; no timezone found

1 Failed download:
['RTN']: possibly delisted; no timezone found
$S: possibly delisted; no price data found  (1d 2007-06-22 -> 2021-06-29) (Yahoo error = "Data doesn't exist for startDate = 1182484800, endDate = 1624939200")
$SEE: possibly delisted; no timezone found

1 Failed download:
['S']: possibly delisted; no price data found  (1d 2007-06-22 -> 2021-06-29) (Yahoo error = "Data doesn't exist for startDate = 1182484800, endDate = 1624939200")
$SIAL: possibly delisted; no price data found  (1d 1927-09-16 -> 2026-08-22)
$SE: possibly delisted; no price data found  (1d 2007-06-22 -> 2007-07-03) (Yahoo error = "Data doesn't exist for startDate = 1182484800, endDate = 1183435200")
$SEE: possibly delisted; no timezone found

1 Failed download:
['SE']: possibly delisted; no price data found  (1d 2007-06-22 -> 2007-07-03) (Yahoo error = "Data doesn't exist for startDate = 1182484800, endDate = 1183435200")
$SGP: possibly delisted; no price data found  (1d 2007-06-22 -> 2007-07-03) (Yahoo error = "Data doesn't exist for startDate = 1182484800, endDate = 1183435200")

1 Failed download:
['SEE']: possibly delisted; no timezone found

1 Failed download:
['SGP']: possibly delisted; no price data found  (1d 2007-06-22 -> 2007-07-03) (Yahoo error = "Data doesn't exist for startDate = 1182484800, endDate = 1183435200")
$SHLD: possibly delisted; no price data found  (1d 2007-06-22 -> 2007-07-03) (Yahoo error = "Data doesn't exist for startDate = 1182484800, endDate = 1183435200")

1 Failed download:
['SHLD']: possibly delisted; no price data found  (1d 2007-06-22 -> 2007-07-03) (Yahoo error = "Data doesn't exist for startDate = 1182484800, endDate = 1183435200")
$SNV: possibly delisted; no timezone found
$SIAL: possibly delisted; no price data found  (1d 2007-06-22 -> 2007-07-03)

1 Failed download:
['SIAL']: possibly delisted; no price data found  (1d 2007-06-22 -> 2007-07-03)
$SII: possibly delisted; no price data found  (1d 2007-06-22 -> 2007-07-03) (Yahoo error = "Data doesn't exist for startDate = 1182484800, endDate = 1183435200")
$SNV: possibly delisted; no timezone found

1 Failed download:

1 Failed download:
['SII']: possibly delisted; no price data found  (1d 2007-06-22 -> 2007-07-03) (Yahoo error = "Data doesn't exist for startDate = 1182484800, endDate = 1183435200")
['SNV']: possibly delisted; no timezone found
$SNDK: possibly delisted; no price data found  (1d 2007-06-22 -> 2025-02-12) (Yahoo error = "Data doesn't exist for startDate = 1182484800, endDate = 1739336400")
$SPLS: possibly delisted; no price data found  (1d 2007-06-22 -> 2026-01-15) (Yahoo error = "Data doesn't exist for startDate = 1182484800, endDate = 1768453200")

1 Failed download:
['SNDK']: possibly delisted; no price data found  (1d 2007-06-22 -> 2025-02-12) (Yahoo error = "Data doesn't exist for startDate = 1182484800, endDate = 1739336400")

1 Failed download:
['SPLS']: possibly delisted; no price data found  (1d 2007-06-22 -> 2026-01-15) (Yahoo error = "Data doesn't exist for startDate = 1182484800, endDate = 1768453200")
$STJ: possibly delisted; no price data found  (1d 1927-09-16 -> 2026-08-22)
$STR: possibly delisted; no timezone found
$STJ: possibly delisted; no price data found  (1d 2007-06-22 -> 2007-07-03)

1 Failed download:
['STJ']: possibly delisted; no price data found  (1d 2007-06-22 -> 2007-07-03)
$STR: possibly delisted; no timezone found

1 Failed download:
['STR']: possibly delisted; no timezone found
$STI: possibly delisted; no price data found  (1d 2007-06-22 -> 2007-07-03) (Yahoo error = "Data doesn't exist for startDate = 1182484800, endDate = 1183435200")

1 Failed download:
['STI']: possibly delisted; no price data found  (1d 2007-06-22 -> 2007-07-03) (Yahoo error = "Data doesn't exist for startDate = 1182484800, endDate = 1183435200")
$SYMC: possibly delisted; no timezone found
$SYMC: possibly delisted; no timezone found

1 Failed download:
['SYMC']: possibly delisted; no timezone found
$SUNEQ: possibly delisted; no price data found  (1d 1927-09-16 -> 2026-08-22)
$TE: possibly delisted; no price data found  (1d 2007-06-22 -> 2007-07-03) (Yahoo error = "Data doesn't exist for startDate = 1182484800, endDate = 1183435200")

1 Failed download:
['TE']: possibly delisted; no price data found  (1d 2007-06-22 -> 2007-07-03) (Yahoo error = "Data doesn't exist for startDate = 1182484800, endDate = 1183435200")
$SUNEQ: possibly delisted; no price data found  (1d 2007-06-22 -> 2007-07-03)

1 Failed download:
['SUNEQ']: possibly delisted; no price data found  (1d 2007-06-22 -> 2007-07-03)
$TGNA: possibly delisted; no timezone found
$TGNA: possibly delisted; no timezone found

1 Failed download:
['TGNA']: possibly delisted; no timezone found
$TMK: possibly delisted; no timezone found
$TMK: possibly delisted; no timezone found

1 Failed download:
['TMK']: possibly delisted; no timezone found

1 Failed download:
['TIF']: YFRateLimitError('Too Many Requests. Rate limited. Try after a while.')

1 Failed download:
['SUN']: YFRateLimitError('Too Many Requests. Rate limited. Try after a while.')

1 Failed download:
['UTX']: YFRateLimitError('Too Many Requests. Rate limited. Try after a while.')

1 Failed download:
['VIAB']: YFRateLimitError('Too Many Requests. Rate limited. Try after a while.')

1 Failed download:
['VAR']: YFRateLimitError('Too Many Requests. Rate limited. Try after a while.')
$WB: possibly delisted; no price data found  (1d 2007-06-22 -> 2007-07-03) (Yahoo error = "Data doesn't exist for startDate = 1182484800, endDate = 1183435200")

1 Failed download:
['WB']: possibly delisted; no price data found  (1d 2007-06-22 -> 2007-07-03) (Yahoo error = "Data doesn't exist for startDate = 1182484800, endDate = 1183435200")
$WFM: possibly delisted; no price data found  (1d 1927-09-16 -> 2026-08-22)

1 Failed download:
['WBA']: YFRateLimitError('Too Many Requests. Rate limited. Try after a while.')
$WFT: possibly delisted; no timezone found
$WFM: possibly delisted; no price data found  (1d 2007-06-22 -> 2007-07-03)

1 Failed download:
['WFM']: possibly delisted; no price data found  (1d 2007-06-22 -> 2007-07-03)
$WFT: possibly delisted; no timezone found

1 Failed download:
['WFT']: possibly delisted; no timezone found

1 Failed download:
['WIN']: YFRateLimitError('Too Many Requests. Rate limited. Try after a while.')
$WYND: possibly delisted; no timezone found
$WYND: possibly delisted; no timezone found

1 Failed download:
['WYND']: possibly delisted; no timezone found

1 Failed download:
['X']: YFRateLimitError('Too Many Requests. Rate limited. Try after a while.')
$XL: possibly delisted; no timezone found
$XL: possibly delisted; no timezone found

1 Failed download:
['XL']: possibly delisted; no timezone found

1 Failed download:
['XLNX']: YFRateLimitError('Too Many Requests. Rate limited. Try after a while.')
$SLB: possibly delisted; no price data found  (1d 2005-07-02 -> 2005-07-04)

1 Failed download:
['SLB']: possibly delisted; no price data found  (1d 2005-07-02 -> 2005-07-04)
$BA: possibly delisted; no price data found  (1d 2005-07-02 -> 2005-07-04)

1 Failed download:
['BA']: possibly delisted; no price data found  (1d 2005-07-02 -> 2005-07-04)
$AVB: possibly delisted; no price data found  (1d 2005-07-02 -> 2005-07-04)

1 Failed download:
['AVB']: possibly delisted; no price data found  (1d 2005-07-02 -> 2005-07-04)
$NOV: possibly delisted; no price data found  (1d 2005-07-02 -> 2005-07-04)

1 Failed download:
['NOV']: possibly delisted; no price data found  (1d 2005-07-02 -> 2005-07-04)
[h11]     [2/6] 2007-07-02: picks=['AVB', 'AAPL', 'NOV'] (pool=40, 후보=37, 52.6s)
$ACAS: possibly delisted; no price data found  (1d 1927-09-16 -> 2026-08-22)
$ABC: possibly delisted; no timezone found
$ACAS: possibly delisted; no price data found  (1d 2007-12-23 -> 2008-01-03)
$ABC: possibly delisted; no timezone found

1 Failed download:
['ACAS']: possibly delisted; no price data found  (1d 2007-12-23 -> 2008-01-03)

1 Failed download:
['ABC']: possibly delisted; no timezone found

1 Failed download:
['AABA']: YFRateLimitError('Too Many Requests. Rate limited. Try after a while.')

1 Failed download:
['ALTR']: YFRateLimitError('Too Many Requests. Rate limited. Try after a while.')
$AKAM: possibly delisted; no price data found  (1d 2007-12-23 -> 2007-12-23)

1 Failed download:
['AKAM']: possibly delisted; no price data found  (1d 2007-12-23 -> 2007-12-23)

1 Failed download:
['AGN']: YFRateLimitError('Too Many Requests. Rate limited. Try after a while.')

1 Failed download:
['ANTM']: YFRateLimitError('Too Many Requests. Rate limited. Try after a while.')
$APOL: possibly delisted; no price data found  (1d 1927-09-16 -> 2026-08-22)

1 Failed download:
['APC']: YFRateLimitError('Too Many Requests. Rate limited. Try after a while.')
$ARNC: possibly delisted; no timezone found
$ARNC: possibly delisted; no timezone found

1 Failed download:
['ARNC']: possibly delisted; no timezone found
$APOL: possibly delisted; no price data found  (1d 2007-12-23 -> 2008-01-03)

1 Failed download:
['APOL']: possibly delisted; no price data found  (1d 2007-12-23 -> 2008-01-03)
$ANDV: possibly delisted; no price data found  (1d 2007-12-23 -> 2007-12-23)

1 Failed download:
['ANDV']: possibly delisted; no price data found  (1d 2007-12-23 -> 2007-12-23)

1 Failed download:
['AVP']: YFRateLimitError('Too Many Requests. Rate limited. Try after a while.')
$BCR: possibly delisted; no price data found  (1d 1927-09-16 -> 2026-08-22)
$BCR: possibly delisted; no price data found  (1d 2007-12-23 -> 2008-01-03)

1 Failed download:
['BCR']: possibly delisted; no price data found  (1d 2007-12-23 -> 2008-01-03)
$BHGE: possibly delisted; no timezone found
$BK: possibly delisted; no timezone found
$BK: possibly delisted; no timezone found

1 Failed download:
['BHGE']: possibly delisted; no timezone found

1 Failed download:
['BK']: possibly delisted; no timezone found

1 Failed download:
['BEAM']: YFRateLimitError('Too Many Requests. Rate limited. Try after a while.')
$BLL: possibly delisted; no timezone found
$BRCM: possibly delisted; no price data found  (1d 1927-09-16 -> 2026-08-22)

1 Failed download:
['BLL']: possibly delisted; no timezone found
$BTUUQ: possibly delisted; no price data found  (1d 1927-09-16 -> 2026-08-22)
$BRCM: possibly delisted; no price data found  (1d 2007-12-23 -> 2008-01-03)

1 Failed download:
['BRCM']: possibly delisted; no price data found  (1d 2007-12-23 -> 2008-01-03)
$BTUUQ: possibly delisted; no price data found  (1d 2007-12-23 -> 2008-01-03)

1 Failed download:
['BTUUQ']: possibly delisted; no price data found  (1d 2007-12-23 -> 2008-01-03)
$BIG: possibly delisted; no timezone found
$BIG: possibly delisted; no timezone found

1 Failed download:
['BIG']: possibly delisted; no timezone found

1 Failed download:
['CA']: YFRateLimitError('Too Many Requests. Rate limited. Try after a while.')
$BUD: possibly delisted; no price data found  (1d 2007-12-23 -> 2009-06-30) (Yahoo error = "Data doesn't exist for startDate = 1198386000, endDate = 1246334400")

1 Failed download:
['BUD']: possibly delisted; no price data found  (1d 2007-12-23 -> 2009-06-30) (Yahoo error = "Data doesn't exist for startDate = 1198386000, endDate = 1246334400")
$CCE: possibly delisted; no price data found  (1d 1927-09-16 -> 2026-08-22)
$CBS: possibly delisted; no timezone found

1 Failed download:
['CBH']: YFRateLimitError('Too Many Requests. Rate limited. Try after a while.')
$CCE: possibly delisted; no price data found  (1d 2007-12-23 -> 2008-01-03)
$CBS: possibly delisted; no timezone found

1 Failed download:
['CCE']: possibly delisted; no price data found  (1d 2007-12-23 -> 2008-01-03)

1 Failed download:
['CBS']: possibly delisted; no timezone found
$CHK: possibly delisted; no timezone found
$CHK: possibly delisted; no timezone found

1 Failed download:
['CHK']: possibly delisted; no timezone found

1 Failed download:
['CELG']: YFRateLimitError('Too Many Requests. Rate limited. Try after a while.')
$CEG: possibly delisted; no price data found  (1d 2007-12-23 -> 2022-01-18) (Yahoo error = "Data doesn't exist for startDate = 1198386000, endDate = 1642482000")

1 Failed download:
['CEG']: possibly delisted; no price data found  (1d 2007-12-23 -> 2022-01-18) (Yahoo error = "Data doesn't exist for startDate = 1198386000, endDate = 1642482000")

1 Failed download:
['CMA']: YFRateLimitError('Too Many Requests. Rate limited. Try after a while.')
$COL: possibly delisted; no price data found  (1d 2007-12-23 -> 2012-08-01)

1 Failed download:
['COL']: possibly delisted; no price data found  (1d 2007-12-23 -> 2012-08-01)

1 Failed download:
['CTL']: YFRateLimitError('Too Many Requests. Rate limited. Try after a while.')

1 Failed download:
['CTXS']: YFRateLimitError('Too Many Requests. Rate limited. Try after a while.')
$DDR: possibly delisted; no price data found  (1d 1927-09-16 -> 2026-08-22)
$DDR: possibly delisted; no price data found  (1d 2007-12-23 -> 2008-01-03)

1 Failed download:
['DDR']: possibly delisted; no price data found  (1d 2007-12-23 -> 2008-01-03)

1 Failed download:
['DELL']: YFRateLimitError('Too Many Requests. Rate limited. Try after a while.')

1 Failed download:
['DFS']: YFRateLimitError('Too Many Requests. Rate limited. Try after a while.')

1 Failed download:
['DOW']: YFRateLimitError('Too Many Requests. Rate limited. Try after a while.')
$DTV: possibly delisted; no timezone found

1 Failed download:
['DF']: YFRateLimitError('Too Many Requests. Rate limited. Try after a while.')
$DTV: possibly delisted; no timezone found

1 Failed download:
['DTV']: possibly delisted; no timezone found

1 Failed download:
['DYN']: YFRateLimitError('Too Many Requests. Rate limited. Try after a while.')
$EA: possibly delisted; no price data found  (1d 2007-12-23 -> 2016-07-18) (Yahoo error = "Data doesn't exist for startDate = 1198386000, endDate = 1468814400")

1 Failed download:
['EA']: possibly delisted; no price data found  (1d 2007-12-23 -> 2016-07-18) (Yahoo error = "Data doesn't exist for startDate = 1198386000, endDate = 1468814400")
$ETFC: possibly delisted; no timezone found

1 Failed download:
['EQ']: YFRateLimitError('Too Many Requests. Rate limited. Try after a while.')

1 Failed download:
['ESV']: YFRateLimitError('Too Many Requests. Rate limited. Try after a while.')
$ETFC: possibly delisted; no timezone found

1 Failed download:
['ETFC']: possibly delisted; no timezone found
$EMC: possibly delisted; no price data found  (1d 2007-12-23 -> 2008-01-03) (Yahoo error = "Data doesn't exist for startDate = 1198386000, endDate = 1199336400")

1 Failed download:
['EMC']: possibly delisted; no price data found  (1d 2007-12-23 -> 2008-01-03) (Yahoo error = "Data doesn't exist for startDate = 1198386000, endDate = 1199336400")
$EXPE: possibly delisted; no price data found  (1d 2007-12-23 -> 2007-12-23)

1 Failed download:
['EXPE']: possibly delisted; no price data found  (1d 2007-12-23 -> 2007-12-23)
$EXPD: possibly delisted; no price data found  (1d 2007-12-23 -> 2007-12-23)

1 Failed download:
['EXPD']: possibly delisted; no price data found  (1d 2007-12-23 -> 2007-12-23)

1 Failed download:
['FII']: YFRateLimitError('Too Many Requests. Rate limited. Try after a while.')

1 Failed download:
['FRX']: YFRateLimitError('Too Many Requests. Rate limited. Try after a while.')
$GAS: possibly delisted; no price data found  (1d 1927-09-16 -> 2026-08-22)
$FOXA: possibly delisted; no price data found  (1d 2007-12-23 -> 2019-03-11) (Yahoo error = "Data doesn't exist for startDate = 1198386000, endDate = 1552276800")

1 Failed download:
['FOXA']: possibly delisted; no price data found  (1d 2007-12-23 -> 2019-03-11) (Yahoo error = "Data doesn't exist for startDate = 1198386000, endDate = 1552276800")

1 Failed download:
['GAS']: YFRateLimitError('Too Many Requests. Rate limited. Try after a while.')
$GGP: possibly delisted; no price data found  (1d 1927-09-16 -> 2026-08-22)
$GGP: possibly delisted; no price data found  (1d 2007-12-23 -> 2008-01-03)

1 Failed download:
['GGP']: possibly delisted; no price data found  (1d 2007-12-23 -> 2008-01-03)
$FTR: possibly delisted; no timezone found

1 Failed download:
['FTR']: possibly delisted; no timezone found

1 Failed download:
['GPS']: YFRateLimitError('Too Many Requests. Rate limited. Try after a while.')
$HAR: possibly delisted; no price data found  (1d 1927-09-16 -> 2026-08-22)
$GHC: possibly delisted; no price data found  (1d 2007-12-23 -> 2007-12-23)

1 Failed download:
['GHC']: possibly delisted; no price data found  (1d 2007-12-23 -> 2007-12-23)
$GME: possibly delisted; no price data found  (1d 2007-12-23 -> 2007-12-23)

1 Failed download:
['GME']: possibly delisted; no price data found  (1d 2007-12-23 -> 2007-12-23)
$HCBK: possibly delisted; no price data found  (1d 1927-09-16 -> 2026-08-22)

1 Failed download:
['HAR']: YFRateLimitError('Too Many Requests. Rate limited. Try after a while.')
$HCBK: possibly delisted; no price data found  (1d 2007-12-23 -> 2008-01-03)

1 Failed download:
['HES']: YFRateLimitError('Too Many Requests. Rate limited. Try after a while.')

1 Failed download:
['HCBK']: possibly delisted; no price data found  (1d 2007-12-23 -> 2008-01-03)
$HSP: possibly delisted; no price data found  (1d 1927-09-16 -> 2026-08-22)

1 Failed download:
['HOT']: YFRateLimitError('Too Many Requests. Rate limited. Try after a while.')

1 Failed download:
['IAC']: YFRateLimitError('Too Many Requests. Rate limited. Try after a while.')
$HSP: possibly delisted; no price data found  (1d 2007-12-23 -> 2008-01-03)

1 Failed download:
['HSP']: possibly delisted; no price data found  (1d 2007-12-23 -> 2008-01-03)
$ICE: possibly delisted; no price data found  (1d 2007-12-23 -> 2007-12-23)

1 Failed download:
['ICE']: possibly delisted; no price data found  (1d 2007-12-23 -> 2007-12-23)
$IGT: possibly delisted; no timezone found

1 Failed download:
['IGT']: possibly delisted; no timezone found

1 Failed download:
['IPG']: YFRateLimitError('Too Many Requests. Rate limited. Try after a while.')

1 Failed download:
['IR']: YFRateLimitError('Too Many Requests. Rate limited. Try after a while.')
$JEC: possibly delisted; no timezone found
$JEC: possibly delisted; no timezone found

1 Failed download:
['JEC']: possibly delisted; no timezone found
$JCP: possibly delisted; no timezone found

1 Failed download:
['JCP']: possibly delisted; no timezone found

1 Failed download:
['JNPR']: YFRateLimitError('Too Many Requests. Rate limited. Try after a while.')
$KATE: possibly delisted; no price data found  (1d 1927-09-16 -> 2026-08-22)
$K: possibly delisted; no timezone found
$JWN: possibly delisted; no timezone found
$K: possibly delisted; no timezone found

1 Failed download:
['K']: possibly delisted; no timezone found
$JWN: possibly delisted; no timezone found

1 Failed download:
['JWN']: possibly delisted; no timezone found
$KATE: possibly delisted; no price data found  (1d 2007-12-23 -> 2008-01-03)

1 Failed download:
['KATE']: possibly delisted; no price data found  (1d 2007-12-23 -> 2008-01-03)
$JEF: possibly delisted; no price data found  (1d 2007-12-23 -> 2007-12-23)

1 Failed download:
['JEF']: possibly delisted; no price data found  (1d 2007-12-23 -> 2007-12-23)
$JNS: possibly delisted; no price data found  (1d 1927-09-16 -> 2026-08-22)

1 Failed download:
['KG']: YFRateLimitError('Too Many Requests. Rate limited. Try after a while.')
$JNS: possibly delisted; no price data found  (1d 2007-12-23 -> 2008-01-03)

1 Failed download:
['JNS']: possibly delisted; no price data found  (1d 2007-12-23 -> 2008-01-03)

1 Failed download:
['LB']: YFRateLimitError('Too Many Requests. Rate limited. Try after a while.')
$LLTC: possibly delisted; no price data found  (1d 1927-09-16 -> 2026-08-22)

1 Failed download:
['LLL']: YFRateLimitError('Too Many Requests. Rate limited. Try after a while.')
$LLTC: possibly delisted; no price data found  (1d 2007-12-23 -> 2008-01-03)
$LXK: possibly delisted; no price data found  (1d 1927-09-16 -> 2026-08-22)

1 Failed download:
['LLTC']: possibly delisted; no price data found  (1d 2007-12-23 -> 2008-01-03)
$LM: possibly delisted; no timezone found
$LXK: possibly delisted; no price data found  (1d 2007-12-23 -> 2008-01-03)
$LM: possibly delisted; no timezone found

1 Failed download:
['LXK']: possibly delisted; no price data found  (1d 2007-12-23 -> 2008-01-03)

1 Failed download:
['LM']: possibly delisted; no timezone found

1 Failed download:
['LSI']: YFRateLimitError('Too Many Requests. Rate limited. Try after a while.')

1 Failed download:
['MDP']: YFRateLimitError('Too Many Requests. Rate limited. Try after a while.')
$MIL: possibly delisted; no price data found  (1d 1927-09-16 -> 2026-08-22)
$MIL: possibly delisted; no price data found  (1d 2007-12-23 -> 2008-01-03)

1 Failed download:
['MIL']: possibly delisted; no price data found  (1d 2007-12-23 -> 2008-01-03)
$MCHP: possibly delisted; no price data found  (1d 2007-12-23 -> 2007-12-23)

1 Failed download:
['MCHP']: possibly delisted; no price data found  (1d 2007-12-23 -> 2007-12-23)
$MI: possibly delisted; no price data found  (1d 2007-12-23 -> 2008-01-03) (Yahoo error = "Data doesn't exist for startDate = 1198386000, endDate = 1199336400")

1 Failed download:
['MI']: possibly delisted; no price data found  (1d 2007-12-23 -> 2008-01-03) (Yahoo error = "Data doesn't exist for startDate = 1198386000, endDate = 1199336400")

1 Failed download:
['MMC']: YFRateLimitError('Too Many Requests. Rate limited. Try after a while.')
$MON: possibly delisted; no timezone found
$MON: possibly delisted; no timezone found

1 Failed download:
['MON']: possibly delisted; no timezone found

1 Failed download:
['MRO']: YFRateLimitError('Too Many Requests. Rate limited. Try after a while.')
$MWW: possibly delisted; no price data found  (1d 1927-09-16 -> 2026-08-22)
$MWW: possibly delisted; no price data found  (1d 2007-12-23 -> 2008-01-03)

1 Failed download:
['MWW']: possibly delisted; no price data found  (1d 2007-12-23 -> 2008-01-03)
$MYL: possibly delisted; no timezone found
$MYL: possibly delisted; no timezone found

1 Failed download:
['MYL']: possibly delisted; no timezone found

1 Failed download:
['NBL']: YFRateLimitError('Too Many Requests. Rate limited. Try after a while.')
$MTW: possibly delisted; no price data found  (1d 2007-12-23 -> 2007-12-23)

1 Failed download:
['MTW']: possibly delisted; no price data found  (1d 2007-12-23 -> 2007-12-23)

1 Failed download:
['NE']: YFRateLimitError('Too Many Requests. Rate limited. Try after a while.')

1 Failed download:
['NSM']: YFRateLimitError('Too Many Requests. Rate limited. Try after a while.')
$NVLS: possibly delisted; no price data found  (1d 1927-09-16 -> 2026-08-22)
$NVLS: possibly delisted; no price data found  (1d 2007-12-23 -> 2008-01-03)

1 Failed download:
['NVLS']: possibly delisted; no price data found  (1d 2007-12-23 -> 2008-01-03)

1 Failed download:
['ODP']: YFRateLimitError('Too Many Requests. Rate limited. Try after a while.')
$PCP: possibly delisted; no price data found  (1d 1927-09-16 -> 2026-08-22)

1 Failed download:
['PCP']: YFRateLimitError('Too Many Requests. Rate limited. Try after a while.')
$PGN: possibly delisted; no price data found  (1d 1927-09-16 -> 2026-08-22)

1 Failed download:
['PDCO']: YFRateLimitError('Too Many Requests. Rate limited. Try after a while.')
$PGN: possibly delisted; no price data found  (1d 2007-12-23 -> 2008-01-03)

1 Failed download:
['PGN']: possibly delisted; no price data found  (1d 2007-12-23 -> 2008-01-03)
$PCL: possibly delisted; no price data found  (1d 2007-12-23 -> 2008-01-03) (Yahoo error = "Data doesn't exist for startDate = 1198386000, endDate = 1199336400")

1 Failed download:
['PCL']: possibly delisted; no price data found  (1d 2007-12-23 -> 2008-01-03) (Yahoo error = "Data doesn't exist for startDate = 1198386000, endDate = 1199336400")
$PLL: possibly delisted; no timezone found
$PLL: possibly delisted; no timezone found

1 Failed download:
['PLL']: possibly delisted; no timezone found

1 Failed download:
['PKI']: YFRateLimitError('Too Many Requests. Rate limited. Try after a while.')
$POM: possibly delisted; no price data found  (1d 2007-12-23 -> 2008-01-03) (Yahoo error = "Data doesn't exist for startDate = 1198386000, endDate = 1199336400")

1 Failed download:
['POM']: possibly delisted; no price data found  (1d 2007-12-23 -> 2008-01-03) (Yahoo error = "Data doesn't exist for startDate = 1198386000, endDate = 1199336400")

1 Failed download:
['PX']: YFRateLimitError('Too Many Requests. Rate limited. Try after a while.')
$QLGC: possibly delisted; no price data found  (1d 1927-09-16 -> 2026-08-22)
$RAI: possibly delisted; no price data found  (1d 1927-09-16 -> 2026-08-22)
$QLGC: possibly delisted; no price data found  (1d 2007-12-23 -> 2008-01-03)

1 Failed download:
['QLGC']: possibly delisted; no price data found  (1d 2007-12-23 -> 2008-01-03)
$RAI: possibly delisted; no price data found  (1d 2007-12-23 -> 2008-01-03)

1 Failed download:
['RAI']: possibly delisted; no price data found  (1d 2007-12-23 -> 2008-01-03)

1 Failed download:
['RDC']: YFRateLimitError('Too Many Requests. Rate limited. Try after a while.')

1 Failed download:
['Q']: YFRateLimitError('Too Many Requests. Rate limited. Try after a while.')
$RRD: possibly delisted; no timezone found
$RRD: possibly delisted; no timezone found

1 Failed download:
['RRD']: possibly delisted; no timezone found

1 Failed download:
['S']: YFRateLimitError('Too Many Requests. Rate limited. Try after a while.')
$RTN: possibly delisted; no timezone found

1 Failed download:
['RTN']: possibly delisted; no timezone found
$SEE: possibly delisted; no timezone found
$SEE: possibly delisted; no timezone found

1 Failed download:
['SEE']: possibly delisted; no timezone found

1 Failed download:
['SE']: YFRateLimitError('Too Many Requests. Rate limited. Try after a while.')
$SIAL: possibly delisted; no price data found  (1d 1927-09-16 -> 2026-08-22)
$RRC: possibly delisted; no price data found  (1d 2007-12-23 -> 2007-12-23)

1 Failed download:
['RRC']: possibly delisted; no price data found  (1d 2007-12-23 -> 2007-12-23)

1 Failed download:
['SHLD']: YFRateLimitError('Too Many Requests. Rate limited. Try after a while.')
$SIAL: possibly delisted; no price data found  (1d 2007-12-23 -> 2008-01-03)

1 Failed download:
['SIAL']: possibly delisted; no price data found  (1d 2007-12-23 -> 2008-01-03)
$SGP: possibly delisted; no price data found  (1d 2007-12-23 -> 2008-01-03) (Yahoo error = "Data doesn't exist for startDate = 1198386000, endDate = 1199336400")

1 Failed download:
['SGP']: possibly delisted; no price data found  (1d 2007-12-23 -> 2008-01-03) (Yahoo error = "Data doesn't exist for startDate = 1198386000, endDate = 1199336400")
$STJ: possibly delisted; no price data found  (1d 1927-09-16 -> 2026-08-22)
$SII: possibly delisted; no price data found  (1d 2007-12-23 -> 2008-01-03) (Yahoo error = "Data doesn't exist for startDate = 1198386000, endDate = 1199336400")

1 Failed download:
['SII']: possibly delisted; no price data found  (1d 2007-12-23 -> 2008-01-03) (Yahoo error = "Data doesn't exist for startDate = 1198386000, endDate = 1199336400")
$SNDK: possibly delisted; no price data found  (1d 2007-12-23 -> 2025-02-12) (Yahoo error = "Data doesn't exist for startDate = 1198386000, endDate = 1739336400")

1 Failed download:
['SNDK']: possibly delisted; no price data found  (1d 2007-12-23 -> 2025-02-12) (Yahoo error = "Data doesn't exist for startDate = 1198386000, endDate = 1739336400")
$SUNEQ: possibly delisted; no price data found  (1d 1927-09-16 -> 2026-08-22)
$STJ: possibly delisted; no price data found  (1d 2007-12-23 -> 2008-01-03)

1 Failed download:
['STJ']: possibly delisted; no price data found  (1d 2007-12-23 -> 2008-01-03)
$SUNEQ: possibly delisted; no price data found  (1d 2007-12-23 -> 2008-01-03)

1 Failed download:
['SUNEQ']: possibly delisted; no price data found  (1d 2007-12-23 -> 2008-01-03)

1 Failed download:
['STR']: YFRateLimitError('Too Many Requests. Rate limited. Try after a while.')

1 Failed download:
['SUN']: YFRateLimitError('Too Many Requests. Rate limited. Try after a while.')
$SYMC: possibly delisted; no timezone found

1 Failed download:
['STI']: YFRateLimitError('Too Many Requests. Rate limited. Try after a while.')
$SYMC: possibly delisted; no timezone found

1 Failed download:
['SYMC']: possibly delisted; no timezone found
$SPLS: possibly delisted; no price data found  (1d 2007-12-23 -> 2026-01-15) (Yahoo error = "Data doesn't exist for startDate = 1198386000, endDate = 1768453200")

1 Failed download:
['SPLS']: possibly delisted; no price data found  (1d 2007-12-23 -> 2026-01-15) (Yahoo error = "Data doesn't exist for startDate = 1198386000, endDate = 1768453200")

1 Failed download:
['TE']: YFRateLimitError('Too Many Requests. Rate limited. Try after a while.')
$TGNA: possibly delisted; no timezone found

1 Failed download:
['TGNA']: possibly delisted; no timezone found
$TDC: possibly delisted; no price data found  (1d 2007-12-23 -> 2007-12-23)

1 Failed download:
['TDC']: possibly delisted; no price data found  (1d 2007-12-23 -> 2007-12-23)

1 Failed download:
['TIF']: YFRateLimitError('Too Many Requests. Rate limited. Try after a while.')
$TMK: possibly delisted; no timezone found

1 Failed download:

1 Failed download:
['TSS']: YFRateLimitError('Too Many Requests. Rate limited. Try after a while.')
['TMK']: possibly delisted; no timezone found
$UTX: possibly delisted; no timezone found

1 Failed download:
['UTX']: possibly delisted; no timezone found

1 Failed download:
['VAR']: YFRateLimitError('Too Many Requests. Rate limited. Try after a while.')
$VIAB: possibly delisted; no timezone found

1 Failed download:
['VIAB']: possibly delisted; no timezone found

1 Failed download:
['WBA']: YFRateLimitError('Too Many Requests. Rate limited. Try after a while.')
$WFM: possibly delisted; no price data found  (1d 1927-09-16 -> 2026-08-22)

1 Failed download:
['WB']: YFRateLimitError('Too Many Requests. Rate limited. Try after a while.')
$WFM: possibly delisted; no price data found  (1d 2007-12-23 -> 2008-01-03)

1 Failed download:
['WFM']: possibly delisted; no price data found  (1d 2007-12-23 -> 2008-01-03)

1 Failed download:
['WIN']: YFRateLimitError('Too Many Requests. Rate limited. Try after a while.')
$WYND: possibly delisted; no timezone found
$WYND: possibly delisted; no timezone found

1 Failed download:
['WYND']: possibly delisted; no timezone found
$X: possibly delisted; no timezone found

1 Failed download:
['X']: possibly delisted; no timezone found
$XLNX: possibly delisted; no timezone found
$XL: possibly delisted; no timezone found

1 Failed download:
['XL']: possibly delisted; no timezone found
$XLNX: possibly delisted; no timezone found

1 Failed download:
['XLNX']: possibly delisted; no timezone found

1 Failed download:
['WFT']: YFRateLimitError('Too Many Requests. Rate limited. Try after a while.')
$SO: possibly delisted; no price data found  (1d 2006-01-02 -> 2006-01-02)

1 Failed download:
['SO']: possibly delisted; no price data found  (1d 2006-01-02 -> 2006-01-02)
$APD: possibly delisted; no price data found  (1d 2006-01-02 -> 2006-01-02)

1 Failed download:
['APD']: possibly delisted; no price data found  (1d 2006-01-02 -> 2006-01-02)
[h11]     [3/6] 2008-01-02: picks=['AAPL', 'AMZN', 'SLB'] (pool=40, 후보=35, 55.7s)
$ACAS: possibly delisted; no price data found  (1d 1927-09-16 -> 2026-08-22)
$AABA: possibly delisted; no timezone found
$ACAS: possibly delisted; no price data found  (1d 2008-06-21 -> 2008-07-02)

1 Failed download:
['ACAS']: possibly delisted; no price data found  (1d 2008-06-21 -> 2008-07-02)
$AABA: possibly delisted; no timezone found

1 Failed download:
['AABA']: possibly delisted; no timezone found

1 Failed download:
['ABC']: YFRateLimitError('Too Many Requests. Rate limited. Try after a while.')

1 Failed download:
['AGN']: YFRateLimitError('Too Many Requests. Rate limited. Try after a while.')
$AKS: possibly delisted; no timezone found
$AKS: possibly delisted; no timezone found

1 Failed download:
['AKS']: possibly delisted; no timezone found

1 Failed download:
['ALTR']: YFRateLimitError('Too Many Requests. Rate limited. Try after a while.')

1 Failed download:
['ANTM']: YFRateLimitError('Too Many Requests. Rate limited. Try after a while.')
$APOL: possibly delisted; no price data found  (1d 1927-09-16 -> 2026-08-22)
$APOL: possibly delisted; no price data found  (1d 2008-06-21 -> 2008-07-02)

1 Failed download:
['APOL']: possibly delisted; no price data found  (1d 2008-06-21 -> 2008-07-02)

1 Failed download:
['ARNC']: YFRateLimitError('Too Many Requests. Rate limited. Try after a while.')

1 Failed download:
['APC']: YFRateLimitError('Too Many Requests. Rate limited. Try after a while.')
$AVP: possibly delisted; no timezone found
$AVP: possibly delisted; no timezone found

1 Failed download:
['AVP']: possibly delisted; no timezone found
$BCR: possibly delisted; no price data found  (1d 1927-09-16 -> 2026-08-22)
$BCR: possibly delisted; no price data found  (1d 2008-06-21 -> 2008-07-02)

1 Failed download:
['BCR']: possibly delisted; no price data found  (1d 2008-06-21 -> 2008-07-02)

1 Failed download:
['BIG']: YFRateLimitError('Too Many Requests. Rate limited. Try after a while.')
$BHGE: possibly delisted; no timezone found

1 Failed download:
['BHGE']: possibly delisted; no timezone found

1 Failed download:
['BEAM']: YFRateLimitError('Too Many Requests. Rate limited. Try after a while.')
$BLL: possibly delisted; no timezone found
$BK: possibly delisted; no timezone found
$BK: possibly delisted; no timezone found
$BLL: possibly delisted; no timezone found

1 Failed download:
['BLL']: possibly delisted; no timezone found

1 Failed download:
['BK']: possibly delisted; no timezone found
$BRCM: possibly delisted; no price data found  (1d 1927-09-16 -> 2026-08-22)
$BTUUQ: possibly delisted; no price data found  (1d 1927-09-16 -> 2026-08-22)
$BRCM: possibly delisted; no price data found  (1d 2008-06-21 -> 2008-07-02)

1 Failed download:
['BRCM']: possibly delisted; no price data found  (1d 2008-06-21 -> 2008-07-02)
$BTUUQ: possibly delisted; no price data found  (1d 2008-06-21 -> 2008-07-02)

1 Failed download:
['BTUUQ']: possibly delisted; no price data found  (1d 2008-06-21 -> 2008-07-02)

1 Failed download:
['CA']: YFRateLimitError('Too Many Requests. Rate limited. Try after a while.')
$CCE: possibly delisted; no price data found  (1d 1927-09-16 -> 2026-08-22)

1 Failed download:
['CAM']: YFRateLimitError('Too Many Requests. Rate limited. Try after a while.')
$CCE: possibly delisted; no price data found  (1d 2008-06-21 -> 2008-07-02)

1 Failed download:
$BUD: possibly delisted; no price data found  (1d 2008-06-21 -> 2009-06-30) (Yahoo error = "Data doesn't exist for startDate = 1214020800, endDate = 1246334400")
['CCE']: possibly delisted; no price data found  (1d 2008-06-21 -> 2008-07-02)

1 Failed download:
['BUD']: possibly delisted; no price data found  (1d 2008-06-21 -> 2009-06-30) (Yahoo error = "Data doesn't exist for startDate = 1214020800, endDate = 1246334400")
$CHK: possibly delisted; no timezone found

1 Failed download:
['CELG']: YFRateLimitError('Too Many Requests. Rate limited. Try after a while.')
$CHK: possibly delisted; no timezone found
$CBS: possibly delisted; no timezone found

1 Failed download:
['CHK']: possibly delisted; no timezone found

1 Failed download:
['CBS']: possibly delisted; no timezone found
$CEG: possibly delisted; no price data found  (1d 2008-06-21 -> 2022-01-18) (Yahoo error = "Data doesn't exist for startDate = 1214020800, endDate = 1642482000")

1 Failed download:
['CEG']: possibly delisted; no price data found  (1d 2008-06-21 -> 2022-01-18) (Yahoo error = "Data doesn't exist for startDate = 1214020800, endDate = 1642482000")

1 Failed download:
['CMA']: YFRateLimitError('Too Many Requests. Rate limited. Try after a while.')

1 Failed download:
['COG']: YFRateLimitError('Too Many Requests. Rate limited. Try after a while.')
$COL: possibly delisted; no price data found  (1d 2008-06-21 -> 2012-08-01)

1 Failed download:
['COL']: possibly delisted; no price data found  (1d 2008-06-21 -> 2012-08-01)

1 Failed download:
['CTL']: YFRateLimitError('Too Many Requests. Rate limited. Try after a while.')

1 Failed download:
['CTXS']: YFRateLimitError('Too Many Requests. Rate limited. Try after a while.')
$DDR: possibly delisted; no price data found  (1d 1927-09-16 -> 2026-08-22)
$DDR: possibly delisted; no price data found  (1d 2008-06-21 -> 2008-07-02)

1 Failed download:
['DDR']: possibly delisted; no price data found  (1d 2008-06-21 -> 2008-07-02)
$DFS: possibly delisted; no timezone found
$DFS: possibly delisted; no timezone found

1 Failed download:
['DFS']: possibly delisted; no timezone found

1 Failed download:
['DF']: YFRateLimitError('Too Many Requests. Rate limited. Try after a while.')

1 Failed download:
['DELL']: YFRateLimitError('Too Many Requests. Rate limited. Try after a while.')

1 Failed download:
['DOW']: YFRateLimitError('Too Many Requests. Rate limited. Try after a while.')
$DTV: possibly delisted; no timezone found

1 Failed download:
['DTV']: possibly delisted; no timezone found

1 Failed download:
['EMC']: YFRateLimitError('Too Many Requests. Rate limited. Try after a while.')

1 Failed download:
['DYN']: YFRateLimitError('Too Many Requests. Rate limited. Try after a while.')

1 Failed download:
['EA']: YFRateLimitError('Too Many Requests. Rate limited. Try after a while.')
$EQ: possibly delisted; no price data found  (1d 2008-06-21 -> 2008-07-02) (Yahoo error = "Data doesn't exist for startDate = 1214020800, endDate = 1214971200")

1 Failed download:
['EQ']: possibly delisted; no price data found  (1d 2008-06-21 -> 2008-07-02) (Yahoo error = "Data doesn't exist for startDate = 1214020800, endDate = 1214971200")
$ESV: possibly delisted; no timezone found

1 Failed download:
['ESV']: possibly delisted; no timezone found

1 Failed download:
['ETFC']: YFRateLimitError('Too Many Requests. Rate limited. Try after a while.')

1 Failed download:
['FII']: YFRateLimitError('Too Many Requests. Rate limited. Try after a while.')
$FRX: possibly delisted; no timezone found
$FRX: possibly delisted; no timezone found

1 Failed download:
['FRX']: possibly delisted; no timezone found
$GAS: possibly delisted; no price data found  (1d 1927-09-16 -> 2026-08-22)

1 Failed download:
['FOXA']: YFRateLimitError('Too Many Requests. Rate limited. Try after a while.')
$GGP: possibly delisted; no price data found  (1d 1927-09-16 -> 2026-08-22)

1 Failed download:
['GAS']: YFRateLimitError('Too Many Requests. Rate limited. Try after a while.')
$GGP: possibly delisted; no price data found  (1d 2008-06-21 -> 2008-07-02)

1 Failed download:
['GGP']: possibly delisted; no price data found  (1d 2008-06-21 -> 2008-07-02)

1 Failed download:
['FTR']: YFRateLimitError('Too Many Requests. Rate limited. Try after a while.')
$HAR: possibly delisted; no price data found  (1d 1927-09-16 -> 2026-08-22)

1 Failed download:
['GPS']: YFRateLimitError('Too Many Requests. Rate limited. Try after a while.')
$HCBK: possibly delisted; no price data found  (1d 1927-09-16 -> 2026-08-22)

1 Failed download:
['HAR']: YFRateLimitError('Too Many Requests. Rate limited. Try after a while.')
$HCP: possibly delisted; no timezone found
$HCP: possibly delisted; no timezone found

1 Failed download:
['HCP']: possibly delisted; no timezone found
$HCBK: possibly delisted; no price data found  (1d 2008-06-21 -> 2008-07-02)

1 Failed download:
['HCBK']: possibly delisted; no price data found  (1d 2008-06-21 -> 2008-07-02)

1 Failed download:
['HES']: YFRateLimitError('Too Many Requests. Rate limited. Try after a while.')

1 Failed download:
['HOT']: YFRateLimitError('Too Many Requests. Rate limited. Try after a while.')

1 Failed download:
['IAC']: YFRateLimitError('Too Many Requests. Rate limited. Try after a while.')

1 Failed download:
['IGT']: YFRateLimitError('Too Many Requests. Rate limited. Try after a while.')
$HSP: possibly delisted; no price data found  (1d 1927-09-16 -> 2026-08-22)
$HSP: possibly delisted; no price data found  (1d 2008-06-21 -> 2008-07-02)

1 Failed download:
['HSP']: possibly delisted; no price data found  (1d 2008-06-21 -> 2008-07-02)

1 Failed download:
['IPG']: YFRateLimitError('Too Many Requests. Rate limited. Try after a while.')

1 Failed download:
['IR']: YFRateLimitError('Too Many Requests. Rate limited. Try after a while.')
$JCP: possibly delisted; no timezone found
$JCP: possibly delisted; no timezone found

1 Failed download:
['JCP']: possibly delisted; no timezone found
$ISRG: possibly delisted; no price data found  (1d 2008-06-21 -> 2008-06-22)

1 Failed download:
['ISRG']: possibly delisted; no price data found  (1d 2008-06-21 -> 2008-06-22)

1 Failed download:
['JEC']: YFRateLimitError('Too Many Requests. Rate limited. Try after a while.')
$JNS: possibly delisted; no price data found  (1d 1927-09-16 -> 2026-08-22)
$KATE: possibly delisted; no price data found  (1d 1927-09-16 -> 2026-08-22)
$K: possibly delisted; no timezone found
$JNPR: possibly delisted; no timezone found

1 Failed download:
['JNPR']: possibly delisted; no timezone found
$KATE: possibly delisted; no price data found  (1d 2008-06-21 -> 2008-07-02)

1 Failed download:
['KATE']: possibly delisted; no price data found  (1d 2008-06-21 -> 2008-07-02)
$JNS: possibly delisted; no price data found  (1d 2008-06-21 -> 2008-07-02)

1 Failed download:
['JNS']: possibly delisted; no price data found  (1d 2008-06-21 -> 2008-07-02)
$K: possibly delisted; no timezone found

1 Failed download:
['JWN']: YFRateLimitError('Too Many Requests. Rate limited. Try after a while.')

1 Failed download:
['K']: possibly delisted; no timezone found

1 Failed download:
['LB']: YFRateLimitError('Too Many Requests. Rate limited. Try after a while.')
$LLTC: possibly delisted; no price data found  (1d 1927-09-16 -> 2026-08-22)
$LLTC: possibly delisted; no price data found  (1d 2008-06-21 -> 2008-07-02)

1 Failed download:
['LLTC']: possibly delisted; no price data found  (1d 2008-06-21 -> 2008-07-02)

1 Failed download:
['LLL']: YFRateLimitError('Too Many Requests. Rate limited. Try after a while.')
$LXK: possibly delisted; no price data found  (1d 1927-09-16 -> 2026-08-22)
$LXK: possibly delisted; no price data found  (1d 2008-06-21 -> 2008-07-02)

1 Failed download:
['LXK']: possibly delisted; no price data found  (1d 2008-06-21 -> 2008-07-02)

1 Failed download:
['LSI']: YFRateLimitError('Too Many Requests. Rate limited. Try after a while.')
$LM: possibly delisted; no timezone found
$LM: possibly delisted; no timezone found

1 Failed download:
['LM']: possibly delisted; no timezone found

1 Failed download:
['MDP']: YFRateLimitError('Too Many Requests. Rate limited. Try after a while.')
$MIL: possibly delisted; no price data found  (1d 1927-09-16 -> 2026-08-22)
$MIL: possibly delisted; no price data found  (1d 2008-06-21 -> 2008-07-02)

1 Failed download:
['MIL']: possibly delisted; no price data found  (1d 2008-06-21 -> 2008-07-02)

1 Failed download:
['MMC']: YFRateLimitError('Too Many Requests. Rate limited. Try after a while.')

1 Failed download:
['MI']: YFRateLimitError('Too Many Requests. Rate limited. Try after a while.')
$MON: possibly delisted; no timezone found
$MON: possibly delisted; no timezone found

1 Failed download:
['MON']: possibly delisted; no timezone found
$MRO: possibly delisted; no timezone found
$MWW: possibly delisted; no price data found  (1d 1927-09-16 -> 2026-08-22)
$MRO: possibly delisted; no timezone found

1 Failed download:
['MRO']: possibly delisted; no timezone found
$MWW: possibly delisted; no price data found  (1d 2008-06-21 -> 2008-07-02)

1 Failed download:
['MWW']: possibly delisted; no price data found  (1d 2008-06-21 -> 2008-07-02)
$NBL: possibly delisted; no timezone found
$NBL: possibly delisted; no timezone found

1 Failed download:
['NBL']: possibly delisted; no timezone found

1 Failed download:
['MYL']: YFRateLimitError('Too Many Requests. Rate limited. Try after a while.')

1 Failed download:
['NE']: YFRateLimitError('Too Many Requests. Rate limited. Try after a while.')
$NVLS: possibly delisted; no price data found  (1d 1927-09-16 -> 2026-08-22)
$NVLS: possibly delisted; no price data found  (1d 2008-06-21 -> 2008-07-02)

1 Failed download:
['NVLS']: possibly delisted; no price data found  (1d 2008-06-21 -> 2008-07-02)
$NSM: possibly delisted; no price data found  (1d 2008-06-21 -> 2008-07-02) (Yahoo error = "Data doesn't exist for startDate = 1214020800, endDate = 1214971200")

1 Failed download:
['NSM']: possibly delisted; no price data found  (1d 2008-06-21 -> 2008-07-02) (Yahoo error = "Data doesn't exist for startDate = 1214020800, endDate = 1214971200")

1 Failed download:
['ODP']: YFRateLimitError('Too Many Requests. Rate limited. Try after a while.')
$PCP: possibly delisted; no price data found  (1d 1927-09-16 -> 2026-08-22)

1 Failed download:
['PCL']: YFRateLimitError('Too Many Requests. Rate limited. Try after a while.')
$PCP: possibly delisted; no price data found  (1d 2008-06-21 -> 2008-07-02) (Yahoo error = "Data doesn't exist for startDate = 1214020800, endDate = 1214971200")

1 Failed download:
['PCP']: possibly delisted; no price data found  (1d 2008-06-21 -> 2008-07-02) (Yahoo error = "Data doesn't exist for startDate = 1214020800, endDate = 1214971200")

1 Failed download:
['PDCO']: YFRateLimitError('Too Many Requests. Rate limited. Try after a while.')
$PGN: possibly delisted; no price data found  (1d 1927-09-16 -> 2026-08-22)
$PGN: possibly delisted; no price data found  (1d 2008-06-21 -> 2008-07-02)

1 Failed download:
['PGN']: possibly delisted; no price data found  (1d 2008-06-21 -> 2008-07-02)

1 Failed download:
['PKI']: YFRateLimitError('Too Many Requests. Rate limited. Try after a while.')
$PLL: possibly delisted; no timezone found
$PLL: possibly delisted; no timezone found

1 Failed download:
['PLL']: possibly delisted; no timezone found

1 Failed download:
['POM']: YFRateLimitError('Too Many Requests. Rate limited. Try after a while.')
$PM: possibly delisted; no price data found  (1d 2008-06-21 -> 2008-06-22)

1 Failed download:
['PM']: possibly delisted; no price data found  (1d 2008-06-21 -> 2008-06-22)

1 Failed download:
['PX']: YFRateLimitError('Too Many Requests. Rate limited. Try after a while.')
$QLGC: possibly delisted; no price data found  (1d 1927-09-16 -> 2026-08-22)
$QLGC: possibly delisted; no price data found  (1d 2008-06-21 -> 2008-07-02)

1 Failed download:
['QLGC']: possibly delisted; no price data found  (1d 2008-06-21 -> 2008-07-02)
$RAI: possibly delisted; no price data found  (1d 1927-09-16 -> 2026-08-22)
$RAI: possibly delisted; no price data found  (1d 2008-06-21 -> 2008-07-02)

1 Failed download:
['RAI']: possibly delisted; no price data found  (1d 2008-06-21 -> 2008-07-02)

1 Failed download:
['Q']: YFRateLimitError('Too Many Requests. Rate limited. Try after a while.')

1 Failed download:
['RDC']: YFRateLimitError('Too Many Requests. Rate limited. Try after a while.')
$RTN: possibly delisted; no timezone found
$RTN: possibly delisted; no timezone found

1 Failed download:
['RTN']: possibly delisted; no timezone found

1 Failed download:
['RRD']: YFRateLimitError('Too Many Requests. Rate limited. Try after a while.')
$S: possibly delisted; no price data found  (1d 2008-06-21 -> 2021-06-29) (Yahoo error = "Data doesn't exist for startDate = 1214020800, endDate = 1624939200")

1 Failed download:
['S']: possibly delisted; no price data found  (1d 2008-06-21 -> 2021-06-29) (Yahoo error = "Data doesn't exist for startDate = 1214020800, endDate = 1624939200")

1 Failed download:
['SGP']: YFRateLimitError('Too Many Requests. Rate limited. Try after a while.')
$SIAL: possibly delisted; no price data found  (1d 1927-09-16 -> 2026-08-22)
$SEE: possibly delisted; no timezone found

1 Failed download:
['SEE']: possibly delisted; no timezone found

1 Failed download:
['SE']: YFRateLimitError('Too Many Requests. Rate limited. Try after a while.')
$SHLD: possibly delisted; no price data found  (1d 2008-06-21 -> 2008-07-02) (Yahoo error = "Data doesn't exist for startDate = 1214020800, endDate = 1214971200")

1 Failed download:
['SHLD']: possibly delisted; no price data found  (1d 2008-06-21 -> 2008-07-02) (Yahoo error = "Data doesn't exist for startDate = 1214020800, endDate = 1214971200")
$SIAL: possibly delisted; no price data found  (1d 2008-06-21 -> 2008-07-02)

1 Failed download:
['SIAL']: possibly delisted; no price data found  (1d 2008-06-21 -> 2008-07-02)

1 Failed download:
['SII']: YFRateLimitError('Too Many Requests. Rate limited. Try after a while.')

1 Failed download:
['SNDK']: YFRateLimitError('Too Many Requests. Rate limited. Try after a while.')
$STJ: possibly delisted; no price data found  (1d 1927-09-16 -> 2026-08-22)

1 Failed download:
['SPLS']: YFRateLimitError('Too Many Requests. Rate limited. Try after a while.')
$SNI: possibly delisted; no price data found  (1d 1927-09-16 -> 2026-08-22)
$STJ: possibly delisted; no price data found  (1d 2008-06-21 -> 2008-07-02)

1 Failed download:
['STJ']: possibly delisted; no price data found  (1d 2008-06-21 -> 2008-07-02)
$SUNEQ: possibly delisted; no price data found  (1d 1927-09-16 -> 2026-08-22)

1 Failed download:
['STR']: YFRateLimitError('Too Many Requests. Rate limited. Try after a while.')
$SUNEQ: possibly delisted; no price data found  (1d 2008-06-21 -> 2008-07-02)

1 Failed download:
['SUNEQ']: possibly delisted; no price data found  (1d 2008-06-21 -> 2008-07-02)

1 Failed download:
['SUN']: YFRateLimitError('Too Many Requests. Rate limited. Try after a while.')
$SYMC: possibly delisted; no timezone found
$SYMC: possibly delisted; no timezone found

1 Failed download:
['SYMC']: possibly delisted; no timezone found
$SNI: possibly delisted; no price data found  (1d 2008-06-21 -> 2008-07-02)

1 Failed download:
['SNI']: possibly delisted; no price data found  (1d 2008-06-21 -> 2008-07-02)

1 Failed download:
['STI']: YFRateLimitError('Too Many Requests. Rate limited. Try after a while.')

1 Failed download:
['TGNA']: YFRateLimitError('Too Many Requests. Rate limited. Try after a while.')
$TE: possibly delisted; no price data found  (1d 2008-06-21 -> 2008-07-02) (Yahoo error = "Data doesn't exist for startDate = 1214020800, endDate = 1214971200")

1 Failed download:
['TE']: possibly delisted; no price data found  (1d 2008-06-21 -> 2008-07-02) (Yahoo error = "Data doesn't exist for startDate = 1214020800, endDate = 1214971200")
$TMK: possibly delisted; no timezone found
$TMK: possibly delisted; no timezone found

1 Failed download:
['TMK']: possibly delisted; no timezone found

1 Failed download:
['TIF']: YFRateLimitError('Too Many Requests. Rate limited. Try after a while.')
$TSS: possibly delisted; no timezone found
$TSS: possibly delisted; no timezone found

1 Failed download:
['TSS']: possibly delisted; no timezone found
$UTX: possibly delisted; no timezone found
$UTX: possibly delisted; no timezone found

1 Failed download:
['UTX']: possibly delisted; no timezone found

1 Failed download:
['VAR']: YFRateLimitError('Too Many Requests. Rate limited. Try after a while.')
$VIAB: possibly delisted; no timezone found
$VIAB: possibly delisted; no timezone found

1 Failed download:
['VIAB']: possibly delisted; no timezone found

1 Failed download:
['WB']: YFRateLimitError('Too Many Requests. Rate limited. Try after a while.')

1 Failed download:
['WBA']: YFRateLimitError('Too Many Requests. Rate limited. Try after a while.')
$WFT: possibly delisted; no timezone found
$WIN: possibly delisted; no timezone found

1 Failed download:
['WFT']: possibly delisted; no timezone found
$WIN: possibly delisted; no timezone found

1 Failed download:
['WIN']: possibly delisted; no timezone found
$X: possibly delisted; no timezone found
$X: possibly delisted; no timezone found

1 Failed download:
['X']: possibly delisted; no timezone found
$WFM: possibly delisted; no price data found  (1d 1927-09-16 -> 2026-08-22)

1 Failed download:
['WYND']: YFRateLimitError('Too Many Requests. Rate limited. Try after a while.')
$WFM: possibly delisted; no price data found  (1d 2008-06-21 -> 2008-07-02)

1 Failed download:
['WFM']: possibly delisted; no price data found  (1d 2008-06-21 -> 2008-07-02)
$XL: possibly delisted; no timezone found

1 Failed download:
['XLNX']: YFRateLimitError('Too Many Requests. Rate limited. Try after a while.')
$XL: possibly delisted; no timezone found

1 Failed download:
['XL']: possibly delisted; no timezone found
$PPL: possibly delisted; no price data found  (1d 2006-07-02 -> 2006-07-02)

1 Failed download:
['PPL']: possibly delisted; no price data found  (1d 2006-07-02 -> 2006-07-02)
$FE: possibly delisted; no price data found  (1d 2006-07-02 -> 2006-07-02)

1 Failed download:
['FE']: possibly delisted; no price data found  (1d 2006-07-02 -> 2006-07-02)
$NUE: possibly delisted; no price data found  (1d 2006-07-02 -> 2006-07-02)

1 Failed download:
['NUE']: possibly delisted; no price data found  (1d 2006-07-02 -> 2006-07-02)
$PEP: possibly delisted; no price data found  (1d 2006-07-02 -> 2006-07-02)

1 Failed download:
['PEP']: possibly delisted; no price data found  (1d 2006-07-02 -> 2006-07-02)
[h11]     [4/6] 2008-07-01: picks=['FCX', 'CSX', 'AAPL'] (pool=40, 후보=24, 59.9s)
$ACAS: possibly delisted; no price data found  (1d 1927-09-16 -> 2026-08-22)
$ABC: possibly delisted; no timezone found
$ABC: possibly delisted; no timezone found

1 Failed download:
['ABC']: possibly delisted; no timezone found

1 Failed download:
['AABA']: YFRateLimitError('Too Many Requests. Rate limited. Try after a while.')
$ACAS: possibly delisted; no price data found  (1d 2008-12-23 -> 2009-01-03)

1 Failed download:
['ACAS']: possibly delisted; no price data found  (1d 2008-12-23 -> 2009-01-03)

1 Failed download:
['AGN']: YFRateLimitError('Too Many Requests. Rate limited. Try after a while.')
$AKS: possibly delisted; no timezone found
$AKS: possibly delisted; no timezone found

1 Failed download:
['AKS']: possibly delisted; no timezone found

1 Failed download:
['ALTR']: YFRateLimitError('Too Many Requests. Rate limited. Try after a while.')

1 Failed download:
['ANTM']: YFRateLimitError('Too Many Requests. Rate limited. Try after a while.')
$APOL: possibly delisted; no price data found  (1d 1927-09-16 -> 2026-08-22)
$APOL: possibly delisted; no price data found  (1d 2008-12-23 -> 2009-01-03)

1 Failed download:
['APOL']: possibly delisted; no price data found  (1d 2008-12-23 -> 2009-01-03)

1 Failed download:
['APC']: YFRateLimitError('Too Many Requests. Rate limited. Try after a while.')

1 Failed download:
['ARNC']: YFRateLimitError('Too Many Requests. Rate limited. Try after a while.')
$AVP: possibly delisted; no timezone found
$AVP: possibly delisted; no timezone found

1 Failed download:
['AVP']: possibly delisted; no timezone found
$BCR: possibly delisted; no price data found  (1d 1927-09-16 -> 2026-08-22)
$BCR: possibly delisted; no price data found  (1d 2008-12-23 -> 2009-01-03)

1 Failed download:
['BCR']: possibly delisted; no price data found  (1d 2008-12-23 -> 2009-01-03)

1 Failed download:
['BEAM']: YFRateLimitError('Too Many Requests. Rate limited. Try after a while.')
$BIG: possibly delisted; no timezone found
$BHGE: possibly delisted; no timezone found
$BIG: possibly delisted; no timezone found

1 Failed download:
['BIG']: possibly delisted; no timezone found
$BHGE: possibly delisted; no timezone found

1 Failed download:
['BHGE']: possibly delisted; no timezone found
$BLL: possibly delisted; no timezone found
$BRCM: possibly delisted; no price data found  (1d 1927-09-16 -> 2026-08-22)
$BLL: possibly delisted; no timezone found

1 Failed download:
['BLL']: possibly delisted; no timezone found
$BTUUQ: possibly delisted; no price data found  (1d 1927-09-16 -> 2026-08-22)

1 Failed download:
$BRCM: possibly delisted; no price data found  (1d 2008-12-23 -> 2009-01-03)
['BK']: YFRateLimitError('Too Many Requests. Rate limited. Try after a while.')

1 Failed download:
['BRCM']: possibly delisted; no price data found  (1d 2008-12-23 -> 2009-01-03)
$BTUUQ: possibly delisted; no price data found  (1d 2008-12-23 -> 2009-01-03)

1 Failed download:
['BTUUQ']: possibly delisted; no price data found  (1d 2008-12-23 -> 2009-01-03)

1 Failed download:
['CA']: YFRateLimitError('Too Many Requests. Rate limited. Try after a while.')
$CCE: possibly delisted; no price data found  (1d 1927-09-16 -> 2026-08-22)
$CCE: possibly delisted; no price data found  (1d 2008-12-23 -> 2009-01-03)

1 Failed download:
['CCE']: possibly delisted; no price data found  (1d 2008-12-23 -> 2009-01-03)

1 Failed download:
['CAM']: YFRateLimitError('Too Many Requests. Rate limited. Try after a while.')

1 Failed download:
['CEG']: YFRateLimitError('Too Many Requests. Rate limited. Try after a while.')
$CHK: possibly delisted; no timezone found
$CHK: possibly delisted; no timezone found

1 Failed download:
['CHK']: possibly delisted; no timezone found
$CBS: possibly delisted; no timezone found
$CBS: possibly delisted; no timezone found

1 Failed download:
['CBS']: possibly delisted; no timezone found

1 Failed download:
['CMA']: YFRateLimitError('Too Many Requests. Rate limited. Try after a while.')
$CELG: possibly delisted; no timezone found

1 Failed download:
['CELG']: possibly delisted; no timezone found

1 Failed download:
['COG']: YFRateLimitError('Too Many Requests. Rate limited. Try after a while.')
$COL: possibly delisted; no price data found  (1d 2008-12-23 -> 2012-08-01)

1 Failed download:
['COL']: possibly delisted; no price data found  (1d 2008-12-23 -> 2012-08-01)
$DDR: possibly delisted; no price data found  (1d 1927-09-16 -> 2026-08-22)
$CTL: possibly delisted; no timezone found

1 Failed download:
['CTL']: possibly delisted; no timezone found
$DDR: possibly delisted; no price data found  (1d 2008-12-23 -> 2009-01-03)

1 Failed download:
['DDR']: possibly delisted; no price data found  (1d 2008-12-23 -> 2009-01-03)

1 Failed download:
['CTXS']: YFRateLimitError('Too Many Requests. Rate limited. Try after a while.')
$DELL: possibly delisted; no price data found  (1d 2008-12-23 -> 2016-08-16) (Yahoo error = "Data doesn't exist for startDate = 1230008400, endDate = 1471320000")

1 Failed download:
['DELL']: possibly delisted; no price data found  (1d 2008-12-23 -> 2016-08-16) (Yahoo error = "Data doesn't exist for startDate = 1230008400, endDate = 1471320000")
$DFS: possibly delisted; no timezone found
$DFS: possibly delisted; no timezone found

1 Failed download:
['DFS']: possibly delisted; no timezone found

1 Failed download:
['DF']: YFRateLimitError('Too Many Requests. Rate limited. Try after a while.')

1 Failed download:
['DNB']: YFRateLimitError('Too Many Requests. Rate limited. Try after a while.')

1 Failed download:
['DTV']: YFRateLimitError('Too Many Requests. Rate limited. Try after a while.')
$DOW: possibly delisted; no price data found  (1d 2008-12-23 -> 2019-03-19) (Yahoo error = "Data doesn't exist for startDate = 1230008400, endDate = 1552968000")

1 Failed download:
['DOW']: possibly delisted; no price data found  (1d 2008-12-23 -> 2019-03-19) (Yahoo error = "Data doesn't exist for startDate = 1230008400, endDate = 1552968000")

1 Failed download:
['DYN']: YFRateLimitError('Too Many Requests. Rate limited. Try after a while.')

1 Failed download:
['EA']: YFRateLimitError('Too Many Requests. Rate limited. Try after a while.')

1 Failed download:
['EMC']: YFRateLimitError('Too Many Requests. Rate limited. Try after a while.')

1 Failed download:
['EQ']: YFRateLimitError('Too Many Requests. Rate limited. Try after a while.')

1 Failed download:
['ESV']: YFRateLimitError('Too Many Requests. Rate limited. Try after a while.')

1 Failed download:
['ETFC']: YFRateLimitError('Too Many Requests. Rate limited. Try after a while.')

1 Failed download:
['FII']: YFRateLimitError('Too Many Requests. Rate limited. Try after a while.')
$FLIR: possibly delisted; no timezone found
$FLIR: possibly delisted; no timezone found

1 Failed download:
['FLIR']: possibly delisted; no timezone found

1 Failed download:
['FTR']: YFRateLimitError('Too Many Requests. Rate limited. Try after a while.')

1 Failed download:
['FOXA']: YFRateLimitError('Too Many Requests. Rate limited. Try after a while.')
$FRX: possibly delisted; no timezone found

1 Failed download:
['FRX']: possibly delisted; no timezone found
$GAS: possibly delisted; no price data found  (1d 1927-09-16 -> 2026-08-22)

1 Failed download:
['GAS']: YFRateLimitError('Too Many Requests. Rate limited. Try after a while.')
$HAR: possibly delisted; no price data found  (1d 1927-09-16 -> 2026-08-22)

1 Failed download:
['GPS']: YFRateLimitError('Too Many Requests. Rate limited. Try after a while.')
$HCBK: possibly delisted; no price data found  (1d 1927-09-16 -> 2026-08-22)

1 Failed download:
['HAR']: YFRateLimitError('Too Many Requests. Rate limited. Try after a while.')
$HCBK: possibly delisted; no price data found  (1d 2008-12-23 -> 2009-01-03)

1 Failed download:
['HCBK']: possibly delisted; no price data found  (1d 2008-12-23 -> 2009-01-03)
$HCP: possibly delisted; no timezone found
$HCP: possibly delisted; no timezone found

1 Failed download:
['HCP']: possibly delisted; no timezone found

1 Failed download:
['HES']: YFRateLimitError('Too Many Requests. Rate limited. Try after a while.')
$HSP: possibly delisted; no price data found  (1d 1927-09-16 -> 2026-08-22)
$HSP: possibly delisted; no price data found  (1d 2008-12-23 -> 2009-01-03)

1 Failed download:
['HSP']: possibly delisted; no price data found  (1d 2008-12-23 -> 2009-01-03)

1 Failed download:
['HOT']: YFRateLimitError('Too Many Requests. Rate limited. Try after a while.')
$IGT: possibly delisted; no timezone found

1 Failed download:
['IGT']: possibly delisted; no timezone found

1 Failed download:
['IPG']: YFRateLimitError('Too Many Requests. Rate limited. Try after a while.')

1 Failed download:
['IR']: YFRateLimitError('Too Many Requests. Rate limited. Try after a while.')
$JNS: possibly delisted; no price data found  (1d 1927-09-16 -> 2026-08-22)
$JCP: possibly delisted; no timezone found
$K: possibly delisted; no timezone found
$JNPR: possibly delisted; no timezone found
$JNS: possibly delisted; no price data found  (1d 2008-12-23 -> 2009-01-03)

1 Failed download:
['JNS']: possibly delisted; no price data found  (1d 2008-12-23 -> 2009-01-03)
$JCP: possibly delisted; no timezone found
$K: possibly delisted; no timezone found

1 Failed download:
['K']: possibly delisted; no timezone found

1 Failed download:

1 Failed download:
['JCP']: possibly delisted; no timezone found
['JWN']: YFRateLimitError('Too Many Requests. Rate limited. Try after a while.')
$JNPR: possibly delisted; no timezone found

1 Failed download:
['JNPR']: possibly delisted; no timezone found

1 Failed download:
['JEC']: YFRateLimitError('Too Many Requests. Rate limited. Try after a while.')

1 Failed download:
['LB']: YFRateLimitError('Too Many Requests. Rate limited. Try after a while.')
$LLTC: possibly delisted; no price data found  (1d 1927-09-16 -> 2026-08-22)
$LM: possibly delisted; no timezone found
$LLTC: possibly delisted; no price data found  (1d 2008-12-23 -> 2009-01-03)
$LM: possibly delisted; no timezone found

1 Failed download:
['LLTC']: possibly delisted; no price data found  (1d 2008-12-23 -> 2009-01-03)

1 Failed download:
['LM']: possibly delisted; no timezone found

1 Failed download:
['LLL']: YFRateLimitError('Too Many Requests. Rate limited. Try after a while.')

1 Failed download:
['LIFE']: YFRateLimitError('Too Many Requests. Rate limited. Try after a while.')
$LSI: possibly delisted; no timezone found
$LSI: possibly delisted; no timezone found

1 Failed download:
['LSI']: possibly delisted; no timezone found
$LXK: possibly delisted; no price data found  (1d 1927-09-16 -> 2026-08-22)
$LXK: possibly delisted; no price data found  (1d 2008-12-23 -> 2009-01-03)

1 Failed download:
['LXK']: possibly delisted; no price data found  (1d 2008-12-23 -> 2009-01-03)

1 Failed download:
['MDP']: YFRateLimitError('Too Many Requests. Rate limited. Try after a while.')
$MIL: possibly delisted; no price data found  (1d 1927-09-16 -> 2026-08-22)
$MIL: possibly delisted; no price data found  (1d 2008-12-23 -> 2009-01-03)

1 Failed download:
['MIL']: possibly delisted; no price data found  (1d 2008-12-23 -> 2009-01-03)
$MI: possibly delisted; no price data found  (1d 2008-12-23 -> 2009-01-03) (Yahoo error = "Data doesn't exist for startDate = 1230008400, endDate = 1230958800")

1 Failed download:
['MI']: possibly delisted; no price data found  (1d 2008-12-23 -> 2009-01-03) (Yahoo error = "Data doesn't exist for startDate = 1230008400, endDate = 1230958800")

1 Failed download:
['MMC']: YFRateLimitError('Too Many Requests. Rate limited. Try after a while.')
$MON: possibly delisted; no timezone found
$MON: possibly delisted; no timezone found
$MRO: possibly delisted; no timezone found

1 Failed download:
['MON']: possibly delisted; no timezone found
$MRO: possibly delisted; no timezone found

1 Failed download:
['MRO']: possibly delisted; no timezone found
$MWW: possibly delisted; no price data found  (1d 1927-09-16 -> 2026-08-22)
$MWW: possibly delisted; no price data found  (1d 2008-12-23 -> 2009-01-03)

1 Failed download:
['MWW']: possibly delisted; no price data found  (1d 2008-12-23 -> 2009-01-03)

1 Failed download:
['NBL']: YFRateLimitError('Too Many Requests. Rate limited. Try after a while.')

1 Failed download:
['NE']: YFRateLimitError('Too Many Requests. Rate limited. Try after a while.')
$MYL: possibly delisted; no timezone found
$MYL: possibly delisted; no timezone found

1 Failed download:
['MYL']: possibly delisted; no timezone found
$NVLS: possibly delisted; no price data found  (1d 1927-09-16 -> 2026-08-22)
$NVLS: possibly delisted; no price data found  (1d 2008-12-23 -> 2009-01-03)

1 Failed download:
['NVLS']: possibly delisted; no price data found  (1d 2008-12-23 -> 2009-01-03)

1 Failed download:
['NSM']: YFRateLimitError('Too Many Requests. Rate limited. Try after a while.')

1 Failed download:
['ODP']: YFRateLimitError('Too Many Requests. Rate limited. Try after a while.')

1 Failed download:
['PBCT']: YFRateLimitError('Too Many Requests. Rate limited. Try after a while.')
$PCP: possibly delisted; no price data found  (1d 1927-09-16 -> 2026-08-22)

1 Failed download:
['PCL']: YFRateLimitError('Too Many Requests. Rate limited. Try after a while.')
$PCP: possibly delisted; no price data found  (1d 2008-12-23 -> 2009-01-03) (Yahoo error = "Data doesn't exist for startDate = 1230008400, endDate = 1230958800")

1 Failed download:
['PCP']: possibly delisted; no price data found  (1d 2008-12-23 -> 2009-01-03) (Yahoo error = "Data doesn't exist for startDate = 1230008400, endDate = 1230958800")

1 Failed download:
['PDCO']: YFRateLimitError('Too Many Requests. Rate limited. Try after a while.')
$PGN: possibly delisted; no price data found  (1d 1927-09-16 -> 2026-08-22)
$PLL: possibly delisted; no timezone found

1 Failed download:
$PGN: possibly delisted; no price data found  (1d 2008-12-23 -> 2009-01-03)
$PLL: possibly delisted; no timezone found
['PKI']: YFRateLimitError('Too Many Requests. Rate limited. Try after a while.')

1 Failed download:
['PGN']: possibly delisted; no price data found  (1d 2008-12-23 -> 2009-01-03)

1 Failed download:
['PLL']: possibly delisted; no timezone found

1 Failed download:
['POM']: YFRateLimitError('Too Many Requests. Rate limited. Try after a while.')
$PXD: possibly delisted; no timezone found
$PXD: possibly delisted; no timezone found
$QLGC: possibly delisted; no price data found  (1d 1927-09-16 -> 2026-08-22)

1 Failed download:
['PXD']: possibly delisted; no timezone found
$RAI: possibly delisted; no price data found  (1d 1927-09-16 -> 2026-08-22)
$QLGC: possibly delisted; no price data found  (1d 2008-12-23 -> 2009-01-03)

1 Failed download:
['QLGC']: possibly delisted; no price data found  (1d 2008-12-23 -> 2009-01-03)

1 Failed download:
['PX']: YFRateLimitError('Too Many Requests. Rate limited. Try after a while.')
$RDC: possibly delisted; no timezone found
$RAI: possibly delisted; no price data found  (1d 2008-12-23 -> 2009-01-03)

1 Failed download:
['RAI']: possibly delisted; no price data found  (1d 2008-12-23 -> 2009-01-03)
$RDC: possibly delisted; no timezone found

1 Failed download:
['RDC']: possibly delisted; no timezone found

1 Failed download:
['Q']: YFRateLimitError('Too Many Requests. Rate limited. Try after a while.')
$RRD: possibly delisted; no timezone found
$RRD: possibly delisted; no timezone found

1 Failed download:
['RRD']: possibly delisted; no timezone found

1 Failed download:
['RTN']: YFRateLimitError('Too Many Requests. Rate limited. Try after a while.')

1 Failed download:
['SCG']: YFRateLimitError('Too Many Requests. Rate limited. Try after a while.')
$SIAL: possibly delisted; no price data found  (1d 1927-09-16 -> 2026-08-22)

1 Failed download:
['SE']: YFRateLimitError('Too Many Requests. Rate limited. Try after a while.')

1 Failed download:
['SGP']: YFRateLimitError('Too Many Requests. Rate limited. Try after a while.')

1 Failed download:
['SHLD']: YFRateLimitError('Too Many Requests. Rate limited. Try after a while.')
$SIAL: possibly delisted; no price data found  (1d 2008-12-23 -> 2009-01-03)

1 Failed download:
['SIAL']: possibly delisted; no price data found  (1d 2008-12-23 -> 2009-01-03)
$S: possibly delisted; no price data found  (1d 2008-12-23 -> 2021-06-29) (Yahoo error = "Data doesn't exist for startDate = 1230008400, endDate = 1624939200")

1 Failed download:
['S']: possibly delisted; no price data found  (1d 2008-12-23 -> 2021-06-29) (Yahoo error = "Data doesn't exist for startDate = 1230008400, endDate = 1624939200")
$SNI: possibly delisted; no price data found  (1d 1927-09-16 -> 2026-08-22)

1 Failed download:
['SII']: YFRateLimitError('Too Many Requests. Rate limited. Try after a while.')
$SNI: possibly delisted; no price data found  (1d 2008-12-23 -> 2009-01-03)

1 Failed download:
['SNI']: possibly delisted; no price data found  (1d 2008-12-23 -> 2009-01-03)
$SEE: possibly delisted; no timezone found
$SEE: possibly delisted; no timezone found

1 Failed download:
['SEE']: possibly delisted; no timezone found
$SNDK: possibly delisted; no price data found  (1d 2008-12-23 -> 2025-02-12) (Yahoo error = "Data doesn't exist for startDate = 1230008400, endDate = 1739336400")

1 Failed download:
['SNDK']: possibly delisted; no price data found  (1d 2008-12-23 -> 2025-02-12) (Yahoo error = "Data doesn't exist for startDate = 1230008400, endDate = 1739336400")
$STJ: possibly delisted; no price data found  (1d 1927-09-16 -> 2026-08-22)

1 Failed download:
['SPLS']: YFRateLimitError('Too Many Requests. Rate limited. Try after a while.')
$SRCL: possibly delisted; no timezone found

1 Failed download:
['SRCL']: possibly delisted; no timezone found
$STI: possibly delisted; no price data found  (1d 2008-12-23 -> 2009-01-03) (Yahoo error = "Data doesn't exist for startDate = 1230008400, endDate = 1230958800")

1 Failed download:
['STI']: possibly delisted; no price data found  (1d 2008-12-23 -> 2009-01-03) (Yahoo error = "Data doesn't exist for startDate = 1230008400, endDate = 1230958800")
$SUNEQ: possibly delisted; no price data found  (1d 1927-09-16 -> 2026-08-22)
$STJ: possibly delisted; no price data found  (1d 2008-12-23 -> 2009-01-03)

1 Failed download:
['STJ']: possibly delisted; no price data found  (1d 2008-12-23 -> 2009-01-03)
$STR: possibly delisted; no timezone found

1 Failed download:
['STR']: possibly delisted; no timezone found
$SUNEQ: possibly delisted; no price data found  (1d 2008-12-23 -> 2009-01-03)

1 Failed download:
['SUNEQ']: possibly delisted; no price data found  (1d 2008-12-23 -> 2009-01-03)

1 Failed download:
['SYMC']: YFRateLimitError('Too Many Requests. Rate limited. Try after a while.')
$TGNA: possibly delisted; no timezone found
$TGNA: possibly delisted; no timezone found

1 Failed download:
['TE']: YFRateLimitError('Too Many Requests. Rate limited. Try after a while.')

1 Failed download:
['TGNA']: possibly delisted; no timezone found

1 Failed download:
['SUN']: YFRateLimitError('Too Many Requests. Rate limited. Try after a while.')
$TIF: possibly delisted; no timezone found
$TIF: possibly delisted; no timezone found

1 Failed download:
['TIF']: possibly delisted; no timezone found
$TSS: possibly delisted; no timezone found
$TSS: possibly delisted; no timezone found

1 Failed download:
['TSS']: possibly delisted; no timezone found

1 Failed download:
['TMK']: YFRateLimitError('Too Many Requests. Rate limited. Try after a while.')
$UTX: possibly delisted; no timezone found
$VIAB: possibly delisted; no timezone found
$UTX: possibly delisted; no timezone found

1 Failed download:
['UTX']: possibly delisted; no timezone found
$VIAB: possibly delisted; no timezone found

1 Failed download:
['VIAB']: possibly delisted; no timezone found

1 Failed download:
['VAR']: YFRateLimitError('Too Many Requests. Rate limited. Try after a while.')
$WFM: possibly delisted; no price data found  (1d 1927-09-16 -> 2026-08-22)

1 Failed download:
['WBA']: YFRateLimitError('Too Many Requests. Rate limited. Try after a while.')
$WFT: possibly delisted; no timezone found
$WFM: possibly delisted; no price data found  (1d 2008-12-23 -> 2009-01-03)

1 Failed download:
['WFM']: possibly delisted; no price data found  (1d 2008-12-23 -> 2009-01-03)
$WFT: possibly delisted; no timezone found

1 Failed download:
['WFT']: possibly delisted; no timezone found

1 Failed download:
['WIN']: YFRateLimitError('Too Many Requests. Rate limited. Try after a while.')

1 Failed download:
['WYND']: YFRateLimitError('Too Many Requests. Rate limited. Try after a while.')
$X: possibly delisted; no timezone found
$X: possibly delisted; no timezone found
$XLNX: possibly delisted; no timezone found

1 Failed download:
['X']: possibly delisted; no timezone found
$XLNX: possibly delisted; no timezone found

1 Failed download:
['XLNX']: possibly delisted; no timezone found

1 Failed download:
['XL']: YFRateLimitError('Too Many Requests. Rate limited. Try after a while.')
[h11]     [5/6] 2009-01-02: picks=['WMT', 'BBT', 'PSA'] (pool=40, 후보=28, 56.7s)
$ABC: possibly delisted; no timezone found
$ABC: possibly delisted; no timezone found

1 Failed download:
['ABC']: possibly delisted; no timezone found

1 Failed download:
['AABA']: YFRateLimitError('Too Many Requests. Rate limited. Try after a while.')

1 Failed download:
['AGN']: YFRateLimitError('Too Many Requests. Rate limited. Try after a while.')
$AKS: possibly delisted; no timezone found
$AKS: possibly delisted; no timezone found

1 Failed download:
['AKS']: possibly delisted; no timezone found

1 Failed download:
['ALTR']: YFRateLimitError('Too Many Requests. Rate limited. Try after a while.')

1 Failed download:
['ANTM']: YFRateLimitError('Too Many Requests. Rate limited. Try after a while.')
$APOL: possibly delisted; no price data found  (1d 1927-09-16 -> 2026-08-22)
$APOL: possibly delisted; no price data found  (1d 2009-06-21 -> 2009-07-02)

1 Failed download:
['APOL']: possibly delisted; no price data found  (1d 2009-06-21 -> 2009-07-02)

1 Failed download:
['ARNC']: YFRateLimitError('Too Many Requests. Rate limited. Try after a while.')
$ATGE: possibly delisted; no timezone found

1 Failed download:
['APC']: YFRateLimitError('Too Many Requests. Rate limited. Try after a while.')
$ATGE: possibly delisted; no timezone found
$AVP: possibly delisted; no timezone found

1 Failed download:
['ATGE']: possibly delisted; no timezone found
$AVP: possibly delisted; no timezone found

1 Failed download:
['AVP']: possibly delisted; no timezone found
$BCR: possibly delisted; no price data found  (1d 1927-09-16 -> 2026-08-22)
$BCR: possibly delisted; no price data found  (1d 2009-06-21 -> 2009-07-02)

1 Failed download:
['BCR']: possibly delisted; no price data found  (1d 2009-06-21 -> 2009-07-02)

1 Failed download:
['BEAM']: YFRateLimitError('Too Many Requests. Rate limited. Try after a while.')
$BHGE: possibly delisted; no timezone found
$BIG: possibly delisted; no timezone found

1 Failed download:
['BHGE']: possibly delisted; no timezone found
$BLL: possibly delisted; no timezone found
$BIG: possibly delisted; no timezone found

1 Failed download:
['BIG']: possibly delisted; no timezone found
$BRCM: possibly delisted; no price data found  (1d 1927-09-16 -> 2026-08-22)
$BLL: possibly delisted; no timezone found

1 Failed download:
['BLL']: possibly delisted; no timezone found

1 Failed download:
['BK']: YFRateLimitError('Too Many Requests. Rate limited. Try after a while.')
$BTUUQ: possibly delisted; no price data found  (1d 1927-09-16 -> 2026-08-22)
$BRCM: possibly delisted; no price data found  (1d 2009-06-21 -> 2009-07-02)

1 Failed download:
['BRCM']: possibly delisted; no price data found  (1d 2009-06-21 -> 2009-07-02)
$BTUUQ: possibly delisted; no price data found  (1d 2009-06-21 -> 2009-07-02)

1 Failed download:
['BTUUQ']: possibly delisted; no price data found  (1d 2009-06-21 -> 2009-07-02)
$CCE: possibly delisted; no price data found  (1d 1927-09-16 -> 2026-08-22)

1 Failed download:
['CA']: YFRateLimitError('Too Many Requests. Rate limited. Try after a while.')
$CBS: possibly delisted; no timezone found
$CCE: possibly delisted; no price data found  (1d 2009-06-21 -> 2009-07-02)

1 Failed download:
['CCE']: possibly delisted; no price data found  (1d 2009-06-21 -> 2009-07-02)

1 Failed download:
['CEG']: YFRateLimitError('Too Many Requests. Rate limited. Try after a while.')
$CBS: possibly delisted; no timezone found

1 Failed download:
['CBS']: possibly delisted; no timezone found

1 Failed download:
['CAM']: YFRateLimitError('Too Many Requests. Rate limited. Try after a while.')
$CELG: possibly delisted; no timezone found
$CELG: possibly delisted; no timezone found

1 Failed download:
['CELG']: possibly delisted; no timezone found

1 Failed download:
['CHK']: YFRateLimitError('Too Many Requests. Rate limited. Try after a while.')
$COG: possibly delisted; no timezone found
$COG: possibly delisted; no timezone found

1 Failed download:
['CMA']: YFRateLimitError('Too Many Requests. Rate limited. Try after a while.')

1 Failed download:
['COG']: possibly delisted; no timezone found
$COL: possibly delisted; no price data found  (1d 2009-06-21 -> 2012-08-01)

1 Failed download:
['COL']: possibly delisted; no price data found  (1d 2009-06-21 -> 2012-08-01)

1 Failed download:
['CTL']: YFRateLimitError('Too Many Requests. Rate limited. Try after a while.')

1 Failed download:
['CTXS']: YFRateLimitError('Too Many Requests. Rate limited. Try after a while.')
$DF: possibly delisted; no timezone found

1 Failed download:
['DF']: possibly delisted; no timezone found

1 Failed download:
['DELL']: YFRateLimitError('Too Many Requests. Rate limited. Try after a while.')
$DFS: possibly delisted; no timezone found

1 Failed download:
['DFS']: possibly delisted; no timezone found

1 Failed download:
['DNR']: YFRateLimitError('Too Many Requests. Rate limited. Try after a while.')
$DO: possibly delisted; no timezone found

1 Failed download:
['DNB']: YFRateLimitError('Too Many Requests. Rate limited. Try after a while.')
$DO: possibly delisted; no timezone found

1 Failed download:
['DO']: possibly delisted; no timezone found
$DOW: possibly delisted; no price data found  (1d 2009-06-21 -> 2019-03-19) (Yahoo error = "Data doesn't exist for startDate = 1245556800, endDate = 1552968000")

1 Failed download:
['DOW']: possibly delisted; no price data found  (1d 2009-06-21 -> 2019-03-19) (Yahoo error = "Data doesn't exist for startDate = 1245556800, endDate = 1552968000")

1 Failed download:
['DTV']: YFRateLimitError('Too Many Requests. Rate limited. Try after a while.')

1 Failed download:
['EA']: YFRateLimitError('Too Many Requests. Rate limited. Try after a while.')

1 Failed download:
['DYN']: YFRateLimitError('Too Many Requests. Rate limited. Try after a while.')

1 Failed download:
['EMC']: YFRateLimitError('Too Many Requests. Rate limited. Try after a while.')
$ESV: possibly delisted; no timezone found

1 Failed download:
['ESV']: possibly delisted; no timezone found
$ES: possibly delisted; no price data found  (1d 2009-06-21 -> 2009-06-21)

1 Failed download:
['ES']: possibly delisted; no price data found  (1d 2009-06-21 -> 2009-06-21)

1 Failed download:
['ETFC']: YFRateLimitError('Too Many Requests. Rate limited. Try after a while.')

1 Failed download:
['FII']: YFRateLimitError('Too Many Requests. Rate limited. Try after a while.')
$FLIR: possibly delisted; no timezone found

1 Failed download:
['FLIR']: possibly delisted; no timezone found

1 Failed download:
['FRX']: YFRateLimitError('Too Many Requests. Rate limited. Try after a while.')

1 Failed download:
['FOXA']: YFRateLimitError('Too Many Requests. Rate limited. Try after a while.')
$FTR: possibly delisted; no timezone found

1 Failed download:
['FTR']: possibly delisted; no timezone found
$GAS: possibly delisted; no price data found  (1d 1927-09-16 -> 2026-08-22)
$GAS: possibly delisted; no price data found  (1d 2009-06-21 -> 2009-07-02) (Yahoo error = "Data doesn't exist for startDate = 1245556800, endDate = 1246507200")

1 Failed download:
['GAS']: possibly delisted; no price data found  (1d 2009-06-21 -> 2009-07-02) (Yahoo error = "Data doesn't exist for startDate = 1245556800, endDate = 1246507200")

1 Failed download:
['GPS']: YFRateLimitError('Too Many Requests. Rate limited. Try after a while.')
$HAR: possibly delisted; no price data found  (1d 1927-09-16 -> 2026-08-22)
$FTI: possibly delisted; no price data found  (1d 2009-06-21 -> 2009-06-21)

1 Failed download:
['FTI']: possibly delisted; no price data found  (1d 2009-06-21 -> 2009-06-21)
$HCBK: possibly delisted; no price data found  (1d 1927-09-16 -> 2026-08-22)

1 Failed download:
['HAR']: YFRateLimitError('Too Many Requests. Rate limited. Try after a while.')

1 Failed download:
['HCP']: YFRateLimitError('Too Many Requests. Rate limited. Try after a while.')
$HCBK: possibly delisted; no price data found  (1d 2009-06-21 -> 2009-07-02)
$HES: possibly delisted; no timezone found
$HES: possibly delisted; no timezone found

1 Failed download:
['HCBK']: possibly delisted; no price data found  (1d 2009-06-21 -> 2009-07-02)

1 Failed download:
['HES']: possibly delisted; no timezone found

1 Failed download:
['HOT']: YFRateLimitError('Too Many Requests. Rate limited. Try after a while.')
$HSP: possibly delisted; no price data found  (1d 1927-09-16 -> 2026-08-22)
$HSP: possibly delisted; no price data found  (1d 2009-06-21 -> 2009-07-02)

1 Failed download:
['HSP']: possibly delisted; no price data found  (1d 2009-06-21 -> 2009-07-02)

1 Failed download:
['IGT']: YFRateLimitError('Too Many Requests. Rate limited. Try after a while.')
$HRL: possibly delisted; no price data found  (1d 2009-06-21 -> 2009-06-21)

1 Failed download:
['HRL']: possibly delisted; no price data found  (1d 2009-06-21 -> 2009-06-21)

1 Failed download:
['IPG']: YFRateLimitError('Too Many Requests. Rate limited. Try after a while.')
$JEC: possibly delisted; no timezone found
$JEC: possibly delisted; no timezone found

1 Failed download:
['JEC']: possibly delisted; no timezone found

1 Failed download:
['JCP']: YFRateLimitError('Too Many Requests. Rate limited. Try after a while.')
$JNS: possibly delisted; no price data found  (1d 1927-09-16 -> 2026-08-22)
$IRM: possibly delisted; no price data found  (1d 2009-06-21 -> 2009-06-21)

1 Failed download:
['IRM']: possibly delisted; no price data found  (1d 2009-06-21 -> 2009-06-21)
$JNPR: possibly delisted; no timezone found
$JWN: possibly delisted; no timezone found
$JNS: possibly delisted; no price data found  (1d 2009-06-21 -> 2009-07-02)

1 Failed download:
['JNPR']: possibly delisted; no timezone found

1 Failed download:
['JNS']: possibly delisted; no price data found  (1d 2009-06-21 -> 2009-07-02)
$JWN: possibly delisted; no timezone found

1 Failed download:
['JWN']: possibly delisted; no timezone found

1 Failed download:
['K']: YFRateLimitError('Too Many Requests. Rate limited. Try after a while.')

1 Failed download:
['LB']: YFRateLimitError('Too Many Requests. Rate limited. Try after a while.')
$LLL: possibly delisted; no timezone found
$LLTC: possibly delisted; no price data found  (1d 1927-09-16 -> 2026-08-22)

1 Failed download:
['LIFE']: YFRateLimitError('Too Many Requests. Rate limited. Try after a while.')
$LLL: possibly delisted; no timezone found

1 Failed download:
['LLL']: possibly delisted; no timezone found
$LLTC: possibly delisted; no price data found  (1d 2009-06-21 -> 2009-07-02)

1 Failed download:
['LLTC']: possibly delisted; no price data found  (1d 2009-06-21 -> 2009-07-02)

1 Failed download:
['LM']: YFRateLimitError('Too Many Requests. Rate limited. Try after a while.')
$LXK: possibly delisted; no price data found  (1d 1927-09-16 -> 2026-08-22)

1 Failed download:
['LSI']: YFRateLimitError('Too Many Requests. Rate limited. Try after a while.')
$LXK: possibly delisted; no price data found  (1d 2009-06-21 -> 2009-07-02)

1 Failed download:
['LXK']: possibly delisted; no price data found  (1d 2009-06-21 -> 2009-07-02)
$MIL: possibly delisted; no price data found  (1d 1927-09-16 -> 2026-08-22)
$MDP: possibly delisted; no timezone found

1 Failed download:
['MDP']: possibly delisted; no timezone found
$MIL: possibly delisted; no price data found  (1d 2009-06-21 -> 2009-07-02)

1 Failed download:
['MIL']: possibly delisted; no price data found  (1d 2009-06-21 -> 2009-07-02)

1 Failed download:
['MMC']: YFRateLimitError('Too Many Requests. Rate limited. Try after a while.')
$MI: possibly delisted; no price data found  (1d 2009-06-21 -> 2009-07-02) (Yahoo error = "Data doesn't exist for startDate = 1245556800, endDate = 1246507200")

1 Failed download:
['MI']: possibly delisted; no price data found  (1d 2009-06-21 -> 2009-07-02) (Yahoo error = "Data doesn't exist for startDate = 1245556800, endDate = 1246507200")
$MRO: possibly delisted; no timezone found
$MRO: possibly delisted; no timezone found

1 Failed download:
['MRO']: possibly delisted; no timezone found

1 Failed download:
['MON']: YFRateLimitError('Too Many Requests. Rate limited. Try after a while.')
$MWW: possibly delisted; no price data found  (1d 1927-09-16 -> 2026-08-22)
$MWW: possibly delisted; no price data found  (1d 2009-06-21 -> 2009-07-02)

1 Failed download:
['MWW']: possibly delisted; no price data found  (1d 2009-06-21 -> 2009-07-02)
$NBL: possibly delisted; no timezone found

1 Failed download:
['MYL']: YFRateLimitError('Too Many Requests. Rate limited. Try after a while.')
$NBL: possibly delisted; no timezone found

1 Failed download:
['NBL']: possibly delisted; no timezone found
$NVLS: possibly delisted; no price data found  (1d 1927-09-16 -> 2026-08-22)

1 Failed download:
['NSM']: YFRateLimitError('Too Many Requests. Rate limited. Try after a while.')
$NVLS: possibly delisted; no price data found  (1d 2009-06-21 -> 2009-07-02)

1 Failed download:
['NVLS']: possibly delisted; no price data found  (1d 2009-06-21 -> 2009-07-02)

1 Failed download:
['ODP']: YFRateLimitError('Too Many Requests. Rate limited. Try after a while.')
$PBCT: possibly delisted; no timezone found
$PBCT: possibly delisted; no timezone found

1 Failed download:
['PBCT']: possibly delisted; no timezone found
$ORLY: possibly delisted; no price data found  (1d 2009-06-21 -> 2009-06-21)

1 Failed download:
['ORLY']: possibly delisted; no price data found  (1d 2009-06-21 -> 2009-06-21)
$PCP: possibly delisted; no price data found  (1d 1927-09-16 -> 2026-08-22)
$PCP: possibly delisted; no price data found  (1d 2009-06-21 -> 2009-07-02) (Yahoo error = "Data doesn't exist for startDate = 1245556800, endDate = 1246507200")

1 Failed download:
['PCP']: possibly delisted; no price data found  (1d 2009-06-21 -> 2009-07-02) (Yahoo error = "Data doesn't exist for startDate = 1245556800, endDate = 1246507200")

1 Failed download:
['PDCO']: YFRateLimitError('Too Many Requests. Rate limited. Try after a while.')
$PGN: possibly delisted; no price data found  (1d 1927-09-16 -> 2026-08-22)

1 Failed download:
['PCL']: YFRateLimitError('Too Many Requests. Rate limited. Try after a while.')
$PGN: possibly delisted; no price data found  (1d 2009-06-21 -> 2009-07-02)

1 Failed download:
['PGN']: possibly delisted; no price data found  (1d 2009-06-21 -> 2009-07-02)
$PKI: possibly delisted; no timezone found
$PKI: possibly delisted; no timezone found

1 Failed download:
['PKI']: possibly delisted; no timezone found

1 Failed download:
['PLL']: YFRateLimitError('Too Many Requests. Rate limited. Try after a while.')

1 Failed download:
['POM']: YFRateLimitError('Too Many Requests. Rate limited. Try after a while.')
$QLGC: possibly delisted; no price data found  (1d 1927-09-16 -> 2026-08-22)
$RAI: possibly delisted; no price data found  (1d 1927-09-16 -> 2026-08-22)
$PXD: possibly delisted; no timezone found
$QLGC: possibly delisted; no price data found  (1d 2009-06-21 -> 2009-07-02)
$PX: possibly delisted; no timezone found

1 Failed download:
['QLGC']: possibly delisted; no price data found  (1d 2009-06-21 -> 2009-07-02)
$PXD: possibly delisted; no timezone found

1 Failed download:
['PX']: possibly delisted; no timezone found

1 Failed download:
['PXD']: possibly delisted; no timezone found
$RAI: possibly delisted; no price data found  (1d 2009-06-21 -> 2009-07-02)

1 Failed download:
['RAI']: possibly delisted; no price data found  (1d 2009-06-21 -> 2009-07-02)

1 Failed download:
['RDC']: YFRateLimitError('Too Many Requests. Rate limited. Try after a while.')

1 Failed download:
['Q']: YFRateLimitError('Too Many Requests. Rate limited. Try after a while.')
$PWR: possibly delisted; no price data found  (1d 2009-06-21 -> 2009-06-21)

1 Failed download:
['PWR']: possibly delisted; no price data found  (1d 2009-06-21 -> 2009-06-21)

1 Failed download:
['RRD']: YFRateLimitError('Too Many Requests. Rate limited. Try after a while.')
$RTN: possibly delisted; no timezone found
$RTN: possibly delisted; no timezone found

1 Failed download:
['RTN']: possibly delisted; no timezone found
$S: possibly delisted; no price data found  (1d 2009-06-21 -> 2021-06-29) (Yahoo error = "Data doesn't exist for startDate = 1245556800, endDate = 1624939200")

1 Failed download:
['S']: possibly delisted; no price data found  (1d 2009-06-21 -> 2021-06-29) (Yahoo error = "Data doesn't exist for startDate = 1245556800, endDate = 1624939200")

1 Failed download:
['SCG']: YFRateLimitError('Too Many Requests. Rate limited. Try after a while.')
$SIAL: possibly delisted; no price data found  (1d 1927-09-16 -> 2026-08-22)
$SEE: possibly delisted; no timezone found

1 Failed download:
['SEE']: possibly delisted; no timezone found

1 Failed download:
['SE']: YFRateLimitError('Too Many Requests. Rate limited. Try after a while.')
$SGP: possibly delisted; no price data found  (1d 2009-06-21 -> 2009-07-02) (Yahoo error = "Data doesn't exist for startDate = 1245556800, endDate = 1246507200")

1 Failed download:
['SGP']: possibly delisted; no price data found  (1d 2009-06-21 -> 2009-07-02) (Yahoo error = "Data doesn't exist for startDate = 1245556800, endDate = 1246507200")

1 Failed download:
['SHLD']: YFRateLimitError('Too Many Requests. Rate limited. Try after a while.')
$SNI: possibly delisted; no price data found  (1d 1927-09-16 -> 2026-08-22)
$SIAL: possibly delisted; no price data found  (1d 2009-06-21 -> 2009-07-02)

1 Failed download:
['SII']: YFRateLimitError('Too Many Requests. Rate limited. Try after a while.')

1 Failed download:
['SIAL']: possibly delisted; no price data found  (1d 2009-06-21 -> 2009-07-02)
$SNI: possibly delisted; no price data found  (1d 2009-06-21 -> 2009-07-02)

1 Failed download:
['SNI']: possibly delisted; no price data found  (1d 2009-06-21 -> 2009-07-02)

1 Failed download:
['SNDK']: YFRateLimitError('Too Many Requests. Rate limited. Try after a while.')
$STJ: possibly delisted; no price data found  (1d 1927-09-16 -> 2026-08-22)

1 Failed download:
['SPLS']: YFRateLimitError('Too Many Requests. Rate limited. Try after a while.')
$SRCL: possibly delisted; no timezone found
$STR: possibly delisted; no timezone found

1 Failed download:
['SRCL']: possibly delisted; no timezone found
$SUNEQ: possibly delisted; no price data found  (1d 1927-09-16 -> 2026-08-22)
$STJ: possibly delisted; no price data found  (1d 2009-06-21 -> 2009-07-02)

1 Failed download:
['STJ']: possibly delisted; no price data found  (1d 2009-06-21 -> 2009-07-02)
$STR: possibly delisted; no timezone found

1 Failed download:
['STR']: possibly delisted; no timezone found

1 Failed download:
['STI']: YFRateLimitError('Too Many Requests. Rate limited. Try after a while.')
$SUNEQ: possibly delisted; no price data found  (1d 2009-06-21 -> 2009-07-02)

1 Failed download:
['SUNEQ']: possibly delisted; no price data found  (1d 2009-06-21 -> 2009-07-02)

1 Failed download:
['SYMC']: YFRateLimitError('Too Many Requests. Rate limited. Try after a while.')

1 Failed download:
['SUN']: YFRateLimitError('Too Many Requests. Rate limited. Try after a while.')

1 Failed download:
['TE']: YFRateLimitError('Too Many Requests. Rate limited. Try after a while.')
$TGNA: possibly delisted; no timezone found
$TGNA: possibly delisted; no timezone found

1 Failed download:
['TGNA']: possibly delisted; no timezone found

1 Failed download:
['TMK']: YFRateLimitError('Too Many Requests. Rate limited. Try after a while.')
$TMUS: possibly delisted; no price data found  (1d 2009-06-21 -> 2009-06-21)

1 Failed download:
['TMUS']: possibly delisted; no price data found  (1d 2009-06-21 -> 2009-06-21)
$TIF: possibly delisted; no timezone found
$TIF: possibly delisted; no timezone found

1 Failed download:
['TIF']: possibly delisted; no timezone found
$TWC: possibly delisted; no price data found  (1d 1927-09-16 -> 2026-08-22)

1 Failed download:
['TSS']: YFRateLimitError('Too Many Requests. Rate limited. Try after a while.')
$TWC: possibly delisted; no price data found  (1d 2009-06-21 -> 2009-07-02)

1 Failed download:
['TWC']: possibly delisted; no price data found  (1d 2009-06-21 -> 2009-07-02)
$UTX: possibly delisted; no timezone found
$VAR: possibly delisted; no timezone found

1 Failed download:
['UTX']: possibly delisted; no timezone found
$VAR: possibly delisted; no timezone found

1 Failed download:
['VAR']: possibly delisted; no timezone found

1 Failed download:
['VIAB']: YFRateLimitError('Too Many Requests. Rate limited. Try after a while.')
$VTR: possibly delisted; no price data found  (1d 2009-06-21 -> 2009-06-21)

1 Failed download:

1 Failed download:
['VTR']: possibly delisted; no price data found  (1d 2009-06-21 -> 2009-06-21)
['WBA']: YFRateLimitError('Too Many Requests. Rate limited. Try after a while.')
$WFM: possibly delisted; no price data found  (1d 1927-09-16 -> 2026-08-22)
$WFM: possibly delisted; no price data found  (1d 2009-06-21 -> 2009-07-02)

1 Failed download:
['WFM']: possibly delisted; no price data found  (1d 2009-06-21 -> 2009-07-02)

1 Failed download:
['WIN']: YFRateLimitError('Too Many Requests. Rate limited. Try after a while.')
$WDC: possibly delisted; no price data found  (1d 2009-06-21 -> 2009-06-21)

1 Failed download:
['WDC']: possibly delisted; no price data found  (1d 2009-06-21 -> 2009-06-21)
$WELL: possibly delisted; no price data found  (1d 2009-06-21 -> 2009-06-21)

1 Failed download:
['WELL']: possibly delisted; no price data found  (1d 2009-06-21 -> 2009-06-21)

1 Failed download:
['WYND']: YFRateLimitError('Too Many Requests. Rate limited. Try after a while.')
$XL: possibly delisted; no timezone found
$X: possibly delisted; no timezone found
$X: possibly delisted; no timezone found

1 Failed download:
['X']: possibly delisted; no timezone found
$XL: possibly delisted; no timezone found

1 Failed download:
['XL']: possibly delisted; no timezone found

1 Failed download:
['XLNX']: YFRateLimitError('Too Many Requests. Rate limited. Try after a while.')
[h11]     [6/6] 2009-07-01: picks=['AMZN', 'ESRX', 'MCD'] (pool=40, 후보=29, 56.2s)
$CSX: possibly delisted; no price data found  (1d 2005-11-27 -> 2005-11-27)

1 Failed download:
['CSX']: possibly delisted; no price data found  (1d 2005-11-27 -> 2005-11-27)
$BBT: possibly delisted; no price data found  (1d 2005-11-27 -> 2005-11-27)

1 Failed download:
['BBT']: possibly delisted; no price data found  (1d 2005-11-27 -> 2005-11-27)
$PSA: possibly delisted; no price data found  (1d 2005-11-27 -> 2005-11-27)

1 Failed download:
['PSA']: possibly delisted; no price data found  (1d 2005-11-27 -> 2005-11-27)
[h14] 6개 반기 리밸런싱일에서 풀 구성: ['2007-01-03', '2007-07-02', '2008-01-02', '2008-07-01', '2009-01-02', '2009-07-01']
$ABC: possibly delisted; no timezone found
$ABC: possibly delisted; no timezone found

1 Failed download:
['ABC']: possibly delisted; no timezone found

1 Failed download:
['AABA']: YFRateLimitError('Too Many Requests. Rate limited. Try after a while.')

1 Failed download:
['ADCT']: YFRateLimitError('Too Many Requests. Rate limited. Try after a while.')
$ADBE: possibly delisted; no price data found  (1d 2006-12-24 -> 2006-12-25)

1 Failed download:
['ADBE']: possibly delisted; no price data found  (1d 2006-12-24 -> 2006-12-25)
$AEE: possibly delisted; no price data found  (1d 2006-12-24 -> 2006-12-25)

1 Failed download:
['AEE']: possibly delisted; no price data found  (1d 2006-12-24 -> 2006-12-25)
$A: possibly delisted; no price data found  (1d 2006-12-24 -> 2006-12-25)

1 Failed download:
['A']: possibly delisted; no price data found  (1d 2006-12-24 -> 2006-12-25)
$ADSK: possibly delisted; no price data found  (1d 2006-12-24 -> 2006-12-25)

1 Failed download:
['ADSK']: possibly delisted; no price data found  (1d 2006-12-24 -> 2006-12-25)
$ABT: possibly delisted; no price data found  (1d 2006-12-24 -> 2006-12-25)

1 Failed download:
['ABT']: possibly delisted; no price data found  (1d 2006-12-24 -> 2006-12-25)
$ADM: possibly delisted; no price data found  (1d 2006-12-24 -> 2006-12-25)

1 Failed download:
['ADM']: possibly delisted; no price data found  (1d 2006-12-24 -> 2006-12-25)
$ADI: possibly delisted; no price data found  (1d 2006-12-24 -> 2006-12-25)

1 Failed download:
['ADI']: possibly delisted; no price data found  (1d 2006-12-24 -> 2006-12-25)
$ADP: possibly delisted; no price data found  (1d 2006-12-24 -> 2006-12-25)

1 Failed download:
['ADP']: possibly delisted; no price data found  (1d 2006-12-24 -> 2006-12-25)

1 Failed download:
['AGN']: YFRateLimitError('Too Many Requests. Rate limited. Try after a while.')
$AEP: possibly delisted; no price data found  (1d 2006-12-24 -> 2006-12-25)

1 Failed download:
['AEP']: possibly delisted; no price data found  (1d 2006-12-24 -> 2006-12-25)
$AES: possibly delisted; no price data found  (1d 2006-12-24 -> 2006-12-25)

1 Failed download:
['AES']: possibly delisted; no price data found  (1d 2006-12-24 -> 2006-12-25)
$AIV: possibly delisted; no price data found  (1d 2006-12-24 -> 2006-12-25)

1 Failed download:
['AIV']: possibly delisted; no price data found  (1d 2006-12-24 -> 2006-12-25)
$AET: possibly delisted; no price data found  (1d 2006-12-24 -> 2006-12-25)

1 Failed download:
['AET']: possibly delisted; no price data found  (1d 2006-12-24 -> 2006-12-25)

1 Failed download:
['ALTR']: YFRateLimitError('Too Many Requests. Rate limited. Try after a while.')

1 Failed download:
['ANTM']: YFRateLimitError('Too Many Requests. Rate limited. Try after a while.')
$AMD: possibly delisted; no price data found  (1d 2006-12-24 -> 2006-12-25)

1 Failed download:
['AMD']: possibly delisted; no price data found  (1d 2006-12-24 -> 2006-12-25)
$APOL: possibly delisted; no price data found  (1d 1927-09-16 -> 2026-08-22)
$AMP: possibly delisted; no price data found  (1d 2006-12-24 -> 2006-12-25)

1 Failed download:
['AMP']: possibly delisted; no price data found  (1d 2006-12-24 -> 2006-12-25)
$AMAT: possibly delisted; no price data found  (1d 2006-12-24 -> 2006-12-25)

1 Failed download:
['AMAT']: possibly delisted; no price data found  (1d 2006-12-24 -> 2006-12-25)
$APOL: possibly delisted; no price data found  (1d 2006-12-24 -> 2007-01-04)

1 Failed download:
['APOL']: possibly delisted; no price data found  (1d 2006-12-24 -> 2007-01-04)

1 Failed download:
['APC']: YFRateLimitError('Too Many Requests. Rate limited. Try after a while.')
$ARNC: possibly delisted; no timezone found
$ARNC: possibly delisted; no timezone found

1 Failed download:
['ARNC']: possibly delisted; no timezone found
$AN: possibly delisted; no price data found  (1d 2006-12-24 -> 2006-12-25)

1 Failed download:
['AN']: possibly delisted; no price data found  (1d 2006-12-24 -> 2006-12-25)

1 Failed download:
['AVP']: YFRateLimitError('Too Many Requests. Rate limited. Try after a while.')
$ATI: possibly delisted; no price data found  (1d 2006-12-24 -> 2006-12-25)

1 Failed download:
['ATI']: possibly delisted; no price data found  (1d 2006-12-24 -> 2006-12-25)
$AVY: possibly delisted; no price data found  (1d 2006-12-24 -> 2006-12-25)

1 Failed download:
['AVY']: possibly delisted; no price data found  (1d 2006-12-24 -> 2006-12-25)
$BCR: possibly delisted; no price data found  (1d 1927-09-16 -> 2026-08-22)
$BBBY: possibly delisted; no price data found  (1d 2006-12-24 -> 2006-12-25)

1 Failed download:
['BBBY']: possibly delisted; no price data found  (1d 2006-12-24 -> 2006-12-25)

1 Failed download:
['AT']: YFRateLimitError('Too Many Requests. Rate limited. Try after a while.')
$BCR: possibly delisted; no price data found  (1d 2006-12-24 -> 2007-01-04)

1 Failed download:
['BCR']: possibly delisted; no price data found  (1d 2006-12-24 -> 2007-01-04)
$BHGE: possibly delisted; no timezone found

1 Failed download:
['BEAM']: YFRateLimitError('Too Many Requests. Rate limited. Try after a while.')
$BHGE: possibly delisted; no timezone found
$BIG: possibly delisted; no timezone found

1 Failed download:
['BHGE']: possibly delisted; no timezone found

1 Failed download:
['BIG']: possibly delisted; no timezone found
$BK: possibly delisted; no timezone found
$BLL: possibly delisted; no timezone found
$BK: possibly delisted; no timezone found

1 Failed download:
['BK']: possibly delisted; no timezone found
$BLL: possibly delisted; no timezone found

1 Failed download:
['BLL']: possibly delisted; no timezone found
$BC: possibly delisted; no price data found  (1d 2006-12-24 -> 2006-12-25)

1 Failed download:
['BC']: possibly delisted; no price data found  (1d 2006-12-24 -> 2006-12-25)
$BRCM: possibly delisted; no price data found  (1d 1927-09-16 -> 2026-08-22)
$BTUUQ: possibly delisted; no price data found  (1d 1927-09-16 -> 2026-08-22)
$BIIB: possibly delisted; no price data found  (1d 2006-12-24 -> 2006-12-25)

1 Failed download:
['BIIB']: possibly delisted; no price data found  (1d 2006-12-24 -> 2006-12-25)
$BRCM: possibly delisted; no price data found  (1d 2006-12-24 -> 2007-01-04)

1 Failed download:
['BRCM']: possibly delisted; no price data found  (1d 2006-12-24 -> 2007-01-04)
$BTUUQ: possibly delisted; no price data found  (1d 2006-12-24 -> 2007-01-04)

1 Failed download:
['BTUUQ']: possibly delisted; no price data found  (1d 2006-12-24 -> 2007-01-04)
$BEN: possibly delisted; no price data found  (1d 2006-12-24 -> 2006-12-25)

1 Failed download:
['BEN']: possibly delisted; no price data found  (1d 2006-12-24 -> 2006-12-25)
$BDX: possibly delisted; no price data found  (1d 2006-12-24 -> 2006-12-25)

1 Failed download:
['BDX']: possibly delisted; no price data found  (1d 2006-12-24 -> 2006-12-25)

1 Failed download:
['BUD']: YFRateLimitError('Too Many Requests. Rate limited. Try after a while.')
$BF-B: possibly delisted; no price data found  (1d 2006-12-24 -> 2006-12-25)

1 Failed download:
['BF-B']: possibly delisted; no price data found  (1d 2006-12-24 -> 2006-12-25)
$BSX: possibly delisted; no price data found  (1d 2006-12-24 -> 2006-12-25)

1 Failed download:
['BSX']: possibly delisted; no price data found  (1d 2006-12-24 -> 2006-12-25)
$BMS: possibly delisted; no price data found  (1d 2006-12-24 -> 2006-12-25)

1 Failed download:
['BMS']: possibly delisted; no price data found  (1d 2006-12-24 -> 2006-12-25)

1 Failed download:
['CA']: YFRateLimitError('Too Many Requests. Rate limited. Try after a while.')
$BXP: possibly delisted; no price data found  (1d 2006-12-24 -> 2006-12-25)

1 Failed download:
['BXP']: possibly delisted; no price data found  (1d 2006-12-24 -> 2006-12-25)
$BMY: possibly delisted; no price data found  (1d 2006-12-24 -> 2006-12-25)

1 Failed download:
['BMY']: possibly delisted; no price data found  (1d 2006-12-24 -> 2006-12-25)
$C: possibly delisted; no price data found  (1d 2006-12-24 -> 2006-12-25)

1 Failed download:
['C']: possibly delisted; no price data found  (1d 2006-12-24 -> 2006-12-25)
$CCE: possibly delisted; no price data found  (1d 1927-09-16 -> 2026-08-22)
$CAG: possibly delisted; no price data found  (1d 2006-12-24 -> 2006-12-25)

1 Failed download:
['CAG']: possibly delisted; no price data found  (1d 2006-12-24 -> 2006-12-25)
$CCE: possibly delisted; no price data found  (1d 2006-12-24 -> 2007-01-04)

1 Failed download:
['CCE']: possibly delisted; no price data found  (1d 2006-12-24 -> 2007-01-04)

1 Failed download:
['CBS']: YFRateLimitError('Too Many Requests. Rate limited. Try after a while.')
$CHK: possibly delisted; no timezone found
$CELG: possibly delisted; no timezone found
$CAH: possibly delisted; no price data found  (1d 2006-12-24 -> 2006-12-25)

1 Failed download:
['CAH']: possibly delisted; no price data found  (1d 2006-12-24 -> 2006-12-25)
$CBRE: possibly delisted; no price data found  (1d 2006-12-24 -> 2006-12-25)

1 Failed download:
['CBRE']: possibly delisted; no price data found  (1d 2006-12-24 -> 2006-12-25)
$CAT: possibly delisted; no price data found  (1d 2006-12-24 -> 2006-12-25)

1 Failed download:
['CAT']: possibly delisted; no price data found  (1d 2006-12-24 -> 2006-12-25)

1 Failed download:
['CEG']: YFRateLimitError('Too Many Requests. Rate limited. Try after a while.')
$CIEN: possibly delisted; no price data found  (1d 2006-12-24 -> 2006-12-25)
$CHK: possibly delisted; no timezone found

1 Failed download:
['CHK']: possibly delisted; no timezone found

1 Failed download:
['CIEN']: possibly delisted; no price data found  (1d 2006-12-24 -> 2006-12-25)

1 Failed download:
['CBH']: YFRateLimitError('Too Many Requests. Rate limited. Try after a while.')
$CCU: possibly delisted; no price data found  (1d 2006-12-24 -> 2006-12-25)

1 Failed download:
['CCU']: possibly delisted; no price data found  (1d 2006-12-24 -> 2006-12-25)
$CCL: possibly delisted; no price data found  (1d 2006-12-24 -> 2006-12-25)
$CELG: possibly delisted; no timezone found

1 Failed download:
['CELG']: possibly delisted; no timezone found

1 Failed download:
['CCL']: possibly delisted; no price data found  (1d 2006-12-24 -> 2006-12-25)
$CI: possibly delisted; no price data found  (1d 2006-12-24 -> 2006-12-25)

1 Failed download:
['CI']: possibly delisted; no price data found  (1d 2006-12-24 -> 2006-12-25)

1 Failed download:
['CMA']: YFRateLimitError('Too Many Requests. Rate limited. Try after a while.')
$CINF: possibly delisted; no price data found  (1d 2006-12-24 -> 2006-12-25)

1 Failed download:
['CINF']: possibly delisted; no price data found  (1d 2006-12-24 -> 2006-12-25)
$CL: possibly delisted; no price data found  (1d 2006-12-24 -> 2006-12-25)

1 Failed download:
['CL']: possibly delisted; no price data found  (1d 2006-12-24 -> 2006-12-25)
$CLX: possibly delisted; no price data found  (1d 2006-12-24 -> 2006-12-25)

1 Failed download:
['CLX']: possibly delisted; no price data found  (1d 2006-12-24 -> 2006-12-25)
$CMS: possibly delisted; no price data found  (1d 2006-12-24 -> 2006-12-25)

1 Failed download:
['CMS']: possibly delisted; no price data found  (1d 2006-12-24 -> 2006-12-25)
$CMCSA: possibly delisted; no price data found  (1d 2006-12-24 -> 2006-12-25)

1 Failed download:
['CMCSA']: possibly delisted; no price data found  (1d 2006-12-24 -> 2006-12-25)
$CNX: possibly delisted; no price data found  (1d 2006-12-24 -> 2006-12-25)

1 Failed download:
['CNX']: possibly delisted; no price data found  (1d 2006-12-24 -> 2006-12-25)
$COF: possibly delisted; no price data found  (1d 2006-12-24 -> 2006-12-25)

1 Failed download:
['COF']: possibly delisted; no price data found  (1d 2006-12-24 -> 2006-12-25)
$COL: possibly delisted; no price data found  (1d 2006-12-24 -> 2012-08-01)

1 Failed download:
['COL']: possibly delisted; no price data found  (1d 2006-12-24 -> 2012-08-01)
$CPWR: possibly delisted; no price data found  (1d 2006-12-24 -> 2006-12-25)

1 Failed download:
['CPWR']: possibly delisted; no price data found  (1d 2006-12-24 -> 2006-12-25)
$COST: possibly delisted; no price data found  (1d 2006-12-24 -> 2006-12-25)

1 Failed download:
['COST']: possibly delisted; no price data found  (1d 2006-12-24 -> 2006-12-25)

1 Failed download:
['CTL']: YFRateLimitError('Too Many Requests. Rate limited. Try after a while.')
$CPB: possibly delisted; no price data found  (1d 2006-12-24 -> 2006-12-25)

1 Failed download:
['CPB']: possibly delisted; no price data found  (1d 2006-12-24 -> 2006-12-25)

1 Failed download:
['CTXS']: YFRateLimitError('Too Many Requests. Rate limited. Try after a while.')
$CNP: possibly delisted; no price data found  (1d 2006-12-24 -> 2006-12-25)

1 Failed download:
['CNP']: possibly delisted; no price data found  (1d 2006-12-24 -> 2006-12-25)
$CTAS: possibly delisted; no price data found  (1d 2006-12-24 -> 2006-12-25)

1 Failed download:
['CTAS']: possibly delisted; no price data found  (1d 2006-12-24 -> 2006-12-25)
$CTSH: possibly delisted; no price data found  (1d 2006-12-24 -> 2006-12-25)
$CVG: possibly delisted; no price data found  (1d 2006-12-24 -> 2006-12-26)

1 Failed download:
['CTSH']: possibly delisted; no price data found  (1d 2006-12-24 -> 2006-12-25)

1 Failed download:
['CVG']: possibly delisted; no price data found  (1d 2006-12-24 -> 2006-12-26)

1 Failed download:
['DELL']: YFRateLimitError('Too Many Requests. Rate limited. Try after a while.')
$DF: possibly delisted; no timezone found
$DDS: possibly delisted; no price data found  (1d 2006-12-24 -> 2006-12-25)

1 Failed download:
['DDS']: possibly delisted; no price data found  (1d 2006-12-24 -> 2006-12-25)
$DD: possibly delisted; no price data found  (1d 2006-12-24 -> 2006-12-25)

1 Failed download:
['DD']: possibly delisted; no price data found  (1d 2006-12-24 -> 2006-12-25)
$DE: possibly delisted; no price data found  (1d 2006-12-24 -> 2006-12-25)
$DF: possibly delisted; no timezone found

1 Failed download:
['DE']: possibly delisted; no price data found  (1d 2006-12-24 -> 2006-12-25)

1 Failed download:
['DF']: possibly delisted; no timezone found

1 Failed download:
['DG']: YFRateLimitError('Too Many Requests. Rate limited. Try after a while.')
$DGX: possibly delisted; no price data found  (1d 2006-12-24 -> 2006-12-25)

1 Failed download:
['DGX']: possibly delisted; no price data found  (1d 2006-12-24 -> 2006-12-25)
$DHI: possibly delisted; no price data found  (1d 2006-12-24 -> 2006-12-25)

1 Failed download:
['DHI']: possibly delisted; no price data found  (1d 2006-12-24 -> 2006-12-25)
$DHR: possibly delisted; no price data found  (1d 2006-12-24 -> 2006-12-25)

1 Failed download:
['DHR']: possibly delisted; no price data found  (1d 2006-12-24 -> 2006-12-25)

1 Failed download:
['DTV']: YFRateLimitError('Too Many Requests. Rate limited. Try after a while.')

1 Failed download:
['DOW']: YFRateLimitError('Too Many Requests. Rate limited. Try after a while.')

1 Failed download:
['EA']: YFRateLimitError('Too Many Requests. Rate limited. Try after a while.')
$DRI: possibly delisted; no price data found  (1d 2006-12-24 -> 2006-12-25)

1 Failed download:
['DRI']: possibly delisted; no price data found  (1d 2006-12-24 -> 2006-12-25)
$DIS: possibly delisted; no price data found  (1d 2006-12-24 -> 2006-12-25)

1 Failed download:
['DIS']: possibly delisted; no price data found  (1d 2006-12-24 -> 2006-12-25)
$DVN: possibly delisted; no price data found  (1d 2006-12-24 -> 2006-12-25)

1 Failed download:
['DVN']: possibly delisted; no price data found  (1d 2006-12-24 -> 2006-12-25)
$DTE: possibly delisted; no price data found  (1d 2006-12-24 -> 2006-12-25)

1 Failed download:
['DTE']: possibly delisted; no price data found  (1d 2006-12-24 -> 2006-12-25)
$DUK: possibly delisted; no price data found  (1d 2006-12-24 -> 2006-12-25)

1 Failed download:
['DUK']: possibly delisted; no price data found  (1d 2006-12-24 -> 2006-12-25)
$EBAY: possibly delisted; no price data found  (1d 2006-12-24 -> 2006-12-25)

1 Failed download:
['EBAY']: possibly delisted; no price data found  (1d 2006-12-24 -> 2006-12-25)

1 Failed download:
['DYN']: YFRateLimitError('Too Many Requests. Rate limited. Try after a while.')
$DOV: possibly delisted; no price data found  (1d 2006-12-24 -> 2006-12-25)

1 Failed download:
['DOV']: possibly delisted; no price data found  (1d 2006-12-24 -> 2006-12-25)

1 Failed download:
['EMC']: YFRateLimitError('Too Many Requests. Rate limited. Try after a while.')
$ECL: possibly delisted; no price data found  (1d 2006-12-24 -> 2006-12-25)
$ED: possibly delisted; no price data found  (1d 2006-12-24 -> 2006-12-25)

1 Failed download:
['ED']: possibly delisted; no price data found  (1d 2006-12-24 -> 2006-12-25)

1 Failed download:
['ECL']: possibly delisted; no price data found  (1d 2006-12-24 -> 2006-12-25)
$EL: possibly delisted; no price data found  (1d 2006-12-24 -> 2006-12-25)
$EIX: possibly delisted; no price data found  (1d 2006-12-24 -> 2006-12-25)

1 Failed download:
['EL']: possibly delisted; no price data found  (1d 2006-12-24 -> 2006-12-25)

1 Failed download:
['EIX']: possibly delisted; no price data found  (1d 2006-12-24 -> 2006-12-25)
$EMN: possibly delisted; no price data found  (1d 2006-12-24 -> 2006-12-25)

1 Failed download:
['EQ']: YFRateLimitError('Too Many Requests. Rate limited. Try after a while.')

1 Failed download:
['EMN']: possibly delisted; no price data found  (1d 2006-12-24 -> 2006-12-25)

1 Failed download:
['ETFC']: YFRateLimitError('Too Many Requests. Rate limited. Try after a while.')
$EMR: possibly delisted; no price data found  (1d 2006-12-24 -> 2006-12-25)

1 Failed download:
['EMR']: possibly delisted; no price data found  (1d 2006-12-24 -> 2006-12-25)
$EP: possibly delisted; no price data found  (1d 2006-12-24 -> 2006-12-25)

1 Failed download:
['EP']: possibly delisted; no price data found  (1d 2006-12-24 -> 2006-12-25)
$EQR: possibly delisted; no price data found  (1d 2006-12-24 -> 2006-12-25)

1 Failed download:
['EQR']: possibly delisted; no price data found  (1d 2006-12-24 -> 2006-12-25)
$EOG: possibly delisted; no price data found  (1d 2006-12-24 -> 2006-12-25)

1 Failed download:
['EOG']: possibly delisted; no price data found  (1d 2006-12-24 -> 2006-12-25)

1 Failed download:
['FII']: YFRateLimitError('Too Many Requests. Rate limited. Try after a while.')
$ETN: possibly delisted; no price data found  (1d 2006-12-24 -> 2006-12-25)

1 Failed download:
['ETN']: possibly delisted; no price data found  (1d 2006-12-24 -> 2006-12-25)
$ETR: possibly delisted; no price data found  (1d 2006-12-24 -> 2006-12-25)

1 Failed download:
['ETR']: possibly delisted; no price data found  (1d 2006-12-24 -> 2006-12-25)

1 Failed download:
['FDC']: YFRateLimitError('Too Many Requests. Rate limited. Try after a while.')
$FIS: possibly delisted; no price data found  (1d 2006-12-24 -> 2006-12-25)

1 Failed download:
['FIS']: possibly delisted; no price data found  (1d 2006-12-24 -> 2006-12-25)
$F: possibly delisted; no price data found  (1d 2006-12-24 -> 2006-12-25)

1 Failed download:
['F']: possibly delisted; no price data found  (1d 2006-12-24 -> 2006-12-25)
$FDX: possibly delisted; no price data found  (1d 2006-12-24 -> 2006-12-25)

1 Failed download:
['FDX']: possibly delisted; no price data found  (1d 2006-12-24 -> 2006-12-25)
$FHN: possibly delisted; no price data found  (1d 2006-12-24 -> 2006-12-25)

1 Failed download:
['FHN']: possibly delisted; no price data found  (1d 2006-12-24 -> 2006-12-25)
$FTR: possibly delisted; no timezone found
$FLR: possibly delisted; no price data found  (1d 2006-12-24 -> 2006-12-25)

1 Failed download:
['FLR']: possibly delisted; no price data found  (1d 2006-12-24 -> 2006-12-25)
$GAS: possibly delisted; no price data found  (1d 1927-09-16 -> 2026-08-22)
$FISV: possibly delisted; no price data found  (1d 2006-12-24 -> 2006-12-25)

1 Failed download:
['FISV']: possibly delisted; no price data found  (1d 2006-12-24 -> 2006-12-25)
$FTR: possibly delisted; no timezone found

1 Failed download:
['FTR']: possibly delisted; no timezone found

1 Failed download:
['FRX']: YFRateLimitError('Too Many Requests. Rate limited. Try after a while.')
$FITB: possibly delisted; no price data found  (1d 2006-12-24 -> 2006-12-25)

1 Failed download:
['FITB']: possibly delisted; no price data found  (1d 2006-12-24 -> 2006-12-25)

1 Failed download:
['GAS']: YFRateLimitError('Too Many Requests. Rate limited. Try after a while.')
$FOXA: possibly delisted; no price data found  (1d 2006-12-24 -> 2019-03-11) (Yahoo error = "Data doesn't exist for startDate = 1166936400, endDate = 1552276800")

1 Failed download:
['FOXA']: possibly delisted; no price data found  (1d 2006-12-24 -> 2019-03-11) (Yahoo error = "Data doesn't exist for startDate = 1166936400, endDate = 1552276800")
$GNW: possibly delisted; no price data found  (1d 2006-12-24 -> 2006-12-25)

1 Failed download:
['GNW']: possibly delisted; no price data found  (1d 2006-12-24 -> 2006-12-25)

1 Failed download:
['GPS']: YFRateLimitError('Too Many Requests. Rate limited. Try after a while.')
$HAR: possibly delisted; no price data found  (1d 1927-09-16 -> 2026-08-22)
$GLW: possibly delisted; no price data found  (1d 2006-12-24 -> 2006-12-25)

1 Failed download:
['GLW']: possibly delisted; no price data found  (1d 2006-12-24 -> 2006-12-25)
$GD: possibly delisted; no price data found  (1d 2006-12-24 -> 2006-12-25)

1 Failed download:
['GD']: possibly delisted; no price data found  (1d 2006-12-24 -> 2006-12-25)
$GPC: possibly delisted; no price data found  (1d 2006-12-24 -> 2006-12-25)

1 Failed download:
['GPC']: possibly delisted; no price data found  (1d 2006-12-24 -> 2006-12-25)

1 Failed download:
['H']: YFRateLimitError('Too Many Requests. Rate limited. Try after a while.')
$GS: possibly delisted; no price data found  (1d 2006-12-24 -> 2006-12-25)

1 Failed download:
['GS']: possibly delisted; no price data found  (1d 2006-12-24 -> 2006-12-25)
$GT: possibly delisted; no price data found  (1d 2006-12-24 -> 2006-12-25)

1 Failed download:
['GT']: possibly delisted; no price data found  (1d 2006-12-24 -> 2006-12-25)

1 Failed download:
['HCR']: YFRateLimitError('Too Many Requests. Rate limited. Try after a while.')

1 Failed download:
['HAR']: YFRateLimitError('Too Many Requests. Rate limited. Try after a while.')

1 Failed download:
['HES']: YFRateLimitError('Too Many Requests. Rate limited. Try after a while.')
$GWW: possibly delisted; no price data found  (1d 2006-12-24 -> 2006-12-25)

1 Failed download:
['GWW']: possibly delisted; no price data found  (1d 2006-12-24 -> 2006-12-25)
$HSP: possibly delisted; no price data found  (1d 1927-09-16 -> 2026-08-22)
$HBAN: possibly delisted; no price data found  (1d 2006-12-24 -> 2006-12-25)

1 Failed download:
['HLT']: YFRateLimitError('Too Many Requests. Rate limited. Try after a while.')

1 Failed download:
['HBAN']: possibly delisted; no price data found  (1d 2006-12-24 -> 2006-12-25)

1 Failed download:
['HMA']: YFRateLimitError('Too Many Requests. Rate limited. Try after a while.')
$HOG: possibly delisted; no price data found  (1d 2006-12-24 -> 2006-12-25)

1 Failed download:
['HOG']: possibly delisted; no price data found  (1d 2006-12-24 -> 2006-12-25)
$HON: possibly delisted; no price data found  (1d 2006-12-24 -> 2006-12-25)

1 Failed download:
['HON']: possibly delisted; no price data found  (1d 2006-12-24 -> 2006-12-25)

1 Failed download:
['HOT']: YFRateLimitError('Too Many Requests. Rate limited. Try after a while.')
$HSP: possibly delisted; no price data found  (1d 2006-12-24 -> 2007-01-04)

1 Failed download:
['HSP']: possibly delisted; no price data found  (1d 2006-12-24 -> 2007-01-04)
$HIG: possibly delisted; no price data found  (1d 2006-12-24 -> 2006-12-25)

1 Failed download:
['HIG']: possibly delisted; no price data found  (1d 2006-12-24 -> 2006-12-25)

1 Failed download:
['IAC']: YFRateLimitError('Too Many Requests. Rate limited. Try after a while.')

1 Failed download:
['IGT']: YFRateLimitError('Too Many Requests. Rate limited. Try after a while.')
$HUM: possibly delisted; no price data found  (1d 2006-12-24 -> 2006-12-25)

1 Failed download:
['HUM']: possibly delisted; no price data found  (1d 2006-12-24 -> 2006-12-25)
$IFF: possibly delisted; no price data found  (1d 2006-12-24 -> 2006-12-25)

1 Failed download:
['IFF']: possibly delisted; no price data found  (1d 2006-12-24 -> 2006-12-25)
$HSY: possibly delisted; no price data found  (1d 2006-12-24 -> 2006-12-25)

1 Failed download:
['HSY']: possibly delisted; no price data found  (1d 2006-12-24 -> 2006-12-25)
$INTU: possibly delisted; no price data found  (1d 2006-12-24 -> 2006-12-25)

1 Failed download:
['INTU']: possibly delisted; no price data found  (1d 2006-12-24 -> 2006-12-25)

1 Failed download:
['IPG']: YFRateLimitError('Too Many Requests. Rate limited. Try after a while.')
$IR: possibly delisted; no price data found  (1d 2006-12-24 -> 2017-05-11) (Yahoo error = "Data doesn't exist for startDate = 1166936400, endDate = 1494475200")

1 Failed download:
['IR']: possibly delisted; no price data found  (1d 2006-12-24 -> 2017-05-11) (Yahoo error = "Data doesn't exist for startDate = 1166936400, endDate = 1494475200")
$JNS: possibly delisted; no price data found  (1d 1927-09-16 -> 2026-08-22)
$JNPR: possibly delisted; no timezone found
$IP: possibly delisted; no price data found  (1d 2006-12-24 -> 2006-12-25)

1 Failed download:
['IP']: possibly delisted; no price data found  (1d 2006-12-24 -> 2006-12-25)
$ITT: possibly delisted; no price data found  (1d 2006-12-24 -> 2006-12-25)

1 Failed download:
['ITT']: possibly delisted; no price data found  (1d 2006-12-24 -> 2006-12-25)

1 Failed download:
['JCP']: YFRateLimitError('Too Many Requests. Rate limited. Try after a while.')
$JWN: possibly delisted; no timezone found
$JNS: possibly delisted; no price data found  (1d 2006-12-24 -> 2007-01-04)
$JNPR: possibly delisted; no timezone found

1 Failed download:
['JNS']: possibly delisted; no price data found  (1d 2006-12-24 -> 2007-01-04)

1 Failed download:
['JNPR']: possibly delisted; no timezone found
$KATE: possibly delisted; no price data found  (1d 1927-09-16 -> 2026-08-22)
$ITW: possibly delisted; no price data found  (1d 2006-12-24 -> 2006-12-25)

1 Failed download:
['ITW']: possibly delisted; no price data found  (1d 2006-12-24 -> 2006-12-25)
$JBL: possibly delisted; no price data found  (1d 2006-12-24 -> 2006-12-25)
$JWN: possibly delisted; no timezone found

1 Failed download:

1 Failed download:
['JBL']: possibly delisted; no price data found  (1d 2006-12-24 -> 2006-12-25)
['JWN']: possibly delisted; no timezone found
$JCI: possibly delisted; no price data found  (1d 2006-12-24 -> 2006-12-25)

1 Failed download:
['JCI']: possibly delisted; no price data found  (1d 2006-12-24 -> 2006-12-25)

1 Failed download:
['K']: YFRateLimitError('Too Many Requests. Rate limited. Try after a while.')
$KATE: possibly delisted; no price data found  (1d 2006-12-24 -> 2007-01-04)

1 Failed download:
['KATE']: possibly delisted; no price data found  (1d 2006-12-24 -> 2007-01-04)

1 Failed download:
['KG']: YFRateLimitError('Too Many Requests. Rate limited. Try after a while.')
$KEY: possibly delisted; no price data found  (1d 2006-12-24 -> 2006-12-25)

1 Failed download:
['KEY']: possibly delisted; no price data found  (1d 2006-12-24 -> 2006-12-25)
$KBH: possibly delisted; no price data found  (1d 2006-12-24 -> 2006-12-25)

1 Failed download:
['KBH']: possibly delisted; no price data found  (1d 2006-12-24 -> 2006-12-25)

1 Failed download:
['KMI']: YFRateLimitError('Too Many Requests. Rate limited. Try after a while.')
$KLAC: possibly delisted; no price data found  (1d 2006-12-24 -> 2006-12-25)

1 Failed download:
['KLAC']: possibly delisted; no price data found  (1d 2006-12-24 -> 2006-12-25)
$KIM: possibly delisted; no price data found  (1d 2006-12-24 -> 2006-12-25)

1 Failed download:
['KIM']: possibly delisted; no price data found  (1d 2006-12-24 -> 2006-12-25)
$KMB: possibly delisted; no price data found  (1d 2006-12-24 -> 2006-12-25)

1 Failed download:
['KMB']: possibly delisted; no price data found  (1d 2006-12-24 -> 2006-12-25)
$LLTC: possibly delisted; no price data found  (1d 1927-09-16 -> 2026-08-22)
$KSS: possibly delisted; no price data found  (1d 2006-12-24 -> 2006-12-25)

1 Failed download:
['KSS']: possibly delisted; no price data found  (1d 2006-12-24 -> 2006-12-25)
$LLTC: possibly delisted; no price data found  (1d 2006-12-24 -> 2007-01-04)

1 Failed download:
['LLTC']: possibly delisted; no price data found  (1d 2006-12-24 -> 2007-01-04)

1 Failed download:
['LLL']: YFRateLimitError('Too Many Requests. Rate limited. Try after a while.')

1 Failed download:
['LM']: YFRateLimitError('Too Many Requests. Rate limited. Try after a while.')

1 Failed download:
['LB']: YFRateLimitError('Too Many Requests. Rate limited. Try after a while.')
$LSI: possibly delisted; no timezone found
$LH: possibly delisted; no price data found  (1d 2006-12-24 -> 2006-12-25)

1 Failed download:
['LH']: possibly delisted; no price data found  (1d 2006-12-24 -> 2006-12-25)
$LXK: possibly delisted; no price data found  (1d 1927-09-16 -> 2026-08-22)
$LEN: possibly delisted; no price data found  (1d 2006-12-24 -> 2006-12-25)
$KR: possibly delisted; no price data found  (1d 2006-12-24 -> 2006-12-25)

1 Failed download:

1 Failed download:
['KR']: possibly delisted; no price data found  (1d 2006-12-24 -> 2006-12-25)
['LEN']: possibly delisted; no price data found  (1d 2006-12-24 -> 2006-12-25)
$LSI: possibly delisted; no timezone found

1 Failed download:
['LSI']: possibly delisted; no timezone found
$LNC: possibly delisted; no price data found  (1d 2006-12-24 -> 2006-12-25)

1 Failed download:
['LNC']: possibly delisted; no price data found  (1d 2006-12-24 -> 2006-12-25)
$LMT: possibly delisted; no price data found  (1d 2006-12-24 -> 2006-12-25)

1 Failed download:
['LMT']: possibly delisted; no price data found  (1d 2006-12-24 -> 2006-12-25)
$LEG: possibly delisted; no price data found  (1d 2006-12-24 -> 2006-12-25)

1 Failed download:
['LEG']: possibly delisted; no price data found  (1d 2006-12-24 -> 2006-12-25)
$LXK: possibly delisted; no price data found  (1d 2006-12-24 -> 2007-01-04)

1 Failed download:
['LXK']: possibly delisted; no price data found  (1d 2006-12-24 -> 2007-01-04)
$LUV: possibly delisted; no price data found  (1d 2006-12-24 -> 2006-12-25)

1 Failed download:
['LUV']: possibly delisted; no price data found  (1d 2006-12-24 -> 2006-12-25)
$MBI: possibly delisted; no price data found  (1d 2006-12-24 -> 2006-12-25)

1 Failed download:
['MBI']: possibly delisted; no price data found  (1d 2006-12-24 -> 2006-12-25)
$MAR: possibly delisted; no price data found  (1d 2006-12-24 -> 2006-12-25)

1 Failed download:
['MAR']: possibly delisted; no price data found  (1d 2006-12-24 -> 2006-12-25)
$MAT: possibly delisted; no price data found  (1d 2006-12-24 -> 2006-12-25)

1 Failed download:
['MAT']: possibly delisted; no price data found  (1d 2006-12-24 -> 2006-12-25)
$MIL: possibly delisted; no price data found  (1d 1927-09-16 -> 2026-08-22)
$MCK: possibly delisted; no price data found  (1d 2006-12-24 -> 2006-12-25)

1 Failed download:
['MCK']: possibly delisted; no price data found  (1d 2006-12-24 -> 2006-12-25)
$MIL: possibly delisted; no price data found  (1d 2006-12-24 -> 2007-01-04)

1 Failed download:
['MIL']: possibly delisted; no price data found  (1d 2006-12-24 -> 2007-01-04)

1 Failed download:
['MMC']: YFRateLimitError('Too Many Requests. Rate limited. Try after a while.')
$MI: possibly delisted; no price data found  (1d 2006-12-24 -> 2007-01-04) (Yahoo error = "Data doesn't exist for startDate = 1166936400, endDate = 1167886800")

1 Failed download:
['MI']: possibly delisted; no price data found  (1d 2006-12-24 -> 2007-01-04) (Yahoo error = "Data doesn't exist for startDate = 1166936400, endDate = 1167886800")
$MAS: possibly delisted; no price data found  (1d 2006-12-24 -> 2006-12-25)

1 Failed download:
['MAS']: possibly delisted; no price data found  (1d 2006-12-24 -> 2006-12-25)
$MDT: possibly delisted; no price data found  (1d 2006-12-24 -> 2006-12-25)

1 Failed download:
['MDT']: possibly delisted; no price data found  (1d 2006-12-24 -> 2006-12-25)
$MET: possibly delisted; no price data found  (1d 2006-12-24 -> 2006-12-25)

1 Failed download:
['MET']: possibly delisted; no price data found  (1d 2006-12-24 -> 2006-12-25)
$MON: possibly delisted; no timezone found
$MKC: possibly delisted; no price data found  (1d 2006-12-24 -> 2006-12-25)

1 Failed download:
['MKC']: possibly delisted; no price data found  (1d 2006-12-24 -> 2006-12-25)
$MON: possibly delisted; no timezone found
$MDP: possibly delisted; no timezone found

1 Failed download:
['MON']: possibly delisted; no timezone found

1 Failed download:
['MDP']: possibly delisted; no timezone found

1 Failed download:
['MRO']: YFRateLimitError('Too Many Requests. Rate limited. Try after a while.')
$MWW: possibly delisted; no price data found  (1d 1927-09-16 -> 2026-08-22)
$MWW: possibly delisted; no price data found  (1d 2006-12-24 -> 2007-01-04)
$MS: possibly delisted; no price data found  (1d 2006-12-24 -> 2006-12-25)

1 Failed download:
['MWW']: possibly delisted; no price data found  (1d 2006-12-24 -> 2007-01-04)

1 Failed download:
['MS']: possibly delisted; no price data found  (1d 2006-12-24 -> 2006-12-25)
$MYL: possibly delisted; no timezone found
$MYL: possibly delisted; no timezone found

1 Failed download:
['MYL']: possibly delisted; no timezone found

1 Failed download:
['MXIM']: YFRateLimitError('Too Many Requests. Rate limited. Try after a while.')
$NCR: possibly delisted; no timezone found
$MTG: possibly delisted; no price data found  (1d 2006-12-24 -> 2006-12-25)

1 Failed download:
['MTG']: possibly delisted; no price data found  (1d 2006-12-24 -> 2006-12-25)
$NCR: possibly delisted; no timezone found

1 Failed download:
['NCR']: possibly delisted; no timezone found

1 Failed download:
['NE']: YFRateLimitError('Too Many Requests. Rate limited. Try after a while.')
$NBR: possibly delisted; no price data found  (1d 2006-12-24 -> 2006-12-25)

1 Failed download:
['NBR']: possibly delisted; no price data found  (1d 2006-12-24 -> 2006-12-25)
$MTB: possibly delisted; no price data found  (1d 2006-12-24 -> 2006-12-25)

1 Failed download:
['MTB']: possibly delisted; no price data found  (1d 2006-12-24 -> 2006-12-25)
$NI: possibly delisted; no price data found  (1d 2006-12-24 -> 2006-12-25)

1 Failed download:
['NI']: possibly delisted; no price data found  (1d 2006-12-24 -> 2006-12-25)
$MUR: possibly delisted; no price data found  (1d 2006-12-24 -> 2006-12-25)

1 Failed download:
['MUR']: possibly delisted; no price data found  (1d 2006-12-24 -> 2006-12-25)
$NVLS: possibly delisted; no price data found  (1d 1927-09-16 -> 2026-08-22)
$NEE: possibly delisted; no price data found  (1d 2006-12-24 -> 2006-12-25)

1 Failed download:
['NEE']: possibly delisted; no price data found  (1d 2006-12-24 -> 2006-12-25)
$NOC: possibly delisted; no price data found  (1d 2006-12-24 -> 2006-12-25)

1 Failed download:
['NOC']: possibly delisted; no price data found  (1d 2006-12-24 -> 2006-12-25)
$NVLS: possibly delisted; no price data found  (1d 2006-12-24 -> 2007-01-04)

1 Failed download:
['NVLS']: possibly delisted; no price data found  (1d 2006-12-24 -> 2007-01-04)
$NTAP: possibly delisted; no price data found  (1d 2006-12-24 -> 2006-12-25)

1 Failed download:
['NTAP']: possibly delisted; no price data found  (1d 2006-12-24 -> 2006-12-25)
$NSM: possibly delisted; no price data found  (1d 2006-12-24 -> 2007-01-04) (Yahoo error = "Data doesn't exist for startDate = 1166936400, endDate = 1167886800")

1 Failed download:
['NSM']: possibly delisted; no price data found  (1d 2006-12-24 -> 2007-01-04) (Yahoo error = "Data doesn't exist for startDate = 1166936400, endDate = 1167886800")
$NSC: possibly delisted; no price data found  (1d 2006-12-24 -> 2006-12-25)

1 Failed download:
['NSC']: possibly delisted; no price data found  (1d 2006-12-24 -> 2006-12-25)
$NYT: possibly delisted; no price data found  (1d 2006-12-24 -> 2006-12-25)
$NVDA: possibly delisted; no price data found  (1d 2006-12-24 -> 2006-12-25)

1 Failed download:
['NVDA']: possibly delisted; no price data found  (1d 2006-12-24 -> 2006-12-25)

1 Failed download:
['NYT']: possibly delisted; no price data found  (1d 2006-12-24 -> 2006-12-25)
$NTRS: possibly delisted; no price data found  (1d 2006-12-24 -> 2006-12-25)

1 Failed download:
['NTRS']: possibly delisted; no price data found  (1d 2006-12-24 -> 2006-12-25)

1 Failed download:
['ODP']: YFRateLimitError('Too Many Requests. Rate limited. Try after a while.')
$OMC: possibly delisted; no price data found  (1d 2006-12-24 -> 2006-12-25)

1 Failed download:
['OMC']: possibly delisted; no price data found  (1d 2006-12-24 -> 2006-12-25)

1 Failed download:
['PCL']: YFRateLimitError('Too Many Requests. Rate limited. Try after a while.')
$PAYX: possibly delisted; no price data found  (1d 2006-12-24 -> 2006-12-25)

1 Failed download:
['PAYX']: possibly delisted; no price data found  (1d 2006-12-24 -> 2006-12-25)
$PD: possibly delisted; no price data found  (1d 2006-12-24 -> 2007-01-04) (Yahoo error = "Data doesn't exist for startDate = 1166936400, endDate = 1167886800")

1 Failed download:
['PD']: possibly delisted; no price data found  (1d 2006-12-24 -> 2007-01-04) (Yahoo error = "Data doesn't exist for startDate = 1166936400, endDate = 1167886800")
$ORCL: possibly delisted; no price data found  (1d 2006-12-24 -> 2006-12-25)

1 Failed download:
['ORCL']: possibly delisted; no price data found  (1d 2006-12-24 -> 2006-12-25)
$PCG: possibly delisted; no price data found  (1d 2006-12-24 -> 2006-12-25)

1 Failed download:
['PCG']: possibly delisted; no price data found  (1d 2006-12-24 -> 2006-12-25)
$PBI: possibly delisted; no price data found  (1d 2006-12-24 -> 2006-12-25)

1 Failed download:
['PBI']: possibly delisted; no price data found  (1d 2006-12-24 -> 2006-12-25)
$PGN: possibly delisted; no price data found  (1d 1927-09-16 -> 2026-08-22)
$PCAR: possibly delisted; no price data found  (1d 2006-12-24 -> 2006-12-25)
$OXY: possibly delisted; no price data found  (1d 2006-12-24 -> 2006-12-25)

1 Failed download:
['OXY']: possibly delisted; no price data found  (1d 2006-12-24 -> 2006-12-25)

1 Failed download:
['PCAR']: possibly delisted; no price data found  (1d 2006-12-24 -> 2006-12-25)
$PGN: possibly delisted; no price data found  (1d 2006-12-24 -> 2007-01-04)

1 Failed download:
['PGN']: possibly delisted; no price data found  (1d 2006-12-24 -> 2007-01-04)

1 Failed download:
['PDCO']: YFRateLimitError('Too Many Requests. Rate limited. Try after a while.')
$PFG: possibly delisted; no price data found  (1d 2006-12-24 -> 2006-12-25)

1 Failed download:
['PFG']: possibly delisted; no price data found  (1d 2006-12-24 -> 2006-12-25)
$PMCS: possibly delisted; no price data found  (1d 1927-09-16 -> 2026-08-22)

1 Failed download:
['PKI']: YFRateLimitError('Too Many Requests. Rate limited. Try after a while.')
$PMCS: possibly delisted; no price data found  (1d 2006-12-24 -> 2007-01-04)
$PLL: possibly delisted; no timezone found

1 Failed download:
['PMCS']: possibly delisted; no price data found  (1d 2006-12-24 -> 2007-01-04)
$PLL: possibly delisted; no timezone found

1 Failed download:
['PLL']: possibly delisted; no timezone found
$PGR: possibly delisted; no price data found  (1d 2006-12-24 -> 2006-12-25)

1 Failed download:
['PGR']: possibly delisted; no price data found  (1d 2006-12-24 -> 2006-12-25)
$PH: possibly delisted; no price data found  (1d 2006-12-24 -> 2006-12-25)

1 Failed download:
['PH']: possibly delisted; no price data found  (1d 2006-12-24 -> 2006-12-25)
$PHM: possibly delisted; no price data found  (1d 2006-12-24 -> 2006-12-25)

1 Failed download:
['PHM']: possibly delisted; no price data found  (1d 2006-12-24 -> 2006-12-25)

1 Failed download:
['PX']: YFRateLimitError('Too Many Requests. Rate limited. Try after a while.')
$QLGC: possibly delisted; no price data found  (1d 1927-09-16 -> 2026-08-22)
$QLGC: possibly delisted; no price data found  (1d 2006-12-24 -> 2007-01-04)

1 Failed download:
['QLGC']: possibly delisted; no price data found  (1d 2006-12-24 -> 2007-01-04)

1 Failed download:
['Q']: YFRateLimitError('Too Many Requests. Rate limited. Try after a while.')
$PNW: possibly delisted; no price data found  (1d 2006-12-24 -> 2006-12-25)

1 Failed download:
['PNW']: possibly delisted; no price data found  (1d 2006-12-24 -> 2006-12-25)
$RAI: possibly delisted; no price data found  (1d 1927-09-16 -> 2026-08-22)
$PRU: possibly delisted; no price data found  (1d 2006-12-24 -> 2006-12-25)
$PNC: possibly delisted; no price data found  (1d 2006-12-24 -> 2006-12-25)

1 Failed download:
['PNC']: possibly delisted; no price data found  (1d 2006-12-24 -> 2006-12-25)

1 Failed download:
['PRU']: possibly delisted; no price data found  (1d 2006-12-24 -> 2006-12-25)
$QCOM: possibly delisted; no price data found  (1d 2006-12-24 -> 2006-12-25)

1 Failed download:
['QCOM']: possibly delisted; no price data found  (1d 2006-12-24 -> 2006-12-25)
$RTN: possibly delisted; no timezone found
$RAI: possibly delisted; no price data found  (1d 2006-12-24 -> 2007-01-04)

1 Failed download:
['RAI']: possibly delisted; no price data found  (1d 2006-12-24 -> 2007-01-04)

1 Failed download:
['RRD']: YFRateLimitError('Too Many Requests. Rate limited. Try after a while.')

1 Failed download:
['RDC']: YFRateLimitError('Too Many Requests. Rate limited. Try after a while.')
$RTN: possibly delisted; no timezone found

1 Failed download:
['RTN']: possibly delisted; no timezone found
$R: possibly delisted; no price data found  (1d 2006-12-24 -> 2006-12-25)

1 Failed download:
['R']: possibly delisted; no price data found  (1d 2006-12-24 -> 2006-12-25)
$RHI: possibly delisted; no price data found  (1d 2006-12-24 -> 2006-12-25)

1 Failed download:
['RHI']: possibly delisted; no price data found  (1d 2006-12-24 -> 2006-12-25)
$RF: possibly delisted; no price data found  (1d 2006-12-24 -> 2006-12-25)

1 Failed download:
['RF']: possibly delisted; no price data found  (1d 2006-12-24 -> 2006-12-25)

1 Failed download:
['S']: YFRateLimitError('Too Many Requests. Rate limited. Try after a while.')

1 Failed download:
['SGP']: YFRateLimitError('Too Many Requests. Rate limited. Try after a while.')
$SIAL: possibly delisted; no price data found  (1d 1927-09-16 -> 2026-08-22)

1 Failed download:
['SEE']: YFRateLimitError('Too Many Requests. Rate limited. Try after a while.')
$ROK: possibly delisted; no price data found  (1d 2006-12-24 -> 2006-12-25)

1 Failed download:
['ROK']: possibly delisted; no price data found  (1d 2006-12-24 -> 2006-12-25)

1 Failed download:
['SE']: YFRateLimitError('Too Many Requests. Rate limited. Try after a while.')
$SANM: possibly delisted; no price data found  (1d 2006-12-24 -> 2006-12-25)

1 Failed download:
['SANM']: possibly delisted; no price data found  (1d 2006-12-24 -> 2006-12-25)

1 Failed download:
['SHLD']: YFRateLimitError('Too Many Requests. Rate limited. Try after a while.')
$SIAL: possibly delisted; no price data found  (1d 2006-12-24 -> 2007-01-04)

1 Failed download:
['SIAL']: possibly delisted; no price data found  (1d 2006-12-24 -> 2007-01-04)
$SCHW: possibly delisted; no price data found  (1d 2006-12-24 -> 2006-12-25)

1 Failed download:
['SCHW']: possibly delisted; no price data found  (1d 2006-12-24 -> 2006-12-25)

1 Failed download:
['SII']: YFRateLimitError('Too Many Requests. Rate limited. Try after a while.')
$SNV: possibly delisted; no timezone found

1 Failed download:
['SNV']: possibly delisted; no timezone found
$STJ: possibly delisted; no price data found  (1d 1927-09-16 -> 2026-08-22)

1 Failed download:
['SNDK']: YFRateLimitError('Too Many Requests. Rate limited. Try after a while.')
$SHW: possibly delisted; no price data found  (1d 2006-12-24 -> 2006-12-25)

1 Failed download:
['SHW']: possibly delisted; no price data found  (1d 2006-12-24 -> 2006-12-25)
$SNA: possibly delisted; no price data found  (1d 2006-12-24 -> 2006-12-25)
$STI: possibly delisted; no price data found  (1d 2006-12-24 -> 2007-01-04) (Yahoo error = "Data doesn't exist for startDate = 1166936400, endDate = 1167886800")

1 Failed download:
['STI']: possibly delisted; no price data found  (1d 2006-12-24 -> 2007-01-04) (Yahoo error = "Data doesn't exist for startDate = 1166936400, endDate = 1167886800")

1 Failed download:
['SNA']: possibly delisted; no price data found  (1d 2006-12-24 -> 2006-12-25)
$STJ: possibly delisted; no price data found  (1d 2006-12-24 -> 2007-01-04)

1 Failed download:
['STJ']: possibly delisted; no price data found  (1d 2006-12-24 -> 2007-01-04)
$SPGI: possibly delisted; no price data found  (1d 2006-12-24 -> 2006-12-25)

1 Failed download:
['SPGI']: possibly delisted; no price data found  (1d 2006-12-24 -> 2006-12-25)

1 Failed download:
['SPLS']: YFRateLimitError('Too Many Requests. Rate limited. Try after a while.')
$STR: possibly delisted; no timezone found

1 Failed download:
['STR']: possibly delisted; no timezone found
$SRE: possibly delisted; no price data found  (1d 2006-12-24 -> 2006-12-25)

1 Failed download:
['SRE']: possibly delisted; no price data found  (1d 2006-12-24 -> 2006-12-25)

1 Failed download:
['SYMC']: YFRateLimitError('Too Many Requests. Rate limited. Try after a while.')
$SSP: possibly delisted; no price data found  (1d 2006-12-24 -> 2006-12-25)

1 Failed download:
['SSP']: possibly delisted; no price data found  (1d 2006-12-24 -> 2006-12-25)
$STT: possibly delisted; no price data found  (1d 2006-12-24 -> 2006-12-25)

1 Failed download:
['STT']: possibly delisted; no price data found  (1d 2006-12-24 -> 2006-12-25)
$SUN: possibly delisted; no price data found  (1d 2006-12-24 -> 2007-01-04) (Yahoo error = "Data doesn't exist for startDate = 1166936400, endDate = 1167886800")
$SWK: possibly delisted; no price data found  (1d 2006-12-24 -> 2006-12-25)

1 Failed download:
['SUN']: possibly delisted; no price data found  (1d 2006-12-24 -> 2007-01-04) (Yahoo error = "Data doesn't exist for startDate = 1166936400, endDate = 1167886800")

1 Failed download:
['SWK']: possibly delisted; no price data found  (1d 2006-12-24 -> 2006-12-25)
$SVU: possibly delisted; no price data found  (1d 2006-12-24 -> 2006-12-25)

1 Failed download:
['TE']: YFRateLimitError('Too Many Requests. Rate limited. Try after a while.')

1 Failed download:
['SVU']: possibly delisted; no price data found  (1d 2006-12-24 -> 2006-12-25)
$TGNA: possibly delisted; no timezone found
$STZ: possibly delisted; no price data found  (1d 2006-12-24 -> 2006-12-25)

1 Failed download:
['STZ']: possibly delisted; no price data found  (1d 2006-12-24 -> 2006-12-25)
$SYK: possibly delisted; no price data found  (1d 2006-12-24 -> 2006-12-25)

1 Failed download:
['SYK']: possibly delisted; no price data found  (1d 2006-12-24 -> 2006-12-25)
$TAP: possibly delisted; no price data found  (1d 2006-12-24 -> 2006-12-25)

1 Failed download:
['TAP']: possibly delisted; no price data found  (1d 2006-12-24 -> 2006-12-25)
$TGNA: possibly delisted; no timezone found

1 Failed download:
['TGNA']: possibly delisted; no timezone found
$SYY: possibly delisted; no price data found  (1d 2006-12-24 -> 2006-12-25)

1 Failed download:
['SYY']: possibly delisted; no price data found  (1d 2006-12-24 -> 2006-12-25)

1 Failed download:
['TIF']: YFRateLimitError('Too Many Requests. Rate limited. Try after a while.')

1 Failed download:
['TMK']: YFRateLimitError('Too Many Requests. Rate limited. Try after a while.')
$TEX: possibly delisted; no price data found  (1d 2006-12-24 -> 2006-12-25)

1 Failed download:
['TEX']: possibly delisted; no price data found  (1d 2006-12-24 -> 2006-12-25)
$TGT: possibly delisted; no price data found  (1d 2006-12-24 -> 2006-12-25)

1 Failed download:
['TGT']: possibly delisted; no price data found  (1d 2006-12-24 -> 2006-12-25)

1 Failed download:
['TSG']: YFRateLimitError('Too Many Requests. Rate limited. Try after a while.')
$TJX: possibly delisted; no price data found  (1d 2006-12-24 -> 2006-12-25)
$TPR: possibly delisted; no price data found  (1d 2006-12-24 -> 2006-12-25)

1 Failed download:
['TJX']: possibly delisted; no price data found  (1d 2006-12-24 -> 2006-12-25)

1 Failed download:
['TPR']: possibly delisted; no price data found  (1d 2006-12-24 -> 2006-12-25)
$TMO: possibly delisted; no price data found  (1d 2006-12-24 -> 2006-12-25)

1 Failed download:
['TMO']: possibly delisted; no price data found  (1d 2006-12-24 -> 2006-12-25)
$THC: possibly delisted; no price data found  (1d 2006-12-24 -> 2006-12-25)

1 Failed download:
['THC']: possibly delisted; no price data found  (1d 2006-12-24 -> 2006-12-25)
$TRV: possibly delisted; no price data found  (1d 2006-12-24 -> 2006-12-25)

1 Failed download:
['TRV']: possibly delisted; no price data found  (1d 2006-12-24 -> 2006-12-25)
$TXN: possibly delisted; no price data found  (1d 2006-12-24 -> 2006-12-25)

1 Failed download:
['TXN']: possibly delisted; no price data found  (1d 2006-12-24 -> 2006-12-25)
$UIS: possibly delisted; no price data found  (1d 2006-12-24 -> 2006-12-25)

1 Failed download:
['UIS']: possibly delisted; no price data found  (1d 2006-12-24 -> 2006-12-25)
$TXT: possibly delisted; no price data found  (1d 2006-12-24 -> 2006-12-25)

1 Failed download:
['TXT']: possibly delisted; no price data found  (1d 2006-12-24 -> 2006-12-25)
$TSN: possibly delisted; no price data found  (1d 2006-12-24 -> 2006-12-25)

1 Failed download:
['TSN']: possibly delisted; no price data found  (1d 2006-12-24 -> 2006-12-25)

1 Failed download:
['UTX']: YFRateLimitError('Too Many Requests. Rate limited. Try after a while.')
$TT: possibly delisted; no price data found  (1d 2006-12-24 -> 2006-12-25)

1 Failed download:
['TT']: possibly delisted; no price data found  (1d 2006-12-24 -> 2006-12-25)
$UNH: possibly delisted; no price data found  (1d 2006-12-24 -> 2006-12-25)

1 Failed download:
['UNH']: possibly delisted; no price data found  (1d 2006-12-24 -> 2006-12-25)
$VIAV: possibly delisted; no price data found  (1d 2006-12-24 -> 2006-12-25)

1 Failed download:
['VIAV']: possibly delisted; no price data found  (1d 2006-12-24 -> 2006-12-25)
$VIAB: possibly delisted; no timezone found

1 Failed download:
['VIAB']: possibly delisted; no timezone found
$WFM: possibly delisted; no price data found  (1d 1927-09-16 -> 2026-08-22)
$VLO: possibly delisted; no price data found  (1d 2006-12-24 -> 2006-12-25)

1 Failed download:
['VLO']: possibly delisted; no price data found  (1d 2006-12-24 -> 2006-12-25)
$USB: possibly delisted; no price data found  (1d 2006-12-24 -> 2006-12-25)

1 Failed download:
['USB']: possibly delisted; no price data found  (1d 2006-12-24 -> 2006-12-25)
$VRSN: possibly delisted; no price data found  (1d 2006-12-24 -> 2006-12-25)

1 Failed download:
['VRSN']: possibly delisted; no price data found  (1d 2006-12-24 -> 2006-12-25)
$WB: possibly delisted; no price data found  (1d 2006-12-24 -> 2007-01-04) (Yahoo error = "Data doesn't exist for startDate = 1166936400, endDate = 1167886800")

1 Failed download:
['WB']: possibly delisted; no price data found  (1d 2006-12-24 -> 2007-01-04) (Yahoo error = "Data doesn't exist for startDate = 1166936400, endDate = 1167886800")
$WBA: possibly delisted; no timezone found

1 Failed download:
['WBA']: possibly delisted; no timezone found
$VNO: possibly delisted; no price data found  (1d 2006-12-24 -> 2006-12-25)

1 Failed download:
['VNO']: possibly delisted; no price data found  (1d 2006-12-24 -> 2006-12-25)
$WAT: possibly delisted; no price data found  (1d 2006-12-24 -> 2006-12-25)

1 Failed download:
['WAT']: possibly delisted; no price data found  (1d 2006-12-24 -> 2006-12-25)
$WFM: possibly delisted; no price data found  (1d 2006-12-24 -> 2007-01-04)

1 Failed download:
['WFM']: possibly delisted; no price data found  (1d 2006-12-24 -> 2007-01-04)

1 Failed download:
['WFT']: YFRateLimitError('Too Many Requests. Rate limited. Try after a while.')

1 Failed download:
['WIN']: YFRateLimitError('Too Many Requests. Rate limited. Try after a while.')
$WYND: possibly delisted; no timezone found
$WYND: possibly delisted; no timezone found

1 Failed download:
['WYND']: possibly delisted; no timezone found

1 Failed download:
['X']: YFRateLimitError('Too Many Requests. Rate limited. Try after a while.')
$XL: possibly delisted; no timezone found
$WM: possibly delisted; no price data found  (1d 2006-12-24 -> 2006-12-25)

1 Failed download:
['WM']: possibly delisted; no price data found  (1d 2006-12-24 -> 2006-12-25)
$XL: possibly delisted; no timezone found

1 Failed download:
['XL']: possibly delisted; no timezone found
$WHR: possibly delisted; no price data found  (1d 2006-12-24 -> 2006-12-25)

1 Failed download:
['WHR']: possibly delisted; no price data found  (1d 2006-12-24 -> 2006-12-25)

1 Failed download:
['XLNX']: YFRateLimitError('Too Many Requests. Rate limited. Try after a while.')
$WMB: possibly delisted; no price data found  (1d 2006-12-24 -> 2006-12-25)

1 Failed download:
['WMB']: possibly delisted; no price data found  (1d 2006-12-24 -> 2006-12-25)
$XEL: possibly delisted; no price data found  (1d 2006-12-24 -> 2006-12-25)

1 Failed download:
['XEL']: possibly delisted; no price data found  (1d 2006-12-24 -> 2006-12-25)
$WU: possibly delisted; no price data found  (1d 2006-12-24 -> 2006-12-25)

1 Failed download:
['WU']: possibly delisted; no price data found  (1d 2006-12-24 -> 2006-12-25)
$ZBH: possibly delisted; no price data found  (1d 2006-12-24 -> 2006-12-25)

1 Failed download:
['ZBH']: possibly delisted; no price data found  (1d 2006-12-24 -> 2006-12-25)
$ZION: possibly delisted; no price data found  (1d 2006-12-24 -> 2006-12-25)

1 Failed download:
['ZION']: possibly delisted; no price data found  (1d 2006-12-24 -> 2006-12-25)
$YUM: possibly delisted; no price data found  (1d 2006-12-24 -> 2006-12-25)

1 Failed download:
['YUM']: possibly delisted; no price data found  (1d 2006-12-24 -> 2006-12-25)
[h14]   [1/6] 2007-01-03: 풀 40종목 (58.3s)
$ABC: possibly delisted; no timezone found
$ABC: possibly delisted; no timezone found

1 Failed download:
['ABC']: possibly delisted; no timezone found

1 Failed download:
['AABA']: YFRateLimitError('Too Many Requests. Rate limited. Try after a while.')

1 Failed download:
['AGN']: YFRateLimitError('Too Many Requests. Rate limited. Try after a while.')

1 Failed download:
['ALTR']: YFRateLimitError('Too Many Requests. Rate limited. Try after a while.')

1 Failed download:
['ANTM']: YFRateLimitError('Too Many Requests. Rate limited. Try after a while.')
$ARNC: possibly delisted; no timezone found
$ARNC: possibly delisted; no timezone found

1 Failed download:
['ARNC']: possibly delisted; no timezone found

1 Failed download:
['APC']: YFRateLimitError('Too Many Requests. Rate limited. Try after a while.')
$AT: possibly delisted; no timezone found
$AT: possibly delisted; no timezone found

1 Failed download:
['AT']: possibly delisted; no timezone found
$APOL: possibly delisted; no price data found  (1d 1927-09-16 -> 2026-08-22)
$APOL: possibly delisted; no price data found  (1d 2007-06-22 -> 2007-07-03)

1 Failed download:
['APOL']: possibly delisted; no price data found  (1d 2007-06-22 -> 2007-07-03)

1 Failed download:
['AVP']: YFRateLimitError('Too Many Requests. Rate limited. Try after a while.')

1 Failed download:
['BEAM']: YFRateLimitError('Too Many Requests. Rate limited. Try after a while.')
$BIG: possibly delisted; no timezone found

1 Failed download:
['BHGE']: YFRateLimitError('Too Many Requests. Rate limited. Try after a while.')
$BIG: possibly delisted; no timezone found

1 Failed download:
['BIG']: possibly delisted; no timezone found
$BCR: possibly delisted; no price data found  (1d 1927-09-16 -> 2026-08-22)
$BCR: possibly delisted; no price data found  (1d 2007-06-22 -> 2007-07-03)

1 Failed download:
['BCR']: possibly delisted; no price data found  (1d 2007-06-22 -> 2007-07-03)
$BRCM: possibly delisted; no price data found  (1d 1927-09-16 -> 2026-08-22)
$BK: possibly delisted; no timezone found

1 Failed download:
['BK']: possibly delisted; no timezone found

1 Failed download:
['BLL']: YFRateLimitError('Too Many Requests. Rate limited. Try after a while.')
$BRCM: possibly delisted; no price data found  (1d 2007-06-22 -> 2007-07-03)

1 Failed download:
['BRCM']: possibly delisted; no price data found  (1d 2007-06-22 -> 2007-07-03)
$BTUUQ: possibly delisted; no price data found  (1d 1927-09-16 -> 2026-08-22)
$BTUUQ: possibly delisted; no price data found  (1d 2007-06-22 -> 2007-07-03)

1 Failed download:
['BTUUQ']: possibly delisted; no price data found  (1d 2007-06-22 -> 2007-07-03)

1 Failed download:
['CA']: YFRateLimitError('Too Many Requests. Rate limited. Try after a while.')

1 Failed download:
['BUD']: YFRateLimitError('Too Many Requests. Rate limited. Try after a while.')
$CBS: possibly delisted; no timezone found
$CCE: possibly delisted; no price data found  (1d 1927-09-16 -> 2026-08-22)
$CELG: possibly delisted; no timezone found
$CBH: possibly delisted; no timezone found

1 Failed download:
['CBH']: possibly delisted; no timezone found
$CBS: possibly delisted; no timezone found

1 Failed download:
['CBS']: possibly delisted; no timezone found

1 Failed download:
['CHK']: YFRateLimitError('Too Many Requests. Rate limited. Try after a while.')
$CELG: possibly delisted; no timezone found

1 Failed download:
['CELG']: possibly delisted; no timezone found
$CCE: possibly delisted; no price data found  (1d 2007-06-22 -> 2007-07-03)

1 Failed download:
['CCE']: possibly delisted; no price data found  (1d 2007-06-22 -> 2007-07-03)

1 Failed download:
['CEG']: YFRateLimitError('Too Many Requests. Rate limited. Try after a while.')

1 Failed download:
['CMA']: YFRateLimitError('Too Many Requests. Rate limited. Try after a while.')
$COL: possibly delisted; no price data found  (1d 2007-06-22 -> 2012-08-01)

1 Failed download:
['COL']: possibly delisted; no price data found  (1d 2007-06-22 -> 2012-08-01)

1 Failed download:
['CTL']: YFRateLimitError('Too Many Requests. Rate limited. Try after a while.')
$DDR: possibly delisted; no price data found  (1d 1927-09-16 -> 2026-08-22)
$DF: possibly delisted; no timezone found
$CTXS: possibly delisted; no timezone found

1 Failed download:
['CTXS']: possibly delisted; no timezone found

1 Failed download:
['DFS']: YFRateLimitError('Too Many Requests. Rate limited. Try after a while.')
$DF: possibly delisted; no timezone found

1 Failed download:
['DF']: possibly delisted; no timezone found

1 Failed download:
['DELL']: YFRateLimitError('Too Many Requests. Rate limited. Try after a while.')

1 Failed download:
['DG']: YFRateLimitError('Too Many Requests. Rate limited. Try after a while.')
$DDR: possibly delisted; no price data found  (1d 2007-06-22 -> 2007-07-03)

1 Failed download:
['DDR']: possibly delisted; no price data found  (1d 2007-06-22 -> 2007-07-03)

1 Failed download:
['DTV']: YFRateLimitError('Too Many Requests. Rate limited. Try after a while.')
$DOW: possibly delisted; no price data found  (1d 2007-06-22 -> 2019-03-19) (Yahoo error = "Data doesn't exist for startDate = 1182484800, endDate = 1552968000")

1 Failed download:
['DOW']: possibly delisted; no price data found  (1d 2007-06-22 -> 2019-03-19) (Yahoo error = "Data doesn't exist for startDate = 1182484800, endDate = 1552968000")

1 Failed download:
['EA']: YFRateLimitError('Too Many Requests. Rate limited. Try after a while.')
$DYN: possibly delisted; no price data found  (1d 2007-06-22 -> 2007-07-03) (Yahoo error = "Data doesn't exist for startDate = 1182484800, endDate = 1183435200")

1 Failed download:
['DYN']: possibly delisted; no price data found  (1d 2007-06-22 -> 2007-07-03) (Yahoo error = "Data doesn't exist for startDate = 1182484800, endDate = 1183435200")

1 Failed download:
['EMC']: YFRateLimitError('Too Many Requests. Rate limited. Try after a while.')
$ESV: possibly delisted; no timezone found

1 Failed download:
['ESV']: possibly delisted; no timezone found
$ETFC: possibly delisted; no timezone found

1 Failed download:
['ETFC']: possibly delisted; no timezone found

1 Failed download:
['FDC']: YFRateLimitError('Too Many Requests. Rate limited. Try after a while.')
$EQ: possibly delisted; no price data found  (1d 2007-06-22 -> 2007-07-03) (Yahoo error = "Data doesn't exist for startDate = 1182484800, endDate = 1183435200")

1 Failed download:
['EQ']: possibly delisted; no price data found  (1d 2007-06-22 -> 2007-07-03) (Yahoo error = "Data doesn't exist for startDate = 1182484800, endDate = 1183435200")

1 Failed download:
['FII']: YFRateLimitError('Too Many Requests. Rate limited. Try after a while.')
$GAS: possibly delisted; no price data found  (1d 1927-09-16 -> 2026-08-22)
$FRX: possibly delisted; no timezone found

1 Failed download:
['FRX']: possibly delisted; no timezone found

1 Failed download:
['GAS']: YFRateLimitError('Too Many Requests. Rate limited. Try after a while.')
$GGP: possibly delisted; no price data found  (1d 1927-09-16 -> 2026-08-22)

1 Failed download:
['FTR']: YFRateLimitError('Too Many Requests. Rate limited. Try after a while.')
$GGP: possibly delisted; no price data found  (1d 2007-06-22 -> 2007-07-03)

1 Failed download:
['GGP']: possibly delisted; no price data found  (1d 2007-06-22 -> 2007-07-03)

1 Failed download:
['GPS']: YFRateLimitError('Too Many Requests. Rate limited. Try after a while.')
$FOXA: possibly delisted; no price data found  (1d 2007-06-22 -> 2019-03-11) (Yahoo error = "Data doesn't exist for startDate = 1182484800, endDate = 1552276800")

1 Failed download:
['FOXA']: possibly delisted; no price data found  (1d 2007-06-22 -> 2019-03-11) (Yahoo error = "Data doesn't exist for startDate = 1182484800, endDate = 1552276800")
$HCBK: possibly delisted; no price data found  (1d 1927-09-16 -> 2026-08-22)
$HAR: possibly delisted; no price data found  (1d 1927-09-16 -> 2026-08-22)
$HCBK: possibly delisted; no price data found  (1d 2007-06-22 -> 2007-07-03)

1 Failed download:
['HCBK']: possibly delisted; no price data found  (1d 2007-06-22 -> 2007-07-03)
$HES: possibly delisted; no timezone found
$HAR: possibly delisted; no price data found  (1d 2007-06-22 -> 2007-07-03) (Yahoo error = "Data doesn't exist for startDate = 1182484800, endDate = 1183435200")
$HES: possibly delisted; no timezone found

1 Failed download:
['HES']: possibly delisted; no timezone found

1 Failed download:
['HAR']: possibly delisted; no price data found  (1d 2007-06-22 -> 2007-07-03) (Yahoo error = "Data doesn't exist for startDate = 1182484800, endDate = 1183435200")

1 Failed download:
['HCR']: YFRateLimitError('Too Many Requests. Rate limited. Try after a while.')

1 Failed download:
['HOT']: YFRateLimitError('Too Many Requests. Rate limited. Try after a while.')

1 Failed download:
['HLT']: YFRateLimitError('Too Many Requests. Rate limited. Try after a while.')
$HSP: possibly delisted; no price data found  (1d 1927-09-16 -> 2026-08-22)
$HSP: possibly delisted; no price data found  (1d 2007-06-22 -> 2007-07-03)

1 Failed download:
['HSP']: possibly delisted; no price data found  (1d 2007-06-22 -> 2007-07-03)

1 Failed download:
['IAC']: YFRateLimitError('Too Many Requests. Rate limited. Try after a while.')

1 Failed download:
['IR']: YFRateLimitError('Too Many Requests. Rate limited. Try after a while.')
$IGT: possibly delisted; no timezone found

1 Failed download:
['IGT']: possibly delisted; no timezone found
$JNS: possibly delisted; no price data found  (1d 1927-09-16 -> 2026-08-22)

1 Failed download:
['JCP']: YFRateLimitError('Too Many Requests. Rate limited. Try after a while.')
$IPG: possibly delisted; no timezone found
$JNS: possibly delisted; no price data found  (1d 2007-06-22 -> 2007-07-03)

1 Failed download:
['IPG']: possibly delisted; no timezone found

1 Failed download:
['JNS']: possibly delisted; no price data found  (1d 2007-06-22 -> 2007-07-03)
$JNPR: possibly delisted; no timezone found

1 Failed download:
['JWN']: YFRateLimitError('Too Many Requests. Rate limited. Try after a while.')

1 Failed download:
['JNPR']: possibly delisted; no timezone found
$KATE: possibly delisted; no price data found  (1d 1927-09-16 -> 2026-08-22)
$K: possibly delisted; no timezone found
$K: possibly delisted; no timezone found

1 Failed download:
['K']: possibly delisted; no timezone found
$KATE: possibly delisted; no price data found  (1d 2007-06-22 -> 2007-07-03)

1 Failed download:
['KATE']: possibly delisted; no price data found  (1d 2007-06-22 -> 2007-07-03)

1 Failed download:
['KG']: YFRateLimitError('Too Many Requests. Rate limited. Try after a while.')

1 Failed download:
['LLL']: YFRateLimitError('Too Many Requests. Rate limited. Try after a while.')
$LB: possibly delisted; no price data found  (1d 2007-06-22 -> 2007-07-03) (Yahoo error = "Data doesn't exist for startDate = 1182484800, endDate = 1183435200")

1 Failed download:
['LB']: possibly delisted; no price data found  (1d 2007-06-22 -> 2007-07-03) (Yahoo error = "Data doesn't exist for startDate = 1182484800, endDate = 1183435200")

1 Failed download:
['LM']: YFRateLimitError('Too Many Requests. Rate limited. Try after a while.')
$LXK: possibly delisted; no price data found  (1d 1927-09-16 -> 2026-08-22)
$LXK: possibly delisted; no price data found  (1d 2007-06-22 -> 2007-07-03)

1 Failed download:
['LXK']: possibly delisted; no price data found  (1d 2007-06-22 -> 2007-07-03)
$LLTC: possibly delisted; no price data found  (1d 1927-09-16 -> 2026-08-22)
$LLTC: possibly delisted; no price data found  (1d 2007-06-22 -> 2007-07-03)

1 Failed download:
['LLTC']: possibly delisted; no price data found  (1d 2007-06-22 -> 2007-07-03)

1 Failed download:
['LSI']: YFRateLimitError('Too Many Requests. Rate limited. Try after a while.')

1 Failed download:
['MDP']: YFRateLimitError('Too Many Requests. Rate limited. Try after a while.')
$MIL: possibly delisted; no price data found  (1d 1927-09-16 -> 2026-08-22)
$MIL: possibly delisted; no price data found  (1d 2007-06-22 -> 2007-07-03)

1 Failed download:
['MIL']: possibly delisted; no price data found  (1d 2007-06-22 -> 2007-07-03)

1 Failed download:
['MMC']: YFRateLimitError('Too Many Requests. Rate limited. Try after a while.')
$MI: possibly delisted; no price data found  (1d 2007-06-22 -> 2007-07-03) (Yahoo error = "Data doesn't exist for startDate = 1182484800, endDate = 1183435200")

1 Failed download:
['MI']: possibly delisted; no price data found  (1d 2007-06-22 -> 2007-07-03) (Yahoo error = "Data doesn't exist for startDate = 1182484800, endDate = 1183435200")

1 Failed download:
['MRO']: YFRateLimitError('Too Many Requests. Rate limited. Try after a while.')
$MON: possibly delisted; no timezone found
$MON: possibly delisted; no timezone found

1 Failed download:
['MON']: possibly delisted; no timezone found
$MWW: possibly delisted; no price data found  (1d 1927-09-16 -> 2026-08-22)
$MXIM: possibly delisted; no timezone found
$MWW: possibly delisted; no price data found  (1d 2007-06-22 -> 2007-07-03)

1 Failed download:
['MWW']: possibly delisted; no price data found  (1d 2007-06-22 -> 2007-07-03)
$MXIM: possibly delisted; no timezone found

1 Failed download:

1 Failed download:
['MXIM']: possibly delisted; no timezone found
['MYL']: YFRateLimitError('Too Many Requests. Rate limited. Try after a while.')
$NCR: possibly delisted; no timezone found
$NCR: possibly delisted; no timezone found

1 Failed download:
['NCR']: possibly delisted; no timezone found

1 Failed download:
['NE']: YFRateLimitError('Too Many Requests. Rate limited. Try after a while.')

1 Failed download:
['NSM']: YFRateLimitError('Too Many Requests. Rate limited. Try after a while.')
$NVLS: possibly delisted; no price data found  (1d 1927-09-16 -> 2026-08-22)
$NVLS: possibly delisted; no price data found  (1d 2007-06-22 -> 2007-07-03)

1 Failed download:
['NVLS']: possibly delisted; no price data found  (1d 2007-06-22 -> 2007-07-03)

1 Failed download:
['ODP']: YFRateLimitError('Too Many Requests. Rate limited. Try after a while.')

1 Failed download:
['PCL']: YFRateLimitError('Too Many Requests. Rate limited. Try after a while.')
$PCP: possibly delisted; no price data found  (1d 1927-09-16 -> 2026-08-22)

1 Failed download:
['PCP']: YFRateLimitError('Too Many Requests. Rate limited. Try after a while.')
$PDCO: possibly delisted; no timezone found
$PDCO: possibly delisted; no timezone found

1 Failed download:
['PDCO']: possibly delisted; no timezone found
$PGN: possibly delisted; no price data found  (1d 1927-09-16 -> 2026-08-22)
$PGN: possibly delisted; no price data found  (1d 2007-06-22 -> 2007-07-03)

1 Failed download:
['PGN']: possibly delisted; no price data found  (1d 2007-06-22 -> 2007-07-03)
$PKI: possibly delisted; no timezone found

1 Failed download:
['PKI']: possibly delisted; no timezone found

1 Failed download:
['PLL']: YFRateLimitError('Too Many Requests. Rate limited. Try after a while.')

1 Failed download:
['PX']: YFRateLimitError('Too Many Requests. Rate limited. Try after a while.')
$Q: possibly delisted; no price data found  (1d 2007-06-22 -> 2025-10-26) (Yahoo error = "Data doesn't exist for startDate = 1182484800, endDate = 1761451200")

1 Failed download:
['Q']: possibly delisted; no price data found  (1d 2007-06-22 -> 2025-10-26) (Yahoo error = "Data doesn't exist for startDate = 1182484800, endDate = 1761451200")
$RAI: possibly delisted; no price data found  (1d 1927-09-16 -> 2026-08-22)
$QLGC: possibly delisted; no price data found  (1d 1927-09-16 -> 2026-08-22)
$RAI: possibly delisted; no price data found  (1d 2007-06-22 -> 2007-07-03)

1 Failed download:
['RAI']: possibly delisted; no price data found  (1d 2007-06-22 -> 2007-07-03)
$RRD: possibly delisted; no timezone found
$QLGC: possibly delisted; no price data found  (1d 2007-06-22 -> 2007-07-03)

1 Failed download:
['QLGC']: possibly delisted; no price data found  (1d 2007-06-22 -> 2007-07-03)
$RRD: possibly delisted; no timezone found

1 Failed download:
['RRD']: possibly delisted; no timezone found
$RDC: possibly delisted; no timezone found

1 Failed download:
['RDC']: possibly delisted; no timezone found

1 Failed download:
['RTN']: YFRateLimitError('Too Many Requests. Rate limited. Try after a while.')

1 Failed download:
['SEE']: YFRateLimitError('Too Many Requests. Rate limited. Try after a while.')
$SE: possibly delisted; no price data found  (1d 2007-06-22 -> 2007-07-03) (Yahoo error = "Data doesn't exist for startDate = 1182484800, endDate = 1183435200")

1 Failed download:
['SE']: possibly delisted; no price data found  (1d 2007-06-22 -> 2007-07-03) (Yahoo error = "Data doesn't exist for startDate = 1182484800, endDate = 1183435200")
$SIAL: possibly delisted; no price data found  (1d 1927-09-16 -> 2026-08-22)

1 Failed download:
['SGP']: YFRateLimitError('Too Many Requests. Rate limited. Try after a while.')
$SIAL: possibly delisted; no price data found  (1d 2007-06-22 -> 2007-07-03)

1 Failed download:
['SIAL']: possibly delisted; no price data found  (1d 2007-06-22 -> 2007-07-03)

1 Failed download:
['SHLD']: YFRateLimitError('Too Many Requests. Rate limited. Try after a while.')
$SII: possibly delisted; no price data found  (1d 2007-06-22 -> 2007-07-03) (Yahoo error = "Data doesn't exist for startDate = 1182484800, endDate = 1183435200")

1 Failed download:
['SII']: possibly delisted; no price data found  (1d 2007-06-22 -> 2007-07-03) (Yahoo error = "Data doesn't exist for startDate = 1182484800, endDate = 1183435200")

1 Failed download:
['SNDK']: YFRateLimitError('Too Many Requests. Rate limited. Try after a while.')

1 Failed download:
['SNV']: YFRateLimitError('Too Many Requests. Rate limited. Try after a while.')
$STJ: possibly delisted; no price data found  (1d 1927-09-16 -> 2026-08-22)
$S: possibly delisted; no price data found  (1d 2007-06-22 -> 2021-06-29) (Yahoo error = "Data doesn't exist for startDate = 1182484800, endDate = 1624939200")

1 Failed download:
['S']: possibly delisted; no price data found  (1d 2007-06-22 -> 2021-06-29) (Yahoo error = "Data doesn't exist for startDate = 1182484800, endDate = 1624939200")
$STJ: possibly delisted; no price data found  (1d 2007-06-22 -> 2007-07-03)

1 Failed download:
['STJ']: possibly delisted; no price data found  (1d 2007-06-22 -> 2007-07-03)
$SUNEQ: possibly delisted; no price data found  (1d 1927-09-16 -> 2026-08-22)

1 Failed download:
['SPLS']: YFRateLimitError('Too Many Requests. Rate limited. Try after a while.')
$STI: possibly delisted; no price data found  (1d 2007-06-22 -> 2007-07-03) (Yahoo error = "Data doesn't exist for startDate = 1182484800, endDate = 1183435200")

1 Failed download:
['STI']: possibly delisted; no price data found  (1d 2007-06-22 -> 2007-07-03) (Yahoo error = "Data doesn't exist for startDate = 1182484800, endDate = 1183435200")

1 Failed download:
['STR']: YFRateLimitError('Too Many Requests. Rate limited. Try after a while.')
$SUNEQ: possibly delisted; no price data found  (1d 2007-06-22 -> 2007-07-03)

1 Failed download:
['SUNEQ']: possibly delisted; no price data found  (1d 2007-06-22 -> 2007-07-03)
$SYMC: possibly delisted; no timezone found
$SYMC: possibly delisted; no timezone found

1 Failed download:
['SYMC']: possibly delisted; no timezone found

1 Failed download:
['SUN']: YFRateLimitError('Too Many Requests. Rate limited. Try after a while.')

1 Failed download:
['TE']: YFRateLimitError('Too Many Requests. Rate limited. Try after a while.')

1 Failed download:
['TGNA']: YFRateLimitError('Too Many Requests. Rate limited. Try after a while.')

1 Failed download:
['TMK']: YFRateLimitError('Too Many Requests. Rate limited. Try after a while.')

1 Failed download:
['TIF']: YFRateLimitError('Too Many Requests. Rate limited. Try after a while.')
$VAR: possibly delisted; no timezone found
$VAR: possibly delisted; no timezone found

1 Failed download:
['VAR']: possibly delisted; no timezone found

1 Failed download:
['UTX']: YFRateLimitError('Too Many Requests. Rate limited. Try after a while.')

1 Failed download:
['VIAB']: YFRateLimitError('Too Many Requests. Rate limited. Try after a while.')

1 Failed download:
['WBA']: YFRateLimitError('Too Many Requests. Rate limited. Try after a while.')
$WFM: possibly delisted; no price data found  (1d 1927-09-16 -> 2026-08-22)
$WB: possibly delisted; no price data found  (1d 2007-06-22 -> 2007-07-03) (Yahoo error = "Data doesn't exist for startDate = 1182484800, endDate = 1183435200")

1 Failed download:
['WB']: possibly delisted; no price data found  (1d 2007-06-22 -> 2007-07-03) (Yahoo error = "Data doesn't exist for startDate = 1182484800, endDate = 1183435200")
$WFM: possibly delisted; no price data found  (1d 2007-06-22 -> 2007-07-03)

1 Failed download:
['WFM']: possibly delisted; no price data found  (1d 2007-06-22 -> 2007-07-03)
$WFT: possibly delisted; no timezone found

1 Failed download:
['WFT']: possibly delisted; no timezone found

1 Failed download:
['WIN']: YFRateLimitError('Too Many Requests. Rate limited. Try after a while.')
$WYND: possibly delisted; no timezone found
$WYND: possibly delisted; no timezone found

1 Failed download:
['WYND']: possibly delisted; no timezone found
$X: possibly delisted; no timezone found

1 Failed download:
['X']: possibly delisted; no timezone found

1 Failed download:
['XL']: YFRateLimitError('Too Many Requests. Rate limited. Try after a while.')

1 Failed download:
['XLNX']: YFRateLimitError('Too Many Requests. Rate limited. Try after a while.')
[h14]   [2/6] 2007-07-02: 풀 40종목 (53.4s)
$ACAS: possibly delisted; no price data found  (1d 1927-09-16 -> 2026-08-22)
$AABA: possibly delisted; no timezone found
$ACAS: possibly delisted; no price data found  (1d 2007-12-23 -> 2008-01-03)
$AABA: possibly delisted; no timezone found

1 Failed download:
['ACAS']: possibly delisted; no price data found  (1d 2007-12-23 -> 2008-01-03)

1 Failed download:
['AABA']: possibly delisted; no timezone found

1 Failed download:
['ABC']: YFRateLimitError('Too Many Requests. Rate limited. Try after a while.')

1 Failed download:
['ALTR']: YFRateLimitError('Too Many Requests. Rate limited. Try after a while.')
$AKAM: possibly delisted; no price data found  (1d 2007-12-23 -> 2007-12-23)

1 Failed download:
['AKAM']: possibly delisted; no price data found  (1d 2007-12-23 -> 2007-12-23)

1 Failed download:
['ANTM']: YFRateLimitError('Too Many Requests. Rate limited. Try after a while.')
$APOL: possibly delisted; no price data found  (1d 1927-09-16 -> 2026-08-22)
$AGN: possibly delisted; no timezone found

1 Failed download:
['AGN']: possibly delisted; no timezone found

1 Failed download:
['ARNC']: YFRateLimitError('Too Many Requests. Rate limited. Try after a while.')
$APC: possibly delisted; no price data found  (1d 2007-12-23 -> 2026-02-11) (Yahoo error = "Data doesn't exist for startDate = 1198386000, endDate = 1770786000")

1 Failed download:
['APC']: possibly delisted; no price data found  (1d 2007-12-23 -> 2026-02-11) (Yahoo error = "Data doesn't exist for startDate = 1198386000, endDate = 1770786000")
$ANDV: possibly delisted; no price data found  (1d 2007-12-23 -> 2007-12-23)

1 Failed download:
['ANDV']: possibly delisted; no price data found  (1d 2007-12-23 -> 2007-12-23)

1 Failed download:
['AVP']: YFRateLimitError('Too Many Requests. Rate limited. Try after a while.')
$APOL: possibly delisted; no price data found  (1d 2007-12-23 -> 2008-01-03)

1 Failed download:
['APOL']: possibly delisted; no price data found  (1d 2007-12-23 -> 2008-01-03)
$BCR: possibly delisted; no price data found  (1d 1927-09-16 -> 2026-08-22)
$BCR: possibly delisted; no price data found  (1d 2007-12-23 -> 2008-01-03)

1 Failed download:
['BCR']: possibly delisted; no price data found  (1d 2007-12-23 -> 2008-01-03)
$BIG: possibly delisted; no timezone found
$BK: possibly delisted; no timezone found
$BHGE: possibly delisted; no timezone found

1 Failed download:
['BHGE']: possibly delisted; no timezone found
$BEAM: possibly delisted; no price data found  (1d 2007-12-23 -> 2008-01-03) (Yahoo error = "Data doesn't exist for startDate = 1198386000, endDate = 1199336400")

1 Failed download:
['BEAM']: possibly delisted; no price data found  (1d 2007-12-23 -> 2008-01-03) (Yahoo error = "Data doesn't exist for startDate = 1198386000, endDate = 1199336400")
$BIG: possibly delisted; no timezone found

1 Failed download:
['BIG']: possibly delisted; no timezone found
$BK: possibly delisted; no timezone found

1 Failed download:
['BK']: possibly delisted; no timezone found

1 Failed download:
['BLL']: YFRateLimitError('Too Many Requests. Rate limited. Try after a while.')
$BRCM: possibly delisted; no price data found  (1d 1927-09-16 -> 2026-08-22)
$BTUUQ: possibly delisted; no price data found  (1d 1927-09-16 -> 2026-08-22)
$BRCM: possibly delisted; no price data found  (1d 2007-12-23 -> 2008-01-03)

1 Failed download:
['BRCM']: possibly delisted; no price data found  (1d 2007-12-23 -> 2008-01-03)
$BTUUQ: possibly delisted; no price data found  (1d 2007-12-23 -> 2008-01-03)

1 Failed download:
['BTUUQ']: possibly delisted; no price data found  (1d 2007-12-23 -> 2008-01-03)

1 Failed download:
['CA']: YFRateLimitError('Too Many Requests. Rate limited. Try after a while.')

1 Failed download:
['BUD']: YFRateLimitError('Too Many Requests. Rate limited. Try after a while.')
$CBH: possibly delisted; no timezone found
$CBH: possibly delisted; no timezone found

1 Failed download:
['CBH']: possibly delisted; no timezone found
$CCE: possibly delisted; no price data found  (1d 1927-09-16 -> 2026-08-22)
$CCE: possibly delisted; no price data found  (1d 2007-12-23 -> 2008-01-03)

1 Failed download:
['CCE']: possibly delisted; no price data found  (1d 2007-12-23 -> 2008-01-03)
$CHK: possibly delisted; no timezone found

1 Failed download:
['CEG']: YFRateLimitError('Too Many Requests. Rate limited. Try after a while.')

1 Failed download:
['CELG']: YFRateLimitError('Too Many Requests. Rate limited. Try after a while.')
$CHK: possibly delisted; no timezone found

1 Failed download:
['CHK']: possibly delisted; no timezone found

1 Failed download:
['CBS']: YFRateLimitError('Too Many Requests. Rate limited. Try after a while.')
$CMA: possibly delisted; no timezone found

1 Failed download:
['CMA']: possibly delisted; no timezone found
$COL: possibly delisted; no price data found  (1d 2007-12-23 -> 2012-08-01)

1 Failed download:
['COL']: possibly delisted; no price data found  (1d 2007-12-23 -> 2012-08-01)

1 Failed download:
['CTL']: YFRateLimitError('Too Many Requests. Rate limited. Try after a while.')
$CTXS: possibly delisted; no timezone found
$CTXS: possibly delisted; no timezone found

1 Failed download:
['CTXS']: possibly delisted; no timezone found
$DDR: possibly delisted; no price data found  (1d 1927-09-16 -> 2026-08-22)
$DDR: possibly delisted; no price data found  (1d 2007-12-23 -> 2008-01-03)

1 Failed download:
['DDR']: possibly delisted; no price data found  (1d 2007-12-23 -> 2008-01-03)
$DFS: possibly delisted; no timezone found

1 Failed download:
['DF']: YFRateLimitError('Too Many Requests. Rate limited. Try after a while.')
$DFS: possibly delisted; no timezone found

1 Failed download:
['DFS']: possibly delisted; no timezone found

1 Failed download:
['DELL']: YFRateLimitError('Too Many Requests. Rate limited. Try after a while.')

1 Failed download:
['DTV']: YFRateLimitError('Too Many Requests. Rate limited. Try after a while.')
$DOW: possibly delisted; no price data found  (1d 2007-12-23 -> 2019-03-19) (Yahoo error = "Data doesn't exist for startDate = 1198386000, endDate = 1552968000")

1 Failed download:
['DOW']: possibly delisted; no price data found  (1d 2007-12-23 -> 2019-03-19) (Yahoo error = "Data doesn't exist for startDate = 1198386000, endDate = 1552968000")

1 Failed download:
['DYN']: YFRateLimitError('Too Many Requests. Rate limited. Try after a while.')
$EA: possibly delisted; no price data found  (1d 2007-12-23 -> 2016-07-18) (Yahoo error = "Data doesn't exist for startDate = 1198386000, endDate = 1468814400")

1 Failed download:
['EA']: possibly delisted; no price data found  (1d 2007-12-23 -> 2016-07-18) (Yahoo error = "Data doesn't exist for startDate = 1198386000, endDate = 1468814400")

1 Failed download:
['EMC']: YFRateLimitError('Too Many Requests. Rate limited. Try after a while.')

1 Failed download:
['ESV']: YFRateLimitError('Too Many Requests. Rate limited. Try after a while.')
$EQ: possibly delisted; no price data found  (1d 2007-12-23 -> 2008-01-03) (Yahoo error = "Data doesn't exist for startDate = 1198386000, endDate = 1199336400")

1 Failed download:
['EQ']: possibly delisted; no price data found  (1d 2007-12-23 -> 2008-01-03) (Yahoo error = "Data doesn't exist for startDate = 1198386000, endDate = 1199336400")
$ETFC: possibly delisted; no timezone found
$ETFC: possibly delisted; no timezone found

1 Failed download:
['ETFC']: possibly delisted; no timezone found
$EXPE: possibly delisted; no price data found  (1d 2007-12-23 -> 2007-12-23)

1 Failed download:
['EXPE']: possibly delisted; no price data found  (1d 2007-12-23 -> 2007-12-23)
$EXPD: possibly delisted; no price data found  (1d 2007-12-23 -> 2007-12-23)

1 Failed download:
['EXPD']: possibly delisted; no price data found  (1d 2007-12-23 -> 2007-12-23)

1 Failed download:
['FII']: YFRateLimitError('Too Many Requests. Rate limited. Try after a while.')
$GAS: possibly delisted; no price data found  (1d 1927-09-16 -> 2026-08-22)
$FRX: possibly delisted; no timezone found

1 Failed download:
['FRX']: possibly delisted; no timezone found

1 Failed download:
['GAS']: YFRateLimitError('Too Many Requests. Rate limited. Try after a while.')
$FTR: possibly delisted; no timezone found
$GGP: possibly delisted; no price data found  (1d 1927-09-16 -> 2026-08-22)

1 Failed download:
['FTR']: possibly delisted; no timezone found

1 Failed download:
['FOXA']: YFRateLimitError('Too Many Requests. Rate limited. Try after a while.')
$GGP: possibly delisted; no price data found  (1d 2007-12-23 -> 2008-01-03)

1 Failed download:
['GGP']: possibly delisted; no price data found  (1d 2007-12-23 -> 2008-01-03)

1 Failed download:
['GPS']: YFRateLimitError('Too Many Requests. Rate limited. Try after a while.')
$GME: possibly delisted; no price data found  (1d 2007-12-23 -> 2007-12-23)

1 Failed download:
['GME']: possibly delisted; no price data found  (1d 2007-12-23 -> 2007-12-23)
$HAR: possibly delisted; no price data found  (1d 1927-09-16 -> 2026-08-22)
$HCBK: possibly delisted; no price data found  (1d 1927-09-16 -> 2026-08-22)

1 Failed download:
['HAR']: YFRateLimitError('Too Many Requests. Rate limited. Try after a while.')
$HCBK: possibly delisted; no price data found  (1d 2007-12-23 -> 2008-01-03)

1 Failed download:
['HCBK']: possibly delisted; no price data found  (1d 2007-12-23 -> 2008-01-03)
$GHC: possibly delisted; no price data found  (1d 2007-12-23 -> 2007-12-23)

1 Failed download:

1 Failed download:
['HES']: YFRateLimitError('Too Many Requests. Rate limited. Try after a while.')
['GHC']: possibly delisted; no price data found  (1d 2007-12-23 -> 2007-12-23)
$HSP: possibly delisted; no price data found  (1d 1927-09-16 -> 2026-08-22)

1 Failed download:
['HOT']: YFRateLimitError('Too Many Requests. Rate limited. Try after a while.')
$HSP: possibly delisted; no price data found  (1d 2007-12-23 -> 2008-01-03)

1 Failed download:
['HSP']: possibly delisted; no price data found  (1d 2007-12-23 -> 2008-01-03)

1 Failed download:
['IAC']: YFRateLimitError('Too Many Requests. Rate limited. Try after a while.')

1 Failed download:
['IGT']: YFRateLimitError('Too Many Requests. Rate limited. Try after a while.')

1 Failed download:
['IPG']: YFRateLimitError('Too Many Requests. Rate limited. Try after a while.')
$IR: possibly delisted; no price data found  (1d 2007-12-23 -> 2017-05-11) (Yahoo error = "Data doesn't exist for startDate = 1198386000, endDate = 1494475200")
$JCP: possibly delisted; no timezone found

1 Failed download:
['IR']: possibly delisted; no price data found  (1d 2007-12-23 -> 2017-05-11) (Yahoo error = "Data doesn't exist for startDate = 1198386000, endDate = 1494475200")
$ICE: possibly delisted; no price data found  (1d 2007-12-23 -> 2007-12-23)
$JCP: possibly delisted; no timezone found

1 Failed download:
['ICE']: possibly delisted; no price data found  (1d 2007-12-23 -> 2007-12-23)

1 Failed download:
['JCP']: possibly delisted; no timezone found

1 Failed download:
['JEC']: YFRateLimitError('Too Many Requests. Rate limited. Try after a while.')
$JNS: possibly delisted; no price data found  (1d 1927-09-16 -> 2026-08-22)

1 Failed download:
['JNPR']: YFRateLimitError('Too Many Requests. Rate limited. Try after a while.')
$JNS: possibly delisted; no price data found  (1d 2007-12-23 -> 2008-01-03)

1 Failed download:
['JNS']: possibly delisted; no price data found  (1d 2007-12-23 -> 2008-01-03)
$KATE: possibly delisted; no price data found  (1d 1927-09-16 -> 2026-08-22)
$KATE: possibly delisted; no price data found  (1d 2007-12-23 -> 2008-01-03)

1 Failed download:
['KATE']: possibly delisted; no price data found  (1d 2007-12-23 -> 2008-01-03)
$JEF: possibly delisted; no price data found  (1d 2007-12-23 -> 2007-12-23)

1 Failed download:
['JEF']: possibly delisted; no price data found  (1d 2007-12-23 -> 2007-12-23)
$JWN: possibly delisted; no timezone found
$JWN: possibly delisted; no timezone found

1 Failed download:
['JWN']: possibly delisted; no timezone found
$K: possibly delisted; no timezone found
$K: possibly delisted; no timezone found

1 Failed download:
['K']: possibly delisted; no timezone found

1 Failed download:
['KG']: YFRateLimitError('Too Many Requests. Rate limited. Try after a while.')
$LB: possibly delisted; no price data found  (1d 2007-12-23 -> 2008-01-03) (Yahoo error = "Data doesn't exist for startDate = 1198386000, endDate = 1199336400")

1 Failed download:
['LB']: possibly delisted; no price data found  (1d 2007-12-23 -> 2008-01-03) (Yahoo error = "Data doesn't exist for startDate = 1198386000, endDate = 1199336400")

1 Failed download:
['LLL']: YFRateLimitError('Too Many Requests. Rate limited. Try after a while.')
$LLTC: possibly delisted; no price data found  (1d 1927-09-16 -> 2026-08-22)
$LLTC: possibly delisted; no price data found  (1d 2007-12-23 -> 2008-01-03)

1 Failed download:
['LLTC']: possibly delisted; no price data found  (1d 2007-12-23 -> 2008-01-03)

1 Failed download:
['LM']: YFRateLimitError('Too Many Requests. Rate limited. Try after a while.')
$LSI: possibly delisted; no timezone found
$LSI: possibly delisted; no timezone found
$LXK: possibly delisted; no price data found  (1d 1927-09-16 -> 2026-08-22)

1 Failed download:
['LSI']: possibly delisted; no timezone found
$LXK: possibly delisted; no price data found  (1d 2007-12-23 -> 2008-01-03)

1 Failed download:
['LXK']: possibly delisted; no price data found  (1d 2007-12-23 -> 2008-01-03)
$MIL: possibly delisted; no price data found  (1d 1927-09-16 -> 2026-08-22)

1 Failed download:
['MDP']: YFRateLimitError('Too Many Requests. Rate limited. Try after a while.')
$MCHP: possibly delisted; no price data found  (1d 2007-12-23 -> 2007-12-23)
$MIL: possibly delisted; no price data found  (1d 2007-12-23 -> 2008-01-03)

1 Failed download:
['MCHP']: possibly delisted; no price data found  (1d 2007-12-23 -> 2007-12-23)

1 Failed download:
['MIL']: possibly delisted; no price data found  (1d 2007-12-23 -> 2008-01-03)

1 Failed download:
['MMC']: YFRateLimitError('Too Many Requests. Rate limited. Try after a while.')
$MI: possibly delisted; no price data found  (1d 2007-12-23 -> 2008-01-03) (Yahoo error = "Data doesn't exist for startDate = 1198386000, endDate = 1199336400")
$MON: possibly delisted; no timezone found

1 Failed download:
['MI']: possibly delisted; no price data found  (1d 2007-12-23 -> 2008-01-03) (Yahoo error = "Data doesn't exist for startDate = 1198386000, endDate = 1199336400")
$MRO: possibly delisted; no timezone found
$MON: possibly delisted; no timezone found

1 Failed download:
['MON']: possibly delisted; no timezone found
$MRO: possibly delisted; no timezone found

1 Failed download:
['MRO']: possibly delisted; no timezone found
$MTW: possibly delisted; no price data found  (1d 2007-12-23 -> 2007-12-23)

1 Failed download:
['MTW']: possibly delisted; no price data found  (1d 2007-12-23 -> 2007-12-23)
$NBL: possibly delisted; no timezone found

1 Failed download:
['NBL']: possibly delisted; no timezone found

1 Failed download:
['MYL']: YFRateLimitError('Too Many Requests. Rate limited. Try after a while.')

1 Failed download:
['NE']: YFRateLimitError('Too Many Requests. Rate limited. Try after a while.')
$MWW: possibly delisted; no price data found  (1d 1927-09-16 -> 2026-08-22)
$MWW: possibly delisted; no price data found  (1d 2007-12-23 -> 2008-01-03)

1 Failed download:
['MWW']: possibly delisted; no price data found  (1d 2007-12-23 -> 2008-01-03)
$NSM: possibly delisted; no price data found  (1d 2007-12-23 -> 2008-01-03) (Yahoo error = "Data doesn't exist for startDate = 1198386000, endDate = 1199336400")

1 Failed download:
['NSM']: possibly delisted; no price data found  (1d 2007-12-23 -> 2008-01-03) (Yahoo error = "Data doesn't exist for startDate = 1198386000, endDate = 1199336400")

1 Failed download:
['ODP']: YFRateLimitError('Too Many Requests. Rate limited. Try after a while.')
$NVLS: possibly delisted; no price data found  (1d 1927-09-16 -> 2026-08-22)
$NVLS: possibly delisted; no price data found  (1d 2007-12-23 -> 2008-01-03)

1 Failed download:
['NVLS']: possibly delisted; no price data found  (1d 2007-12-23 -> 2008-01-03)
$PCP: possibly delisted; no price data found  (1d 1927-09-16 -> 2026-08-22)

1 Failed download:
['PCL']: YFRateLimitError('Too Many Requests. Rate limited. Try after a while.')
$PDCO: possibly delisted; no timezone found

1 Failed download:
['PCP']: YFRateLimitError('Too Many Requests. Rate limited. Try after a while.')
$PDCO: possibly delisted; no timezone found

1 Failed download:
['PDCO']: possibly delisted; no timezone found
$PGN: possibly delisted; no price data found  (1d 1927-09-16 -> 2026-08-22)
$PGN: possibly delisted; no price data found  (1d 2007-12-23 -> 2008-01-03)

1 Failed download:
['PGN']: possibly delisted; no price data found  (1d 2007-12-23 -> 2008-01-03)
$PLL: possibly delisted; no timezone found
$PLL: possibly delisted; no timezone found

1 Failed download:
['PLL']: possibly delisted; no timezone found

1 Failed download:
['PKI']: YFRateLimitError('Too Many Requests. Rate limited. Try after a while.')

1 Failed download:
['POM']: YFRateLimitError('Too Many Requests. Rate limited. Try after a while.')
$QLGC: possibly delisted; no price data found  (1d 1927-09-16 -> 2026-08-22)

1 Failed download:
['PX']: YFRateLimitError('Too Many Requests. Rate limited. Try after a while.')
$QLGC: possibly delisted; no price data found  (1d 2007-12-23 -> 2008-01-03)

1 Failed download:
['QLGC']: possibly delisted; no price data found  (1d 2007-12-23 -> 2008-01-03)
$RAI: possibly delisted; no price data found  (1d 1927-09-16 -> 2026-08-22)

1 Failed download:
['Q']: YFRateLimitError('Too Many Requests. Rate limited. Try after a while.')
$RAI: possibly delisted; no price data found  (1d 2007-12-23 -> 2008-01-03)

1 Failed download:
['RAI']: possibly delisted; no price data found  (1d 2007-12-23 -> 2008-01-03)

1 Failed download:
['RDC']: YFRateLimitError('Too Many Requests. Rate limited. Try after a while.')
$RRD: possibly delisted; no timezone found
$RTN: possibly delisted; no timezone found
$RRD: possibly delisted; no timezone found
$RTN: possibly delisted; no timezone found

1 Failed download:
['RRD']: possibly delisted; no timezone found

1 Failed download:
['RTN']: possibly delisted; no timezone found

1 Failed download:
['S']: YFRateLimitError('Too Many Requests. Rate limited. Try after a while.')
$SEE: possibly delisted; no timezone found
$SEE: possibly delisted; no timezone found

1 Failed download:
['SEE']: possibly delisted; no timezone found
$SIAL: possibly delisted; no price data found  (1d 1927-09-16 -> 2026-08-22)
$RRC: possibly delisted; no price data found  (1d 2007-12-23 -> 2007-12-23)

1 Failed download:
['RRC']: possibly delisted; no price data found  (1d 2007-12-23 -> 2007-12-23)

1 Failed download:
['SHLD']: YFRateLimitError('Too Many Requests. Rate limited. Try after a while.')
$SIAL: possibly delisted; no price data found  (1d 2007-12-23 -> 2008-01-03)

1 Failed download:
['SIAL']: possibly delisted; no price data found  (1d 2007-12-23 -> 2008-01-03)

1 Failed download:
['SE']: YFRateLimitError('Too Many Requests. Rate limited. Try after a while.')
$SII: possibly delisted; no price data found  (1d 2007-12-23 -> 2008-01-03) (Yahoo error = "Data doesn't exist for startDate = 1198386000, endDate = 1199336400")

1 Failed download:
['SII']: possibly delisted; no price data found  (1d 2007-12-23 -> 2008-01-03) (Yahoo error = "Data doesn't exist for startDate = 1198386000, endDate = 1199336400")

1 Failed download:
['SGP']: YFRateLimitError('Too Many Requests. Rate limited. Try after a while.')
$SNDK: possibly delisted; no price data found  (1d 2007-12-23 -> 2025-02-12) (Yahoo error = "Data doesn't exist for startDate = 1198386000, endDate = 1739336400")

1 Failed download:
['SNDK']: possibly delisted; no price data found  (1d 2007-12-23 -> 2025-02-12) (Yahoo error = "Data doesn't exist for startDate = 1198386000, endDate = 1739336400")
$STJ: possibly delisted; no price data found  (1d 1927-09-16 -> 2026-08-22)

1 Failed download:
['SPLS']: YFRateLimitError('Too Many Requests. Rate limited. Try after a while.')
$STR: possibly delisted; no timezone found
$STJ: possibly delisted; no price data found  (1d 2007-12-23 -> 2008-01-03)

1 Failed download:
['STJ']: possibly delisted; no price data found  (1d 2007-12-23 -> 2008-01-03)
$STR: possibly delisted; no timezone found

1 Failed download:
['STR']: possibly delisted; no timezone found
$SUNEQ: possibly delisted; no price data found  (1d 1927-09-16 -> 2026-08-22)
$SUNEQ: possibly delisted; no price data found  (1d 2007-12-23 -> 2008-01-03)

1 Failed download:
['SUNEQ']: possibly delisted; no price data found  (1d 2007-12-23 -> 2008-01-03)
$STI: possibly delisted; no price data found  (1d 2007-12-23 -> 2008-01-03) (Yahoo error = "Data doesn't exist for startDate = 1198386000, endDate = 1199336400")

1 Failed download:
['STI']: possibly delisted; no price data found  (1d 2007-12-23 -> 2008-01-03) (Yahoo error = "Data doesn't exist for startDate = 1198386000, endDate = 1199336400")

1 Failed download:
['SYMC']: YFRateLimitError('Too Many Requests. Rate limited. Try after a while.')

1 Failed download:
['TE']: YFRateLimitError('Too Many Requests. Rate limited. Try after a while.')
$TDC: possibly delisted; no price data found  (1d 2007-12-23 -> 2007-12-23)

1 Failed download:
['TDC']: possibly delisted; no price data found  (1d 2007-12-23 -> 2007-12-23)

1 Failed download:
['SUN']: YFRateLimitError('Too Many Requests. Rate limited. Try after a while.')
$TGNA: possibly delisted; no timezone found

1 Failed download:
['TGNA']: possibly delisted; no timezone found
$TIF: possibly delisted; no timezone found

1 Failed download:
['TIF']: possibly delisted; no timezone found

1 Failed download:
['TMK']: YFRateLimitError('Too Many Requests. Rate limited. Try after a while.')

1 Failed download:
['TSS']: YFRateLimitError('Too Many Requests. Rate limited. Try after a while.')
$UTX: possibly delisted; no timezone found
$VAR: possibly delisted; no timezone found
$UTX: possibly delisted; no timezone found

1 Failed download:
['UTX']: possibly delisted; no timezone found
$VAR: possibly delisted; no timezone found

1 Failed download:
['VAR']: possibly delisted; no timezone found

1 Failed download:
['VIAB']: YFRateLimitError('Too Many Requests. Rate limited. Try after a while.')
$WFM: possibly delisted; no price data found  (1d 1927-09-16 -> 2026-08-22)
$WB: possibly delisted; no price data found  (1d 2007-12-23 -> 2008-01-03) (Yahoo error = "Data doesn't exist for startDate = 1198386000, endDate = 1199336400")
$WBA: possibly delisted; no timezone found

1 Failed download:
['WB']: possibly delisted; no price data found  (1d 2007-12-23 -> 2008-01-03) (Yahoo error = "Data doesn't exist for startDate = 1198386000, endDate = 1199336400")
$WFT: possibly delisted; no timezone found

1 Failed download:
['WBA']: possibly delisted; no timezone found
$WFM: possibly delisted; no price data found  (1d 2007-12-23 -> 2008-01-03)
$WFT: possibly delisted; no timezone found

1 Failed download:
['WFM']: possibly delisted; no price data found  (1d 2007-12-23 -> 2008-01-03)

1 Failed download:
['WFT']: possibly delisted; no timezone found

1 Failed download:
['WIN']: YFRateLimitError('Too Many Requests. Rate limited. Try after a while.')
$X: possibly delisted; no timezone found
$X: possibly delisted; no timezone found

1 Failed download:
['X']: possibly delisted; no timezone found

1 Failed download:
['WYND']: YFRateLimitError('Too Many Requests. Rate limited. Try after a while.')

1 Failed download:
['XL']: YFRateLimitError('Too Many Requests. Rate limited. Try after a while.')
$XLNX: possibly delisted; no timezone found
$XLNX: possibly delisted; no timezone found

1 Failed download:
['XLNX']: possibly delisted; no timezone found
[h14]   [3/6] 2008-01-02: 풀 40종목 (50.5s)
$ACAS: possibly delisted; no price data found  (1d 1927-09-16 -> 2026-08-22)
$ABC: possibly delisted; no timezone found
$ACAS: possibly delisted; no price data found  (1d 2008-06-21 -> 2008-07-02)
$ABC: possibly delisted; no timezone found

1 Failed download:
['ABC']: possibly delisted; no timezone found

1 Failed download:
['ACAS']: possibly delisted; no price data found  (1d 2008-06-21 -> 2008-07-02)

1 Failed download:
['AABA']: YFRateLimitError('Too Many Requests. Rate limited. Try after a while.')

1 Failed download:
['AKS']: YFRateLimitError('Too Many Requests. Rate limited. Try after a while.')
$ALTR: possibly delisted; no timezone found
$ALTR: possibly delisted; no timezone found

1 Failed download:
['ALTR']: possibly delisted; no timezone found

1 Failed download:
['AGN']: YFRateLimitError('Too Many Requests. Rate limited. Try after a while.')
$APOL: possibly delisted; no price data found  (1d 1927-09-16 -> 2026-08-22)
$ANTM: possibly delisted; no timezone found
$APOL: possibly delisted; no price data found  (1d 2008-06-21 -> 2008-07-02)

1 Failed download:
['APOL']: possibly delisted; no price data found  (1d 2008-06-21 -> 2008-07-02)
$ANTM: possibly delisted; no timezone found

1 Failed download:
['ANTM']: possibly delisted; no timezone found

1 Failed download:
['ARNC']: YFRateLimitError('Too Many Requests. Rate limited. Try after a while.')

1 Failed download:
['AVP']: YFRateLimitError('Too Many Requests. Rate limited. Try after a while.')

1 Failed download:
['APC']: YFRateLimitError('Too Many Requests. Rate limited. Try after a while.')
$BCR: possibly delisted; no price data found  (1d 1927-09-16 -> 2026-08-22)
$BCR: possibly delisted; no price data found  (1d 2008-06-21 -> 2008-07-02)

1 Failed download:
['BCR']: possibly delisted; no price data found  (1d 2008-06-21 -> 2008-07-02)
$BIG: possibly delisted; no timezone found
$BEAM: possibly delisted; no price data found  (1d 2008-06-21 -> 2008-07-02) (Yahoo error = "Data doesn't exist for startDate = 1214020800, endDate = 1214971200")

1 Failed download:
['BEAM']: possibly delisted; no price data found  (1d 2008-06-21 -> 2008-07-02) (Yahoo error = "Data doesn't exist for startDate = 1214020800, endDate = 1214971200")
$BIG: possibly delisted; no timezone found

1 Failed download:
['BIG']: possibly delisted; no timezone found
$BK: possibly delisted; no timezone found
$BRCM: possibly delisted; no price data found  (1d 1927-09-16 -> 2026-08-22)

1 Failed download:
['BLL']: YFRateLimitError('Too Many Requests. Rate limited. Try after a while.')
$BK: possibly delisted; no timezone found

1 Failed download:
['BK']: possibly delisted; no timezone found
$BRCM: possibly delisted; no price data found  (1d 2008-06-21 -> 2008-07-02)
$BTUUQ: possibly delisted; no price data found  (1d 1927-09-16 -> 2026-08-22)

1 Failed download:
['BRCM']: possibly delisted; no price data found  (1d 2008-06-21 -> 2008-07-02)
$BTUUQ: possibly delisted; no price data found  (1d 2008-06-21 -> 2008-07-02)

1 Failed download:
['BTUUQ']: possibly delisted; no price data found  (1d 2008-06-21 -> 2008-07-02)
$BHGE: possibly delisted; no timezone found

1 Failed download:
['BHGE']: possibly delisted; no timezone found

1 Failed download:
['BUD']: YFRateLimitError('Too Many Requests. Rate limited. Try after a while.')

1 Failed download:
['CAM']: YFRateLimitError('Too Many Requests. Rate limited. Try after a while.')
$CCE: possibly delisted; no price data found  (1d 1927-09-16 -> 2026-08-22)
$CBS: possibly delisted; no timezone found
$CCE: possibly delisted; no price data found  (1d 2008-06-21 -> 2008-07-02)

1 Failed download:
['CCE']: possibly delisted; no price data found  (1d 2008-06-21 -> 2008-07-02)
$CBS: possibly delisted; no timezone found

1 Failed download:
['CBS']: possibly delisted; no timezone found

1 Failed download:
['CA']: YFRateLimitError('Too Many Requests. Rate limited. Try after a while.')
$CHK: possibly delisted; no timezone found

1 Failed download:
['CEG']: YFRateLimitError('Too Many Requests. Rate limited. Try after a while.')
$CHK: possibly delisted; no timezone found
$CELG: possibly delisted; no timezone found

1 Failed download:
['CHK']: possibly delisted; no timezone found

1 Failed download:
['CELG']: possibly delisted; no timezone found

1 Failed download:
['CMA']: YFRateLimitError('Too Many Requests. Rate limited. Try after a while.')
$COL: possibly delisted; no price data found  (1d 2008-06-21 -> 2012-08-01)

1 Failed download:
['COL']: possibly delisted; no price data found  (1d 2008-06-21 -> 2012-08-01)

1 Failed download:
['COG']: YFRateLimitError('Too Many Requests. Rate limited. Try after a while.')
$CTL: possibly delisted; no timezone found

1 Failed download:
['CTL']: possibly delisted; no timezone found

1 Failed download:
['CTXS']: YFRateLimitError('Too Many Requests. Rate limited. Try after a while.')
$DDR: possibly delisted; no price data found  (1d 1927-09-16 -> 2026-08-22)
$DDR: possibly delisted; no price data found  (1d 2008-06-21 -> 2008-07-02)

1 Failed download:
['DDR']: possibly delisted; no price data found  (1d 2008-06-21 -> 2008-07-02)
$DFS: possibly delisted; no timezone found

1 Failed download:
['DF']: YFRateLimitError('Too Many Requests. Rate limited. Try after a while.')
$DFS: possibly delisted; no timezone found

1 Failed download:
['DFS']: possibly delisted; no timezone found

1 Failed download:
['DELL']: YFRateLimitError('Too Many Requests. Rate limited. Try after a while.')

1 Failed download:
['DOW']: YFRateLimitError('Too Many Requests. Rate limited. Try after a while.')

1 Failed download:
['DYN']: YFRateLimitError('Too Many Requests. Rate limited. Try after a while.')

1 Failed download:
['DTV']: YFRateLimitError('Too Many Requests. Rate limited. Try after a while.')
$EA: possibly delisted; no price data found  (1d 2008-06-21 -> 2016-07-18) (Yahoo error = "Data doesn't exist for startDate = 1214020800, endDate = 1468814400")

1 Failed download:
['EA']: possibly delisted; no price data found  (1d 2008-06-21 -> 2016-07-18) (Yahoo error = "Data doesn't exist for startDate = 1214020800, endDate = 1468814400")

1 Failed download:
['EMC']: YFRateLimitError('Too Many Requests. Rate limited. Try after a while.')

1 Failed download:
['EQ']: YFRateLimitError('Too Many Requests. Rate limited. Try after a while.')
$ETFC: possibly delisted; no timezone found

1 Failed download:
['ESV']: YFRateLimitError('Too Many Requests. Rate limited. Try after a while.')
$ETFC: possibly delisted; no timezone found

1 Failed download:
['ETFC']: possibly delisted; no timezone found

1 Failed download:
['FII']: YFRateLimitError('Too Many Requests. Rate limited. Try after a while.')
$GAS: possibly delisted; no price data found  (1d 1927-09-16 -> 2026-08-22)

1 Failed download:
['FTR']: YFRateLimitError('Too Many Requests. Rate limited. Try after a while.')
$GGP: possibly delisted; no price data found  (1d 1927-09-16 -> 2026-08-22)

1 Failed download:
['GAS']: YFRateLimitError('Too Many Requests. Rate limited. Try after a while.')

1 Failed download:
['FOXA']: YFRateLimitError('Too Many Requests. Rate limited. Try after a while.')

1 Failed download:
['FRX']: YFRateLimitError('Too Many Requests. Rate limited. Try after a while.')
$GGP: possibly delisted; no price data found  (1d 2008-06-21 -> 2008-07-02)

1 Failed download:
['GGP']: possibly delisted; no price data found  (1d 2008-06-21 -> 2008-07-02)
$HAR: possibly delisted; no price data found  (1d 1927-09-16 -> 2026-08-22)

1 Failed download:
['HAR']: YFRateLimitError('Too Many Requests. Rate limited. Try after a while.')
$HCBK: possibly delisted; no price data found  (1d 1927-09-16 -> 2026-08-22)
$HCBK: possibly delisted; no price data found  (1d 2008-06-21 -> 2008-07-02)

1 Failed download:
['HCBK']: possibly delisted; no price data found  (1d 2008-06-21 -> 2008-07-02)
$GPS: possibly delisted; no timezone found

1 Failed download:
['HCP']: YFRateLimitError('Too Many Requests. Rate limited. Try after a while.')
$GPS: possibly delisted; no timezone found
$HES: possibly delisted; no timezone found

1 Failed download:
['GPS']: possibly delisted; no timezone found
$HES: possibly delisted; no timezone found

1 Failed download:
['HES']: possibly delisted; no timezone found

1 Failed download:
['HOT']: YFRateLimitError('Too Many Requests. Rate limited. Try after a while.')
$HSP: possibly delisted; no price data found  (1d 1927-09-16 -> 2026-08-22)
$HSP: possibly delisted; no price data found  (1d 2008-06-21 -> 2008-07-02)

1 Failed download:
['HSP']: possibly delisted; no price data found  (1d 2008-06-21 -> 2008-07-02)
$IAC: possibly delisted; no timezone found

1 Failed download:
['IAC']: possibly delisted; no timezone found
$IGT: possibly delisted; no timezone found

1 Failed download:
['IGT']: possibly delisted; no timezone found

1 Failed download:
['IPG']: YFRateLimitError('Too Many Requests. Rate limited. Try after a while.')
$JEC: possibly delisted; no timezone found
$JNS: possibly delisted; no price data found  (1d 1927-09-16 -> 2026-08-22)

1 Failed download:
['IR']: YFRateLimitError('Too Many Requests. Rate limited. Try after a while.')
$ISRG: possibly delisted; no price data found  (1d 2008-06-21 -> 2008-06-22)

1 Failed download:
['ISRG']: possibly delisted; no price data found  (1d 2008-06-21 -> 2008-06-22)
$JEC: possibly delisted; no timezone found

1 Failed download:
['JEC']: possibly delisted; no timezone found

1 Failed download:
['JCP']: YFRateLimitError('Too Many Requests. Rate limited. Try after a while.')
$KATE: possibly delisted; no price data found  (1d 1927-09-16 -> 2026-08-22)
$JNS: possibly delisted; no price data found  (1d 2008-06-21 -> 2008-07-02)

1 Failed download:
['JNS']: possibly delisted; no price data found  (1d 2008-06-21 -> 2008-07-02)
$JNPR: possibly delisted; no timezone found
$JWN: possibly delisted; no timezone found

1 Failed download:
['JNPR']: possibly delisted; no timezone found
$KATE: possibly delisted; no price data found  (1d 2008-06-21 -> 2008-07-02)

1 Failed download:
['KATE']: possibly delisted; no price data found  (1d 2008-06-21 -> 2008-07-02)
$JWN: possibly delisted; no timezone found

1 Failed download:
['JWN']: possibly delisted; no timezone found

1 Failed download:
['K']: YFRateLimitError('Too Many Requests. Rate limited. Try after a while.')

1 Failed download:
['LB']: YFRateLimitError('Too Many Requests. Rate limited. Try after a while.')
$LLTC: possibly delisted; no price data found  (1d 1927-09-16 -> 2026-08-22)
$LLTC: possibly delisted; no price data found  (1d 2008-06-21 -> 2008-07-02)

1 Failed download:
['LLTC']: possibly delisted; no price data found  (1d 2008-06-21 -> 2008-07-02)

1 Failed download:
['LM']: YFRateLimitError('Too Many Requests. Rate limited. Try after a while.')

1 Failed download:
['LSI']: YFRateLimitError('Too Many Requests. Rate limited. Try after a while.')

1 Failed download:
['LLL']: YFRateLimitError('Too Many Requests. Rate limited. Try after a while.')
$LXK: possibly delisted; no price data found  (1d 1927-09-16 -> 2026-08-22)
$LXK: possibly delisted; no price data found  (1d 2008-06-21 -> 2008-07-02)

1 Failed download:
['LXK']: possibly delisted; no price data found  (1d 2008-06-21 -> 2008-07-02)

1 Failed download:
['MDP']: YFRateLimitError('Too Many Requests. Rate limited. Try after a while.')
$MIL: possibly delisted; no price data found  (1d 1927-09-16 -> 2026-08-22)
$MIL: possibly delisted; no price data found  (1d 2008-06-21 -> 2008-07-02)

1 Failed download:
['MIL']: possibly delisted; no price data found  (1d 2008-06-21 -> 2008-07-02)

1 Failed download:
['MI']: YFRateLimitError('Too Many Requests. Rate limited. Try after a while.')
$MON: possibly delisted; no timezone found
$MON: possibly delisted; no timezone found
$MMC: possibly delisted; no timezone found

1 Failed download:

1 Failed download:
['MON']: possibly delisted; no timezone found
['MMC']: possibly delisted; no timezone found
$MRO: possibly delisted; no timezone found
$MRO: possibly delisted; no timezone found

1 Failed download:
['MRO']: possibly delisted; no timezone found
$MWW: possibly delisted; no price data found  (1d 1927-09-16 -> 2026-08-22)
$MWW: possibly delisted; no price data found  (1d 2008-06-21 -> 2008-07-02)

1 Failed download:
['MWW']: possibly delisted; no price data found  (1d 2008-06-21 -> 2008-07-02)

1 Failed download:
['MYL']: YFRateLimitError('Too Many Requests. Rate limited. Try after a while.')

1 Failed download:
['NBL']: YFRateLimitError('Too Many Requests. Rate limited. Try after a while.')

1 Failed download:
['NE']: YFRateLimitError('Too Many Requests. Rate limited. Try after a while.')

1 Failed download:
['NSM']: YFRateLimitError('Too Many Requests. Rate limited. Try after a while.')
$NVLS: possibly delisted; no price data found  (1d 1927-09-16 -> 2026-08-22)
$NVLS: possibly delisted; no price data found  (1d 2008-06-21 -> 2008-07-02)

1 Failed download:
['NVLS']: possibly delisted; no price data found  (1d 2008-06-21 -> 2008-07-02)

1 Failed download:
['ODP']: YFRateLimitError('Too Many Requests. Rate limited. Try after a while.')

1 Failed download:
['PCL']: YFRateLimitError('Too Many Requests. Rate limited. Try after a while.')
$PCP: possibly delisted; no price data found  (1d 1927-09-16 -> 2026-08-22)

1 Failed download:
['PCP']: YFRateLimitError('Too Many Requests. Rate limited. Try after a while.')
$PDCO: possibly delisted; no timezone found
$PDCO: possibly delisted; no timezone found

1 Failed download:
['PDCO']: possibly delisted; no timezone found
$PGN: possibly delisted; no price data found  (1d 1927-09-16 -> 2026-08-22)
$PGN: possibly delisted; no price data found  (1d 2008-06-21 -> 2008-07-02)

1 Failed download:
['PGN']: possibly delisted; no price data found  (1d 2008-06-21 -> 2008-07-02)

1 Failed download:
['PKI']: YFRateLimitError('Too Many Requests. Rate limited. Try after a while.')

1 Failed download:
['PLL']: YFRateLimitError('Too Many Requests. Rate limited. Try after a while.')
$PM: possibly delisted; no price data found  (1d 2008-06-21 -> 2008-06-22)

1 Failed download:
['PM']: possibly delisted; no price data found  (1d 2008-06-21 -> 2008-06-22)

1 Failed download:
['POM']: YFRateLimitError('Too Many Requests. Rate limited. Try after a while.')
$PX: possibly delisted; no timezone found
$PX: possibly delisted; no timezone found

1 Failed download:
['PX']: possibly delisted; no timezone found
$QLGC: possibly delisted; no price data found  (1d 1927-09-16 -> 2026-08-22)

1 Failed download:
['Q']: YFRateLimitError('Too Many Requests. Rate limited. Try after a while.')
$QLGC: possibly delisted; no price data found  (1d 2008-06-21 -> 2008-07-02)

1 Failed download:
['QLGC']: possibly delisted; no price data found  (1d 2008-06-21 -> 2008-07-02)
$RAI: possibly delisted; no price data found  (1d 1927-09-16 -> 2026-08-22)
$RAI: possibly delisted; no price data found  (1d 2008-06-21 -> 2008-07-02)

1 Failed download:
['RAI']: possibly delisted; no price data found  (1d 2008-06-21 -> 2008-07-02)

1 Failed download:
['RDC']: YFRateLimitError('Too Many Requests. Rate limited. Try after a while.')
$RRD: possibly delisted; no timezone found

1 Failed download:
['RRD']: possibly delisted; no timezone found
$RTN: possibly delisted; no timezone found

1 Failed download:
['RTN']: possibly delisted; no timezone found
$SIAL: possibly delisted; no price data found  (1d 1927-09-16 -> 2026-08-22)

1 Failed download:
['S']: YFRateLimitError('Too Many Requests. Rate limited. Try after a while.')
$SEE: possibly delisted; no timezone found

1 Failed download:
['SEE']: possibly delisted; no timezone found

1 Failed download:
['SGP']: YFRateLimitError('Too Many Requests. Rate limited. Try after a while.')
$SNI: possibly delisted; no price data found  (1d 1927-09-16 -> 2026-08-22)
$SIAL: possibly delisted; no price data found  (1d 2008-06-21 -> 2008-07-02)

1 Failed download:
['SIAL']: possibly delisted; no price data found  (1d 2008-06-21 -> 2008-07-02)

1 Failed download:
['SE']: YFRateLimitError('Too Many Requests. Rate limited. Try after a while.')
$SHLD: possibly delisted; no price data found  (1d 2008-06-21 -> 2008-07-02) (Yahoo error = "Data doesn't exist for startDate = 1214020800, endDate = 1214971200")

1 Failed download:
['SHLD']: possibly delisted; no price data found  (1d 2008-06-21 -> 2008-07-02) (Yahoo error = "Data doesn't exist for startDate = 1214020800, endDate = 1214971200")
$STJ: possibly delisted; no price data found  (1d 1927-09-16 -> 2026-08-22)
$SNI: possibly delisted; no price data found  (1d 2008-06-21 -> 2008-07-02)

1 Failed download:
['SNI']: possibly delisted; no price data found  (1d 2008-06-21 -> 2008-07-02)

1 Failed download:
['SNDK']: YFRateLimitError('Too Many Requests. Rate limited. Try after a while.')

1 Failed download:
['SPLS']: YFRateLimitError('Too Many Requests. Rate limited. Try after a while.')
$SUNEQ: possibly delisted; no price data found  (1d 1927-09-16 -> 2026-08-22)
$STJ: possibly delisted; no price data found  (1d 2008-06-21 -> 2008-07-02)

1 Failed download:
['STJ']: possibly delisted; no price data found  (1d 2008-06-21 -> 2008-07-02)

1 Failed download:
['STI']: YFRateLimitError('Too Many Requests. Rate limited. Try after a while.')
$SYMC: possibly delisted; no timezone found

1 Failed download:
['STR']: YFRateLimitError('Too Many Requests. Rate limited. Try after a while.')

1 Failed download:
['SUN']: YFRateLimitError('Too Many Requests. Rate limited. Try after a while.')
$SUNEQ: possibly delisted; no price data found  (1d 2008-06-21 -> 2008-07-02)

1 Failed download:
['SUNEQ']: possibly delisted; no price data found  (1d 2008-06-21 -> 2008-07-02)
$SYMC: possibly delisted; no timezone found

1 Failed download:
['SYMC']: possibly delisted; no timezone found

1 Failed download:
['SII']: YFRateLimitError('Too Many Requests. Rate limited. Try after a while.')
$TGNA: possibly delisted; no timezone found
$TE: possibly delisted; no price data found  (1d 2008-06-21 -> 2008-07-02) (Yahoo error = "Data doesn't exist for startDate = 1214020800, endDate = 1214971200")
$TIF: possibly delisted; no timezone found
$TIF: possibly delisted; no timezone found

1 Failed download:
['TE']: possibly delisted; no price data found  (1d 2008-06-21 -> 2008-07-02) (Yahoo error = "Data doesn't exist for startDate = 1214020800, endDate = 1214971200")

1 Failed download:
['TGNA']: possibly delisted; no timezone found

1 Failed download:
['TIF']: possibly delisted; no timezone found

1 Failed download:
['TMK']: YFRateLimitError('Too Many Requests. Rate limited. Try after a while.')
$TSS: possibly delisted; no timezone found
$TSS: possibly delisted; no timezone found

1 Failed download:
['TSS']: possibly delisted; no timezone found
$UTX: possibly delisted; no timezone found
$UTX: possibly delisted; no timezone found

1 Failed download:
['VAR']: YFRateLimitError('Too Many Requests. Rate limited. Try after a while.')

1 Failed download:
['UTX']: possibly delisted; no timezone found

1 Failed download:
['VIAB']: YFRateLimitError('Too Many Requests. Rate limited. Try after a while.')

1 Failed download:
['WB']: YFRateLimitError('Too Many Requests. Rate limited. Try after a while.')
$WBA: possibly delisted; no timezone found
$WBA: possibly delisted; no timezone found

1 Failed download:
['WBA']: possibly delisted; no timezone found
$WFM: possibly delisted; no price data found  (1d 1927-09-16 -> 2026-08-22)
$WIN: possibly delisted; no timezone found
$WFM: possibly delisted; no price data found  (1d 2008-06-21 -> 2008-07-02)

1 Failed download:
['WFM']: possibly delisted; no price data found  (1d 2008-06-21 -> 2008-07-02)
$WIN: possibly delisted; no timezone found

1 Failed download:
['WIN']: possibly delisted; no timezone found

1 Failed download:
['WFT']: YFRateLimitError('Too Many Requests. Rate limited. Try after a while.')
$WYND: possibly delisted; no timezone found
$WYND: possibly delisted; no timezone found

1 Failed download:
['WYND']: possibly delisted; no timezone found
$XL: possibly delisted; no timezone found

1 Failed download:
['XL']: possibly delisted; no timezone found

1 Failed download:
['XLNX']: YFRateLimitError('Too Many Requests. Rate limited. Try after a while.')
$X: possibly delisted; no timezone found

1 Failed download:
['X']: possibly delisted; no timezone found
[h14]   [4/6] 2008-07-01: 풀 40종목 (52.9s)
$ACAS: possibly delisted; no price data found  (1d 1927-09-16 -> 2026-08-22)
$ACAS: possibly delisted; no price data found  (1d 2008-12-23 -> 2009-01-03)

1 Failed download:
['ACAS']: possibly delisted; no price data found  (1d 2008-12-23 -> 2009-01-03)
$ABC: possibly delisted; no timezone found
$ABC: possibly delisted; no timezone found

1 Failed download:
['ABC']: possibly delisted; no timezone found

1 Failed download:
['AABA']: YFRateLimitError('Too Many Requests. Rate limited. Try after a while.')

1 Failed download:
['AGN']: YFRateLimitError('Too Many Requests. Rate limited. Try after a while.')
$AKS: possibly delisted; no timezone found
$AKS: possibly delisted; no timezone found

1 Failed download:
['AKS']: possibly delisted; no timezone found

1 Failed download:
['ALTR']: YFRateLimitError('Too Many Requests. Rate limited. Try after a while.')

1 Failed download:
['ANTM']: YFRateLimitError('Too Many Requests. Rate limited. Try after a while.')
$APOL: possibly delisted; no price data found  (1d 1927-09-16 -> 2026-08-22)

1 Failed download:
['APC']: YFRateLimitError('Too Many Requests. Rate limited. Try after a while.')
$APOL: possibly delisted; no price data found  (1d 2008-12-23 -> 2009-01-03)

1 Failed download:
['APOL']: possibly delisted; no price data found  (1d 2008-12-23 -> 2009-01-03)

1 Failed download:
['ARNC']: YFRateLimitError('Too Many Requests. Rate limited. Try after a while.')
$BCR: possibly delisted; no price data found  (1d 1927-09-16 -> 2026-08-22)

1 Failed download:
['AVP']: YFRateLimitError('Too Many Requests. Rate limited. Try after a while.')
$BCR: possibly delisted; no price data found  (1d 2008-12-23 -> 2009-01-03)

1 Failed download:
['BCR']: possibly delisted; no price data found  (1d 2008-12-23 -> 2009-01-03)
$BHGE: possibly delisted; no timezone found
$BHGE: possibly delisted; no timezone found

1 Failed download:
['BHGE']: possibly delisted; no timezone found
$BEAM: possibly delisted; no price data found  (1d 2008-12-23 -> 2009-01-03) (Yahoo error = "Data doesn't exist for startDate = 1230008400, endDate = 1230958800")

1 Failed download:
['BEAM']: possibly delisted; no price data found  (1d 2008-12-23 -> 2009-01-03) (Yahoo error = "Data doesn't exist for startDate = 1230008400, endDate = 1230958800")
$BIG: possibly delisted; no timezone found
$BIG: possibly delisted; no timezone found

1 Failed download:
['BIG']: possibly delisted; no timezone found

1 Failed download:
['BK']: YFRateLimitError('Too Many Requests. Rate limited. Try after a while.')
$BRCM: possibly delisted; no price data found  (1d 1927-09-16 -> 2026-08-22)
$BTUUQ: possibly delisted; no price data found  (1d 1927-09-16 -> 2026-08-22)
$BRCM: possibly delisted; no price data found  (1d 2008-12-23 -> 2009-01-03)

1 Failed download:
['BRCM']: possibly delisted; no price data found  (1d 2008-12-23 -> 2009-01-03)
$BTUUQ: possibly delisted; no price data found  (1d 2008-12-23 -> 2009-01-03)

1 Failed download:
['BTUUQ']: possibly delisted; no price data found  (1d 2008-12-23 -> 2009-01-03)
$CA: possibly delisted; no timezone found

1 Failed download:
['CA']: possibly delisted; no timezone found

1 Failed download:
['BLL']: YFRateLimitError('Too Many Requests. Rate limited. Try after a while.')

1 Failed download:
['CAM']: YFRateLimitError('Too Many Requests. Rate limited. Try after a while.')
$CCE: possibly delisted; no price data found  (1d 1927-09-16 -> 2026-08-22)
$CBS: possibly delisted; no timezone found
$CBS: possibly delisted; no timezone found

1 Failed download:
['CBS']: possibly delisted; no timezone found
$CCE: possibly delisted; no price data found  (1d 2008-12-23 -> 2009-01-03)

1 Failed download:
['CCE']: possibly delisted; no price data found  (1d 2008-12-23 -> 2009-01-03)
$CELG: possibly delisted; no timezone found

1 Failed download:
['CELG']: possibly delisted; no timezone found

1 Failed download:
['CHK']: YFRateLimitError('Too Many Requests. Rate limited. Try after a while.')
$CEG: possibly delisted; no price data found  (1d 2008-12-23 -> 2022-01-18) (Yahoo error = "Data doesn't exist for startDate = 1230008400, endDate = 1642482000")

1 Failed download:
['CEG']: possibly delisted; no price data found  (1d 2008-12-23 -> 2022-01-18) (Yahoo error = "Data doesn't exist for startDate = 1230008400, endDate = 1642482000")

1 Failed download:
['CMA']: YFRateLimitError('Too Many Requests. Rate limited. Try after a while.')

1 Failed download:
['COG']: YFRateLimitError('Too Many Requests. Rate limited. Try after a while.')
$COL: possibly delisted; no price data found  (1d 2008-12-23 -> 2012-08-01)

1 Failed download:
['COL']: possibly delisted; no price data found  (1d 2008-12-23 -> 2012-08-01)

1 Failed download:
['CTL']: YFRateLimitError('Too Many Requests. Rate limited. Try after a while.')
$DDR: possibly delisted; no price data found  (1d 1927-09-16 -> 2026-08-22)

1 Failed download:
['CTXS']: YFRateLimitError('Too Many Requests. Rate limited. Try after a while.')
$DDR: possibly delisted; no price data found  (1d 2008-12-23 -> 2009-01-03)

1 Failed download:
['DDR']: possibly delisted; no price data found  (1d 2008-12-23 -> 2009-01-03)
$DFS: possibly delisted; no timezone found

1 Failed download:
['DF']: YFRateLimitError('Too Many Requests. Rate limited. Try after a while.')
$DFS: possibly delisted; no timezone found

1 Failed download:
['DFS']: possibly delisted; no timezone found

1 Failed download:
['DNB']: YFRateLimitError('Too Many Requests. Rate limited. Try after a while.')
$DELL: possibly delisted; no price data found  (1d 2008-12-23 -> 2016-08-16) (Yahoo error = "Data doesn't exist for startDate = 1230008400, endDate = 1471320000")

1 Failed download:
['DELL']: possibly delisted; no price data found  (1d 2008-12-23 -> 2016-08-16) (Yahoo error = "Data doesn't exist for startDate = 1230008400, endDate = 1471320000")

1 Failed download:
['DTV']: YFRateLimitError('Too Many Requests. Rate limited. Try after a while.')

1 Failed download:
['EA']: YFRateLimitError('Too Many Requests. Rate limited. Try after a while.')

1 Failed download:
['DOW']: YFRateLimitError('Too Many Requests. Rate limited. Try after a while.')
$DYN: possibly delisted; no price data found  (1d 2008-12-23 -> 2009-01-03) (Yahoo error = "Data doesn't exist for startDate = 1230008400, endDate = 1230958800")

1 Failed download:
['DYN']: possibly delisted; no price data found  (1d 2008-12-23 -> 2009-01-03) (Yahoo error = "Data doesn't exist for startDate = 1230008400, endDate = 1230958800")

1 Failed download:
['EMC']: YFRateLimitError('Too Many Requests. Rate limited. Try after a while.')
$ETFC: possibly delisted; no timezone found

1 Failed download:
['ESV']: YFRateLimitError('Too Many Requests. Rate limited. Try after a while.')
$ETFC: possibly delisted; no timezone found

1 Failed download:
['ETFC']: possibly delisted; no timezone found
$EQ: possibly delisted; no price data found  (1d 2008-12-23 -> 2009-01-03) (Yahoo error = "Data doesn't exist for startDate = 1230008400, endDate = 1230958800")

1 Failed download:
['EQ']: possibly delisted; no price data found  (1d 2008-12-23 -> 2009-01-03) (Yahoo error = "Data doesn't exist for startDate = 1230008400, endDate = 1230958800")
$FII: possibly delisted; no timezone found

1 Failed download:
['FII']: possibly delisted; no timezone found

1 Failed download:
['FLIR']: YFRateLimitError('Too Many Requests. Rate limited. Try after a while.')

1 Failed download:
['FOXA']: YFRateLimitError('Too Many Requests. Rate limited. Try after a while.')
$FTR: possibly delisted; no timezone found
$FTR: possibly delisted; no timezone found

1 Failed download:
['FTR']: possibly delisted; no timezone found
$GAS: possibly delisted; no price data found  (1d 1927-09-16 -> 2026-08-22)

1 Failed download:
['FRX']: YFRateLimitError('Too Many Requests. Rate limited. Try after a while.')
$GAS: possibly delisted; no price data found  (1d 2008-12-23 -> 2009-01-03) (Yahoo error = "Data doesn't exist for startDate = 1230008400, endDate = 1230958800")

1 Failed download:
['GAS']: possibly delisted; no price data found  (1d 2008-12-23 -> 2009-01-03) (Yahoo error = "Data doesn't exist for startDate = 1230008400, endDate = 1230958800")

1 Failed download:
['GPS']: YFRateLimitError('Too Many Requests. Rate limited. Try after a while.')
$HAR: possibly delisted; no price data found  (1d 1927-09-16 -> 2026-08-22)

1 Failed download:
['HAR']: YFRateLimitError('Too Many Requests. Rate limited. Try after a while.')
$HCBK: possibly delisted; no price data found  (1d 1927-09-16 -> 2026-08-22)
$HCBK: possibly delisted; no price data found  (1d 2008-12-23 -> 2009-01-03)

1 Failed download:
['HCBK']: possibly delisted; no price data found  (1d 2008-12-23 -> 2009-01-03)

1 Failed download:
['HES']: YFRateLimitError('Too Many Requests. Rate limited. Try after a while.')

1 Failed download:
['HCP']: YFRateLimitError('Too Many Requests. Rate limited. Try after a while.')
$HSP: possibly delisted; no price data found  (1d 1927-09-16 -> 2026-08-22)

1 Failed download:
['HOT']: YFRateLimitError('Too Many Requests. Rate limited. Try after a while.')
$HSP: possibly delisted; no price data found  (1d 2008-12-23 -> 2009-01-03)

1 Failed download:
['HSP']: possibly delisted; no price data found  (1d 2008-12-23 -> 2009-01-03)

1 Failed download:
['IGT']: YFRateLimitError('Too Many Requests. Rate limited. Try after a while.')

1 Failed download:
['IPG']: YFRateLimitError('Too Many Requests. Rate limited. Try after a while.')

1 Failed download:
['IR']: YFRateLimitError('Too Many Requests. Rate limited. Try after a while.')
$JNPR: possibly delisted; no timezone found
$JNPR: possibly delisted; no timezone found

1 Failed download:
['JNPR']: possibly delisted; no timezone found
$JEC: possibly delisted; no timezone found
$JEC: possibly delisted; no timezone found

1 Failed download:
['JEC']: possibly delisted; no timezone found
$JWN: possibly delisted; no timezone found
$JNS: possibly delisted; no price data found  (1d 1927-09-16 -> 2026-08-22)
$JWN: possibly delisted; no timezone found

1 Failed download:
['JCP']: YFRateLimitError('Too Many Requests. Rate limited. Try after a while.')

1 Failed download:
['JWN']: possibly delisted; no timezone found
$JNS: possibly delisted; no price data found  (1d 2008-12-23 -> 2009-01-03)

1 Failed download:
['JNS']: possibly delisted; no price data found  (1d 2008-12-23 -> 2009-01-03)

1 Failed download:
['K']: YFRateLimitError('Too Many Requests. Rate limited. Try after a while.')

1 Failed download:
['LB']: YFRateLimitError('Too Many Requests. Rate limited. Try after a while.')
$LLTC: possibly delisted; no price data found  (1d 1927-09-16 -> 2026-08-22)
$LLTC: possibly delisted; no price data found  (1d 2008-12-23 -> 2009-01-03)

1 Failed download:
['LLTC']: possibly delisted; no price data found  (1d 2008-12-23 -> 2009-01-03)
$LIFE: possibly delisted; no price data found  (1d 2008-12-23 -> 2009-01-03) (Yahoo error = "Data doesn't exist for startDate = 1230008400, endDate = 1230958800")

1 Failed download:
['LIFE']: possibly delisted; no price data found  (1d 2008-12-23 -> 2009-01-03) (Yahoo error = "Data doesn't exist for startDate = 1230008400, endDate = 1230958800")
$LXK: possibly delisted; no price data found  (1d 1927-09-16 -> 2026-08-22)
$LM: possibly delisted; no timezone found
$LLL: possibly delisted; no timezone found

1 Failed download:
['LLL']: possibly delisted; no timezone found

1 Failed download:
['LM']: possibly delisted; no timezone found
$LXK: possibly delisted; no price data found  (1d 2008-12-23 -> 2009-01-03)

1 Failed download:
['LXK']: possibly delisted; no price data found  (1d 2008-12-23 -> 2009-01-03)

1 Failed download:
['LSI']: YFRateLimitError('Too Many Requests. Rate limited. Try after a while.')
$MIL: possibly delisted; no price data found  (1d 1927-09-16 -> 2026-08-22)
$MIL: possibly delisted; no price data found  (1d 2008-12-23 -> 2009-01-03)

1 Failed download:
['MIL']: possibly delisted; no price data found  (1d 2008-12-23 -> 2009-01-03)

1 Failed download:
['MDP']: YFRateLimitError('Too Many Requests. Rate limited. Try after a while.')

1 Failed download:
['MI']: YFRateLimitError('Too Many Requests. Rate limited. Try after a while.')
$MON: possibly delisted; no timezone found

1 Failed download:
['MON']: possibly delisted; no timezone found
$MMC: possibly delisted; no timezone found

1 Failed download:
['MMC']: possibly delisted; no timezone found

1 Failed download:
['MRO']: YFRateLimitError('Too Many Requests. Rate limited. Try after a while.')
$MWW: possibly delisted; no price data found  (1d 1927-09-16 -> 2026-08-22)
$NBL: possibly delisted; no timezone found
$MYL: possibly delisted; no timezone found
$NBL: possibly delisted; no timezone found
$MYL: possibly delisted; no timezone found

1 Failed download:
['MYL']: possibly delisted; no timezone found

1 Failed download:
['NBL']: possibly delisted; no timezone found
$MWW: possibly delisted; no price data found  (1d 2008-12-23 -> 2009-01-03)

1 Failed download:
['MWW']: possibly delisted; no price data found  (1d 2008-12-23 -> 2009-01-03)

1 Failed download:
['NE']: YFRateLimitError('Too Many Requests. Rate limited. Try after a while.')

1 Failed download:
['NSM']: YFRateLimitError('Too Many Requests. Rate limited. Try after a while.')
$NVLS: possibly delisted; no price data found  (1d 1927-09-16 -> 2026-08-22)
$NVLS: possibly delisted; no price data found  (1d 2008-12-23 -> 2009-01-03)

1 Failed download:
['NVLS']: possibly delisted; no price data found  (1d 2008-12-23 -> 2009-01-03)
$ODP: possibly delisted; no timezone found

1 Failed download:
['ODP']: possibly delisted; no timezone found
$PCP: possibly delisted; no price data found  (1d 1927-09-16 -> 2026-08-22)

1 Failed download:
['PBCT']: YFRateLimitError('Too Many Requests. Rate limited. Try after a while.')
$PDCO: possibly delisted; no timezone found

1 Failed download:
['PCL']: YFRateLimitError('Too Many Requests. Rate limited. Try after a while.')
$PDCO: possibly delisted; no timezone found

1 Failed download:
['PDCO']: possibly delisted; no timezone found
$PCP: possibly delisted; no price data found  (1d 2008-12-23 -> 2009-01-03) (Yahoo error = "Data doesn't exist for startDate = 1230008400, endDate = 1230958800")

1 Failed download:
['PCP']: possibly delisted; no price data found  (1d 2008-12-23 -> 2009-01-03) (Yahoo error = "Data doesn't exist for startDate = 1230008400, endDate = 1230958800")
$PGN: possibly delisted; no price data found  (1d 1927-09-16 -> 2026-08-22)
$PGN: possibly delisted; no price data found  (1d 2008-12-23 -> 2009-01-03)

1 Failed download:
['PGN']: possibly delisted; no price data found  (1d 2008-12-23 -> 2009-01-03)
$PKI: possibly delisted; no timezone found

1 Failed download:
['PKI']: possibly delisted; no timezone found

1 Failed download:
['PLL']: YFRateLimitError('Too Many Requests. Rate limited. Try after a while.')

1 Failed download:
['POM']: YFRateLimitError('Too Many Requests. Rate limited. Try after a while.')
$PXD: possibly delisted; no timezone found
$PXD: possibly delisted; no timezone found

1 Failed download:
['PXD']: possibly delisted; no timezone found

1 Failed download:
['PX']: YFRateLimitError('Too Many Requests. Rate limited. Try after a while.')
$QLGC: possibly delisted; no price data found  (1d 1927-09-16 -> 2026-08-22)
$RAI: possibly delisted; no price data found  (1d 1927-09-16 -> 2026-08-22)
$QLGC: possibly delisted; no price data found  (1d 2008-12-23 -> 2009-01-03)

1 Failed download:
['QLGC']: possibly delisted; no price data found  (1d 2008-12-23 -> 2009-01-03)
$RAI: possibly delisted; no price data found  (1d 2008-12-23 -> 2009-01-03)

1 Failed download:
['RAI']: possibly delisted; no price data found  (1d 2008-12-23 -> 2009-01-03)

1 Failed download:
['RDC']: YFRateLimitError('Too Many Requests. Rate limited. Try after a while.')
$RRD: possibly delisted; no timezone found
$RRD: possibly delisted; no timezone found

1 Failed download:
['RRD']: possibly delisted; no timezone found

1 Failed download:
['RTN']: YFRateLimitError('Too Many Requests. Rate limited. Try after a while.')

1 Failed download:
['S']: YFRateLimitError('Too Many Requests. Rate limited. Try after a while.')

1 Failed download:
['Q']: YFRateLimitError('Too Many Requests. Rate limited. Try after a while.')
$SIAL: possibly delisted; no price data found  (1d 1927-09-16 -> 2026-08-22)

1 Failed download:
['SGP']: YFRateLimitError('Too Many Requests. Rate limited. Try after a while.')
$SE: possibly delisted; no price data found  (1d 2008-12-23 -> 2009-01-03) (Yahoo error = "Data doesn't exist for startDate = 1230008400, endDate = 1230958800")

1 Failed download:
['SE']: possibly delisted; no price data found  (1d 2008-12-23 -> 2009-01-03) (Yahoo error = "Data doesn't exist for startDate = 1230008400, endDate = 1230958800")

1 Failed download:
['SCG']: YFRateLimitError('Too Many Requests. Rate limited. Try after a while.')
$SIAL: possibly delisted; no price data found  (1d 2008-12-23 -> 2009-01-03)

1 Failed download:
['SIAL']: possibly delisted; no price data found  (1d 2008-12-23 -> 2009-01-03)
$SEE: possibly delisted; no timezone found

1 Failed download:
['SEE']: possibly delisted; no timezone found
$SNI: possibly delisted; no price data found  (1d 1927-09-16 -> 2026-08-22)

1 Failed download:
['SHLD']: YFRateLimitError('Too Many Requests. Rate limited. Try after a while.')

1 Failed download:
['SII']: YFRateLimitError('Too Many Requests. Rate limited. Try after a while.')

1 Failed download:
['SNDK']: YFRateLimitError('Too Many Requests. Rate limited. Try after a while.')
$SRCL: possibly delisted; no timezone found
$SRCL: possibly delisted; no timezone found

1 Failed download:
['SRCL']: possibly delisted; no timezone found
$STJ: possibly delisted; no price data found  (1d 1927-09-16 -> 2026-08-22)
$STJ: possibly delisted; no price data found  (1d 2008-12-23 -> 2009-01-03)

1 Failed download:
['STJ']: possibly delisted; no price data found  (1d 2008-12-23 -> 2009-01-03)

1 Failed download:
['STR']: YFRateLimitError('Too Many Requests. Rate limited. Try after a while.')

1 Failed download:
['STI']: YFRateLimitError('Too Many Requests. Rate limited. Try after a while.')
$SNI: possibly delisted; no price data found  (1d 2008-12-23 -> 2009-01-03)

1 Failed download:
['SNI']: possibly delisted; no price data found  (1d 2008-12-23 -> 2009-01-03)
$SUNEQ: possibly delisted; no price data found  (1d 1927-09-16 -> 2026-08-22)
$SUNEQ: possibly delisted; no price data found  (1d 2008-12-23 -> 2009-01-03)

1 Failed download:
['SUNEQ']: possibly delisted; no price data found  (1d 2008-12-23 -> 2009-01-03)

1 Failed download:
['SPLS']: YFRateLimitError('Too Many Requests. Rate limited. Try after a while.')

1 Failed download:
['SUN']: YFRateLimitError('Too Many Requests. Rate limited. Try after a while.')
$SYMC: possibly delisted; no timezone found
$SYMC: possibly delisted; no timezone found

1 Failed download:
['SYMC']: possibly delisted; no timezone found
$TIF: possibly delisted; no timezone found
$TE: possibly delisted; no price data found  (1d 2008-12-23 -> 2009-01-03) (Yahoo error = "Data doesn't exist for startDate = 1230008400, endDate = 1230958800")

1 Failed download:
['TE']: possibly delisted; no price data found  (1d 2008-12-23 -> 2009-01-03) (Yahoo error = "Data doesn't exist for startDate = 1230008400, endDate = 1230958800")
$TIF: possibly delisted; no timezone found

1 Failed download:
['TIF']: possibly delisted; no timezone found

1 Failed download:
['TGNA']: YFRateLimitError('Too Many Requests. Rate limited. Try after a while.')
$TMK: possibly delisted; no timezone found
$TMK: possibly delisted; no timezone found

1 Failed download:
['TMK']: possibly delisted; no timezone found

1 Failed download:
['TSS']: YFRateLimitError('Too Many Requests. Rate limited. Try after a while.')

1 Failed download:
['VAR']: YFRateLimitError('Too Many Requests. Rate limited. Try after a while.')
$VIAB: possibly delisted; no timezone found
$VIAB: possibly delisted; no timezone found

1 Failed download:
['VIAB']: possibly delisted; no timezone found

1 Failed download:
['WBA']: YFRateLimitError('Too Many Requests. Rate limited. Try after a while.')
$WFM: possibly delisted; no price data found  (1d 1927-09-16 -> 2026-08-22)
$WFM: possibly delisted; no price data found  (1d 2008-12-23 -> 2009-01-03)

1 Failed download:
['WFM']: possibly delisted; no price data found  (1d 2008-12-23 -> 2009-01-03)
$UTX: possibly delisted; no timezone found

1 Failed download:
['UTX']: possibly delisted; no timezone found

1 Failed download:
['WFT']: YFRateLimitError('Too Many Requests. Rate limited. Try after a while.')
$WIN: possibly delisted; no timezone found

1 Failed download:
['WIN']: possibly delisted; no timezone found

1 Failed download:
['WYND']: YFRateLimitError('Too Many Requests. Rate limited. Try after a while.')

1 Failed download:
['X']: YFRateLimitError('Too Many Requests. Rate limited. Try after a while.')
$XL: possibly delisted; no timezone found
$XL: possibly delisted; no timezone found
$XLNX: possibly delisted; no timezone found

1 Failed download:
['XL']: possibly delisted; no timezone found
$XLNX: possibly delisted; no timezone found

1 Failed download:
['XLNX']: possibly delisted; no timezone found
[h14]   [5/6] 2009-01-02: 풀 40종목 (53.0s)
$AABA: possibly delisted; no timezone found
$AABA: possibly delisted; no timezone found

1 Failed download:
['AABA']: possibly delisted; no timezone found

1 Failed download:
['ABC']: YFRateLimitError('Too Many Requests. Rate limited. Try after a while.')

1 Failed download:
['AGN']: YFRateLimitError('Too Many Requests. Rate limited. Try after a while.')
$AKS: possibly delisted; no timezone found

1 Failed download:
['AKS']: possibly delisted; no timezone found

1 Failed download:
['ALTR']: YFRateLimitError('Too Many Requests. Rate limited. Try after a while.')

1 Failed download:
['ANTM']: YFRateLimitError('Too Many Requests. Rate limited. Try after a while.')

1 Failed download:
['APC']: YFRateLimitError('Too Many Requests. Rate limited. Try after a while.')
$ATGE: possibly delisted; no timezone found

1 Failed download:
['ARNC']: YFRateLimitError('Too Many Requests. Rate limited. Try after a while.')
$ATGE: possibly delisted; no timezone found

1 Failed download:
['ATGE']: possibly delisted; no timezone found
$AVP: possibly delisted; no timezone found
$AVP: possibly delisted; no timezone found

1 Failed download:
['AVP']: possibly delisted; no timezone found
$APOL: possibly delisted; no price data found  (1d 1927-09-16 -> 2026-08-22)
$APOL: possibly delisted; no price data found  (1d 2009-06-21 -> 2009-07-02)

1 Failed download:
['APOL']: possibly delisted; no price data found  (1d 2009-06-21 -> 2009-07-02)
$BCR: possibly delisted; no price data found  (1d 1927-09-16 -> 2026-08-22)
$BCR: possibly delisted; no price data found  (1d 2009-06-21 -> 2009-07-02)

1 Failed download:
['BCR']: possibly delisted; no price data found  (1d 2009-06-21 -> 2009-07-02)

1 Failed download:
['BEAM']: YFRateLimitError('Too Many Requests. Rate limited. Try after a while.')
$BHGE: possibly delisted; no timezone found

1 Failed download:
['BHGE']: possibly delisted; no timezone found
$BIG: possibly delisted; no timezone found
$BIG: possibly delisted; no timezone found

1 Failed download:
['BIG']: possibly delisted; no timezone found
$BLL: possibly delisted; no timezone found
$BLL: possibly delisted; no timezone found

1 Failed download:
['BLL']: possibly delisted; no timezone found

1 Failed download:
['BK']: YFRateLimitError('Too Many Requests. Rate limited. Try after a while.')
$BTUUQ: possibly delisted; no price data found  (1d 1927-09-16 -> 2026-08-22)
$BTUUQ: possibly delisted; no price data found  (1d 2009-06-21 -> 2009-07-02)

1 Failed download:
['BTUUQ']: possibly delisted; no price data found  (1d 2009-06-21 -> 2009-07-02)

1 Failed download:
['CA']: YFRateLimitError('Too Many Requests. Rate limited. Try after a while.')
$BRCM: possibly delisted; no price data found  (1d 1927-09-16 -> 2026-08-22)
$BRCM: possibly delisted; no price data found  (1d 2009-06-21 -> 2009-07-02)

1 Failed download:
['BRCM']: possibly delisted; no price data found  (1d 2009-06-21 -> 2009-07-02)
$CCE: possibly delisted; no price data found  (1d 1927-09-16 -> 2026-08-22)

1 Failed download:
['CAM']: YFRateLimitError('Too Many Requests. Rate limited. Try after a while.')
$CBS: possibly delisted; no timezone found
$CBS: possibly delisted; no timezone found

1 Failed download:
['CBS']: possibly delisted; no timezone found
$CCE: possibly delisted; no price data found  (1d 2009-06-21 -> 2009-07-02)

1 Failed download:
['CCE']: possibly delisted; no price data found  (1d 2009-06-21 -> 2009-07-02)
$CELG: possibly delisted; no timezone found

1 Failed download:
['CELG']: possibly delisted; no timezone found

1 Failed download:
['CHK']: YFRateLimitError('Too Many Requests. Rate limited. Try after a while.')
$CEG: possibly delisted; no price data found  (1d 2009-06-21 -> 2022-01-18) (Yahoo error = "Data doesn't exist for startDate = 1245556800, endDate = 1642482000")

1 Failed download:
['CEG']: possibly delisted; no price data found  (1d 2009-06-21 -> 2022-01-18) (Yahoo error = "Data doesn't exist for startDate = 1245556800, endDate = 1642482000")

1 Failed download:
['CMA']: YFRateLimitError('Too Many Requests. Rate limited. Try after a while.')

1 Failed download:
['COG']: YFRateLimitError('Too Many Requests. Rate limited. Try after a while.')
$COL: possibly delisted; no price data found  (1d 2009-06-21 -> 2012-08-01)

1 Failed download:
['COL']: possibly delisted; no price data found  (1d 2009-06-21 -> 2012-08-01)

1 Failed download:
['CTL']: YFRateLimitError('Too Many Requests. Rate limited. Try after a while.')
$CTXS: possibly delisted; no timezone found
$CTXS: possibly delisted; no timezone found

1 Failed download:
['CTXS']: possibly delisted; no timezone found
$DF: possibly delisted; no timezone found
$DF: possibly delisted; no timezone found

1 Failed download:
['DF']: possibly delisted; no timezone found

1 Failed download:
['DFS']: YFRateLimitError('Too Many Requests. Rate limited. Try after a while.')
$DNB: possibly delisted; no timezone found
$DO: possibly delisted; no timezone found

1 Failed download:
['DNB']: possibly delisted; no timezone found

1 Failed download:
['DNR']: YFRateLimitError('Too Many Requests. Rate limited. Try after a while.')
$DO: possibly delisted; no timezone found

1 Failed download:
['DO']: possibly delisted; no timezone found
$DELL: possibly delisted; no price data found  (1d 2009-06-21 -> 2016-08-16) (Yahoo error = "Data doesn't exist for startDate = 1245556800, endDate = 1471320000")

1 Failed download:
['DELL']: possibly delisted; no price data found  (1d 2009-06-21 -> 2016-08-16) (Yahoo error = "Data doesn't exist for startDate = 1245556800, endDate = 1471320000")

1 Failed download:
['DTV']: YFRateLimitError('Too Many Requests. Rate limited. Try after a while.')
$DOW: possibly delisted; no price data found  (1d 2009-06-21 -> 2019-03-19) (Yahoo error = "Data doesn't exist for startDate = 1245556800, endDate = 1552968000")

1 Failed download:
['DOW']: possibly delisted; no price data found  (1d 2009-06-21 -> 2019-03-19) (Yahoo error = "Data doesn't exist for startDate = 1245556800, endDate = 1552968000")

1 Failed download:
['DYN']: YFRateLimitError('Too Many Requests. Rate limited. Try after a while.')

1 Failed download:
['EA']: YFRateLimitError('Too Many Requests. Rate limited. Try after a while.')

1 Failed download:
['EMC']: YFRateLimitError('Too Many Requests. Rate limited. Try after a while.')
$ETFC: possibly delisted; no timezone found
$ETFC: possibly delisted; no timezone found

1 Failed download:
['ETFC']: possibly delisted; no timezone found

1 Failed download:
['ESV']: YFRateLimitError('Too Many Requests. Rate limited. Try after a while.')
$ES: possibly delisted; no price data found  (1d 2009-06-21 -> 2009-06-21)

1 Failed download:
['ES']: possibly delisted; no price data found  (1d 2009-06-21 -> 2009-06-21)

1 Failed download:
['FLIR']: YFRateLimitError('Too Many Requests. Rate limited. Try after a while.')

1 Failed download:
['FRX']: YFRateLimitError('Too Many Requests. Rate limited. Try after a while.')
$FII: possibly delisted; no timezone found
$FII: possibly delisted; no timezone found
$FOXA: possibly delisted; no price data found  (1d 2009-06-21 -> 2019-03-11) (Yahoo error = "Data doesn't exist for startDate = 1245556800, endDate = 1552276800")

1 Failed download:
['FII']: possibly delisted; no timezone found

1 Failed download:
['FOXA']: possibly delisted; no price data found  (1d 2009-06-21 -> 2019-03-11) (Yahoo error = "Data doesn't exist for startDate = 1245556800, endDate = 1552276800")
$FTR: possibly delisted; no timezone found
$FTR: possibly delisted; no timezone found
$GAS: possibly delisted; no price data found  (1d 1927-09-16 -> 2026-08-22)

1 Failed download:
['FTR']: possibly delisted; no timezone found
$FTI: possibly delisted; no price data found  (1d 2009-06-21 -> 2009-06-21)

1 Failed download:
['FTI']: possibly delisted; no price data found  (1d 2009-06-21 -> 2009-06-21)

1 Failed download:
['GPS']: YFRateLimitError('Too Many Requests. Rate limited. Try after a while.')

1 Failed download:
['GAS']: YFRateLimitError('Too Many Requests. Rate limited. Try after a while.')
$HAR: possibly delisted; no price data found  (1d 1927-09-16 -> 2026-08-22)

1 Failed download:
['HAR']: YFRateLimitError('Too Many Requests. Rate limited. Try after a while.')
$HCBK: possibly delisted; no price data found  (1d 1927-09-16 -> 2026-08-22)
$HES: possibly delisted; no timezone found
$HES: possibly delisted; no timezone found

1 Failed download:
['HCP']: YFRateLimitError('Too Many Requests. Rate limited. Try after a while.')

1 Failed download:
['HES']: possibly delisted; no timezone found
$HCBK: possibly delisted; no price data found  (1d 2009-06-21 -> 2009-07-02)

1 Failed download:
['HCBK']: possibly delisted; no price data found  (1d 2009-06-21 -> 2009-07-02)

1 Failed download:
['HOT']: YFRateLimitError('Too Many Requests. Rate limited. Try after a while.')
$HSP: possibly delisted; no price data found  (1d 1927-09-16 -> 2026-08-22)
$HSP: possibly delisted; no price data found  (1d 2009-06-21 -> 2009-07-02)

1 Failed download:
['HSP']: possibly delisted; no price data found  (1d 2009-06-21 -> 2009-07-02)
$HRL: possibly delisted; no price data found  (1d 2009-06-21 -> 2009-06-21)

1 Failed download:
['HRL']: possibly delisted; no price data found  (1d 2009-06-21 -> 2009-06-21)
$IGT: possibly delisted; no timezone found

1 Failed download:
['IGT']: possibly delisted; no timezone found

1 Failed download:
['IPG']: YFRateLimitError('Too Many Requests. Rate limited. Try after a while.')
$JEC: possibly delisted; no timezone found
$IRM: possibly delisted; no price data found  (1d 2009-06-21 -> 2009-06-21)

1 Failed download:
['IRM']: possibly delisted; no price data found  (1d 2009-06-21 -> 2009-06-21)
$JEC: possibly delisted; no timezone found

1 Failed download:
['JEC']: possibly delisted; no timezone found
$JNS: possibly delisted; no price data found  (1d 1927-09-16 -> 2026-08-22)
$JNS: possibly delisted; no price data found  (1d 2009-06-21 -> 2009-07-02)

1 Failed download:
['JNS']: possibly delisted; no price data found  (1d 2009-06-21 -> 2009-07-02)
$JWN: possibly delisted; no timezone found

1 Failed download:
['JNPR']: YFRateLimitError('Too Many Requests. Rate limited. Try after a while.')
$JCP: possibly delisted; no timezone found

1 Failed download:
['JCP']: possibly delisted; no timezone found
$JWN: possibly delisted; no timezone found

1 Failed download:
['JWN']: possibly delisted; no timezone found

1 Failed download:
['K']: YFRateLimitError('Too Many Requests. Rate limited. Try after a while.')

1 Failed download:
['LB']: YFRateLimitError('Too Many Requests. Rate limited. Try after a while.')
$LLTC: possibly delisted; no price data found  (1d 1927-09-16 -> 2026-08-22)

1 Failed download:
['LIFE']: YFRateLimitError('Too Many Requests. Rate limited. Try after a while.')
$LLL: possibly delisted; no timezone found
$LM: possibly delisted; no timezone found
$LSI: possibly delisted; no timezone found

1 Failed download:
['LLL']: possibly delisted; no timezone found
$LSI: possibly delisted; no timezone found

1 Failed download:
['LSI']: possibly delisted; no timezone found
$LM: possibly delisted; no timezone found

1 Failed download:
['LM']: possibly delisted; no timezone found
$LLTC: possibly delisted; no price data found  (1d 2009-06-21 -> 2009-07-02)

1 Failed download:
['LLTC']: possibly delisted; no price data found  (1d 2009-06-21 -> 2009-07-02)
$LXK: possibly delisted; no price data found  (1d 1927-09-16 -> 2026-08-22)
$LXK: possibly delisted; no price data found  (1d 2009-06-21 -> 2009-07-02)

1 Failed download:
['LXK']: possibly delisted; no price data found  (1d 2009-06-21 -> 2009-07-02)

1 Failed download:
['MDP']: YFRateLimitError('Too Many Requests. Rate limited. Try after a while.')
$MON: possibly delisted; no timezone found

1 Failed download:
['MON']: possibly delisted; no timezone found

1 Failed download:
['MRO']: YFRateLimitError('Too Many Requests. Rate limited. Try after a while.')
$MIL: possibly delisted; no price data found  (1d 1927-09-16 -> 2026-08-22)
$MMC: possibly delisted; no timezone found
$MIL: possibly delisted; no price data found  (1d 2009-06-21 -> 2009-07-02)
$MI: possibly delisted; no price data found  (1d 2009-06-21 -> 2009-07-02) (Yahoo error = "Data doesn't exist for startDate = 1245556800, endDate = 1246507200")

1 Failed download:
['MIL']: possibly delisted; no price data found  (1d 2009-06-21 -> 2009-07-02)

1 Failed download:
['MI']: possibly delisted; no price data found  (1d 2009-06-21 -> 2009-07-02) (Yahoo error = "Data doesn't exist for startDate = 1245556800, endDate = 1246507200")
$MMC: possibly delisted; no timezone found

1 Failed download:
['MMC']: possibly delisted; no timezone found
$MWW: possibly delisted; no price data found  (1d 1927-09-16 -> 2026-08-22)
$MWW: possibly delisted; no price data found  (1d 2009-06-21 -> 2009-07-02)

1 Failed download:
['MWW']: possibly delisted; no price data found  (1d 2009-06-21 -> 2009-07-02)

1 Failed download:
['NBL']: YFRateLimitError('Too Many Requests. Rate limited. Try after a while.')

1 Failed download:
['MYL']: YFRateLimitError('Too Many Requests. Rate limited. Try after a while.')
$NVLS: possibly delisted; no price data found  (1d 1927-09-16 -> 2026-08-22)
$NVLS: possibly delisted; no price data found  (1d 2009-06-21 -> 2009-07-02)

1 Failed download:
['NVLS']: possibly delisted; no price data found  (1d 2009-06-21 -> 2009-07-02)
$NSM: possibly delisted; no price data found  (1d 2009-06-21 -> 2009-07-02) (Yahoo error = "Data doesn't exist for startDate = 1245556800, endDate = 1246507200")

1 Failed download:
['NSM']: possibly delisted; no price data found  (1d 2009-06-21 -> 2009-07-02) (Yahoo error = "Data doesn't exist for startDate = 1245556800, endDate = 1246507200")

1 Failed download:
['ODP']: YFRateLimitError('Too Many Requests. Rate limited. Try after a while.')

1 Failed download:
['PBCT']: YFRateLimitError('Too Many Requests. Rate limited. Try after a while.')

1 Failed download:
['PCL']: YFRateLimitError('Too Many Requests. Rate limited. Try after a while.')
$PCP: possibly delisted; no price data found  (1d 1927-09-16 -> 2026-08-22)
$ORLY: possibly delisted; no price data found  (1d 2009-06-21 -> 2009-06-21)

1 Failed download:
['ORLY']: possibly delisted; no price data found  (1d 2009-06-21 -> 2009-06-21)

1 Failed download:
['PCP']: YFRateLimitError('Too Many Requests. Rate limited. Try after a while.')
$PDCO: possibly delisted; no timezone found

1 Failed download:
['PDCO']: possibly delisted; no timezone found
$PGN: possibly delisted; no price data found  (1d 1927-09-16 -> 2026-08-22)
$PGN: possibly delisted; no price data found  (1d 2009-06-21 -> 2009-07-02)

1 Failed download:
['PGN']: possibly delisted; no price data found  (1d 2009-06-21 -> 2009-07-02)

1 Failed download:
['PKI']: YFRateLimitError('Too Many Requests. Rate limited. Try after a while.')

1 Failed download:
['PLL']: YFRateLimitError('Too Many Requests. Rate limited. Try after a while.')

1 Failed download:
['PX']: YFRateLimitError('Too Many Requests. Rate limited. Try after a while.')
$PXD: possibly delisted; no timezone found
$QLGC: possibly delisted; no price data found  (1d 1927-09-16 -> 2026-08-22)
$POM: possibly delisted; no price data found  (1d 2009-06-21 -> 2009-07-02) (Yahoo error = "Data doesn't exist for startDate = 1245556800, endDate = 1246507200")
$PXD: possibly delisted; no timezone found

1 Failed download:
['POM']: possibly delisted; no price data found  (1d 2009-06-21 -> 2009-07-02) (Yahoo error = "Data doesn't exist for startDate = 1245556800, endDate = 1246507200")

1 Failed download:
['PXD']: possibly delisted; no timezone found
$RAI: possibly delisted; no price data found  (1d 1927-09-16 -> 2026-08-22)
$QLGC: possibly delisted; no price data found  (1d 2009-06-21 -> 2009-07-02)

1 Failed download:
['QLGC']: possibly delisted; no price data found  (1d 2009-06-21 -> 2009-07-02)
$RAI: possibly delisted; no price data found  (1d 2009-06-21 -> 2009-07-02)

1 Failed download:
['RAI']: possibly delisted; no price data found  (1d 2009-06-21 -> 2009-07-02)
$PWR: possibly delisted; no price data found  (1d 2009-06-21 -> 2009-06-21)

1 Failed download:
['PWR']: possibly delisted; no price data found  (1d 2009-06-21 -> 2009-06-21)

1 Failed download:
['RDC']: YFRateLimitError('Too Many Requests. Rate limited. Try after a while.')

1 Failed download:
['RRD']: YFRateLimitError('Too Many Requests. Rate limited. Try after a while.')
$SEE: possibly delisted; no timezone found
$Q: possibly delisted; no price data found  (1d 2009-06-21 -> 2025-10-26) (Yahoo error = "Data doesn't exist for startDate = 1245556800, endDate = 1761451200")

1 Failed download:
['Q']: possibly delisted; no price data found  (1d 2009-06-21 -> 2025-10-26) (Yahoo error = "Data doesn't exist for startDate = 1245556800, endDate = 1761451200")

1 Failed download:
['SHLD']: YFRateLimitError('Too Many Requests. Rate limited. Try after a while.')

1 Failed download:
['SCG']: YFRateLimitError('Too Many Requests. Rate limited. Try after a while.')
$S: possibly delisted; no price data found  (1d 2009-06-21 -> 2021-06-29) (Yahoo error = "Data doesn't exist for startDate = 1245556800, endDate = 1624939200")

1 Failed download:
['S']: possibly delisted; no price data found  (1d 2009-06-21 -> 2021-06-29) (Yahoo error = "Data doesn't exist for startDate = 1245556800, endDate = 1624939200")

1 Failed download:
['SGP']: YFRateLimitError('Too Many Requests. Rate limited. Try after a while.')
$RTN: possibly delisted; no timezone found
$SEE: possibly delisted; no timezone found

1 Failed download:

1 Failed download:
['SEE']: possibly delisted; no timezone found
['RTN']: possibly delisted; no timezone found

1 Failed download:
['SE']: YFRateLimitError('Too Many Requests. Rate limited. Try after a while.')
$SNI: possibly delisted; no price data found  (1d 1927-09-16 -> 2026-08-22)
$SIAL: possibly delisted; no price data found  (1d 1927-09-16 -> 2026-08-22)
$SNI: possibly delisted; no price data found  (1d 2009-06-21 -> 2009-07-02)

1 Failed download:
['SNI']: possibly delisted; no price data found  (1d 2009-06-21 -> 2009-07-02)
$SII: possibly delisted; no price data found  (1d 2009-06-21 -> 2009-07-02) (Yahoo error = "Data doesn't exist for startDate = 1245556800, endDate = 1246507200")

1 Failed download:
['SII']: possibly delisted; no price data found  (1d 2009-06-21 -> 2009-07-02) (Yahoo error = "Data doesn't exist for startDate = 1245556800, endDate = 1246507200")
$STJ: possibly delisted; no price data found  (1d 1927-09-16 -> 2026-08-22)
$SNDK: possibly delisted; no price data found  (1d 2009-06-21 -> 2025-02-12) (Yahoo error = "Data doesn't exist for startDate = 1245556800, endDate = 1739336400")
$SPLS: possibly delisted; no price data found  (1d 2009-06-21 -> 2026-01-15) (Yahoo error = "Data doesn't exist for startDate = 1245556800, endDate = 1768453200")

1 Failed download:
['SPLS']: possibly delisted; no price data found  (1d 2009-06-21 -> 2026-01-15) (Yahoo error = "Data doesn't exist for startDate = 1245556800, endDate = 1768453200")

1 Failed download:
['SNDK']: possibly delisted; no price data found  (1d 2009-06-21 -> 2025-02-12) (Yahoo error = "Data doesn't exist for startDate = 1245556800, endDate = 1739336400")
$SIAL: possibly delisted; no price data found  (1d 2009-06-21 -> 2009-07-02)

1 Failed download:
['SIAL']: possibly delisted; no price data found  (1d 2009-06-21 -> 2009-07-02)
$SUNEQ: possibly delisted; no price data found  (1d 1927-09-16 -> 2026-08-22)

1 Failed download:
['SRCL']: YFRateLimitError('Too Many Requests. Rate limited. Try after a while.')
$STJ: possibly delisted; no price data found  (1d 2009-06-21 -> 2009-07-02)

1 Failed download:
['STJ']: possibly delisted; no price data found  (1d 2009-06-21 -> 2009-07-02)
$STR: possibly delisted; no timezone found

1 Failed download:
['STR']: possibly delisted; no timezone found
$SUNEQ: possibly delisted; no price data found  (1d 2009-06-21 -> 2009-07-02)

1 Failed download:
['SUNEQ']: possibly delisted; no price data found  (1d 2009-06-21 -> 2009-07-02)

1 Failed download:
['STI']: YFRateLimitError('Too Many Requests. Rate limited. Try after a while.')
$SUN: possibly delisted; no price data found  (1d 2009-06-21 -> 2009-07-02) (Yahoo error = "Data doesn't exist for startDate = 1245556800, endDate = 1246507200")

1 Failed download:
['SUN']: possibly delisted; no price data found  (1d 2009-06-21 -> 2009-07-02) (Yahoo error = "Data doesn't exist for startDate = 1245556800, endDate = 1246507200")

1 Failed download:
['SYMC']: YFRateLimitError('Too Many Requests. Rate limited. Try after a while.')

1 Failed download:
['TE']: YFRateLimitError('Too Many Requests. Rate limited. Try after a while.')
$TGNA: possibly delisted; no timezone found

1 Failed download:
['TGNA']: possibly delisted; no timezone found
$TIF: possibly delisted; no timezone found

1 Failed download:
['TIF']: possibly delisted; no timezone found
$TMUS: possibly delisted; no price data found  (1d 2009-06-21 -> 2009-06-21)

1 Failed download:
['TMUS']: possibly delisted; no price data found  (1d 2009-06-21 -> 2009-06-21)
$TWC: possibly delisted; no price data found  (1d 1927-09-16 -> 2026-08-22)
$TWC: possibly delisted; no price data found  (1d 2009-06-21 -> 2009-07-02)

1 Failed download:
['TWC']: possibly delisted; no price data found  (1d 2009-06-21 -> 2009-07-02)
$TMK: possibly delisted; no timezone found

1 Failed download:
['TMK']: possibly delisted; no timezone found

1 Failed download:
['TSS']: YFRateLimitError('Too Many Requests. Rate limited. Try after a while.')
$UTX: possibly delisted; no timezone found

1 Failed download:
['UTX']: possibly delisted; no timezone found

1 Failed download:
['VAR']: YFRateLimitError('Too Many Requests. Rate limited. Try after a while.')
$VIAB: possibly delisted; no timezone found
$VIAB: possibly delisted; no timezone found

1 Failed download:
['VIAB']: possibly delisted; no timezone found

1 Failed download:
['WBA']: YFRateLimitError('Too Many Requests. Rate limited. Try after a while.')
$WFM: possibly delisted; no price data found  (1d 1927-09-16 -> 2026-08-22)
$WFM: possibly delisted; no price data found  (1d 2009-06-21 -> 2009-07-02)

1 Failed download:
['WFM']: possibly delisted; no price data found  (1d 2009-06-21 -> 2009-07-02)
$VTR: possibly delisted; no price data found  (1d 2009-06-21 -> 2009-06-21)

1 Failed download:
['VTR']: possibly delisted; no price data found  (1d 2009-06-21 -> 2009-06-21)
$WDC: possibly delisted; no price data found  (1d 2009-06-21 -> 2009-06-21)

1 Failed download:
['WDC']: possibly delisted; no price data found  (1d 2009-06-21 -> 2009-06-21)
$WELL: possibly delisted; no price data found  (1d 2009-06-21 -> 2009-06-21)

1 Failed download:
['WELL']: possibly delisted; no price data found  (1d 2009-06-21 -> 2009-06-21)

1 Failed download:
['WYND']: YFRateLimitError('Too Many Requests. Rate limited. Try after a while.')
$X: possibly delisted; no timezone found
$X: possibly delisted; no timezone found

1 Failed download:
['X']: possibly delisted; no timezone found
$WIN: possibly delisted; no timezone found

1 Failed download:
['WIN']: possibly delisted; no timezone found
$XL: possibly delisted; no timezone found

1 Failed download:
['XLNX']: YFRateLimitError('Too Many Requests. Rate limited. Try after a while.')
$XL: possibly delisted; no timezone found

1 Failed download:
['XL']: possibly delisted; no timezone found
[h14]   [6/6] 2009-07-01: 풀 40종목 (53.5s)
$BBT: possibly delisted; no price data found  (1d 2005-11-27 -> 2005-11-27)

1 Failed download:
['BBT']: possibly delisted; no price data found  (1d 2005-11-27 -> 2005-11-27)
$CSX: possibly delisted; no price data found  (1d 2005-11-27 -> 2005-11-27)

1 Failed download:
['CSX']: possibly delisted; no price data found  (1d 2005-11-27 -> 2005-11-27)
$PSA: possibly delisted; no price data found  (1d 2005-11-27 -> 2005-11-27)

1 Failed download:
['PSA']: possibly delisted; no price data found  (1d 2005-11-27 -> 2005-11-27)
[h14]   2008구간 SPY불+풀breadth약세 괴리구간(>=10거래일): 0건
/workspaces/Quant/analysis/2026-08-22_regime_conditional_satellite_switch/h12_regime_switch.py:84: FutureWarning: Downcasting object dtype arrays on .fillna, .ffill, .bfill is deprecated and will change in a future version. Call result.infer_objects(copy=False) instead. To opt-in to the future behavior, set `pd.set_option('future.no_silent_downcasting', True)`
  signal_lagged = regime_aligned.shift(1).fillna(False)  # 전일 신호를 오늘 적용(챔피언 관례와 동일)
/workspaces/Quant/analysis/2026-08-22_regime_conditional_satellite_switch/h12_regime_switch.py:84: FutureWarning: Downcasting object dtype arrays on .fillna, .ffill, .bfill is deprecated and will change in a future version. Call result.infer_objects(copy=False) instead. To opt-in to the future behavior, set `pd.set_option('future.no_silent_downcasting', True)`
  signal_lagged = regime_aligned.shift(1).fillna(False)  # 전일 신호를 오늘 적용(챔피언 관례와 동일)
/workspaces/Quant/analysis/2026-08-22_regime_conditional_satellite_switch/h12_regime_switch.py:84: FutureWarning: Downcasting object dtype arrays on .fillna, .ffill, .bfill is deprecated and will change in a future version. Call result.infer_objects(copy=False) instead. To opt-in to the future behavior, set `pd.set_option('future.no_silent_downcasting', True)`
  signal_lagged = regime_aligned.shift(1).fillna(False)  # 전일 신호를 오늘 적용(챔피언 관례와 동일)
/workspaces/Quant/analysis/2026-08-22_regime_conditional_satellite_switch/h12_regime_switch.py:84: FutureWarning: Downcasting object dtype arrays on .fillna, .ffill, .bfill is deprecated and will change in a future version. Call result.infer_objects(copy=False) instead. To opt-in to the future behavior, set `pd.set_option('future.no_silent_downcasting', True)`
  signal_lagged = regime_aligned.shift(1).fillna(False)  # 전일 신호를 오늘 적용(챔피언 관례와 동일)
/workspaces/Quant/analysis/2026-08-22_regime_conditional_satellite_switch/h12_regime_switch.py:84: FutureWarning: Downcasting object dtype arrays on .fillna, .ffill, .bfill is deprecated and will change in a future version. Call result.infer_objects(copy=False) instead. To opt-in to the future behavior, set `pd.set_option('future.no_silent_downcasting', True)`
  signal_lagged = regime_aligned.shift(1).fillna(False)  # 전일 신호를 오늘 적용(챔피언 관례와 동일)
/workspaces/Quant/analysis/2026-08-22_regime_conditional_satellite_switch/h12_regime_switch.py:84: FutureWarning: Downcasting object dtype arrays on .fillna, .ffill, .bfill is deprecated and will change in a future version. Call result.infer_objects(copy=False) instead. To opt-in to the future behavior, set `pd.set_option('future.no_silent_downcasting', True)`
  signal_lagged = regime_aligned.shift(1).fillna(False)  # 전일 신호를 오늘 적용(챔피언 관례와 동일)
/workspaces/Quant/analysis/2026-08-22_regime_conditional_satellite_switch/h12_regime_switch.py:84: FutureWarning: Downcasting object dtype arrays on .fillna, .ffill, .bfill is deprecated and will change in a future version. Call result.infer_objects(copy=False) instead. To opt-in to the future behavior, set `pd.set_option('future.no_silent_downcasting', True)`
  signal_lagged = regime_aligned.shift(1).fillna(False)  # 전일 신호를 오늘 적용(챔피언 관례와 동일)
/workspaces/Quant/analysis/2026-08-22_regime_conditional_satellite_switch/h12_regime_switch.py:84: FutureWarning: Downcasting object dtype arrays on .fillna, .ffill, .bfill is deprecated and will change in a future version. Call result.infer_objects(copy=False) instead. To opt-in to the future behavior, set `pd.set_option('future.no_silent_downcasting', True)`
  signal_lagged = regime_aligned.shift(1).fillna(False)  # 전일 신호를 오늘 적용(챔피언 관례와 동일)
/workspaces/Quant/analysis/2026-08-22_regime_conditional_satellite_switch/h12_regime_switch.py:84: FutureWarning: Downcasting object dtype arrays on .fillna, .ffill, .bfill is deprecated and will change in a future version. Call result.infer_objects(copy=False) instead. To opt-in to the future behavior, set `pd.set_option('future.no_silent_downcasting', True)`
  signal_lagged = regime_aligned.shift(1).fillna(False)  # 전일 신호를 오늘 적용(챔피언 관례와 동일)
/workspaces/Quant/analysis/2026-08-22_regime_conditional_satellite_switch/h12_regime_switch.py:84: FutureWarning: Downcasting object dtype arrays on .fillna, .ffill, .bfill is deprecated and will change in a future version. Call result.infer_objects(copy=False) instead. To opt-in to the future behavior, set `pd.set_option('future.no_silent_downcasting', True)`
  signal_lagged = regime_aligned.shift(1).fillna(False)  # 전일 신호를 오늘 적용(챔피언 관례와 동일)
[h14] 저장 완료: /workspaces/Quant/.claude/worktrees/agent-ab4daba0b4a310c3d/analysis/2026-08-22_satellite_specific_crisis_signal_and_2021_case_study/h14_results.json
[h14] CSV 저장 완료 (H15 재사용용, 총 1412s)
