[h32] === Stage 1: 정밀 2D 그리드 ===
$XLC: possibly delisted; no price data found  (1d 2016-08-07 -> 2018-06-18) (Yahoo error = "Data doesn't exist for startDate = 1470542400, endDate = 1529294400")

1 Failed download:
['XLC']: possibly delisted; no price data found  (1d 2016-08-07 -> 2018-06-18) (Yahoo error = "Data doesn't exist for startDate = 1470542400, endDate = 1529294400")
$XLC: possibly delisted; no price data found  (1d 2004-09-26 -> 2018-06-18) (Yahoo error = "Data doesn't exist for startDate = 1096171200, endDate = 1529294400")

1 Failed download:
['XLC']: possibly delisted; no price data found  (1d 2004-09-26 -> 2018-06-18) (Yahoo error = "Data doesn't exist for startDate = 1096171200, endDate = 1529294400")
$XLRE: possibly delisted; no price data found  (1d 2004-09-26 -> 2015-10-07) (Yahoo error = "Data doesn't exist for startDate = 1096171200, endDate = 1444190400")

1 Failed download:
['XLRE']: possibly delisted; no price data found  (1d 2004-09-26 -> 2015-10-07) (Yahoo error = "Data doesn't exist for startDate = 1096171200, endDate = 1444190400")
$GLD: possibly delisted; no price data found  (1d 2004-09-26 -> 2004-11-17) (Yahoo error = "Data doesn't exist for startDate = 1096171200, endDate = 1100667600")

1 Failed download:
['GLD']: possibly delisted; no price data found  (1d 2004-09-26 -> 2004-11-17) (Yahoo error = "Data doesn't exist for startDate = 1096171200, endDate = 1100667600")
$XLC: possibly delisted; no price data found  (1d 2017-02-14 -> 2018-06-18) (Yahoo error = "Data doesn't exist for startDate = 1487048400, endDate = 1529294400")

1 Failed download:
['XLC']: possibly delisted; no price data found  (1d 2017-02-14 -> 2018-06-18) (Yahoo error = "Data doesn't exist for startDate = 1487048400, endDate = 1529294400")
$XLRE: possibly delisted; no price data found  (1d 2015-08-28 -> 2015-10-07) (Yahoo error = "Data doesn't exist for startDate = 1440734400, endDate = 1444190400")
$XLC: possibly delisted; no price data found  (1d 2015-08-28 -> 2018-06-18) (Yahoo error = "Data doesn't exist for startDate = 1440734400, endDate = 1529294400")

1 Failed download:
['XLRE']: possibly delisted; no price data found  (1d 2015-08-28 -> 2015-10-07) (Yahoo error = "Data doesn't exist for startDate = 1440734400, endDate = 1444190400")

1 Failed download:
['XLC']: possibly delisted; no price data found  (1d 2015-08-28 -> 2018-06-18) (Yahoo error = "Data doesn't exist for startDate = 1440734400, endDate = 1529294400")
$XLRE: possibly delisted; no price data found  (1d 2012-07-27 -> 2015-10-07) (Yahoo error = "Data doesn't exist for startDate = 1343361600, endDate = 1444190400")
$XLC: possibly delisted; no price data found  (1d 2012-07-27 -> 2018-06-18) (Yahoo error = "Data doesn't exist for startDate = 1343361600, endDate = 1529294400")

1 Failed download:
['XLC']: possibly delisted; no price data found  (1d 2012-07-27 -> 2018-06-18) (Yahoo error = "Data doesn't exist for startDate = 1343361600, endDate = 1529294400")

1 Failed download:
['XLRE']: possibly delisted; no price data found  (1d 2012-07-27 -> 2015-10-07) (Yahoo error = "Data doesn't exist for startDate = 1343361600, endDate = 1444190400")
[h32-s1] lookback=9m x monthly_21d done (6/240) t=4.5s
$XLC: possibly delisted; no price data found  (1d 2016-08-07 -> 2018-06-18) (Yahoo error = "Data doesn't exist for startDate = 1470542400, endDate = 1529294400")

1 Failed download:
['XLC']: possibly delisted; no price data found  (1d 2016-08-07 -> 2018-06-18) (Yahoo error = "Data doesn't exist for startDate = 1470542400, endDate = 1529294400")
$XLRE: possibly delisted; no price data found  (1d 2004-09-26 -> 2015-10-07) (Yahoo error = "Data doesn't exist for startDate = 1096171200, endDate = 1444190400")

1 Failed download:
['XLRE']: possibly delisted; no price data found  (1d 2004-09-26 -> 2015-10-07) (Yahoo error = "Data doesn't exist for startDate = 1096171200, endDate = 1444190400")
$XLC: possibly delisted; no price data found  (1d 2004-09-26 -> 2018-06-18) (Yahoo error = "Data doesn't exist for startDate = 1096171200, endDate = 1529294400")

1 Failed download:
['XLC']: possibly delisted; no price data found  (1d 2004-09-26 -> 2018-06-18) (Yahoo error = "Data doesn't exist for startDate = 1096171200, endDate = 1529294400")
$EFA: possibly delisted; no price data found  (1d 2004-09-26 -> 2004-09-26)

1 Failed download:
['EFA']: possibly delisted; no price data found  (1d 2004-09-26 -> 2004-09-26)
$HYG: possibly delisted; no price data found  (1d 2004-09-26 -> 2007-04-10) (Yahoo error = "Data doesn't exist for startDate = 1096171200, endDate = 1176177600")

1 Failed download:
['HYG']: possibly delisted; no price data found  (1d 2004-09-26 -> 2007-04-10) (Yahoo error = "Data doesn't exist for startDate = 1096171200, endDate = 1176177600")
$GLD: possibly delisted; no price data found  (1d 2004-09-26 -> 2004-11-17) (Yahoo error = "Data doesn't exist for startDate = 1096171200, endDate = 1100667600")

1 Failed download:
['GLD']: possibly delisted; no price data found  (1d 2004-09-26 -> 2004-11-17) (Yahoo error = "Data doesn't exist for startDate = 1096171200, endDate = 1100667600")
$DBC: possibly delisted; no price data found  (1d 2004-09-26 -> 2006-02-05) (Yahoo error = "Data doesn't exist for startDate = 1096171200, endDate = 1139115600")

1 Failed download:
['DBC']: possibly delisted; no price data found  (1d 2004-09-26 -> 2006-02-05) (Yahoo error = "Data doesn't exist for startDate = 1096171200, endDate = 1139115600")
$XLC: possibly delisted; no price data found  (1d 2017-02-14 -> 2018-06-18) (Yahoo error = "Data doesn't exist for startDate = 1487048400, endDate = 1529294400")

1 Failed download:
['XLC']: possibly delisted; no price data found  (1d 2017-02-14 -> 2018-06-18) (Yahoo error = "Data doesn't exist for startDate = 1487048400, endDate = 1529294400")
$XLRE: possibly delisted; no price data found  (1d 2015-08-28 -> 2015-10-07) (Yahoo error = "Data doesn't exist for startDate = 1440734400, endDate = 1444190400")

1 Failed download:
['XLRE']: possibly delisted; no price data found  (1d 2015-08-28 -> 2015-10-07) (Yahoo error = "Data doesn't exist for startDate = 1440734400, endDate = 1444190400")
$XLC: possibly delisted; no price data found  (1d 2015-08-28 -> 2018-06-18) (Yahoo error = "Data doesn't exist for startDate = 1440734400, endDate = 1529294400")

1 Failed download:
['XLC']: possibly delisted; no price data found  (1d 2015-08-28 -> 2018-06-18) (Yahoo error = "Data doesn't exist for startDate = 1440734400, endDate = 1529294400")
$XLC: possibly delisted; no price data found  (1d 2012-07-27 -> 2018-06-18) (Yahoo error = "Data doesn't exist for startDate = 1343361600, endDate = 1529294400")
$XLRE: possibly delisted; no price data found  (1d 2012-07-27 -> 2015-10-07) (Yahoo error = "Data doesn't exist for startDate = 1343361600, endDate = 1444190400")

1 Failed download:
['XLC']: possibly delisted; no price data found  (1d 2012-07-27 -> 2018-06-18) (Yahoo error = "Data doesn't exist for startDate = 1343361600, endDate = 1529294400")

1 Failed download:
['XLRE']: possibly delisted; no price data found  (1d 2012-07-27 -> 2015-10-07) (Yahoo error = "Data doesn't exist for startDate = 1343361600, endDate = 1444190400")
[h32-s1] lookback=9m x sixweek_30d done (12/240) t=6.2s
$XLC: possibly delisted; no price data found  (1d 2016-08-07 -> 2018-06-18) (Yahoo error = "Data doesn't exist for startDate = 1470542400, endDate = 1529294400")

1 Failed download:
['XLC']: possibly delisted; no price data found  (1d 2016-08-07 -> 2018-06-18) (Yahoo error = "Data doesn't exist for startDate = 1470542400, endDate = 1529294400")
$XLC: possibly delisted; no price data found  (1d 2004-09-26 -> 2018-06-18) (Yahoo error = "Data doesn't exist for startDate = 1096171200, endDate = 1529294400")
$XLRE: possibly delisted; no price data found  (1d 2004-09-26 -> 2015-10-07) (Yahoo error = "Data doesn't exist for startDate = 1096171200, endDate = 1444190400")

1 Failed download:
['XLC']: possibly delisted; no price data found  (1d 2004-09-26 -> 2018-06-18) (Yahoo error = "Data doesn't exist for startDate = 1096171200, endDate = 1529294400")

1 Failed download:
['XLRE']: possibly delisted; no price data found  (1d 2004-09-26 -> 2015-10-07) (Yahoo error = "Data doesn't exist for startDate = 1096171200, endDate = 1444190400")
$GLD: possibly delisted; no price data found  (1d 2004-09-26 -> 2004-11-17) (Yahoo error = "Data doesn't exist for startDate = 1096171200, endDate = 1100667600")
$HYG: possibly delisted; no price data found  (1d 2004-09-26 -> 2007-04-10) (Yahoo error = "Data doesn't exist for startDate = 1096171200, endDate = 1176177600")

1 Failed download:
$DBC: possibly delisted; no price data found  (1d 2004-09-26 -> 2006-02-05) (Yahoo error = "Data doesn't exist for startDate = 1096171200, endDate = 1139115600")
['GLD']: possibly delisted; no price data found  (1d 2004-09-26 -> 2004-11-17) (Yahoo error = "Data doesn't exist for startDate = 1096171200, endDate = 1100667600")

1 Failed download:
['HYG']: possibly delisted; no price data found  (1d 2004-09-26 -> 2007-04-10) (Yahoo error = "Data doesn't exist for startDate = 1096171200, endDate = 1176177600")

1 Failed download:
['DBC']: possibly delisted; no price data found  (1d 2004-09-26 -> 2006-02-05) (Yahoo error = "Data doesn't exist for startDate = 1096171200, endDate = 1139115600")
$EFA: possibly delisted; no price data found  (1d 2004-09-26 -> 2004-09-26)

1 Failed download:
['EFA']: possibly delisted; no price data found  (1d 2004-09-26 -> 2004-09-26)
$XLC: possibly delisted; no price data found  (1d 2017-02-14 -> 2018-06-18) (Yahoo error = "Data doesn't exist for startDate = 1487048400, endDate = 1529294400")

1 Failed download:
['XLC']: possibly delisted; no price data found  (1d 2017-02-14 -> 2018-06-18) (Yahoo error = "Data doesn't exist for startDate = 1487048400, endDate = 1529294400")
$XLRE: possibly delisted; no price data found  (1d 2015-08-28 -> 2015-10-07) (Yahoo error = "Data doesn't exist for startDate = 1440734400, endDate = 1444190400")

1 Failed download:
['XLRE']: possibly delisted; no price data found  (1d 2015-08-28 -> 2015-10-07) (Yahoo error = "Data doesn't exist for startDate = 1440734400, endDate = 1444190400")
$XLC: possibly delisted; no price data found  (1d 2015-08-28 -> 2018-06-18) (Yahoo error = "Data doesn't exist for startDate = 1440734400, endDate = 1529294400")

1 Failed download:
['XLC']: possibly delisted; no price data found  (1d 2015-08-28 -> 2018-06-18) (Yahoo error = "Data doesn't exist for startDate = 1440734400, endDate = 1529294400")
$XLC: possibly delisted; no price data found  (1d 2012-07-27 -> 2018-06-18) (Yahoo error = "Data doesn't exist for startDate = 1343361600, endDate = 1529294400")

1 Failed download:
['XLC']: possibly delisted; no price data found  (1d 2012-07-27 -> 2018-06-18) (Yahoo error = "Data doesn't exist for startDate = 1343361600, endDate = 1529294400")
$XLRE: possibly delisted; no price data found  (1d 2012-07-27 -> 2015-10-07) (Yahoo error = "Data doesn't exist for startDate = 1343361600, endDate = 1444190400")

1 Failed download:
['XLRE']: possibly delisted; no price data found  (1d 2012-07-27 -> 2015-10-07) (Yahoo error = "Data doesn't exist for startDate = 1343361600, endDate = 1444190400")
[h32-s1] lookback=9m x twomonth_42d done (18/240) t=7.7s
$XLC: possibly delisted; no price data found  (1d 2016-08-07 -> 2018-06-18) (Yahoo error = "Data doesn't exist for startDate = 1470542400, endDate = 1529294400")

1 Failed download:
['XLC']: possibly delisted; no price data found  (1d 2016-08-07 -> 2018-06-18) (Yahoo error = "Data doesn't exist for startDate = 1470542400, endDate = 1529294400")
$XLRE: possibly delisted; no price data found  (1d 2004-09-26 -> 2015-10-07) (Yahoo error = "Data doesn't exist for startDate = 1096171200, endDate = 1444190400")

1 Failed download:
['XLRE']: possibly delisted; no price data found  (1d 2004-09-26 -> 2015-10-07) (Yahoo error = "Data doesn't exist for startDate = 1096171200, endDate = 1444190400")
$XLC: possibly delisted; no price data found  (1d 2004-09-26 -> 2018-06-18) (Yahoo error = "Data doesn't exist for startDate = 1096171200, endDate = 1529294400")

1 Failed download:
['XLC']: possibly delisted; no price data found  (1d 2004-09-26 -> 2018-06-18) (Yahoo error = "Data doesn't exist for startDate = 1096171200, endDate = 1529294400")
$HYG: possibly delisted; no price data found  (1d 2004-09-26 -> 2007-04-10) (Yahoo error = "Data doesn't exist for startDate = 1096171200, endDate = 1176177600")

1 Failed download:
['HYG']: possibly delisted; no price data found  (1d 2004-09-26 -> 2007-04-10) (Yahoo error = "Data doesn't exist for startDate = 1096171200, endDate = 1176177600")
$EFA: possibly delisted; no price data found  (1d 2004-09-26 -> 2004-09-26)
$GLD: possibly delisted; no price data found  (1d 2004-09-26 -> 2004-11-17) (Yahoo error = "Data doesn't exist for startDate = 1096171200, endDate = 1100667600")
$DBC: possibly delisted; no price data found  (1d 2004-09-26 -> 2006-02-05) (Yahoo error = "Data doesn't exist for startDate = 1096171200, endDate = 1139115600")

1 Failed download:

1 Failed download:
['EFA']: possibly delisted; no price data found  (1d 2004-09-26 -> 2004-09-26)
['DBC']: possibly delisted; no price data found  (1d 2004-09-26 -> 2006-02-05) (Yahoo error = "Data doesn't exist for startDate = 1096171200, endDate = 1139115600")

1 Failed download:
['GLD']: possibly delisted; no price data found  (1d 2004-09-26 -> 2004-11-17) (Yahoo error = "Data doesn't exist for startDate = 1096171200, endDate = 1100667600")
$XLC: possibly delisted; no price data found  (1d 2017-02-14 -> 2018-06-18) (Yahoo error = "Data doesn't exist for startDate = 1487048400, endDate = 1529294400")

1 Failed download:
['XLC']: possibly delisted; no price data found  (1d 2017-02-14 -> 2018-06-18) (Yahoo error = "Data doesn't exist for startDate = 1487048400, endDate = 1529294400")
$XLC: possibly delisted; no price data found  (1d 2015-08-28 -> 2018-06-18) (Yahoo error = "Data doesn't exist for startDate = 1440734400, endDate = 1529294400")

1 Failed download:
['XLC']: possibly delisted; no price data found  (1d 2015-08-28 -> 2018-06-18) (Yahoo error = "Data doesn't exist for startDate = 1440734400, endDate = 1529294400")
$XLRE: possibly delisted; no price data found  (1d 2015-08-28 -> 2015-10-07) (Yahoo error = "Data doesn't exist for startDate = 1440734400, endDate = 1444190400")

1 Failed download:
['XLRE']: possibly delisted; no price data found  (1d 2015-08-28 -> 2015-10-07) (Yahoo error = "Data doesn't exist for startDate = 1440734400, endDate = 1444190400")
$XLRE: possibly delisted; no price data found  (1d 2012-07-27 -> 2015-10-07) (Yahoo error = "Data doesn't exist for startDate = 1343361600, endDate = 1444190400")

1 Failed download:
['XLRE']: possibly delisted; no price data found  (1d 2012-07-27 -> 2015-10-07) (Yahoo error = "Data doesn't exist for startDate = 1343361600, endDate = 1444190400")
$XLC: possibly delisted; no price data found  (1d 2012-07-27 -> 2018-06-18) (Yahoo error = "Data doesn't exist for startDate = 1343361600, endDate = 1529294400")

1 Failed download:
['XLC']: possibly delisted; no price data found  (1d 2012-07-27 -> 2018-06-18) (Yahoo error = "Data doesn't exist for startDate = 1343361600, endDate = 1529294400")
[h32-s1] lookback=9m x quarterly_63d done (24/240) t=9.3s
$XLC: possibly delisted; no price data found  (1d 2016-08-07 -> 2018-06-18) (Yahoo error = "Data doesn't exist for startDate = 1470542400, endDate = 1529294400")

1 Failed download:
['XLC']: possibly delisted; no price data found  (1d 2016-08-07 -> 2018-06-18) (Yahoo error = "Data doesn't exist for startDate = 1470542400, endDate = 1529294400")
$XLRE: possibly delisted; no price data found  (1d 2004-09-26 -> 2015-10-07) (Yahoo error = "Data doesn't exist for startDate = 1096171200, endDate = 1444190400")

1 Failed download:
['XLRE']: possibly delisted; no price data found  (1d 2004-09-26 -> 2015-10-07) (Yahoo error = "Data doesn't exist for startDate = 1096171200, endDate = 1444190400")
$XLC: possibly delisted; no price data found  (1d 2004-09-26 -> 2018-06-18) (Yahoo error = "Data doesn't exist for startDate = 1096171200, endDate = 1529294400")
$GLD: possibly delisted; no price data found  (1d 2004-09-26 -> 2004-11-17) (Yahoo error = "Data doesn't exist for startDate = 1096171200, endDate = 1100667600")
$HYG: possibly delisted; no price data found  (1d 2004-09-26 -> 2007-04-10) (Yahoo error = "Data doesn't exist for startDate = 1096171200, endDate = 1176177600")

1 Failed download:
['XLC']: possibly delisted; no price data found  (1d 2004-09-26 -> 2018-06-18) (Yahoo error = "Data doesn't exist for startDate = 1096171200, endDate = 1529294400")

1 Failed download:
['GLD']: possibly delisted; no price data found  (1d 2004-09-26 -> 2004-11-17) (Yahoo error = "Data doesn't exist for startDate = 1096171200, endDate = 1100667600")
$EFA: possibly delisted; no price data found  (1d 2004-09-26 -> 2004-09-26)

1 Failed download:
['HYG']: possibly delisted; no price data found  (1d 2004-09-26 -> 2007-04-10) (Yahoo error = "Data doesn't exist for startDate = 1096171200, endDate = 1176177600")

1 Failed download:
['EFA']: possibly delisted; no price data found  (1d 2004-09-26 -> 2004-09-26)
$DBC: possibly delisted; no price data found  (1d 2004-09-26 -> 2006-02-05) (Yahoo error = "Data doesn't exist for startDate = 1096171200, endDate = 1139115600")

1 Failed download:
['DBC']: possibly delisted; no price data found  (1d 2004-09-26 -> 2006-02-05) (Yahoo error = "Data doesn't exist for startDate = 1096171200, endDate = 1139115600")
$XLC: possibly delisted; no price data found  (1d 2017-02-14 -> 2018-06-18) (Yahoo error = "Data doesn't exist for startDate = 1487048400, endDate = 1529294400")

1 Failed download:
['XLC']: possibly delisted; no price data found  (1d 2017-02-14 -> 2018-06-18) (Yahoo error = "Data doesn't exist for startDate = 1487048400, endDate = 1529294400")
$XLRE: possibly delisted; no price data found  (1d 2015-08-28 -> 2015-10-07) (Yahoo error = "Data doesn't exist for startDate = 1440734400, endDate = 1444190400")

1 Failed download:
['XLRE']: possibly delisted; no price data found  (1d 2015-08-28 -> 2015-10-07) (Yahoo error = "Data doesn't exist for startDate = 1440734400, endDate = 1444190400")
$XLC: possibly delisted; no price data found  (1d 2015-08-28 -> 2018-06-18) (Yahoo error = "Data doesn't exist for startDate = 1440734400, endDate = 1529294400")

1 Failed download:
['XLC']: possibly delisted; no price data found  (1d 2015-08-28 -> 2018-06-18) (Yahoo error = "Data doesn't exist for startDate = 1440734400, endDate = 1529294400")
$XLRE: possibly delisted; no price data found  (1d 2012-07-27 -> 2015-10-07) (Yahoo error = "Data doesn't exist for startDate = 1343361600, endDate = 1444190400")

1 Failed download:
['XLRE']: possibly delisted; no price data found  (1d 2012-07-27 -> 2015-10-07) (Yahoo error = "Data doesn't exist for startDate = 1343361600, endDate = 1444190400")
$XLC: possibly delisted; no price data found  (1d 2012-07-27 -> 2018-06-18) (Yahoo error = "Data doesn't exist for startDate = 1343361600, endDate = 1529294400")

1 Failed download:
['XLC']: possibly delisted; no price data found  (1d 2012-07-27 -> 2018-06-18) (Yahoo error = "Data doesn't exist for startDate = 1343361600, endDate = 1529294400")
[h32-s1] lookback=10m x monthly_21d done (30/240) t=10.6s
$XLC: possibly delisted; no price data found  (1d 2016-08-07 -> 2018-06-18) (Yahoo error = "Data doesn't exist for startDate = 1470542400, endDate = 1529294400")

1 Failed download:
['XLC']: possibly delisted; no price data found  (1d 2016-08-07 -> 2018-06-18) (Yahoo error = "Data doesn't exist for startDate = 1470542400, endDate = 1529294400")
$XLRE: possibly delisted; no price data found  (1d 2004-09-26 -> 2015-10-07) (Yahoo error = "Data doesn't exist for startDate = 1096171200, endDate = 1444190400")
$EFA: possibly delisted; no price data found  (1d 2004-09-26 -> 2004-09-26)

1 Failed download:
['XLRE']: possibly delisted; no price data found  (1d 2004-09-26 -> 2015-10-07) (Yahoo error = "Data doesn't exist for startDate = 1096171200, endDate = 1444190400")

1 Failed download:
['EFA']: possibly delisted; no price data found  (1d 2004-09-26 -> 2004-09-26)
$XLC: possibly delisted; no price data found  (1d 2004-09-26 -> 2018-06-18) (Yahoo error = "Data doesn't exist for startDate = 1096171200, endDate = 1529294400")
$GLD: possibly delisted; no price data found  (1d 2004-09-26 -> 2004-11-17) (Yahoo error = "Data doesn't exist for startDate = 1096171200, endDate = 1100667600")

1 Failed download:

1 Failed download:
['GLD']: possibly delisted; no price data found  (1d 2004-09-26 -> 2004-11-17) (Yahoo error = "Data doesn't exist for startDate = 1096171200, endDate = 1100667600")
['XLC']: possibly delisted; no price data found  (1d 2004-09-26 -> 2018-06-18) (Yahoo error = "Data doesn't exist for startDate = 1096171200, endDate = 1529294400")
$HYG: possibly delisted; no price data found  (1d 2004-09-26 -> 2007-04-10) (Yahoo error = "Data doesn't exist for startDate = 1096171200, endDate = 1176177600")
$DBC: possibly delisted; no price data found  (1d 2004-09-26 -> 2006-02-05) (Yahoo error = "Data doesn't exist for startDate = 1096171200, endDate = 1139115600")

1 Failed download:
['HYG']: possibly delisted; no price data found  (1d 2004-09-26 -> 2007-04-10) (Yahoo error = "Data doesn't exist for startDate = 1096171200, endDate = 1176177600")

1 Failed download:
['DBC']: possibly delisted; no price data found  (1d 2004-09-26 -> 2006-02-05) (Yahoo error = "Data doesn't exist for startDate = 1096171200, endDate = 1139115600")
$XLC: possibly delisted; no price data found  (1d 2017-02-14 -> 2018-06-18) (Yahoo error = "Data doesn't exist for startDate = 1487048400, endDate = 1529294400")

1 Failed download:
['XLC']: possibly delisted; no price data found  (1d 2017-02-14 -> 2018-06-18) (Yahoo error = "Data doesn't exist for startDate = 1487048400, endDate = 1529294400")
$XLRE: possibly delisted; no price data found  (1d 2015-08-28 -> 2015-10-07) (Yahoo error = "Data doesn't exist for startDate = 1440734400, endDate = 1444190400")

1 Failed download:
['XLRE']: possibly delisted; no price data found  (1d 2015-08-28 -> 2015-10-07) (Yahoo error = "Data doesn't exist for startDate = 1440734400, endDate = 1444190400")
$XLC: possibly delisted; no price data found  (1d 2015-08-28 -> 2018-06-18) (Yahoo error = "Data doesn't exist for startDate = 1440734400, endDate = 1529294400")

1 Failed download:
['XLC']: possibly delisted; no price data found  (1d 2015-08-28 -> 2018-06-18) (Yahoo error = "Data doesn't exist for startDate = 1440734400, endDate = 1529294400")
$XLRE: possibly delisted; no price data found  (1d 2012-07-27 -> 2015-10-07) (Yahoo error = "Data doesn't exist for startDate = 1343361600, endDate = 1444190400")

1 Failed download:
['XLRE']: possibly delisted; no price data found  (1d 2012-07-27 -> 2015-10-07) (Yahoo error = "Data doesn't exist for startDate = 1343361600, endDate = 1444190400")
$XLC: possibly delisted; no price data found  (1d 2012-07-27 -> 2018-06-18) (Yahoo error = "Data doesn't exist for startDate = 1343361600, endDate = 1529294400")

1 Failed download:
['XLC']: possibly delisted; no price data found  (1d 2012-07-27 -> 2018-06-18) (Yahoo error = "Data doesn't exist for startDate = 1343361600, endDate = 1529294400")
[h32-s1] lookback=10m x sixweek_30d done (36/240) t=11.8s
$XLC: possibly delisted; no price data found  (1d 2016-08-07 -> 2018-06-18) (Yahoo error = "Data doesn't exist for startDate = 1470542400, endDate = 1529294400")

1 Failed download:
['XLC']: possibly delisted; no price data found  (1d 2016-08-07 -> 2018-06-18) (Yahoo error = "Data doesn't exist for startDate = 1470542400, endDate = 1529294400")
$XLC: possibly delisted; no price data found  (1d 2004-09-26 -> 2018-06-18) (Yahoo error = "Data doesn't exist for startDate = 1096171200, endDate = 1529294400")
$XLRE: possibly delisted; no price data found  (1d 2004-09-26 -> 2015-10-07) (Yahoo error = "Data doesn't exist for startDate = 1096171200, endDate = 1444190400")
$GLD: possibly delisted; no price data found  (1d 2004-09-26 -> 2004-11-17) (Yahoo error = "Data doesn't exist for startDate = 1096171200, endDate = 1100667600")

1 Failed download:
['XLC']: possibly delisted; no price data found  (1d 2004-09-26 -> 2018-06-18) (Yahoo error = "Data doesn't exist for startDate = 1096171200, endDate = 1529294400")

1 Failed download:
['XLRE']: possibly delisted; no price data found  (1d 2004-09-26 -> 2015-10-07) (Yahoo error = "Data doesn't exist for startDate = 1096171200, endDate = 1444190400")
$EFA: possibly delisted; no price data found  (1d 2004-09-26 -> 2004-09-26)

1 Failed download:
['GLD']: possibly delisted; no price data found  (1d 2004-09-26 -> 2004-11-17) (Yahoo error = "Data doesn't exist for startDate = 1096171200, endDate = 1100667600")
$HYG: possibly delisted; no price data found  (1d 2004-09-26 -> 2007-04-10) (Yahoo error = "Data doesn't exist for startDate = 1096171200, endDate = 1176177600")

1 Failed download:
$DBC: possibly delisted; no price data found  (1d 2004-09-26 -> 2006-02-05) (Yahoo error = "Data doesn't exist for startDate = 1096171200, endDate = 1139115600")
['EFA']: possibly delisted; no price data found  (1d 2004-09-26 -> 2004-09-26)

1 Failed download:

1 Failed download:
['HYG']: possibly delisted; no price data found  (1d 2004-09-26 -> 2007-04-10) (Yahoo error = "Data doesn't exist for startDate = 1096171200, endDate = 1176177600")
['DBC']: possibly delisted; no price data found  (1d 2004-09-26 -> 2006-02-05) (Yahoo error = "Data doesn't exist for startDate = 1096171200, endDate = 1139115600")
$XLC: possibly delisted; no price data found  (1d 2017-02-14 -> 2018-06-18) (Yahoo error = "Data doesn't exist for startDate = 1487048400, endDate = 1529294400")

1 Failed download:
['XLC']: possibly delisted; no price data found  (1d 2017-02-14 -> 2018-06-18) (Yahoo error = "Data doesn't exist for startDate = 1487048400, endDate = 1529294400")
$XLRE: possibly delisted; no price data found  (1d 2015-08-28 -> 2015-10-07) (Yahoo error = "Data doesn't exist for startDate = 1440734400, endDate = 1444190400")
$XLC: possibly delisted; no price data found  (1d 2015-08-28 -> 2018-06-18) (Yahoo error = "Data doesn't exist for startDate = 1440734400, endDate = 1529294400")

1 Failed download:
['XLRE']: possibly delisted; no price data found  (1d 2015-08-28 -> 2015-10-07) (Yahoo error = "Data doesn't exist for startDate = 1440734400, endDate = 1444190400")

1 Failed download:
['XLC']: possibly delisted; no price data found  (1d 2015-08-28 -> 2018-06-18) (Yahoo error = "Data doesn't exist for startDate = 1440734400, endDate = 1529294400")
$XLC: possibly delisted; no price data found  (1d 2012-07-27 -> 2018-06-18) (Yahoo error = "Data doesn't exist for startDate = 1343361600, endDate = 1529294400")

1 Failed download:
['XLC']: possibly delisted; no price data found  (1d 2012-07-27 -> 2018-06-18) (Yahoo error = "Data doesn't exist for startDate = 1343361600, endDate = 1529294400")
$XLRE: possibly delisted; no price data found  (1d 2012-07-27 -> 2015-10-07) (Yahoo error = "Data doesn't exist for startDate = 1343361600, endDate = 1444190400")

1 Failed download:
['XLRE']: possibly delisted; no price data found  (1d 2012-07-27 -> 2015-10-07) (Yahoo error = "Data doesn't exist for startDate = 1343361600, endDate = 1444190400")
[h32-s1] lookback=10m x twomonth_42d done (42/240) t=13.2s
$XLC: possibly delisted; no price data found  (1d 2016-08-07 -> 2018-06-18) (Yahoo error = "Data doesn't exist for startDate = 1470542400, endDate = 1529294400")

1 Failed download:
['XLC']: possibly delisted; no price data found  (1d 2016-08-07 -> 2018-06-18) (Yahoo error = "Data doesn't exist for startDate = 1470542400, endDate = 1529294400")
$XLRE: possibly delisted; no price data found  (1d 2004-09-26 -> 2015-10-07) (Yahoo error = "Data doesn't exist for startDate = 1096171200, endDate = 1444190400")
$XLC: possibly delisted; no price data found  (1d 2004-09-26 -> 2018-06-18) (Yahoo error = "Data doesn't exist for startDate = 1096171200, endDate = 1529294400")
$GLD: possibly delisted; no price data found  (1d 2004-09-26 -> 2004-11-17) (Yahoo error = "Data doesn't exist for startDate = 1096171200, endDate = 1100667600")

1 Failed download:
['XLRE']: possibly delisted; no price data found  (1d 2004-09-26 -> 2015-10-07) (Yahoo error = "Data doesn't exist for startDate = 1096171200, endDate = 1444190400")

1 Failed download:

1 Failed download:
['GLD']: possibly delisted; no price data found  (1d 2004-09-26 -> 2004-11-17) (Yahoo error = "Data doesn't exist for startDate = 1096171200, endDate = 1100667600")
['XLC']: possibly delisted; no price data found  (1d 2004-09-26 -> 2018-06-18) (Yahoo error = "Data doesn't exist for startDate = 1096171200, endDate = 1529294400")
$DBC: possibly delisted; no price data found  (1d 2004-09-26 -> 2006-02-05) (Yahoo error = "Data doesn't exist for startDate = 1096171200, endDate = 1139115600")
$HYG: possibly delisted; no price data found  (1d 2004-09-26 -> 2007-04-10) (Yahoo error = "Data doesn't exist for startDate = 1096171200, endDate = 1176177600")

1 Failed download:
['DBC']: possibly delisted; no price data found  (1d 2004-09-26 -> 2006-02-05) (Yahoo error = "Data doesn't exist for startDate = 1096171200, endDate = 1139115600")
$EFA: possibly delisted; no price data found  (1d 2004-09-26 -> 2004-09-26)

1 Failed download:
['HYG']: possibly delisted; no price data found  (1d 2004-09-26 -> 2007-04-10) (Yahoo error = "Data doesn't exist for startDate = 1096171200, endDate = 1176177600")

1 Failed download:
['EFA']: possibly delisted; no price data found  (1d 2004-09-26 -> 2004-09-26)
$XLC: possibly delisted; no price data found  (1d 2017-02-14 -> 2018-06-18) (Yahoo error = "Data doesn't exist for startDate = 1487048400, endDate = 1529294400")

1 Failed download:
['XLC']: possibly delisted; no price data found  (1d 2017-02-14 -> 2018-06-18) (Yahoo error = "Data doesn't exist for startDate = 1487048400, endDate = 1529294400")
$XLRE: possibly delisted; no price data found  (1d 2015-08-28 -> 2015-10-07) (Yahoo error = "Data doesn't exist for startDate = 1440734400, endDate = 1444190400")
$XLC: possibly delisted; no price data found  (1d 2015-08-28 -> 2018-06-18) (Yahoo error = "Data doesn't exist for startDate = 1440734400, endDate = 1529294400")

1 Failed download:
['XLRE']: possibly delisted; no price data found  (1d 2015-08-28 -> 2015-10-07) (Yahoo error = "Data doesn't exist for startDate = 1440734400, endDate = 1444190400")

1 Failed download:
['XLC']: possibly delisted; no price data found  (1d 2015-08-28 -> 2018-06-18) (Yahoo error = "Data doesn't exist for startDate = 1440734400, endDate = 1529294400")
$XLC: possibly delisted; no price data found  (1d 2012-07-27 -> 2018-06-18) (Yahoo error = "Data doesn't exist for startDate = 1343361600, endDate = 1529294400")
$XLRE: possibly delisted; no price data found  (1d 2012-07-27 -> 2015-10-07) (Yahoo error = "Data doesn't exist for startDate = 1343361600, endDate = 1444190400")

1 Failed download:
['XLC']: possibly delisted; no price data found  (1d 2012-07-27 -> 2018-06-18) (Yahoo error = "Data doesn't exist for startDate = 1343361600, endDate = 1529294400")

1 Failed download:
['XLRE']: possibly delisted; no price data found  (1d 2012-07-27 -> 2015-10-07) (Yahoo error = "Data doesn't exist for startDate = 1343361600, endDate = 1444190400")
[h32-s1] lookback=10m x quarterly_63d done (48/240) t=14.8s
$XLC: possibly delisted; no price data found  (1d 2016-08-07 -> 2018-06-18) (Yahoo error = "Data doesn't exist for startDate = 1470542400, endDate = 1529294400")

1 Failed download:
['XLC']: possibly delisted; no price data found  (1d 2016-08-07 -> 2018-06-18) (Yahoo error = "Data doesn't exist for startDate = 1470542400, endDate = 1529294400")
$XLC: possibly delisted; no price data found  (1d 2004-09-26 -> 2018-06-18) (Yahoo error = "Data doesn't exist for startDate = 1096171200, endDate = 1529294400")

1 Failed download:
['XLC']: possibly delisted; no price data found  (1d 2004-09-26 -> 2018-06-18) (Yahoo error = "Data doesn't exist for startDate = 1096171200, endDate = 1529294400")
$XLRE: possibly delisted; no price data found  (1d 2004-09-26 -> 2015-10-07) (Yahoo error = "Data doesn't exist for startDate = 1096171200, endDate = 1444190400")
$GLD: possibly delisted; no price data found  (1d 2004-09-26 -> 2004-11-17) (Yahoo error = "Data doesn't exist for startDate = 1096171200, endDate = 1100667600")

1 Failed download:
['XLRE']: possibly delisted; no price data found  (1d 2004-09-26 -> 2015-10-07) (Yahoo error = "Data doesn't exist for startDate = 1096171200, endDate = 1444190400")
$EFA: possibly delisted; no price data found  (1d 2004-09-26 -> 2004-09-26)

1 Failed download:
['GLD']: possibly delisted; no price data found  (1d 2004-09-26 -> 2004-11-17) (Yahoo error = "Data doesn't exist for startDate = 1096171200, endDate = 1100667600")

1 Failed download:
['EFA']: possibly delisted; no price data found  (1d 2004-09-26 -> 2004-09-26)
$HYG: possibly delisted; no price data found  (1d 2004-09-26 -> 2007-04-10) (Yahoo error = "Data doesn't exist for startDate = 1096171200, endDate = 1176177600")
$DBC: possibly delisted; no price data found  (1d 2004-09-26 -> 2006-02-05) (Yahoo error = "Data doesn't exist for startDate = 1096171200, endDate = 1139115600")

1 Failed download:
['HYG']: possibly delisted; no price data found  (1d 2004-09-26 -> 2007-04-10) (Yahoo error = "Data doesn't exist for startDate = 1096171200, endDate = 1176177600")

1 Failed download:
['DBC']: possibly delisted; no price data found  (1d 2004-09-26 -> 2006-02-05) (Yahoo error = "Data doesn't exist for startDate = 1096171200, endDate = 1139115600")
$XLC: possibly delisted; no price data found  (1d 2017-02-14 -> 2018-06-18) (Yahoo error = "Data doesn't exist for startDate = 1487048400, endDate = 1529294400")

1 Failed download:
['XLC']: possibly delisted; no price data found  (1d 2017-02-14 -> 2018-06-18) (Yahoo error = "Data doesn't exist for startDate = 1487048400, endDate = 1529294400")
$XLC: possibly delisted; no price data found  (1d 2015-08-28 -> 2018-06-18) (Yahoo error = "Data doesn't exist for startDate = 1440734400, endDate = 1529294400")
$XLRE: possibly delisted; no price data found  (1d 2015-08-28 -> 2015-10-07) (Yahoo error = "Data doesn't exist for startDate = 1440734400, endDate = 1444190400")

1 Failed download:
['XLC']: possibly delisted; no price data found  (1d 2015-08-28 -> 2018-06-18) (Yahoo error = "Data doesn't exist for startDate = 1440734400, endDate = 1529294400")

1 Failed download:
['XLRE']: possibly delisted; no price data found  (1d 2015-08-28 -> 2015-10-07) (Yahoo error = "Data doesn't exist for startDate = 1440734400, endDate = 1444190400")
$XLC: possibly delisted; no price data found  (1d 2012-07-27 -> 2018-06-18) (Yahoo error = "Data doesn't exist for startDate = 1343361600, endDate = 1529294400")
$XLRE: possibly delisted; no price data found  (1d 2012-07-27 -> 2015-10-07) (Yahoo error = "Data doesn't exist for startDate = 1343361600, endDate = 1444190400")

1 Failed download:
['XLRE']: possibly delisted; no price data found  (1d 2012-07-27 -> 2015-10-07) (Yahoo error = "Data doesn't exist for startDate = 1343361600, endDate = 1444190400")

1 Failed download:
['XLC']: possibly delisted; no price data found  (1d 2012-07-27 -> 2018-06-18) (Yahoo error = "Data doesn't exist for startDate = 1343361600, endDate = 1529294400")
[h32-s1] lookback=11m x monthly_21d done (54/240) t=16.0s
$XLC: possibly delisted; no price data found  (1d 2016-08-07 -> 2018-06-18) (Yahoo error = "Data doesn't exist for startDate = 1470542400, endDate = 1529294400")

1 Failed download:
['XLC']: possibly delisted; no price data found  (1d 2016-08-07 -> 2018-06-18) (Yahoo error = "Data doesn't exist for startDate = 1470542400, endDate = 1529294400")
$XLC: possibly delisted; no price data found  (1d 2004-09-26 -> 2018-06-18) (Yahoo error = "Data doesn't exist for startDate = 1096171200, endDate = 1529294400")

1 Failed download:
['XLC']: possibly delisted; no price data found  (1d 2004-09-26 -> 2018-06-18) (Yahoo error = "Data doesn't exist for startDate = 1096171200, endDate = 1529294400")
$XLRE: possibly delisted; no price data found  (1d 2004-09-26 -> 2015-10-07) (Yahoo error = "Data doesn't exist for startDate = 1096171200, endDate = 1444190400")

1 Failed download:
['XLRE']: possibly delisted; no price data found  (1d 2004-09-26 -> 2015-10-07) (Yahoo error = "Data doesn't exist for startDate = 1096171200, endDate = 1444190400")
$HYG: possibly delisted; no price data found  (1d 2004-09-26 -> 2007-04-10) (Yahoo error = "Data doesn't exist for startDate = 1096171200, endDate = 1176177600")
$GLD: possibly delisted; no price data found  (1d 2004-09-26 -> 2004-11-17) (Yahoo error = "Data doesn't exist for startDate = 1096171200, endDate = 1100667600")

1 Failed download:
['HYG']: possibly delisted; no price data found  (1d 2004-09-26 -> 2007-04-10) (Yahoo error = "Data doesn't exist for startDate = 1096171200, endDate = 1176177600")
$EFA: possibly delisted; no price data found  (1d 2004-09-26 -> 2004-09-26)
$DBC: possibly delisted; no price data found  (1d 2004-09-26 -> 2006-02-05) (Yahoo error = "Data doesn't exist for startDate = 1096171200, endDate = 1139115600")

1 Failed download:
['GLD']: possibly delisted; no price data found  (1d 2004-09-26 -> 2004-11-17) (Yahoo error = "Data doesn't exist for startDate = 1096171200, endDate = 1100667600")

1 Failed download:

1 Failed download:
['EFA']: possibly delisted; no price data found  (1d 2004-09-26 -> 2004-09-26)
['DBC']: possibly delisted; no price data found  (1d 2004-09-26 -> 2006-02-05) (Yahoo error = "Data doesn't exist for startDate = 1096171200, endDate = 1139115600")
$XLC: possibly delisted; no price data found  (1d 2017-02-14 -> 2018-06-18) (Yahoo error = "Data doesn't exist for startDate = 1487048400, endDate = 1529294400")

1 Failed download:
['XLC']: possibly delisted; no price data found  (1d 2017-02-14 -> 2018-06-18) (Yahoo error = "Data doesn't exist for startDate = 1487048400, endDate = 1529294400")
$XLC: possibly delisted; no price data found  (1d 2015-08-28 -> 2018-06-18) (Yahoo error = "Data doesn't exist for startDate = 1440734400, endDate = 1529294400")

1 Failed download:
['XLC']: possibly delisted; no price data found  (1d 2015-08-28 -> 2018-06-18) (Yahoo error = "Data doesn't exist for startDate = 1440734400, endDate = 1529294400")
$XLRE: possibly delisted; no price data found  (1d 2015-08-28 -> 2015-10-07) (Yahoo error = "Data doesn't exist for startDate = 1440734400, endDate = 1444190400")

1 Failed download:
['XLRE']: possibly delisted; no price data found  (1d 2015-08-28 -> 2015-10-07) (Yahoo error = "Data doesn't exist for startDate = 1440734400, endDate = 1444190400")
$XLRE: possibly delisted; no price data found  (1d 2012-07-27 -> 2015-10-07) (Yahoo error = "Data doesn't exist for startDate = 1343361600, endDate = 1444190400")

1 Failed download:
['XLRE']: possibly delisted; no price data found  (1d 2012-07-27 -> 2015-10-07) (Yahoo error = "Data doesn't exist for startDate = 1343361600, endDate = 1444190400")
$XLC: possibly delisted; no price data found  (1d 2012-07-27 -> 2018-06-18) (Yahoo error = "Data doesn't exist for startDate = 1343361600, endDate = 1529294400")

1 Failed download:
['XLC']: possibly delisted; no price data found  (1d 2012-07-27 -> 2018-06-18) (Yahoo error = "Data doesn't exist for startDate = 1343361600, endDate = 1529294400")
[h32-s1] lookback=11m x sixweek_30d done (60/240) t=17.4s
$XLC: possibly delisted; no price data found  (1d 2016-08-07 -> 2018-06-18) (Yahoo error = "Data doesn't exist for startDate = 1470542400, endDate = 1529294400")

1 Failed download:
['XLC']: possibly delisted; no price data found  (1d 2016-08-07 -> 2018-06-18) (Yahoo error = "Data doesn't exist for startDate = 1470542400, endDate = 1529294400")
$XLRE: possibly delisted; no price data found  (1d 2004-09-26 -> 2015-10-07) (Yahoo error = "Data doesn't exist for startDate = 1096171200, endDate = 1444190400")

1 Failed download:
$XLC: possibly delisted; no price data found  (1d 2004-09-26 -> 2018-06-18) (Yahoo error = "Data doesn't exist for startDate = 1096171200, endDate = 1529294400")
['XLRE']: possibly delisted; no price data found  (1d 2004-09-26 -> 2015-10-07) (Yahoo error = "Data doesn't exist for startDate = 1096171200, endDate = 1444190400")

1 Failed download:
['XLC']: possibly delisted; no price data found  (1d 2004-09-26 -> 2018-06-18) (Yahoo error = "Data doesn't exist for startDate = 1096171200, endDate = 1529294400")
$DBC: possibly delisted; no price data found  (1d 2004-09-26 -> 2006-02-05) (Yahoo error = "Data doesn't exist for startDate = 1096171200, endDate = 1139115600")

1 Failed download:
['DBC']: possibly delisted; no price data found  (1d 2004-09-26 -> 2006-02-05) (Yahoo error = "Data doesn't exist for startDate = 1096171200, endDate = 1139115600")
$EFA: possibly delisted; no price data found  (1d 2004-09-26 -> 2004-09-26)
$HYG: possibly delisted; no price data found  (1d 2004-09-26 -> 2007-04-10) (Yahoo error = "Data doesn't exist for startDate = 1096171200, endDate = 1176177600")

1 Failed download:
['HYG']: possibly delisted; no price data found  (1d 2004-09-26 -> 2007-04-10) (Yahoo error = "Data doesn't exist for startDate = 1096171200, endDate = 1176177600")
$GLD: possibly delisted; no price data found  (1d 2004-09-26 -> 2004-11-17) (Yahoo error = "Data doesn't exist for startDate = 1096171200, endDate = 1100667600")

1 Failed download:
['EFA']: possibly delisted; no price data found  (1d 2004-09-26 -> 2004-09-26)

1 Failed download:
['GLD']: possibly delisted; no price data found  (1d 2004-09-26 -> 2004-11-17) (Yahoo error = "Data doesn't exist for startDate = 1096171200, endDate = 1100667600")
$XLC: possibly delisted; no price data found  (1d 2017-02-14 -> 2018-06-18) (Yahoo error = "Data doesn't exist for startDate = 1487048400, endDate = 1529294400")

1 Failed download:
['XLC']: possibly delisted; no price data found  (1d 2017-02-14 -> 2018-06-18) (Yahoo error = "Data doesn't exist for startDate = 1487048400, endDate = 1529294400")
$XLRE: possibly delisted; no price data found  (1d 2015-08-28 -> 2015-10-07) (Yahoo error = "Data doesn't exist for startDate = 1440734400, endDate = 1444190400")

1 Failed download:
['XLRE']: possibly delisted; no price data found  (1d 2015-08-28 -> 2015-10-07) (Yahoo error = "Data doesn't exist for startDate = 1440734400, endDate = 1444190400")
$XLC: possibly delisted; no price data found  (1d 2015-08-28 -> 2018-06-18) (Yahoo error = "Data doesn't exist for startDate = 1440734400, endDate = 1529294400")

1 Failed download:
['XLC']: possibly delisted; no price data found  (1d 2015-08-28 -> 2018-06-18) (Yahoo error = "Data doesn't exist for startDate = 1440734400, endDate = 1529294400")
$XLRE: possibly delisted; no price data found  (1d 2012-07-27 -> 2015-10-07) (Yahoo error = "Data doesn't exist for startDate = 1343361600, endDate = 1444190400")
$XLC: possibly delisted; no price data found  (1d 2012-07-27 -> 2018-06-18) (Yahoo error = "Data doesn't exist for startDate = 1343361600, endDate = 1529294400")

1 Failed download:
['XLRE']: possibly delisted; no price data found  (1d 2012-07-27 -> 2015-10-07) (Yahoo error = "Data doesn't exist for startDate = 1343361600, endDate = 1444190400")

1 Failed download:
['XLC']: possibly delisted; no price data found  (1d 2012-07-27 -> 2018-06-18) (Yahoo error = "Data doesn't exist for startDate = 1343361600, endDate = 1529294400")
[h32-s1] lookback=11m x twomonth_42d done (66/240) t=19.2s
$XLC: possibly delisted; no price data found  (1d 2016-08-07 -> 2018-06-18) (Yahoo error = "Data doesn't exist for startDate = 1470542400, endDate = 1529294400")

1 Failed download:
['XLC']: possibly delisted; no price data found  (1d 2016-08-07 -> 2018-06-18) (Yahoo error = "Data doesn't exist for startDate = 1470542400, endDate = 1529294400")
$XLRE: possibly delisted; no price data found  (1d 2004-09-26 -> 2015-10-07) (Yahoo error = "Data doesn't exist for startDate = 1096171200, endDate = 1444190400")

1 Failed download:
['XLRE']: possibly delisted; no price data found  (1d 2004-09-26 -> 2015-10-07) (Yahoo error = "Data doesn't exist for startDate = 1096171200, endDate = 1444190400")
$XLC: possibly delisted; no price data found  (1d 2004-09-26 -> 2018-06-18) (Yahoo error = "Data doesn't exist for startDate = 1096171200, endDate = 1529294400")

1 Failed download:
['XLC']: possibly delisted; no price data found  (1d 2004-09-26 -> 2018-06-18) (Yahoo error = "Data doesn't exist for startDate = 1096171200, endDate = 1529294400")
$GLD: possibly delisted; no price data found  (1d 2004-09-26 -> 2004-11-17) (Yahoo error = "Data doesn't exist for startDate = 1096171200, endDate = 1100667600")
$DBC: possibly delisted; no price data found  (1d 2004-09-26 -> 2006-02-05) (Yahoo error = "Data doesn't exist for startDate = 1096171200, endDate = 1139115600")

1 Failed download:
['DBC']: possibly delisted; no price data found  (1d 2004-09-26 -> 2006-02-05) (Yahoo error = "Data doesn't exist for startDate = 1096171200, endDate = 1139115600")

1 Failed download:
['GLD']: possibly delisted; no price data found  (1d 2004-09-26 -> 2004-11-17) (Yahoo error = "Data doesn't exist for startDate = 1096171200, endDate = 1100667600")
$HYG: possibly delisted; no price data found  (1d 2004-09-26 -> 2007-04-10) (Yahoo error = "Data doesn't exist for startDate = 1096171200, endDate = 1176177600")

1 Failed download:
['HYG']: possibly delisted; no price data found  (1d 2004-09-26 -> 2007-04-10) (Yahoo error = "Data doesn't exist for startDate = 1096171200, endDate = 1176177600")
$EFA: possibly delisted; no price data found  (1d 2004-09-26 -> 2004-09-26)

1 Failed download:
['EFA']: possibly delisted; no price data found  (1d 2004-09-26 -> 2004-09-26)
$XLC: possibly delisted; no price data found  (1d 2017-02-14 -> 2018-06-18) (Yahoo error = "Data doesn't exist for startDate = 1487048400, endDate = 1529294400")

1 Failed download:
['XLC']: possibly delisted; no price data found  (1d 2017-02-14 -> 2018-06-18) (Yahoo error = "Data doesn't exist for startDate = 1487048400, endDate = 1529294400")
$XLC: possibly delisted; no price data found  (1d 2015-08-28 -> 2018-06-18) (Yahoo error = "Data doesn't exist for startDate = 1440734400, endDate = 1529294400")

1 Failed download:
['XLC']: possibly delisted; no price data found  (1d 2015-08-28 -> 2018-06-18) (Yahoo error = "Data doesn't exist for startDate = 1440734400, endDate = 1529294400")
$XLRE: possibly delisted; no price data found  (1d 2015-08-28 -> 2015-10-07) (Yahoo error = "Data doesn't exist for startDate = 1440734400, endDate = 1444190400")

1 Failed download:
['XLRE']: possibly delisted; no price data found  (1d 2015-08-28 -> 2015-10-07) (Yahoo error = "Data doesn't exist for startDate = 1440734400, endDate = 1444190400")
$XLRE: possibly delisted; no price data found  (1d 2012-07-27 -> 2015-10-07) (Yahoo error = "Data doesn't exist for startDate = 1343361600, endDate = 1444190400")

1 Failed download:
['XLRE']: possibly delisted; no price data found  (1d 2012-07-27 -> 2015-10-07) (Yahoo error = "Data doesn't exist for startDate = 1343361600, endDate = 1444190400")
$XLC: possibly delisted; no price data found  (1d 2012-07-27 -> 2018-06-18) (Yahoo error = "Data doesn't exist for startDate = 1343361600, endDate = 1529294400")

1 Failed download:
['XLC']: possibly delisted; no price data found  (1d 2012-07-27 -> 2018-06-18) (Yahoo error = "Data doesn't exist for startDate = 1343361600, endDate = 1529294400")
[h32-s1] lookback=11m x quarterly_63d done (72/240) t=20.2s
$XLC: possibly delisted; no price data found  (1d 2016-08-07 -> 2018-06-18) (Yahoo error = "Data doesn't exist for startDate = 1470542400, endDate = 1529294400")

1 Failed download:
['XLC']: possibly delisted; no price data found  (1d 2016-08-07 -> 2018-06-18) (Yahoo error = "Data doesn't exist for startDate = 1470542400, endDate = 1529294400")
$XLC: possibly delisted; no price data found  (1d 2004-09-26 -> 2018-06-18) (Yahoo error = "Data doesn't exist for startDate = 1096171200, endDate = 1529294400")

1 Failed download:
['XLC']: possibly delisted; no price data found  (1d 2004-09-26 -> 2018-06-18) (Yahoo error = "Data doesn't exist for startDate = 1096171200, endDate = 1529294400")
$XLRE: possibly delisted; no price data found  (1d 2004-09-26 -> 2015-10-07) (Yahoo error = "Data doesn't exist for startDate = 1096171200, endDate = 1444190400")

1 Failed download:
['XLRE']: possibly delisted; no price data found  (1d 2004-09-26 -> 2015-10-07) (Yahoo error = "Data doesn't exist for startDate = 1096171200, endDate = 1444190400")
$EFA: possibly delisted; no price data found  (1d 2004-09-26 -> 2004-09-26)

1 Failed download:
['EFA']: possibly delisted; no price data found  (1d 2004-09-26 -> 2004-09-26)
$HYG: possibly delisted; no price data found  (1d 2004-09-26 -> 2007-04-10) (Yahoo error = "Data doesn't exist for startDate = 1096171200, endDate = 1176177600")
$GLD: possibly delisted; no price data found  (1d 2004-09-26 -> 2004-11-17) (Yahoo error = "Data doesn't exist for startDate = 1096171200, endDate = 1100667600")
$DBC: possibly delisted; no price data found  (1d 2004-09-26 -> 2006-02-05) (Yahoo error = "Data doesn't exist for startDate = 1096171200, endDate = 1139115600")

1 Failed download:
['HYG']: possibly delisted; no price data found  (1d 2004-09-26 -> 2007-04-10) (Yahoo error = "Data doesn't exist for startDate = 1096171200, endDate = 1176177600")

1 Failed download:
['GLD']: possibly delisted; no price data found  (1d 2004-09-26 -> 2004-11-17) (Yahoo error = "Data doesn't exist for startDate = 1096171200, endDate = 1100667600")

1 Failed download:
['DBC']: possibly delisted; no price data found  (1d 2004-09-26 -> 2006-02-05) (Yahoo error = "Data doesn't exist for startDate = 1096171200, endDate = 1139115600")
$XLC: possibly delisted; no price data found  (1d 2017-02-14 -> 2018-06-18) (Yahoo error = "Data doesn't exist for startDate = 1487048400, endDate = 1529294400")

1 Failed download:
['XLC']: possibly delisted; no price data found  (1d 2017-02-14 -> 2018-06-18) (Yahoo error = "Data doesn't exist for startDate = 1487048400, endDate = 1529294400")
$XLC: possibly delisted; no price data found  (1d 2015-08-28 -> 2018-06-18) (Yahoo error = "Data doesn't exist for startDate = 1440734400, endDate = 1529294400")

1 Failed download:
['XLC']: possibly delisted; no price data found  (1d 2015-08-28 -> 2018-06-18) (Yahoo error = "Data doesn't exist for startDate = 1440734400, endDate = 1529294400")
$XLRE: possibly delisted; no price data found  (1d 2015-08-28 -> 2015-10-07) (Yahoo error = "Data doesn't exist for startDate = 1440734400, endDate = 1444190400")

1 Failed download:
['XLRE']: possibly delisted; no price data found  (1d 2015-08-28 -> 2015-10-07) (Yahoo error = "Data doesn't exist for startDate = 1440734400, endDate = 1444190400")
$XLRE: possibly delisted; no price data found  (1d 2012-07-27 -> 2015-10-07) (Yahoo error = "Data doesn't exist for startDate = 1343361600, endDate = 1444190400")
$XLC: possibly delisted; no price data found  (1d 2012-07-27 -> 2018-06-18) (Yahoo error = "Data doesn't exist for startDate = 1343361600, endDate = 1529294400")

1 Failed download:
['XLC']: possibly delisted; no price data found  (1d 2012-07-27 -> 2018-06-18) (Yahoo error = "Data doesn't exist for startDate = 1343361600, endDate = 1529294400")

1 Failed download:
['XLRE']: possibly delisted; no price data found  (1d 2012-07-27 -> 2015-10-07) (Yahoo error = "Data doesn't exist for startDate = 1343361600, endDate = 1444190400")
[h32-s1] lookback=12m x monthly_21d done (78/240) t=21.4s
$XLC: possibly delisted; no price data found  (1d 2016-08-07 -> 2018-06-18) (Yahoo error = "Data doesn't exist for startDate = 1470542400, endDate = 1529294400")

1 Failed download:
['XLC']: possibly delisted; no price data found  (1d 2016-08-07 -> 2018-06-18) (Yahoo error = "Data doesn't exist for startDate = 1470542400, endDate = 1529294400")
$XLC: possibly delisted; no price data found  (1d 2004-09-26 -> 2018-06-18) (Yahoo error = "Data doesn't exist for startDate = 1096171200, endDate = 1529294400")

1 Failed download:
['XLC']: possibly delisted; no price data found  (1d 2004-09-26 -> 2018-06-18) (Yahoo error = "Data doesn't exist for startDate = 1096171200, endDate = 1529294400")
$XLRE: possibly delisted; no price data found  (1d 2004-09-26 -> 2015-10-07) (Yahoo error = "Data doesn't exist for startDate = 1096171200, endDate = 1444190400")
$GLD: possibly delisted; no price data found  (1d 2004-09-26 -> 2004-11-17) (Yahoo error = "Data doesn't exist for startDate = 1096171200, endDate = 1100667600")

1 Failed download:
['XLRE']: possibly delisted; no price data found  (1d 2004-09-26 -> 2015-10-07) (Yahoo error = "Data doesn't exist for startDate = 1096171200, endDate = 1444190400")
$EFA: possibly delisted; no price data found  (1d 2004-09-26 -> 2004-09-26)
$HYG: possibly delisted; no price data found  (1d 2004-09-26 -> 2007-04-10) (Yahoo error = "Data doesn't exist for startDate = 1096171200, endDate = 1176177600")

1 Failed download:
['GLD']: possibly delisted; no price data found  (1d 2004-09-26 -> 2004-11-17) (Yahoo error = "Data doesn't exist for startDate = 1096171200, endDate = 1100667600")

1 Failed download:
['EFA']: possibly delisted; no price data found  (1d 2004-09-26 -> 2004-09-26)

1 Failed download:
['HYG']: possibly delisted; no price data found  (1d 2004-09-26 -> 2007-04-10) (Yahoo error = "Data doesn't exist for startDate = 1096171200, endDate = 1176177600")
$DBC: possibly delisted; no price data found  (1d 2004-09-26 -> 2006-02-05) (Yahoo error = "Data doesn't exist for startDate = 1096171200, endDate = 1139115600")

1 Failed download:
['DBC']: possibly delisted; no price data found  (1d 2004-09-26 -> 2006-02-05) (Yahoo error = "Data doesn't exist for startDate = 1096171200, endDate = 1139115600")
$XLC: possibly delisted; no price data found  (1d 2017-02-14 -> 2018-06-18) (Yahoo error = "Data doesn't exist for startDate = 1487048400, endDate = 1529294400")

1 Failed download:
['XLC']: possibly delisted; no price data found  (1d 2017-02-14 -> 2018-06-18) (Yahoo error = "Data doesn't exist for startDate = 1487048400, endDate = 1529294400")
$XLRE: possibly delisted; no price data found  (1d 2015-08-28 -> 2015-10-07) (Yahoo error = "Data doesn't exist for startDate = 1440734400, endDate = 1444190400")
$XLC: possibly delisted; no price data found  (1d 2015-08-28 -> 2018-06-18) (Yahoo error = "Data doesn't exist for startDate = 1440734400, endDate = 1529294400")

1 Failed download:
['XLC']: possibly delisted; no price data found  (1d 2015-08-28 -> 2018-06-18) (Yahoo error = "Data doesn't exist for startDate = 1440734400, endDate = 1529294400")

1 Failed download:
['XLRE']: possibly delisted; no price data found  (1d 2015-08-28 -> 2015-10-07) (Yahoo error = "Data doesn't exist for startDate = 1440734400, endDate = 1444190400")
$XLRE: possibly delisted; no price data found  (1d 2012-07-27 -> 2015-10-07) (Yahoo error = "Data doesn't exist for startDate = 1343361600, endDate = 1444190400")

1 Failed download:
['XLRE']: possibly delisted; no price data found  (1d 2012-07-27 -> 2015-10-07) (Yahoo error = "Data doesn't exist for startDate = 1343361600, endDate = 1444190400")
$XLC: possibly delisted; no price data found  (1d 2012-07-27 -> 2018-06-18) (Yahoo error = "Data doesn't exist for startDate = 1343361600, endDate = 1529294400")

1 Failed download:
['XLC']: possibly delisted; no price data found  (1d 2012-07-27 -> 2018-06-18) (Yahoo error = "Data doesn't exist for startDate = 1343361600, endDate = 1529294400")
[h32-s1] lookback=12m x sixweek_30d done (84/240) t=23.2s
$XLC: possibly delisted; no price data found  (1d 2016-08-07 -> 2018-06-18) (Yahoo error = "Data doesn't exist for startDate = 1470542400, endDate = 1529294400")

1 Failed download:
['XLC']: possibly delisted; no price data found  (1d 2016-08-07 -> 2018-06-18) (Yahoo error = "Data doesn't exist for startDate = 1470542400, endDate = 1529294400")
$XLRE: possibly delisted; no price data found  (1d 2004-09-26 -> 2015-10-07) (Yahoo error = "Data doesn't exist for startDate = 1096171200, endDate = 1444190400")
$EFA: possibly delisted; no price data found  (1d 2004-09-26 -> 2004-09-26)

1 Failed download:
$GLD: possibly delisted; no price data found  (1d 2004-09-26 -> 2004-11-17) (Yahoo error = "Data doesn't exist for startDate = 1096171200, endDate = 1100667600")
$XLC: possibly delisted; no price data found  (1d 2004-09-26 -> 2018-06-18) (Yahoo error = "Data doesn't exist for startDate = 1096171200, endDate = 1529294400")
['XLRE']: possibly delisted; no price data found  (1d 2004-09-26 -> 2015-10-07) (Yahoo error = "Data doesn't exist for startDate = 1096171200, endDate = 1444190400")

1 Failed download:

1 Failed download:
['EFA']: possibly delisted; no price data found  (1d 2004-09-26 -> 2004-09-26)
['XLC']: possibly delisted; no price data found  (1d 2004-09-26 -> 2018-06-18) (Yahoo error = "Data doesn't exist for startDate = 1096171200, endDate = 1529294400")
$HYG: possibly delisted; no price data found  (1d 2004-09-26 -> 2007-04-10) (Yahoo error = "Data doesn't exist for startDate = 1096171200, endDate = 1176177600")

1 Failed download:
['GLD']: possibly delisted; no price data found  (1d 2004-09-26 -> 2004-11-17) (Yahoo error = "Data doesn't exist for startDate = 1096171200, endDate = 1100667600")

1 Failed download:
['HYG']: possibly delisted; no price data found  (1d 2004-09-26 -> 2007-04-10) (Yahoo error = "Data doesn't exist for startDate = 1096171200, endDate = 1176177600")
$DBC: possibly delisted; no price data found  (1d 2004-09-26 -> 2006-02-05) (Yahoo error = "Data doesn't exist for startDate = 1096171200, endDate = 1139115600")

1 Failed download:
['DBC']: possibly delisted; no price data found  (1d 2004-09-26 -> 2006-02-05) (Yahoo error = "Data doesn't exist for startDate = 1096171200, endDate = 1139115600")
$XLC: possibly delisted; no price data found  (1d 2017-02-14 -> 2018-06-18) (Yahoo error = "Data doesn't exist for startDate = 1487048400, endDate = 1529294400")

1 Failed download:
['XLC']: possibly delisted; no price data found  (1d 2017-02-14 -> 2018-06-18) (Yahoo error = "Data doesn't exist for startDate = 1487048400, endDate = 1529294400")
$XLRE: possibly delisted; no price data found  (1d 2015-08-28 -> 2015-10-07) (Yahoo error = "Data doesn't exist for startDate = 1440734400, endDate = 1444190400")

1 Failed download:
['XLRE']: possibly delisted; no price data found  (1d 2015-08-28 -> 2015-10-07) (Yahoo error = "Data doesn't exist for startDate = 1440734400, endDate = 1444190400")
$XLC: possibly delisted; no price data found  (1d 2015-08-28 -> 2018-06-18) (Yahoo error = "Data doesn't exist for startDate = 1440734400, endDate = 1529294400")

1 Failed download:
['XLC']: possibly delisted; no price data found  (1d 2015-08-28 -> 2018-06-18) (Yahoo error = "Data doesn't exist for startDate = 1440734400, endDate = 1529294400")
$XLRE: possibly delisted; no price data found  (1d 2012-07-27 -> 2015-10-07) (Yahoo error = "Data doesn't exist for startDate = 1343361600, endDate = 1444190400")
$XLC: possibly delisted; no price data found  (1d 2012-07-27 -> 2018-06-18) (Yahoo error = "Data doesn't exist for startDate = 1343361600, endDate = 1529294400")

1 Failed download:
['XLRE']: possibly delisted; no price data found  (1d 2012-07-27 -> 2015-10-07) (Yahoo error = "Data doesn't exist for startDate = 1343361600, endDate = 1444190400")

1 Failed download:
['XLC']: possibly delisted; no price data found  (1d 2012-07-27 -> 2018-06-18) (Yahoo error = "Data doesn't exist for startDate = 1343361600, endDate = 1529294400")
[h32-s1] lookback=12m x twomonth_42d done (90/240) t=24.7s
$XLC: possibly delisted; no price data found  (1d 2016-08-07 -> 2018-06-18) (Yahoo error = "Data doesn't exist for startDate = 1470542400, endDate = 1529294400")

1 Failed download:
['XLC']: possibly delisted; no price data found  (1d 2016-08-07 -> 2018-06-18) (Yahoo error = "Data doesn't exist for startDate = 1470542400, endDate = 1529294400")
$GLD: possibly delisted; no price data found  (1d 2004-09-26 -> 2004-11-17) (Yahoo error = "Data doesn't exist for startDate = 1096171200, endDate = 1100667600")
$XLRE: possibly delisted; no price data found  (1d 2004-09-26 -> 2015-10-07) (Yahoo error = "Data doesn't exist for startDate = 1096171200, endDate = 1444190400")

1 Failed download:
['GLD']: possibly delisted; no price data found  (1d 2004-09-26 -> 2004-11-17) (Yahoo error = "Data doesn't exist for startDate = 1096171200, endDate = 1100667600")

1 Failed download:
['XLRE']: possibly delisted; no price data found  (1d 2004-09-26 -> 2015-10-07) (Yahoo error = "Data doesn't exist for startDate = 1096171200, endDate = 1444190400")
$XLC: possibly delisted; no price data found  (1d 2004-09-26 -> 2018-06-18) (Yahoo error = "Data doesn't exist for startDate = 1096171200, endDate = 1529294400")
$EFA: possibly delisted; no price data found  (1d 2004-09-26 -> 2004-09-26)

1 Failed download:
['EFA']: possibly delisted; no price data found  (1d 2004-09-26 -> 2004-09-26)

1 Failed download:
['XLC']: possibly delisted; no price data found  (1d 2004-09-26 -> 2018-06-18) (Yahoo error = "Data doesn't exist for startDate = 1096171200, endDate = 1529294400")
$HYG: possibly delisted; no price data found  (1d 2004-09-26 -> 2007-04-10) (Yahoo error = "Data doesn't exist for startDate = 1096171200, endDate = 1176177600")
$DBC: possibly delisted; no price data found  (1d 2004-09-26 -> 2006-02-05) (Yahoo error = "Data doesn't exist for startDate = 1096171200, endDate = 1139115600")

1 Failed download:
['HYG']: possibly delisted; no price data found  (1d 2004-09-26 -> 2007-04-10) (Yahoo error = "Data doesn't exist for startDate = 1096171200, endDate = 1176177600")

1 Failed download:
['DBC']: possibly delisted; no price data found  (1d 2004-09-26 -> 2006-02-05) (Yahoo error = "Data doesn't exist for startDate = 1096171200, endDate = 1139115600")
$XLC: possibly delisted; no price data found  (1d 2017-02-14 -> 2018-06-18) (Yahoo error = "Data doesn't exist for startDate = 1487048400, endDate = 1529294400")

1 Failed download:
['XLC']: possibly delisted; no price data found  (1d 2017-02-14 -> 2018-06-18) (Yahoo error = "Data doesn't exist for startDate = 1487048400, endDate = 1529294400")
$XLC: possibly delisted; no price data found  (1d 2015-08-28 -> 2018-06-18) (Yahoo error = "Data doesn't exist for startDate = 1440734400, endDate = 1529294400")
$XLRE: possibly delisted; no price data found  (1d 2015-08-28 -> 2015-10-07) (Yahoo error = "Data doesn't exist for startDate = 1440734400, endDate = 1444190400")

1 Failed download:
['XLRE']: possibly delisted; no price data found  (1d 2015-08-28 -> 2015-10-07) (Yahoo error = "Data doesn't exist for startDate = 1440734400, endDate = 1444190400")

1 Failed download:
['XLC']: possibly delisted; no price data found  (1d 2015-08-28 -> 2018-06-18) (Yahoo error = "Data doesn't exist for startDate = 1440734400, endDate = 1529294400")
$XLC: possibly delisted; no price data found  (1d 2012-07-27 -> 2018-06-18) (Yahoo error = "Data doesn't exist for startDate = 1343361600, endDate = 1529294400")
$XLRE: possibly delisted; no price data found  (1d 2012-07-27 -> 2015-10-07) (Yahoo error = "Data doesn't exist for startDate = 1343361600, endDate = 1444190400")

1 Failed download:
['XLC']: possibly delisted; no price data found  (1d 2012-07-27 -> 2018-06-18) (Yahoo error = "Data doesn't exist for startDate = 1343361600, endDate = 1529294400")

1 Failed download:
['XLRE']: possibly delisted; no price data found  (1d 2012-07-27 -> 2015-10-07) (Yahoo error = "Data doesn't exist for startDate = 1343361600, endDate = 1444190400")
[h32-s1] lookback=12m x quarterly_63d done (96/240) t=25.8s
$XLC: possibly delisted; no price data found  (1d 2016-08-07 -> 2018-06-18) (Yahoo error = "Data doesn't exist for startDate = 1470542400, endDate = 1529294400")

1 Failed download:
['XLC']: possibly delisted; no price data found  (1d 2016-08-07 -> 2018-06-18) (Yahoo error = "Data doesn't exist for startDate = 1470542400, endDate = 1529294400")
$XLRE: possibly delisted; no price data found  (1d 2004-09-26 -> 2015-10-07) (Yahoo error = "Data doesn't exist for startDate = 1096171200, endDate = 1444190400")
$GLD: possibly delisted; no price data found  (1d 2004-09-26 -> 2004-11-17) (Yahoo error = "Data doesn't exist for startDate = 1096171200, endDate = 1100667600")

1 Failed download:
['XLRE']: possibly delisted; no price data found  (1d 2004-09-26 -> 2015-10-07) (Yahoo error = "Data doesn't exist for startDate = 1096171200, endDate = 1444190400")
$EFA: possibly delisted; no price data found  (1d 2004-09-26 -> 2004-09-26)

1 Failed download:
['GLD']: possibly delisted; no price data found  (1d 2004-09-26 -> 2004-11-17) (Yahoo error = "Data doesn't exist for startDate = 1096171200, endDate = 1100667600")
$HYG: possibly delisted; no price data found  (1d 2004-09-26 -> 2007-04-10) (Yahoo error = "Data doesn't exist for startDate = 1096171200, endDate = 1176177600")

1 Failed download:
['HYG']: possibly delisted; no price data found  (1d 2004-09-26 -> 2007-04-10) (Yahoo error = "Data doesn't exist for startDate = 1096171200, endDate = 1176177600")

1 Failed download:
['EFA']: possibly delisted; no price data found  (1d 2004-09-26 -> 2004-09-26)
$DBC: possibly delisted; no price data found  (1d 2004-09-26 -> 2006-02-05) (Yahoo error = "Data doesn't exist for startDate = 1096171200, endDate = 1139115600")
$XLC: possibly delisted; no price data found  (1d 2004-09-26 -> 2018-06-18) (Yahoo error = "Data doesn't exist for startDate = 1096171200, endDate = 1529294400")

1 Failed download:
['DBC']: possibly delisted; no price data found  (1d 2004-09-26 -> 2006-02-05) (Yahoo error = "Data doesn't exist for startDate = 1096171200, endDate = 1139115600")

1 Failed download:
['XLC']: possibly delisted; no price data found  (1d 2004-09-26 -> 2018-06-18) (Yahoo error = "Data doesn't exist for startDate = 1096171200, endDate = 1529294400")
$XLC: possibly delisted; no price data found  (1d 2017-02-14 -> 2018-06-18) (Yahoo error = "Data doesn't exist for startDate = 1487048400, endDate = 1529294400")

1 Failed download:
['XLC']: possibly delisted; no price data found  (1d 2017-02-14 -> 2018-06-18) (Yahoo error = "Data doesn't exist for startDate = 1487048400, endDate = 1529294400")
$XLC: possibly delisted; no price data found  (1d 2015-08-28 -> 2018-06-18) (Yahoo error = "Data doesn't exist for startDate = 1440734400, endDate = 1529294400")
$XLRE: possibly delisted; no price data found  (1d 2015-08-28 -> 2015-10-07) (Yahoo error = "Data doesn't exist for startDate = 1440734400, endDate = 1444190400")

1 Failed download:
['XLRE']: possibly delisted; no price data found  (1d 2015-08-28 -> 2015-10-07) (Yahoo error = "Data doesn't exist for startDate = 1440734400, endDate = 1444190400")

1 Failed download:
['XLC']: possibly delisted; no price data found  (1d 2015-08-28 -> 2018-06-18) (Yahoo error = "Data doesn't exist for startDate = 1440734400, endDate = 1529294400")
$XLRE: possibly delisted; no price data found  (1d 2012-07-27 -> 2015-10-07) (Yahoo error = "Data doesn't exist for startDate = 1343361600, endDate = 1444190400")

1 Failed download:
['XLRE']: possibly delisted; no price data found  (1d 2012-07-27 -> 2015-10-07) (Yahoo error = "Data doesn't exist for startDate = 1343361600, endDate = 1444190400")
$XLC: possibly delisted; no price data found  (1d 2012-07-27 -> 2018-06-18) (Yahoo error = "Data doesn't exist for startDate = 1343361600, endDate = 1529294400")

1 Failed download:
['XLC']: possibly delisted; no price data found  (1d 2012-07-27 -> 2018-06-18) (Yahoo error = "Data doesn't exist for startDate = 1343361600, endDate = 1529294400")
[h32-s1] lookback=13m x monthly_21d done (102/240) t=26.9s
$XLC: possibly delisted; no price data found  (1d 2016-08-07 -> 2018-06-18) (Yahoo error = "Data doesn't exist for startDate = 1470542400, endDate = 1529294400")

1 Failed download:
['XLC']: possibly delisted; no price data found  (1d 2016-08-07 -> 2018-06-18) (Yahoo error = "Data doesn't exist for startDate = 1470542400, endDate = 1529294400")
$XLRE: possibly delisted; no price data found  (1d 2004-09-26 -> 2015-10-07) (Yahoo error = "Data doesn't exist for startDate = 1096171200, endDate = 1444190400")
$XLC: possibly delisted; no price data found  (1d 2004-09-26 -> 2018-06-18) (Yahoo error = "Data doesn't exist for startDate = 1096171200, endDate = 1529294400")

1 Failed download:
['XLRE']: possibly delisted; no price data found  (1d 2004-09-26 -> 2015-10-07) (Yahoo error = "Data doesn't exist for startDate = 1096171200, endDate = 1444190400")

1 Failed download:
['XLC']: possibly delisted; no price data found  (1d 2004-09-26 -> 2018-06-18) (Yahoo error = "Data doesn't exist for startDate = 1096171200, endDate = 1529294400")
$GLD: possibly delisted; no price data found  (1d 2004-09-26 -> 2004-11-17) (Yahoo error = "Data doesn't exist for startDate = 1096171200, endDate = 1100667600")

1 Failed download:
['GLD']: possibly delisted; no price data found  (1d 2004-09-26 -> 2004-11-17) (Yahoo error = "Data doesn't exist for startDate = 1096171200, endDate = 1100667600")
$EFA: possibly delisted; no price data found  (1d 2004-09-26 -> 2004-09-26)
$HYG: possibly delisted; no price data found  (1d 2004-09-26 -> 2007-04-10) (Yahoo error = "Data doesn't exist for startDate = 1096171200, endDate = 1176177600")

1 Failed download:
$DBC: possibly delisted; no price data found  (1d 2004-09-26 -> 2006-02-05) (Yahoo error = "Data doesn't exist for startDate = 1096171200, endDate = 1139115600")
['EFA']: possibly delisted; no price data found  (1d 2004-09-26 -> 2004-09-26)

1 Failed download:
['HYG']: possibly delisted; no price data found  (1d 2004-09-26 -> 2007-04-10) (Yahoo error = "Data doesn't exist for startDate = 1096171200, endDate = 1176177600")

1 Failed download:
['DBC']: possibly delisted; no price data found  (1d 2004-09-26 -> 2006-02-05) (Yahoo error = "Data doesn't exist for startDate = 1096171200, endDate = 1139115600")
$XLC: possibly delisted; no price data found  (1d 2017-02-14 -> 2018-06-18) (Yahoo error = "Data doesn't exist for startDate = 1487048400, endDate = 1529294400")

1 Failed download:
['XLC']: possibly delisted; no price data found  (1d 2017-02-14 -> 2018-06-18) (Yahoo error = "Data doesn't exist for startDate = 1487048400, endDate = 1529294400")
$XLC: possibly delisted; no price data found  (1d 2015-08-28 -> 2018-06-18) (Yahoo error = "Data doesn't exist for startDate = 1440734400, endDate = 1529294400")
$XLRE: possibly delisted; no price data found  (1d 2015-08-28 -> 2015-10-07) (Yahoo error = "Data doesn't exist for startDate = 1440734400, endDate = 1444190400")

1 Failed download:
['XLRE']: possibly delisted; no price data found  (1d 2015-08-28 -> 2015-10-07) (Yahoo error = "Data doesn't exist for startDate = 1440734400, endDate = 1444190400")

1 Failed download:
['XLC']: possibly delisted; no price data found  (1d 2015-08-28 -> 2018-06-18) (Yahoo error = "Data doesn't exist for startDate = 1440734400, endDate = 1529294400")
$XLC: possibly delisted; no price data found  (1d 2012-07-27 -> 2018-06-18) (Yahoo error = "Data doesn't exist for startDate = 1343361600, endDate = 1529294400")

1 Failed download:
['XLC']: possibly delisted; no price data found  (1d 2012-07-27 -> 2018-06-18) (Yahoo error = "Data doesn't exist for startDate = 1343361600, endDate = 1529294400")
$XLRE: possibly delisted; no price data found  (1d 2012-07-27 -> 2015-10-07) (Yahoo error = "Data doesn't exist for startDate = 1343361600, endDate = 1444190400")

1 Failed download:
['XLRE']: possibly delisted; no price data found  (1d 2012-07-27 -> 2015-10-07) (Yahoo error = "Data doesn't exist for startDate = 1343361600, endDate = 1444190400")
[h32-s1] lookback=13m x sixweek_30d done (108/240) t=29.0s
$XLC: possibly delisted; no price data found  (1d 2016-08-07 -> 2018-06-18) (Yahoo error = "Data doesn't exist for startDate = 1470542400, endDate = 1529294400")

1 Failed download:
['XLC']: possibly delisted; no price data found  (1d 2016-08-07 -> 2018-06-18) (Yahoo error = "Data doesn't exist for startDate = 1470542400, endDate = 1529294400")
$XLRE: possibly delisted; no price data found  (1d 2004-09-26 -> 2015-10-07) (Yahoo error = "Data doesn't exist for startDate = 1096171200, endDate = 1444190400")
$XLC: possibly delisted; no price data found  (1d 2004-09-26 -> 2018-06-18) (Yahoo error = "Data doesn't exist for startDate = 1096171200, endDate = 1529294400")
$GLD: possibly delisted; no price data found  (1d 2004-09-26 -> 2004-11-17) (Yahoo error = "Data doesn't exist for startDate = 1096171200, endDate = 1100667600")

1 Failed download:
['XLC']: possibly delisted; no price data found  (1d 2004-09-26 -> 2018-06-18) (Yahoo error = "Data doesn't exist for startDate = 1096171200, endDate = 1529294400")

1 Failed download:
['XLRE']: possibly delisted; no price data found  (1d 2004-09-26 -> 2015-10-07) (Yahoo error = "Data doesn't exist for startDate = 1096171200, endDate = 1444190400")
$EFA: possibly delisted; no price data found  (1d 2004-09-26 -> 2004-09-26)

1 Failed download:
$HYG: possibly delisted; no price data found  (1d 2004-09-26 -> 2007-04-10) (Yahoo error = "Data doesn't exist for startDate = 1096171200, endDate = 1176177600")
['GLD']: possibly delisted; no price data found  (1d 2004-09-26 -> 2004-11-17) (Yahoo error = "Data doesn't exist for startDate = 1096171200, endDate = 1100667600")
$DBC: possibly delisted; no price data found  (1d 2004-09-26 -> 2006-02-05) (Yahoo error = "Data doesn't exist for startDate = 1096171200, endDate = 1139115600")

1 Failed download:
['DBC']: possibly delisted; no price data found  (1d 2004-09-26 -> 2006-02-05) (Yahoo error = "Data doesn't exist for startDate = 1096171200, endDate = 1139115600")

1 Failed download:
['EFA']: possibly delisted; no price data found  (1d 2004-09-26 -> 2004-09-26)

1 Failed download:
['HYG']: possibly delisted; no price data found  (1d 2004-09-26 -> 2007-04-10) (Yahoo error = "Data doesn't exist for startDate = 1096171200, endDate = 1176177600")
$XLC: possibly delisted; no price data found  (1d 2017-02-14 -> 2018-06-18) (Yahoo error = "Data doesn't exist for startDate = 1487048400, endDate = 1529294400")

1 Failed download:
['XLC']: possibly delisted; no price data found  (1d 2017-02-14 -> 2018-06-18) (Yahoo error = "Data doesn't exist for startDate = 1487048400, endDate = 1529294400")
$XLRE: possibly delisted; no price data found  (1d 2015-08-28 -> 2015-10-07) (Yahoo error = "Data doesn't exist for startDate = 1440734400, endDate = 1444190400")

1 Failed download:
['XLRE']: possibly delisted; no price data found  (1d 2015-08-28 -> 2015-10-07) (Yahoo error = "Data doesn't exist for startDate = 1440734400, endDate = 1444190400")
$XLC: possibly delisted; no price data found  (1d 2015-08-28 -> 2018-06-18) (Yahoo error = "Data doesn't exist for startDate = 1440734400, endDate = 1529294400")

1 Failed download:
['XLC']: possibly delisted; no price data found  (1d 2015-08-28 -> 2018-06-18) (Yahoo error = "Data doesn't exist for startDate = 1440734400, endDate = 1529294400")
$XLC: possibly delisted; no price data found  (1d 2012-07-27 -> 2018-06-18) (Yahoo error = "Data doesn't exist for startDate = 1343361600, endDate = 1529294400")
$XLRE: possibly delisted; no price data found  (1d 2012-07-27 -> 2015-10-07) (Yahoo error = "Data doesn't exist for startDate = 1343361600, endDate = 1444190400")

1 Failed download:
['XLRE']: possibly delisted; no price data found  (1d 2012-07-27 -> 2015-10-07) (Yahoo error = "Data doesn't exist for startDate = 1343361600, endDate = 1444190400")

1 Failed download:
['XLC']: possibly delisted; no price data found  (1d 2012-07-27 -> 2018-06-18) (Yahoo error = "Data doesn't exist for startDate = 1343361600, endDate = 1529294400")
[h32-s1] lookback=13m x twomonth_42d done (114/240) t=30.2s
$XLC: possibly delisted; no price data found  (1d 2016-08-07 -> 2018-06-18) (Yahoo error = "Data doesn't exist for startDate = 1470542400, endDate = 1529294400")

1 Failed download:
['XLC']: possibly delisted; no price data found  (1d 2016-08-07 -> 2018-06-18) (Yahoo error = "Data doesn't exist for startDate = 1470542400, endDate = 1529294400")
$XLRE: possibly delisted; no price data found  (1d 2004-09-26 -> 2015-10-07) (Yahoo error = "Data doesn't exist for startDate = 1096171200, endDate = 1444190400")

1 Failed download:
['XLRE']: possibly delisted; no price data found  (1d 2004-09-26 -> 2015-10-07) (Yahoo error = "Data doesn't exist for startDate = 1096171200, endDate = 1444190400")
$XLC: possibly delisted; no price data found  (1d 2004-09-26 -> 2018-06-18) (Yahoo error = "Data doesn't exist for startDate = 1096171200, endDate = 1529294400")
$EFA: possibly delisted; no price data found  (1d 2004-09-26 -> 2004-09-26)
$GLD: possibly delisted; no price data found  (1d 2004-09-26 -> 2004-11-17) (Yahoo error = "Data doesn't exist for startDate = 1096171200, endDate = 1100667600")
$HYG: possibly delisted; no price data found  (1d 2004-09-26 -> 2007-04-10) (Yahoo error = "Data doesn't exist for startDate = 1096171200, endDate = 1176177600")

1 Failed download:
['EFA']: possibly delisted; no price data found  (1d 2004-09-26 -> 2004-09-26)

1 Failed download:
['GLD']: possibly delisted; no price data found  (1d 2004-09-26 -> 2004-11-17) (Yahoo error = "Data doesn't exist for startDate = 1096171200, endDate = 1100667600")
$DBC: possibly delisted; no price data found  (1d 2004-09-26 -> 2006-02-05) (Yahoo error = "Data doesn't exist for startDate = 1096171200, endDate = 1139115600")

1 Failed download:
['HYG']: possibly delisted; no price data found  (1d 2004-09-26 -> 2007-04-10) (Yahoo error = "Data doesn't exist for startDate = 1096171200, endDate = 1176177600")

1 Failed download:
['XLC']: possibly delisted; no price data found  (1d 2004-09-26 -> 2018-06-18) (Yahoo error = "Data doesn't exist for startDate = 1096171200, endDate = 1529294400")

1 Failed download:
['DBC']: possibly delisted; no price data found  (1d 2004-09-26 -> 2006-02-05) (Yahoo error = "Data doesn't exist for startDate = 1096171200, endDate = 1139115600")
$XLC: possibly delisted; no price data found  (1d 2017-02-14 -> 2018-06-18) (Yahoo error = "Data doesn't exist for startDate = 1487048400, endDate = 1529294400")

1 Failed download:
['XLC']: possibly delisted; no price data found  (1d 2017-02-14 -> 2018-06-18) (Yahoo error = "Data doesn't exist for startDate = 1487048400, endDate = 1529294400")
$XLC: possibly delisted; no price data found  (1d 2015-08-28 -> 2018-06-18) (Yahoo error = "Data doesn't exist for startDate = 1440734400, endDate = 1529294400")

1 Failed download:
['XLC']: possibly delisted; no price data found  (1d 2015-08-28 -> 2018-06-18) (Yahoo error = "Data doesn't exist for startDate = 1440734400, endDate = 1529294400")
$XLRE: possibly delisted; no price data found  (1d 2015-08-28 -> 2015-10-07) (Yahoo error = "Data doesn't exist for startDate = 1440734400, endDate = 1444190400")

1 Failed download:
['XLRE']: possibly delisted; no price data found  (1d 2015-08-28 -> 2015-10-07) (Yahoo error = "Data doesn't exist for startDate = 1440734400, endDate = 1444190400")
$XLC: possibly delisted; no price data found  (1d 2012-07-27 -> 2018-06-18) (Yahoo error = "Data doesn't exist for startDate = 1343361600, endDate = 1529294400")
$XLRE: possibly delisted; no price data found  (1d 2012-07-27 -> 2015-10-07) (Yahoo error = "Data doesn't exist for startDate = 1343361600, endDate = 1444190400")

1 Failed download:
['XLC']: possibly delisted; no price data found  (1d 2012-07-27 -> 2018-06-18) (Yahoo error = "Data doesn't exist for startDate = 1343361600, endDate = 1529294400")

1 Failed download:
['XLRE']: possibly delisted; no price data found  (1d 2012-07-27 -> 2015-10-07) (Yahoo error = "Data doesn't exist for startDate = 1343361600, endDate = 1444190400")
[h32-s1] lookback=13m x quarterly_63d done (120/240) t=31.2s
$XLC: possibly delisted; no price data found  (1d 2016-08-07 -> 2018-06-18) (Yahoo error = "Data doesn't exist for startDate = 1470542400, endDate = 1529294400")

1 Failed download:
['XLC']: possibly delisted; no price data found  (1d 2016-08-07 -> 2018-06-18) (Yahoo error = "Data doesn't exist for startDate = 1470542400, endDate = 1529294400")
$XLRE: possibly delisted; no price data found  (1d 2004-09-26 -> 2015-10-07) (Yahoo error = "Data doesn't exist for startDate = 1096171200, endDate = 1444190400")
$XLC: possibly delisted; no price data found  (1d 2004-09-26 -> 2018-06-18) (Yahoo error = "Data doesn't exist for startDate = 1096171200, endDate = 1529294400")

1 Failed download:
['XLRE']: possibly delisted; no price data found  (1d 2004-09-26 -> 2015-10-07) (Yahoo error = "Data doesn't exist for startDate = 1096171200, endDate = 1444190400")
$GLD: possibly delisted; no price data found  (1d 2004-09-26 -> 2004-11-17) (Yahoo error = "Data doesn't exist for startDate = 1096171200, endDate = 1100667600")

1 Failed download:
['XLC']: possibly delisted; no price data found  (1d 2004-09-26 -> 2018-06-18) (Yahoo error = "Data doesn't exist for startDate = 1096171200, endDate = 1529294400")
$EFA: possibly delisted; no price data found  (1d 2004-09-26 -> 2004-09-26)

1 Failed download:
['GLD']: possibly delisted; no price data found  (1d 2004-09-26 -> 2004-11-17) (Yahoo error = "Data doesn't exist for startDate = 1096171200, endDate = 1100667600")
$HYG: possibly delisted; no price data found  (1d 2004-09-26 -> 2007-04-10) (Yahoo error = "Data doesn't exist for startDate = 1096171200, endDate = 1176177600")
$DBC: possibly delisted; no price data found  (1d 2004-09-26 -> 2006-02-05) (Yahoo error = "Data doesn't exist for startDate = 1096171200, endDate = 1139115600")

1 Failed download:
['EFA']: possibly delisted; no price data found  (1d 2004-09-26 -> 2004-09-26)

1 Failed download:
['HYG']: possibly delisted; no price data found  (1d 2004-09-26 -> 2007-04-10) (Yahoo error = "Data doesn't exist for startDate = 1096171200, endDate = 1176177600")

1 Failed download:
['DBC']: possibly delisted; no price data found  (1d 2004-09-26 -> 2006-02-05) (Yahoo error = "Data doesn't exist for startDate = 1096171200, endDate = 1139115600")
$XLC: possibly delisted; no price data found  (1d 2017-02-14 -> 2018-06-18) (Yahoo error = "Data doesn't exist for startDate = 1487048400, endDate = 1529294400")

1 Failed download:
['XLC']: possibly delisted; no price data found  (1d 2017-02-14 -> 2018-06-18) (Yahoo error = "Data doesn't exist for startDate = 1487048400, endDate = 1529294400")
$XLC: possibly delisted; no price data found  (1d 2015-08-28 -> 2018-06-18) (Yahoo error = "Data doesn't exist for startDate = 1440734400, endDate = 1529294400")
$XLRE: possibly delisted; no price data found  (1d 2015-08-28 -> 2015-10-07) (Yahoo error = "Data doesn't exist for startDate = 1440734400, endDate = 1444190400")

1 Failed download:
['XLC']: possibly delisted; no price data found  (1d 2015-08-28 -> 2018-06-18) (Yahoo error = "Data doesn't exist for startDate = 1440734400, endDate = 1529294400")

1 Failed download:
['XLRE']: possibly delisted; no price data found  (1d 2015-08-28 -> 2015-10-07) (Yahoo error = "Data doesn't exist for startDate = 1440734400, endDate = 1444190400")
$XLRE: possibly delisted; no price data found  (1d 2012-07-27 -> 2015-10-07) (Yahoo error = "Data doesn't exist for startDate = 1343361600, endDate = 1444190400")

1 Failed download:
['XLRE']: possibly delisted; no price data found  (1d 2012-07-27 -> 2015-10-07) (Yahoo error = "Data doesn't exist for startDate = 1343361600, endDate = 1444190400")
$XLC: possibly delisted; no price data found  (1d 2012-07-27 -> 2018-06-18) (Yahoo error = "Data doesn't exist for startDate = 1343361600, endDate = 1529294400")

1 Failed download:
['XLC']: possibly delisted; no price data found  (1d 2012-07-27 -> 2018-06-18) (Yahoo error = "Data doesn't exist for startDate = 1343361600, endDate = 1529294400")
[h32-s1] lookback=14m x monthly_21d done (126/240) t=32.7s
$XLC: possibly delisted; no price data found  (1d 2016-08-07 -> 2018-06-18) (Yahoo error = "Data doesn't exist for startDate = 1470542400, endDate = 1529294400")

1 Failed download:
['XLC']: possibly delisted; no price data found  (1d 2016-08-07 -> 2018-06-18) (Yahoo error = "Data doesn't exist for startDate = 1470542400, endDate = 1529294400")
$XLRE: possibly delisted; no price data found  (1d 2004-09-26 -> 2015-10-07) (Yahoo error = "Data doesn't exist for startDate = 1096171200, endDate = 1444190400")

1 Failed download:
['XLRE']: possibly delisted; no price data found  (1d 2004-09-26 -> 2015-10-07) (Yahoo error = "Data doesn't exist for startDate = 1096171200, endDate = 1444190400")
$GLD: possibly delisted; no price data found  (1d 2004-09-26 -> 2004-11-17) (Yahoo error = "Data doesn't exist for startDate = 1096171200, endDate = 1100667600")

1 Failed download:
['GLD']: possibly delisted; no price data found  (1d 2004-09-26 -> 2004-11-17) (Yahoo error = "Data doesn't exist for startDate = 1096171200, endDate = 1100667600")
$XLC: possibly delisted; no price data found  (1d 2004-09-26 -> 2018-06-18) (Yahoo error = "Data doesn't exist for startDate = 1096171200, endDate = 1529294400")

1 Failed download:
['XLC']: possibly delisted; no price data found  (1d 2004-09-26 -> 2018-06-18) (Yahoo error = "Data doesn't exist for startDate = 1096171200, endDate = 1529294400")
$HYG: possibly delisted; no price data found  (1d 2004-09-26 -> 2007-04-10) (Yahoo error = "Data doesn't exist for startDate = 1096171200, endDate = 1176177600")
$DBC: possibly delisted; no price data found  (1d 2004-09-26 -> 2006-02-05) (Yahoo error = "Data doesn't exist for startDate = 1096171200, endDate = 1139115600")

1 Failed download:
['HYG']: possibly delisted; no price data found  (1d 2004-09-26 -> 2007-04-10) (Yahoo error = "Data doesn't exist for startDate = 1096171200, endDate = 1176177600")
$EFA: possibly delisted; no price data found  (1d 2004-09-26 -> 2004-09-26)

1 Failed download:

1 Failed download:
['DBC']: possibly delisted; no price data found  (1d 2004-09-26 -> 2006-02-05) (Yahoo error = "Data doesn't exist for startDate = 1096171200, endDate = 1139115600")
['EFA']: possibly delisted; no price data found  (1d 2004-09-26 -> 2004-09-26)
$XLC: possibly delisted; no price data found  (1d 2017-02-14 -> 2018-06-18) (Yahoo error = "Data doesn't exist for startDate = 1487048400, endDate = 1529294400")

1 Failed download:
['XLC']: possibly delisted; no price data found  (1d 2017-02-14 -> 2018-06-18) (Yahoo error = "Data doesn't exist for startDate = 1487048400, endDate = 1529294400")
$XLC: possibly delisted; no price data found  (1d 2015-08-28 -> 2018-06-18) (Yahoo error = "Data doesn't exist for startDate = 1440734400, endDate = 1529294400")

1 Failed download:
['XLC']: possibly delisted; no price data found  (1d 2015-08-28 -> 2018-06-18) (Yahoo error = "Data doesn't exist for startDate = 1440734400, endDate = 1529294400")
$XLRE: possibly delisted; no price data found  (1d 2015-08-28 -> 2015-10-07) (Yahoo error = "Data doesn't exist for startDate = 1440734400, endDate = 1444190400")

1 Failed download:
['XLRE']: possibly delisted; no price data found  (1d 2015-08-28 -> 2015-10-07) (Yahoo error = "Data doesn't exist for startDate = 1440734400, endDate = 1444190400")
$XLRE: possibly delisted; no price data found  (1d 2012-07-27 -> 2015-10-07) (Yahoo error = "Data doesn't exist for startDate = 1343361600, endDate = 1444190400")
$XLC: possibly delisted; no price data found  (1d 2012-07-27 -> 2018-06-18) (Yahoo error = "Data doesn't exist for startDate = 1343361600, endDate = 1529294400")

1 Failed download:
['XLRE']: possibly delisted; no price data found  (1d 2012-07-27 -> 2015-10-07) (Yahoo error = "Data doesn't exist for startDate = 1343361600, endDate = 1444190400")

1 Failed download:
['XLC']: possibly delisted; no price data found  (1d 2012-07-27 -> 2018-06-18) (Yahoo error = "Data doesn't exist for startDate = 1343361600, endDate = 1529294400")
[h32-s1] lookback=14m x sixweek_30d done (132/240) t=34.5s
$XLC: possibly delisted; no price data found  (1d 2016-08-07 -> 2018-06-18) (Yahoo error = "Data doesn't exist for startDate = 1470542400, endDate = 1529294400")

1 Failed download:
['XLC']: possibly delisted; no price data found  (1d 2016-08-07 -> 2018-06-18) (Yahoo error = "Data doesn't exist for startDate = 1470542400, endDate = 1529294400")
$XLRE: possibly delisted; no price data found  (1d 2004-09-26 -> 2015-10-07) (Yahoo error = "Data doesn't exist for startDate = 1096171200, endDate = 1444190400")
$DBC: possibly delisted; no price data found  (1d 2004-09-26 -> 2006-02-05) (Yahoo error = "Data doesn't exist for startDate = 1096171200, endDate = 1139115600")

1 Failed download:
['XLRE']: possibly delisted; no price data found  (1d 2004-09-26 -> 2015-10-07) (Yahoo error = "Data doesn't exist for startDate = 1096171200, endDate = 1444190400")

1 Failed download:
['DBC']: possibly delisted; no price data found  (1d 2004-09-26 -> 2006-02-05) (Yahoo error = "Data doesn't exist for startDate = 1096171200, endDate = 1139115600")
$EFA: possibly delisted; no price data found  (1d 2004-09-26 -> 2004-09-26)
$HYG: possibly delisted; no price data found  (1d 2004-09-26 -> 2007-04-10) (Yahoo error = "Data doesn't exist for startDate = 1096171200, endDate = 1176177600")

1 Failed download:
['EFA']: possibly delisted; no price data found  (1d 2004-09-26 -> 2004-09-26)
$XLC: possibly delisted; no price data found  (1d 2004-09-26 -> 2018-06-18) (Yahoo error = "Data doesn't exist for startDate = 1096171200, endDate = 1529294400")

1 Failed download:
['HYG']: possibly delisted; no price data found  (1d 2004-09-26 -> 2007-04-10) (Yahoo error = "Data doesn't exist for startDate = 1096171200, endDate = 1176177600")
$GLD: possibly delisted; no price data found  (1d 2004-09-26 -> 2004-11-17) (Yahoo error = "Data doesn't exist for startDate = 1096171200, endDate = 1100667600")

1 Failed download:
['XLC']: possibly delisted; no price data found  (1d 2004-09-26 -> 2018-06-18) (Yahoo error = "Data doesn't exist for startDate = 1096171200, endDate = 1529294400")

1 Failed download:
['GLD']: possibly delisted; no price data found  (1d 2004-09-26 -> 2004-11-17) (Yahoo error = "Data doesn't exist for startDate = 1096171200, endDate = 1100667600")
$XLC: possibly delisted; no price data found  (1d 2017-02-14 -> 2018-06-18) (Yahoo error = "Data doesn't exist for startDate = 1487048400, endDate = 1529294400")

1 Failed download:
['XLC']: possibly delisted; no price data found  (1d 2017-02-14 -> 2018-06-18) (Yahoo error = "Data doesn't exist for startDate = 1487048400, endDate = 1529294400")
$XLRE: possibly delisted; no price data found  (1d 2015-08-28 -> 2015-10-07) (Yahoo error = "Data doesn't exist for startDate = 1440734400, endDate = 1444190400")

1 Failed download:
['XLRE']: possibly delisted; no price data found  (1d 2015-08-28 -> 2015-10-07) (Yahoo error = "Data doesn't exist for startDate = 1440734400, endDate = 1444190400")
$XLC: possibly delisted; no price data found  (1d 2015-08-28 -> 2018-06-18) (Yahoo error = "Data doesn't exist for startDate = 1440734400, endDate = 1529294400")

1 Failed download:
['XLC']: possibly delisted; no price data found  (1d 2015-08-28 -> 2018-06-18) (Yahoo error = "Data doesn't exist for startDate = 1440734400, endDate = 1529294400")
$XLRE: possibly delisted; no price data found  (1d 2012-07-27 -> 2015-10-07) (Yahoo error = "Data doesn't exist for startDate = 1343361600, endDate = 1444190400")
$XLC: possibly delisted; no price data found  (1d 2012-07-27 -> 2018-06-18) (Yahoo error = "Data doesn't exist for startDate = 1343361600, endDate = 1529294400")

1 Failed download:
['XLRE']: possibly delisted; no price data found  (1d 2012-07-27 -> 2015-10-07) (Yahoo error = "Data doesn't exist for startDate = 1343361600, endDate = 1444190400")

1 Failed download:
['XLC']: possibly delisted; no price data found  (1d 2012-07-27 -> 2018-06-18) (Yahoo error = "Data doesn't exist for startDate = 1343361600, endDate = 1529294400")
[h32-s1] lookback=14m x twomonth_42d done (138/240) t=36.1s
$XLC: possibly delisted; no price data found  (1d 2016-08-07 -> 2018-06-18) (Yahoo error = "Data doesn't exist for startDate = 1470542400, endDate = 1529294400")

1 Failed download:
['XLC']: possibly delisted; no price data found  (1d 2016-08-07 -> 2018-06-18) (Yahoo error = "Data doesn't exist for startDate = 1470542400, endDate = 1529294400")
$XLC: possibly delisted; no price data found  (1d 2004-09-26 -> 2018-06-18) (Yahoo error = "Data doesn't exist for startDate = 1096171200, endDate = 1529294400")
$XLRE: possibly delisted; no price data found  (1d 2004-09-26 -> 2015-10-07) (Yahoo error = "Data doesn't exist for startDate = 1096171200, endDate = 1444190400")

1 Failed download:
['XLC']: possibly delisted; no price data found  (1d 2004-09-26 -> 2018-06-18) (Yahoo error = "Data doesn't exist for startDate = 1096171200, endDate = 1529294400")
$GLD: possibly delisted; no price data found  (1d 2004-09-26 -> 2004-11-17) (Yahoo error = "Data doesn't exist for startDate = 1096171200, endDate = 1100667600")

1 Failed download:
['GLD']: possibly delisted; no price data found  (1d 2004-09-26 -> 2004-11-17) (Yahoo error = "Data doesn't exist for startDate = 1096171200, endDate = 1100667600")

1 Failed download:
['XLRE']: possibly delisted; no price data found  (1d 2004-09-26 -> 2015-10-07) (Yahoo error = "Data doesn't exist for startDate = 1096171200, endDate = 1444190400")
$DBC: possibly delisted; no price data found  (1d 2004-09-26 -> 2006-02-05) (Yahoo error = "Data doesn't exist for startDate = 1096171200, endDate = 1139115600")

1 Failed download:
['DBC']: possibly delisted; no price data found  (1d 2004-09-26 -> 2006-02-05) (Yahoo error = "Data doesn't exist for startDate = 1096171200, endDate = 1139115600")
$HYG: possibly delisted; no price data found  (1d 2004-09-26 -> 2007-04-10) (Yahoo error = "Data doesn't exist for startDate = 1096171200, endDate = 1176177600")
$EFA: possibly delisted; no price data found  (1d 2004-09-26 -> 2004-09-26)

1 Failed download:
['HYG']: possibly delisted; no price data found  (1d 2004-09-26 -> 2007-04-10) (Yahoo error = "Data doesn't exist for startDate = 1096171200, endDate = 1176177600")

1 Failed download:
['EFA']: possibly delisted; no price data found  (1d 2004-09-26 -> 2004-09-26)
$XLC: possibly delisted; no price data found  (1d 2017-02-14 -> 2018-06-18) (Yahoo error = "Data doesn't exist for startDate = 1487048400, endDate = 1529294400")

1 Failed download:
['XLC']: possibly delisted; no price data found  (1d 2017-02-14 -> 2018-06-18) (Yahoo error = "Data doesn't exist for startDate = 1487048400, endDate = 1529294400")
$XLC: possibly delisted; no price data found  (1d 2015-08-28 -> 2018-06-18) (Yahoo error = "Data doesn't exist for startDate = 1440734400, endDate = 1529294400")

1 Failed download:
['XLC']: possibly delisted; no price data found  (1d 2015-08-28 -> 2018-06-18) (Yahoo error = "Data doesn't exist for startDate = 1440734400, endDate = 1529294400")
$XLRE: possibly delisted; no price data found  (1d 2015-08-28 -> 2015-10-07) (Yahoo error = "Data doesn't exist for startDate = 1440734400, endDate = 1444190400")

1 Failed download:
['XLRE']: possibly delisted; no price data found  (1d 2015-08-28 -> 2015-10-07) (Yahoo error = "Data doesn't exist for startDate = 1440734400, endDate = 1444190400")
$XLC: possibly delisted; no price data found  (1d 2012-07-27 -> 2018-06-18) (Yahoo error = "Data doesn't exist for startDate = 1343361600, endDate = 1529294400")
$XLRE: possibly delisted; no price data found  (1d 2012-07-27 -> 2015-10-07) (Yahoo error = "Data doesn't exist for startDate = 1343361600, endDate = 1444190400")

1 Failed download:
['XLC']: possibly delisted; no price data found  (1d 2012-07-27 -> 2018-06-18) (Yahoo error = "Data doesn't exist for startDate = 1343361600, endDate = 1529294400")

1 Failed download:
['XLRE']: possibly delisted; no price data found  (1d 2012-07-27 -> 2015-10-07) (Yahoo error = "Data doesn't exist for startDate = 1343361600, endDate = 1444190400")
[h32-s1] lookback=14m x quarterly_63d done (144/240) t=37.9s
$XLC: possibly delisted; no price data found  (1d 2016-08-07 -> 2018-06-18) (Yahoo error = "Data doesn't exist for startDate = 1470542400, endDate = 1529294400")

1 Failed download:
['XLC']: possibly delisted; no price data found  (1d 2016-08-07 -> 2018-06-18) (Yahoo error = "Data doesn't exist for startDate = 1470542400, endDate = 1529294400")
$XLC: possibly delisted; no price data found  (1d 2004-09-26 -> 2018-06-18) (Yahoo error = "Data doesn't exist for startDate = 1096171200, endDate = 1529294400")
$XLRE: possibly delisted; no price data found  (1d 2004-09-26 -> 2015-10-07) (Yahoo error = "Data doesn't exist for startDate = 1096171200, endDate = 1444190400")
$GLD: possibly delisted; no price data found  (1d 2004-09-26 -> 2004-11-17) (Yahoo error = "Data doesn't exist for startDate = 1096171200, endDate = 1100667600")

1 Failed download:
['XLC']: possibly delisted; no price data found  (1d 2004-09-26 -> 2018-06-18) (Yahoo error = "Data doesn't exist for startDate = 1096171200, endDate = 1529294400")

1 Failed download:
['GLD']: possibly delisted; no price data found  (1d 2004-09-26 -> 2004-11-17) (Yahoo error = "Data doesn't exist for startDate = 1096171200, endDate = 1100667600")

1 Failed download:
['XLRE']: possibly delisted; no price data found  (1d 2004-09-26 -> 2015-10-07) (Yahoo error = "Data doesn't exist for startDate = 1096171200, endDate = 1444190400")
$EFA: possibly delisted; no price data found  (1d 2004-09-26 -> 2004-09-26)

1 Failed download:
['EFA']: possibly delisted; no price data found  (1d 2004-09-26 -> 2004-09-26)
$DBC: possibly delisted; no price data found  (1d 2004-09-26 -> 2006-02-05) (Yahoo error = "Data doesn't exist for startDate = 1096171200, endDate = 1139115600")
$HYG: possibly delisted; no price data found  (1d 2004-09-26 -> 2007-04-10) (Yahoo error = "Data doesn't exist for startDate = 1096171200, endDate = 1176177600")

1 Failed download:
['HYG']: possibly delisted; no price data found  (1d 2004-09-26 -> 2007-04-10) (Yahoo error = "Data doesn't exist for startDate = 1096171200, endDate = 1176177600")

1 Failed download:
['DBC']: possibly delisted; no price data found  (1d 2004-09-26 -> 2006-02-05) (Yahoo error = "Data doesn't exist for startDate = 1096171200, endDate = 1139115600")
$XLC: possibly delisted; no price data found  (1d 2017-02-14 -> 2018-06-18) (Yahoo error = "Data doesn't exist for startDate = 1487048400, endDate = 1529294400")

1 Failed download:
['XLC']: possibly delisted; no price data found  (1d 2017-02-14 -> 2018-06-18) (Yahoo error = "Data doesn't exist for startDate = 1487048400, endDate = 1529294400")
$XLRE: possibly delisted; no price data found  (1d 2015-08-28 -> 2015-10-07) (Yahoo error = "Data doesn't exist for startDate = 1440734400, endDate = 1444190400")

1 Failed download:
['XLRE']: possibly delisted; no price data found  (1d 2015-08-28 -> 2015-10-07) (Yahoo error = "Data doesn't exist for startDate = 1440734400, endDate = 1444190400")
$XLC: possibly delisted; no price data found  (1d 2015-08-28 -> 2018-06-18) (Yahoo error = "Data doesn't exist for startDate = 1440734400, endDate = 1529294400")

1 Failed download:
['XLC']: possibly delisted; no price data found  (1d 2015-08-28 -> 2018-06-18) (Yahoo error = "Data doesn't exist for startDate = 1440734400, endDate = 1529294400")
$XLRE: possibly delisted; no price data found  (1d 2012-07-27 -> 2015-10-07) (Yahoo error = "Data doesn't exist for startDate = 1343361600, endDate = 1444190400")
$XLC: possibly delisted; no price data found  (1d 2012-07-27 -> 2018-06-18) (Yahoo error = "Data doesn't exist for startDate = 1343361600, endDate = 1529294400")

1 Failed download:

1 Failed download:
['XLRE']: possibly delisted; no price data found  (1d 2012-07-27 -> 2015-10-07) (Yahoo error = "Data doesn't exist for startDate = 1343361600, endDate = 1444190400")
['XLC']: possibly delisted; no price data found  (1d 2012-07-27 -> 2018-06-18) (Yahoo error = "Data doesn't exist for startDate = 1343361600, endDate = 1529294400")
[h32-s1] lookback=15m x monthly_21d done (150/240) t=40.5s
$XLC: possibly delisted; no price data found  (1d 2016-08-07 -> 2018-06-18) (Yahoo error = "Data doesn't exist for startDate = 1470542400, endDate = 1529294400")

1 Failed download:
['XLC']: possibly delisted; no price data found  (1d 2016-08-07 -> 2018-06-18) (Yahoo error = "Data doesn't exist for startDate = 1470542400, endDate = 1529294400")
$XLRE: possibly delisted; no price data found  (1d 2004-09-26 -> 2015-10-07) (Yahoo error = "Data doesn't exist for startDate = 1096171200, endDate = 1444190400")
$XLC: possibly delisted; no price data found  (1d 2004-09-26 -> 2018-06-18) (Yahoo error = "Data doesn't exist for startDate = 1096171200, endDate = 1529294400")
$GLD: possibly delisted; no price data found  (1d 2004-09-26 -> 2004-11-17) (Yahoo error = "Data doesn't exist for startDate = 1096171200, endDate = 1100667600")

1 Failed download:
['XLRE']: possibly delisted; no price data found  (1d 2004-09-26 -> 2015-10-07) (Yahoo error = "Data doesn't exist for startDate = 1096171200, endDate = 1444190400")
$HYG: possibly delisted; no price data found  (1d 2004-09-26 -> 2007-04-10) (Yahoo error = "Data doesn't exist for startDate = 1096171200, endDate = 1176177600")
$DBC: possibly delisted; no price data found  (1d 2004-09-26 -> 2006-02-05) (Yahoo error = "Data doesn't exist for startDate = 1096171200, endDate = 1139115600")

1 Failed download:
['XLC']: possibly delisted; no price data found  (1d 2004-09-26 -> 2018-06-18) (Yahoo error = "Data doesn't exist for startDate = 1096171200, endDate = 1529294400")
$EFA: possibly delisted; no price data found  (1d 2004-09-26 -> 2004-09-26)

1 Failed download:
['GLD']: possibly delisted; no price data found  (1d 2004-09-26 -> 2004-11-17) (Yahoo error = "Data doesn't exist for startDate = 1096171200, endDate = 1100667600")

1 Failed download:
['DBC']: possibly delisted; no price data found  (1d 2004-09-26 -> 2006-02-05) (Yahoo error = "Data doesn't exist for startDate = 1096171200, endDate = 1139115600")

1 Failed download:
['HYG']: possibly delisted; no price data found  (1d 2004-09-26 -> 2007-04-10) (Yahoo error = "Data doesn't exist for startDate = 1096171200, endDate = 1176177600")

1 Failed download:
['EFA']: possibly delisted; no price data found  (1d 2004-09-26 -> 2004-09-26)
$XLC: possibly delisted; no price data found  (1d 2017-02-14 -> 2018-06-18) (Yahoo error = "Data doesn't exist for startDate = 1487048400, endDate = 1529294400")

1 Failed download:
['XLC']: possibly delisted; no price data found  (1d 2017-02-14 -> 2018-06-18) (Yahoo error = "Data doesn't exist for startDate = 1487048400, endDate = 1529294400")
$XLRE: possibly delisted; no price data found  (1d 2015-08-28 -> 2015-10-07) (Yahoo error = "Data doesn't exist for startDate = 1440734400, endDate = 1444190400")
$XLC: possibly delisted; no price data found  (1d 2015-08-28 -> 2018-06-18) (Yahoo error = "Data doesn't exist for startDate = 1440734400, endDate = 1529294400")

1 Failed download:
['XLRE']: possibly delisted; no price data found  (1d 2015-08-28 -> 2015-10-07) (Yahoo error = "Data doesn't exist for startDate = 1440734400, endDate = 1444190400")

1 Failed download:
['XLC']: possibly delisted; no price data found  (1d 2015-08-28 -> 2018-06-18) (Yahoo error = "Data doesn't exist for startDate = 1440734400, endDate = 1529294400")
$XLRE: possibly delisted; no price data found  (1d 2012-07-27 -> 2015-10-07) (Yahoo error = "Data doesn't exist for startDate = 1343361600, endDate = 1444190400")

1 Failed download:
['XLRE']: possibly delisted; no price data found  (1d 2012-07-27 -> 2015-10-07) (Yahoo error = "Data doesn't exist for startDate = 1343361600, endDate = 1444190400")
$XLC: possibly delisted; no price data found  (1d 2012-07-27 -> 2018-06-18) (Yahoo error = "Data doesn't exist for startDate = 1343361600, endDate = 1529294400")

1 Failed download:
['XLC']: possibly delisted; no price data found  (1d 2012-07-27 -> 2018-06-18) (Yahoo error = "Data doesn't exist for startDate = 1343361600, endDate = 1529294400")
[h32-s1] lookback=15m x sixweek_30d done (156/240) t=42.2s
$XLC: possibly delisted; no price data found  (1d 2016-08-07 -> 2018-06-18) (Yahoo error = "Data doesn't exist for startDate = 1470542400, endDate = 1529294400")

1 Failed download:
['XLC']: possibly delisted; no price data found  (1d 2016-08-07 -> 2018-06-18) (Yahoo error = "Data doesn't exist for startDate = 1470542400, endDate = 1529294400")
$XLC: possibly delisted; no price data found  (1d 2004-09-26 -> 2018-06-18) (Yahoo error = "Data doesn't exist for startDate = 1096171200, endDate = 1529294400")
$XLRE: possibly delisted; no price data found  (1d 2004-09-26 -> 2015-10-07) (Yahoo error = "Data doesn't exist for startDate = 1096171200, endDate = 1444190400")

1 Failed download:
['XLRE']: possibly delisted; no price data found  (1d 2004-09-26 -> 2015-10-07) (Yahoo error = "Data doesn't exist for startDate = 1096171200, endDate = 1444190400")

1 Failed download:
['XLC']: possibly delisted; no price data found  (1d 2004-09-26 -> 2018-06-18) (Yahoo error = "Data doesn't exist for startDate = 1096171200, endDate = 1529294400")
$EFA: possibly delisted; no price data found  (1d 2004-09-26 -> 2004-09-26)
$GLD: possibly delisted; no price data found  (1d 2004-09-26 -> 2004-11-17) (Yahoo error = "Data doesn't exist for startDate = 1096171200, endDate = 1100667600")
$HYG: possibly delisted; no price data found  (1d 2004-09-26 -> 2007-04-10) (Yahoo error = "Data doesn't exist for startDate = 1096171200, endDate = 1176177600")
$DBC: possibly delisted; no price data found  (1d 2004-09-26 -> 2006-02-05) (Yahoo error = "Data doesn't exist for startDate = 1096171200, endDate = 1139115600")

1 Failed download:
['EFA']: possibly delisted; no price data found  (1d 2004-09-26 -> 2004-09-26)

1 Failed download:

1 Failed download:
['GLD']: possibly delisted; no price data found  (1d 2004-09-26 -> 2004-11-17) (Yahoo error = "Data doesn't exist for startDate = 1096171200, endDate = 1100667600")

1 Failed download:
['DBC']: possibly delisted; no price data found  (1d 2004-09-26 -> 2006-02-05) (Yahoo error = "Data doesn't exist for startDate = 1096171200, endDate = 1139115600")
['HYG']: possibly delisted; no price data found  (1d 2004-09-26 -> 2007-04-10) (Yahoo error = "Data doesn't exist for startDate = 1096171200, endDate = 1176177600")
$XLC: possibly delisted; no price data found  (1d 2017-02-14 -> 2018-06-18) (Yahoo error = "Data doesn't exist for startDate = 1487048400, endDate = 1529294400")

1 Failed download:
['XLC']: possibly delisted; no price data found  (1d 2017-02-14 -> 2018-06-18) (Yahoo error = "Data doesn't exist for startDate = 1487048400, endDate = 1529294400")
$XLRE: possibly delisted; no price data found  (1d 2015-08-28 -> 2015-10-07) (Yahoo error = "Data doesn't exist for startDate = 1440734400, endDate = 1444190400")
$XLC: possibly delisted; no price data found  (1d 2015-08-28 -> 2018-06-18) (Yahoo error = "Data doesn't exist for startDate = 1440734400, endDate = 1529294400")

1 Failed download:
['XLRE']: possibly delisted; no price data found  (1d 2015-08-28 -> 2015-10-07) (Yahoo error = "Data doesn't exist for startDate = 1440734400, endDate = 1444190400")

1 Failed download:
['XLC']: possibly delisted; no price data found  (1d 2015-08-28 -> 2018-06-18) (Yahoo error = "Data doesn't exist for startDate = 1440734400, endDate = 1529294400")
$XLC: possibly delisted; no price data found  (1d 2012-07-27 -> 2018-06-18) (Yahoo error = "Data doesn't exist for startDate = 1343361600, endDate = 1529294400")

1 Failed download:
['XLC']: possibly delisted; no price data found  (1d 2012-07-27 -> 2018-06-18) (Yahoo error = "Data doesn't exist for startDate = 1343361600, endDate = 1529294400")
$XLRE: possibly delisted; no price data found  (1d 2012-07-27 -> 2015-10-07) (Yahoo error = "Data doesn't exist for startDate = 1343361600, endDate = 1444190400")

1 Failed download:
['XLRE']: possibly delisted; no price data found  (1d 2012-07-27 -> 2015-10-07) (Yahoo error = "Data doesn't exist for startDate = 1343361600, endDate = 1444190400")
[h32-s1] lookback=15m x twomonth_42d done (162/240) t=44.0s
$XLC: possibly delisted; no price data found  (1d 2016-08-07 -> 2018-06-18) (Yahoo error = "Data doesn't exist for startDate = 1470542400, endDate = 1529294400")

1 Failed download:
['XLC']: possibly delisted; no price data found  (1d 2016-08-07 -> 2018-06-18) (Yahoo error = "Data doesn't exist for startDate = 1470542400, endDate = 1529294400")
$XLRE: possibly delisted; no price data found  (1d 2004-09-26 -> 2015-10-07) (Yahoo error = "Data doesn't exist for startDate = 1096171200, endDate = 1444190400")

1 Failed download:
['XLRE']: possibly delisted; no price data found  (1d 2004-09-26 -> 2015-10-07) (Yahoo error = "Data doesn't exist for startDate = 1096171200, endDate = 1444190400")
$HYG: possibly delisted; no price data found  (1d 2004-09-26 -> 2007-04-10) (Yahoo error = "Data doesn't exist for startDate = 1096171200, endDate = 1176177600")
$DBC: possibly delisted; no price data found  (1d 2004-09-26 -> 2006-02-05) (Yahoo error = "Data doesn't exist for startDate = 1096171200, endDate = 1139115600")
$GLD: possibly delisted; no price data found  (1d 2004-09-26 -> 2004-11-17) (Yahoo error = "Data doesn't exist for startDate = 1096171200, endDate = 1100667600")

1 Failed download:
['HYG']: possibly delisted; no price data found  (1d 2004-09-26 -> 2007-04-10) (Yahoo error = "Data doesn't exist for startDate = 1096171200, endDate = 1176177600")
$XLC: possibly delisted; no price data found  (1d 2004-09-26 -> 2018-06-18) (Yahoo error = "Data doesn't exist for startDate = 1096171200, endDate = 1529294400")

1 Failed download:
['XLC']: possibly delisted; no price data found  (1d 2004-09-26 -> 2018-06-18) (Yahoo error = "Data doesn't exist for startDate = 1096171200, endDate = 1529294400")

1 Failed download:
['DBC']: possibly delisted; no price data found  (1d 2004-09-26 -> 2006-02-05) (Yahoo error = "Data doesn't exist for startDate = 1096171200, endDate = 1139115600")

1 Failed download:
['GLD']: possibly delisted; no price data found  (1d 2004-09-26 -> 2004-11-17) (Yahoo error = "Data doesn't exist for startDate = 1096171200, endDate = 1100667600")
$EFA: possibly delisted; no price data found  (1d 2004-09-26 -> 2004-09-26)

1 Failed download:
['EFA']: possibly delisted; no price data found  (1d 2004-09-26 -> 2004-09-26)
$XLC: possibly delisted; no price data found  (1d 2017-02-14 -> 2018-06-18) (Yahoo error = "Data doesn't exist for startDate = 1487048400, endDate = 1529294400")

1 Failed download:
['XLC']: possibly delisted; no price data found  (1d 2017-02-14 -> 2018-06-18) (Yahoo error = "Data doesn't exist for startDate = 1487048400, endDate = 1529294400")
$XLRE: possibly delisted; no price data found  (1d 2015-08-28 -> 2015-10-07) (Yahoo error = "Data doesn't exist for startDate = 1440734400, endDate = 1444190400")
$XLC: possibly delisted; no price data found  (1d 2015-08-28 -> 2018-06-18) (Yahoo error = "Data doesn't exist for startDate = 1440734400, endDate = 1529294400")

1 Failed download:
['XLRE']: possibly delisted; no price data found  (1d 2015-08-28 -> 2015-10-07) (Yahoo error = "Data doesn't exist for startDate = 1440734400, endDate = 1444190400")

1 Failed download:
['XLC']: possibly delisted; no price data found  (1d 2015-08-28 -> 2018-06-18) (Yahoo error = "Data doesn't exist for startDate = 1440734400, endDate = 1529294400")
$XLRE: possibly delisted; no price data found  (1d 2012-07-27 -> 2015-10-07) (Yahoo error = "Data doesn't exist for startDate = 1343361600, endDate = 1444190400")
$XLC: possibly delisted; no price data found  (1d 2012-07-27 -> 2018-06-18) (Yahoo error = "Data doesn't exist for startDate = 1343361600, endDate = 1529294400")

1 Failed download:
['XLRE']: possibly delisted; no price data found  (1d 2012-07-27 -> 2015-10-07) (Yahoo error = "Data doesn't exist for startDate = 1343361600, endDate = 1444190400")

1 Failed download:
['XLC']: possibly delisted; no price data found  (1d 2012-07-27 -> 2018-06-18) (Yahoo error = "Data doesn't exist for startDate = 1343361600, endDate = 1529294400")
[h32-s1] lookback=15m x quarterly_63d done (168/240) t=46.6s
$XLC: possibly delisted; no price data found  (1d 2016-08-07 -> 2018-06-18) (Yahoo error = "Data doesn't exist for startDate = 1470542400, endDate = 1529294400")

1 Failed download:
['XLC']: possibly delisted; no price data found  (1d 2016-08-07 -> 2018-06-18) (Yahoo error = "Data doesn't exist for startDate = 1470542400, endDate = 1529294400")
$XLC: possibly delisted; no price data found  (1d 2004-09-26 -> 2018-06-18) (Yahoo error = "Data doesn't exist for startDate = 1096171200, endDate = 1529294400")
$GLD: possibly delisted; no price data found  (1d 2004-09-26 -> 2004-11-17) (Yahoo error = "Data doesn't exist for startDate = 1096171200, endDate = 1100667600")
$EFA: possibly delisted; no price data found  (1d 2004-09-26 -> 2004-09-26)

1 Failed download:
['XLC']: possibly delisted; no price data found  (1d 2004-09-26 -> 2018-06-18) (Yahoo error = "Data doesn't exist for startDate = 1096171200, endDate = 1529294400")

1 Failed download:
['EFA']: possibly delisted; no price data found  (1d 2004-09-26 -> 2004-09-26)

1 Failed download:
['GLD']: possibly delisted; no price data found  (1d 2004-09-26 -> 2004-11-17) (Yahoo error = "Data doesn't exist for startDate = 1096171200, endDate = 1100667600")
$DBC: possibly delisted; no price data found  (1d 2004-09-26 -> 2006-02-05) (Yahoo error = "Data doesn't exist for startDate = 1096171200, endDate = 1139115600")
$HYG: possibly delisted; no price data found  (1d 2004-09-26 -> 2007-04-10) (Yahoo error = "Data doesn't exist for startDate = 1096171200, endDate = 1176177600")

1 Failed download:
['DBC']: possibly delisted; no price data found  (1d 2004-09-26 -> 2006-02-05) (Yahoo error = "Data doesn't exist for startDate = 1096171200, endDate = 1139115600")
$XLRE: possibly delisted; no price data found  (1d 2004-09-26 -> 2015-10-07) (Yahoo error = "Data doesn't exist for startDate = 1096171200, endDate = 1444190400")

1 Failed download:
['HYG']: possibly delisted; no price data found  (1d 2004-09-26 -> 2007-04-10) (Yahoo error = "Data doesn't exist for startDate = 1096171200, endDate = 1176177600")

1 Failed download:
['XLRE']: possibly delisted; no price data found  (1d 2004-09-26 -> 2015-10-07) (Yahoo error = "Data doesn't exist for startDate = 1096171200, endDate = 1444190400")
$XLC: possibly delisted; no price data found  (1d 2017-02-14 -> 2018-06-18) (Yahoo error = "Data doesn't exist for startDate = 1487048400, endDate = 1529294400")

1 Failed download:
['XLC']: possibly delisted; no price data found  (1d 2017-02-14 -> 2018-06-18) (Yahoo error = "Data doesn't exist for startDate = 1487048400, endDate = 1529294400")
$XLRE: possibly delisted; no price data found  (1d 2015-08-28 -> 2015-10-07) (Yahoo error = "Data doesn't exist for startDate = 1440734400, endDate = 1444190400")

1 Failed download:
['XLRE']: possibly delisted; no price data found  (1d 2015-08-28 -> 2015-10-07) (Yahoo error = "Data doesn't exist for startDate = 1440734400, endDate = 1444190400")
$XLC: possibly delisted; no price data found  (1d 2015-08-28 -> 2018-06-18) (Yahoo error = "Data doesn't exist for startDate = 1440734400, endDate = 1529294400")

1 Failed download:
['XLC']: possibly delisted; no price data found  (1d 2015-08-28 -> 2018-06-18) (Yahoo error = "Data doesn't exist for startDate = 1440734400, endDate = 1529294400")
$XLRE: possibly delisted; no price data found  (1d 2012-07-27 -> 2015-10-07) (Yahoo error = "Data doesn't exist for startDate = 1343361600, endDate = 1444190400")

1 Failed download:
['XLRE']: possibly delisted; no price data found  (1d 2012-07-27 -> 2015-10-07) (Yahoo error = "Data doesn't exist for startDate = 1343361600, endDate = 1444190400")
$XLC: possibly delisted; no price data found  (1d 2012-07-27 -> 2018-06-18) (Yahoo error = "Data doesn't exist for startDate = 1343361600, endDate = 1529294400")

1 Failed download:
['XLC']: possibly delisted; no price data found  (1d 2012-07-27 -> 2018-06-18) (Yahoo error = "Data doesn't exist for startDate = 1343361600, endDate = 1529294400")
[h32-s1] lookback=16m x monthly_21d done (174/240) t=49.2s
$XLC: possibly delisted; no price data found  (1d 2016-08-07 -> 2018-06-18) (Yahoo error = "Data doesn't exist for startDate = 1470542400, endDate = 1529294400")

1 Failed download:
['XLC']: possibly delisted; no price data found  (1d 2016-08-07 -> 2018-06-18) (Yahoo error = "Data doesn't exist for startDate = 1470542400, endDate = 1529294400")
$XLC: possibly delisted; no price data found  (1d 2004-09-26 -> 2018-06-18) (Yahoo error = "Data doesn't exist for startDate = 1096171200, endDate = 1529294400")
$XLRE: possibly delisted; no price data found  (1d 2004-09-26 -> 2015-10-07) (Yahoo error = "Data doesn't exist for startDate = 1096171200, endDate = 1444190400")

1 Failed download:
['XLRE']: possibly delisted; no price data found  (1d 2004-09-26 -> 2015-10-07) (Yahoo error = "Data doesn't exist for startDate = 1096171200, endDate = 1444190400")

1 Failed download:
['XLC']: possibly delisted; no price data found  (1d 2004-09-26 -> 2018-06-18) (Yahoo error = "Data doesn't exist for startDate = 1096171200, endDate = 1529294400")
$GLD: possibly delisted; no price data found  (1d 2004-09-26 -> 2004-11-17) (Yahoo error = "Data doesn't exist for startDate = 1096171200, endDate = 1100667600")
$HYG: possibly delisted; no price data found  (1d 2004-09-26 -> 2007-04-10) (Yahoo error = "Data doesn't exist for startDate = 1096171200, endDate = 1176177600")

1 Failed download:
['GLD']: possibly delisted; no price data found  (1d 2004-09-26 -> 2004-11-17) (Yahoo error = "Data doesn't exist for startDate = 1096171200, endDate = 1100667600")
$DBC: possibly delisted; no price data found  (1d 2004-09-26 -> 2006-02-05) (Yahoo error = "Data doesn't exist for startDate = 1096171200, endDate = 1139115600")

1 Failed download:
['HYG']: possibly delisted; no price data found  (1d 2004-09-26 -> 2007-04-10) (Yahoo error = "Data doesn't exist for startDate = 1096171200, endDate = 1176177600")
$EFA: possibly delisted; no price data found  (1d 2004-09-26 -> 2004-09-26)

1 Failed download:
['DBC']: possibly delisted; no price data found  (1d 2004-09-26 -> 2006-02-05) (Yahoo error = "Data doesn't exist for startDate = 1096171200, endDate = 1139115600")

1 Failed download:
['EFA']: possibly delisted; no price data found  (1d 2004-09-26 -> 2004-09-26)
$XLC: possibly delisted; no price data found  (1d 2017-02-14 -> 2018-06-18) (Yahoo error = "Data doesn't exist for startDate = 1487048400, endDate = 1529294400")

1 Failed download:
['XLC']: possibly delisted; no price data found  (1d 2017-02-14 -> 2018-06-18) (Yahoo error = "Data doesn't exist for startDate = 1487048400, endDate = 1529294400")
$XLC: possibly delisted; no price data found  (1d 2015-08-28 -> 2018-06-18) (Yahoo error = "Data doesn't exist for startDate = 1440734400, endDate = 1529294400")
$XLRE: possibly delisted; no price data found  (1d 2015-08-28 -> 2015-10-07) (Yahoo error = "Data doesn't exist for startDate = 1440734400, endDate = 1444190400")

1 Failed download:
['XLC']: possibly delisted; no price data found  (1d 2015-08-28 -> 2018-06-18) (Yahoo error = "Data doesn't exist for startDate = 1440734400, endDate = 1529294400")

1 Failed download:
['XLRE']: possibly delisted; no price data found  (1d 2015-08-28 -> 2015-10-07) (Yahoo error = "Data doesn't exist for startDate = 1440734400, endDate = 1444190400")
$XLRE: possibly delisted; no price data found  (1d 2012-07-27 -> 2015-10-07) (Yahoo error = "Data doesn't exist for startDate = 1343361600, endDate = 1444190400")
$XLC: possibly delisted; no price data found  (1d 2012-07-27 -> 2018-06-18) (Yahoo error = "Data doesn't exist for startDate = 1343361600, endDate = 1529294400")

1 Failed download:
['XLC']: possibly delisted; no price data found  (1d 2012-07-27 -> 2018-06-18) (Yahoo error = "Data doesn't exist for startDate = 1343361600, endDate = 1529294400")

1 Failed download:
['XLRE']: possibly delisted; no price data found  (1d 2012-07-27 -> 2015-10-07) (Yahoo error = "Data doesn't exist for startDate = 1343361600, endDate = 1444190400")
[h32-s1] lookback=16m x sixweek_30d done (180/240) t=52.1s
$XLC: possibly delisted; no price data found  (1d 2016-08-07 -> 2018-06-18) (Yahoo error = "Data doesn't exist for startDate = 1470542400, endDate = 1529294400")

1 Failed download:
['XLC']: possibly delisted; no price data found  (1d 2016-08-07 -> 2018-06-18) (Yahoo error = "Data doesn't exist for startDate = 1470542400, endDate = 1529294400")
$XLC: possibly delisted; no price data found  (1d 2004-09-26 -> 2018-06-18) (Yahoo error = "Data doesn't exist for startDate = 1096171200, endDate = 1529294400")
$XLRE: possibly delisted; no price data found  (1d 2004-09-26 -> 2015-10-07) (Yahoo error = "Data doesn't exist for startDate = 1096171200, endDate = 1444190400")

1 Failed download:
['XLC']: possibly delisted; no price data found  (1d 2004-09-26 -> 2018-06-18) (Yahoo error = "Data doesn't exist for startDate = 1096171200, endDate = 1529294400")

1 Failed download:
['XLRE']: possibly delisted; no price data found  (1d 2004-09-26 -> 2015-10-07) (Yahoo error = "Data doesn't exist for startDate = 1096171200, endDate = 1444190400")
$DBC: possibly delisted; no price data found  (1d 2004-09-26 -> 2006-02-05) (Yahoo error = "Data doesn't exist for startDate = 1096171200, endDate = 1139115600")
$EFA: possibly delisted; no price data found  (1d 2004-09-26 -> 2004-09-26)

1 Failed download:
['DBC']: possibly delisted; no price data found  (1d 2004-09-26 -> 2006-02-05) (Yahoo error = "Data doesn't exist for startDate = 1096171200, endDate = 1139115600")
$HYG: possibly delisted; no price data found  (1d 2004-09-26 -> 2007-04-10) (Yahoo error = "Data doesn't exist for startDate = 1096171200, endDate = 1176177600")
$GLD: possibly delisted; no price data found  (1d 2004-09-26 -> 2004-11-17) (Yahoo error = "Data doesn't exist for startDate = 1096171200, endDate = 1100667600")

1 Failed download:
['EFA']: possibly delisted; no price data found  (1d 2004-09-26 -> 2004-09-26)

1 Failed download:
['HYG']: possibly delisted; no price data found  (1d 2004-09-26 -> 2007-04-10) (Yahoo error = "Data doesn't exist for startDate = 1096171200, endDate = 1176177600")

1 Failed download:
['GLD']: possibly delisted; no price data found  (1d 2004-09-26 -> 2004-11-17) (Yahoo error = "Data doesn't exist for startDate = 1096171200, endDate = 1100667600")
$XLC: possibly delisted; no price data found  (1d 2017-02-14 -> 2018-06-18) (Yahoo error = "Data doesn't exist for startDate = 1487048400, endDate = 1529294400")

1 Failed download:
['XLC']: possibly delisted; no price data found  (1d 2017-02-14 -> 2018-06-18) (Yahoo error = "Data doesn't exist for startDate = 1487048400, endDate = 1529294400")
$XLRE: possibly delisted; no price data found  (1d 2015-08-28 -> 2015-10-07) (Yahoo error = "Data doesn't exist for startDate = 1440734400, endDate = 1444190400")

1 Failed download:
['XLRE']: possibly delisted; no price data found  (1d 2015-08-28 -> 2015-10-07) (Yahoo error = "Data doesn't exist for startDate = 1440734400, endDate = 1444190400")
$XLC: possibly delisted; no price data found  (1d 2015-08-28 -> 2018-06-18) (Yahoo error = "Data doesn't exist for startDate = 1440734400, endDate = 1529294400")

1 Failed download:
['XLC']: possibly delisted; no price data found  (1d 2015-08-28 -> 2018-06-18) (Yahoo error = "Data doesn't exist for startDate = 1440734400, endDate = 1529294400")
$XLRE: possibly delisted; no price data found  (1d 2012-07-27 -> 2015-10-07) (Yahoo error = "Data doesn't exist for startDate = 1343361600, endDate = 1444190400")
$XLC: possibly delisted; no price data found  (1d 2012-07-27 -> 2018-06-18) (Yahoo error = "Data doesn't exist for startDate = 1343361600, endDate = 1529294400")

1 Failed download:
['XLC']: possibly delisted; no price data found  (1d 2012-07-27 -> 2018-06-18) (Yahoo error = "Data doesn't exist for startDate = 1343361600, endDate = 1529294400")

1 Failed download:
['XLRE']: possibly delisted; no price data found  (1d 2012-07-27 -> 2015-10-07) (Yahoo error = "Data doesn't exist for startDate = 1343361600, endDate = 1444190400")
[h32-s1] lookback=16m x twomonth_42d done (186/240) t=54.5s
$XLC: possibly delisted; no price data found  (1d 2016-08-07 -> 2018-06-18) (Yahoo error = "Data doesn't exist for startDate = 1470542400, endDate = 1529294400")

1 Failed download:
['XLC']: possibly delisted; no price data found  (1d 2016-08-07 -> 2018-06-18) (Yahoo error = "Data doesn't exist for startDate = 1470542400, endDate = 1529294400")
$XLRE: possibly delisted; no price data found  (1d 2004-09-26 -> 2015-10-07) (Yahoo error = "Data doesn't exist for startDate = 1096171200, endDate = 1444190400")
$XLC: possibly delisted; no price data found  (1d 2004-09-26 -> 2018-06-18) (Yahoo error = "Data doesn't exist for startDate = 1096171200, endDate = 1529294400")

1 Failed download:
['XLRE']: possibly delisted; no price data found  (1d 2004-09-26 -> 2015-10-07) (Yahoo error = "Data doesn't exist for startDate = 1096171200, endDate = 1444190400")
$EFA: possibly delisted; no price data found  (1d 2004-09-26 -> 2004-09-26)
$GLD: possibly delisted; no price data found  (1d 2004-09-26 -> 2004-11-17) (Yahoo error = "Data doesn't exist for startDate = 1096171200, endDate = 1100667600")

1 Failed download:
['XLC']: possibly delisted; no price data found  (1d 2004-09-26 -> 2018-06-18) (Yahoo error = "Data doesn't exist for startDate = 1096171200, endDate = 1529294400")

1 Failed download:
['EFA']: possibly delisted; no price data found  (1d 2004-09-26 -> 2004-09-26)
$HYG: possibly delisted; no price data found  (1d 2004-09-26 -> 2007-04-10) (Yahoo error = "Data doesn't exist for startDate = 1096171200, endDate = 1176177600")

1 Failed download:
['GLD']: possibly delisted; no price data found  (1d 2004-09-26 -> 2004-11-17) (Yahoo error = "Data doesn't exist for startDate = 1096171200, endDate = 1100667600")

1 Failed download:
['HYG']: possibly delisted; no price data found  (1d 2004-09-26 -> 2007-04-10) (Yahoo error = "Data doesn't exist for startDate = 1096171200, endDate = 1176177600")
$DBC: possibly delisted; no price data found  (1d 2004-09-26 -> 2006-02-05) (Yahoo error = "Data doesn't exist for startDate = 1096171200, endDate = 1139115600")

1 Failed download:
['DBC']: possibly delisted; no price data found  (1d 2004-09-26 -> 2006-02-05) (Yahoo error = "Data doesn't exist for startDate = 1096171200, endDate = 1139115600")
$XLC: possibly delisted; no price data found  (1d 2017-02-14 -> 2018-06-18) (Yahoo error = "Data doesn't exist for startDate = 1487048400, endDate = 1529294400")

1 Failed download:
['XLC']: possibly delisted; no price data found  (1d 2017-02-14 -> 2018-06-18) (Yahoo error = "Data doesn't exist for startDate = 1487048400, endDate = 1529294400")
$XLRE: possibly delisted; no price data found  (1d 2015-08-28 -> 2015-10-07) (Yahoo error = "Data doesn't exist for startDate = 1440734400, endDate = 1444190400")
$XLC: possibly delisted; no price data found  (1d 2015-08-28 -> 2018-06-18) (Yahoo error = "Data doesn't exist for startDate = 1440734400, endDate = 1529294400")

1 Failed download:
['XLRE']: possibly delisted; no price data found  (1d 2015-08-28 -> 2015-10-07) (Yahoo error = "Data doesn't exist for startDate = 1440734400, endDate = 1444190400")

1 Failed download:
['XLC']: possibly delisted; no price data found  (1d 2015-08-28 -> 2018-06-18) (Yahoo error = "Data doesn't exist for startDate = 1440734400, endDate = 1529294400")
$XLRE: possibly delisted; no price data found  (1d 2012-07-27 -> 2015-10-07) (Yahoo error = "Data doesn't exist for startDate = 1343361600, endDate = 1444190400")

1 Failed download:
['XLRE']: possibly delisted; no price data found  (1d 2012-07-27 -> 2015-10-07) (Yahoo error = "Data doesn't exist for startDate = 1343361600, endDate = 1444190400")
$XLC: possibly delisted; no price data found  (1d 2012-07-27 -> 2018-06-18) (Yahoo error = "Data doesn't exist for startDate = 1343361600, endDate = 1529294400")

1 Failed download:
['XLC']: possibly delisted; no price data found  (1d 2012-07-27 -> 2018-06-18) (Yahoo error = "Data doesn't exist for startDate = 1343361600, endDate = 1529294400")
[h32-s1] lookback=16m x quarterly_63d done (192/240) t=57.4s
$XLC: possibly delisted; no price data found  (1d 2016-08-07 -> 2018-06-18) (Yahoo error = "Data doesn't exist for startDate = 1470542400, endDate = 1529294400")

1 Failed download:
['XLC']: possibly delisted; no price data found  (1d 2016-08-07 -> 2018-06-18) (Yahoo error = "Data doesn't exist for startDate = 1470542400, endDate = 1529294400")
$XLRE: possibly delisted; no price data found  (1d 2004-09-26 -> 2015-10-07) (Yahoo error = "Data doesn't exist for startDate = 1096171200, endDate = 1444190400")
$XLC: possibly delisted; no price data found  (1d 2004-09-26 -> 2018-06-18) (Yahoo error = "Data doesn't exist for startDate = 1096171200, endDate = 1529294400")

1 Failed download:
['XLRE']: possibly delisted; no price data found  (1d 2004-09-26 -> 2015-10-07) (Yahoo error = "Data doesn't exist for startDate = 1096171200, endDate = 1444190400")

1 Failed download:
['XLC']: possibly delisted; no price data found  (1d 2004-09-26 -> 2018-06-18) (Yahoo error = "Data doesn't exist for startDate = 1096171200, endDate = 1529294400")
$GLD: possibly delisted; no price data found  (1d 2004-09-26 -> 2004-11-17) (Yahoo error = "Data doesn't exist for startDate = 1096171200, endDate = 1100667600")
$HYG: possibly delisted; no price data found  (1d 2004-09-26 -> 2007-04-10) (Yahoo error = "Data doesn't exist for startDate = 1096171200, endDate = 1176177600")
$DBC: possibly delisted; no price data found  (1d 2004-09-26 -> 2006-02-05) (Yahoo error = "Data doesn't exist for startDate = 1096171200, endDate = 1139115600")

1 Failed download:

1 Failed download:
['GLD']: possibly delisted; no price data found  (1d 2004-09-26 -> 2004-11-17) (Yahoo error = "Data doesn't exist for startDate = 1096171200, endDate = 1100667600")
['HYG']: possibly delisted; no price data found  (1d 2004-09-26 -> 2007-04-10) (Yahoo error = "Data doesn't exist for startDate = 1096171200, endDate = 1176177600")
$EFA: possibly delisted; no price data found  (1d 2004-09-26 -> 2004-09-26)

1 Failed download:
['DBC']: possibly delisted; no price data found  (1d 2004-09-26 -> 2006-02-05) (Yahoo error = "Data doesn't exist for startDate = 1096171200, endDate = 1139115600")

1 Failed download:
['EFA']: possibly delisted; no price data found  (1d 2004-09-26 -> 2004-09-26)
$XLC: possibly delisted; no price data found  (1d 2017-02-14 -> 2018-06-18) (Yahoo error = "Data doesn't exist for startDate = 1487048400, endDate = 1529294400")

1 Failed download:
['XLC']: possibly delisted; no price data found  (1d 2017-02-14 -> 2018-06-18) (Yahoo error = "Data doesn't exist for startDate = 1487048400, endDate = 1529294400")
$XLC: possibly delisted; no price data found  (1d 2015-08-28 -> 2018-06-18) (Yahoo error = "Data doesn't exist for startDate = 1440734400, endDate = 1529294400")

1 Failed download:
['XLC']: possibly delisted; no price data found  (1d 2015-08-28 -> 2018-06-18) (Yahoo error = "Data doesn't exist for startDate = 1440734400, endDate = 1529294400")
$XLRE: possibly delisted; no price data found  (1d 2015-08-28 -> 2015-10-07) (Yahoo error = "Data doesn't exist for startDate = 1440734400, endDate = 1444190400")

1 Failed download:
['XLRE']: possibly delisted; no price data found  (1d 2015-08-28 -> 2015-10-07) (Yahoo error = "Data doesn't exist for startDate = 1440734400, endDate = 1444190400")
$XLRE: possibly delisted; no price data found  (1d 2012-07-27 -> 2015-10-07) (Yahoo error = "Data doesn't exist for startDate = 1343361600, endDate = 1444190400")
$XLC: possibly delisted; no price data found  (1d 2012-07-27 -> 2018-06-18) (Yahoo error = "Data doesn't exist for startDate = 1343361600, endDate = 1529294400")

1 Failed download:
['XLRE']: possibly delisted; no price data found  (1d 2012-07-27 -> 2015-10-07) (Yahoo error = "Data doesn't exist for startDate = 1343361600, endDate = 1444190400")

1 Failed download:
['XLC']: possibly delisted; no price data found  (1d 2012-07-27 -> 2018-06-18) (Yahoo error = "Data doesn't exist for startDate = 1343361600, endDate = 1529294400")
[h32-s1] lookback=17m x monthly_21d done (198/240) t=58.6s
$XLC: possibly delisted; no price data found  (1d 2016-08-07 -> 2018-06-18) (Yahoo error = "Data doesn't exist for startDate = 1470542400, endDate = 1529294400")

1 Failed download:
['XLC']: possibly delisted; no price data found  (1d 2016-08-07 -> 2018-06-18) (Yahoo error = "Data doesn't exist for startDate = 1470542400, endDate = 1529294400")
$XLRE: possibly delisted; no price data found  (1d 2004-09-26 -> 2015-10-07) (Yahoo error = "Data doesn't exist for startDate = 1096171200, endDate = 1444190400")
$EFA: possibly delisted; no price data found  (1d 2004-09-26 -> 2004-09-26)

1 Failed download:
['XLRE']: possibly delisted; no price data found  (1d 2004-09-26 -> 2015-10-07) (Yahoo error = "Data doesn't exist for startDate = 1096171200, endDate = 1444190400")

1 Failed download:
$GLD: possibly delisted; no price data found  (1d 2004-09-26 -> 2004-11-17) (Yahoo error = "Data doesn't exist for startDate = 1096171200, endDate = 1100667600")
['EFA']: possibly delisted; no price data found  (1d 2004-09-26 -> 2004-09-26)
$XLC: possibly delisted; no price data found  (1d 2004-09-26 -> 2018-06-18) (Yahoo error = "Data doesn't exist for startDate = 1096171200, endDate = 1529294400")
$HYG: possibly delisted; no price data found  (1d 2004-09-26 -> 2007-04-10) (Yahoo error = "Data doesn't exist for startDate = 1096171200, endDate = 1176177600")

1 Failed download:
['GLD']: possibly delisted; no price data found  (1d 2004-09-26 -> 2004-11-17) (Yahoo error = "Data doesn't exist for startDate = 1096171200, endDate = 1100667600")
$DBC: possibly delisted; no price data found  (1d 2004-09-26 -> 2006-02-05) (Yahoo error = "Data doesn't exist for startDate = 1096171200, endDate = 1139115600")

1 Failed download:
['XLC']: possibly delisted; no price data found  (1d 2004-09-26 -> 2018-06-18) (Yahoo error = "Data doesn't exist for startDate = 1096171200, endDate = 1529294400")

1 Failed download:
['HYG']: possibly delisted; no price data found  (1d 2004-09-26 -> 2007-04-10) (Yahoo error = "Data doesn't exist for startDate = 1096171200, endDate = 1176177600")

1 Failed download:
['DBC']: possibly delisted; no price data found  (1d 2004-09-26 -> 2006-02-05) (Yahoo error = "Data doesn't exist for startDate = 1096171200, endDate = 1139115600")
$XLC: possibly delisted; no price data found  (1d 2017-02-14 -> 2018-06-18) (Yahoo error = "Data doesn't exist for startDate = 1487048400, endDate = 1529294400")

1 Failed download:
['XLC']: possibly delisted; no price data found  (1d 2017-02-14 -> 2018-06-18) (Yahoo error = "Data doesn't exist for startDate = 1487048400, endDate = 1529294400")
$XLRE: possibly delisted; no price data found  (1d 2015-08-28 -> 2015-10-07) (Yahoo error = "Data doesn't exist for startDate = 1440734400, endDate = 1444190400")

1 Failed download:
['XLRE']: possibly delisted; no price data found  (1d 2015-08-28 -> 2015-10-07) (Yahoo error = "Data doesn't exist for startDate = 1440734400, endDate = 1444190400")
$XLC: possibly delisted; no price data found  (1d 2015-08-28 -> 2018-06-18) (Yahoo error = "Data doesn't exist for startDate = 1440734400, endDate = 1529294400")

1 Failed download:
['XLC']: possibly delisted; no price data found  (1d 2015-08-28 -> 2018-06-18) (Yahoo error = "Data doesn't exist for startDate = 1440734400, endDate = 1529294400")
$XLRE: possibly delisted; no price data found  (1d 2012-07-27 -> 2015-10-07) (Yahoo error = "Data doesn't exist for startDate = 1343361600, endDate = 1444190400")

1 Failed download:
['XLRE']: possibly delisted; no price data found  (1d 2012-07-27 -> 2015-10-07) (Yahoo error = "Data doesn't exist for startDate = 1343361600, endDate = 1444190400")
$XLC: possibly delisted; no price data found  (1d 2012-07-27 -> 2018-06-18) (Yahoo error = "Data doesn't exist for startDate = 1343361600, endDate = 1529294400")

1 Failed download:
['XLC']: possibly delisted; no price data found  (1d 2012-07-27 -> 2018-06-18) (Yahoo error = "Data doesn't exist for startDate = 1343361600, endDate = 1529294400")
[h32-s1] lookback=17m x sixweek_30d done (204/240) t=60.1s
$XLC: possibly delisted; no price data found  (1d 2016-08-07 -> 2018-06-18) (Yahoo error = "Data doesn't exist for startDate = 1470542400, endDate = 1529294400")

1 Failed download:
['XLC']: possibly delisted; no price data found  (1d 2016-08-07 -> 2018-06-18) (Yahoo error = "Data doesn't exist for startDate = 1470542400, endDate = 1529294400")
$XLC: possibly delisted; no price data found  (1d 2004-09-26 -> 2018-06-18) (Yahoo error = "Data doesn't exist for startDate = 1096171200, endDate = 1529294400")

1 Failed download:
['XLC']: possibly delisted; no price data found  (1d 2004-09-26 -> 2018-06-18) (Yahoo error = "Data doesn't exist for startDate = 1096171200, endDate = 1529294400")
$XLRE: possibly delisted; no price data found  (1d 2004-09-26 -> 2015-10-07) (Yahoo error = "Data doesn't exist for startDate = 1096171200, endDate = 1444190400")
$HYG: possibly delisted; no price data found  (1d 2004-09-26 -> 2007-04-10) (Yahoo error = "Data doesn't exist for startDate = 1096171200, endDate = 1176177600")

1 Failed download:

1 Failed download:
['XLRE']: possibly delisted; no price data found  (1d 2004-09-26 -> 2015-10-07) (Yahoo error = "Data doesn't exist for startDate = 1096171200, endDate = 1444190400")
['HYG']: possibly delisted; no price data found  (1d 2004-09-26 -> 2007-04-10) (Yahoo error = "Data doesn't exist for startDate = 1096171200, endDate = 1176177600")
$GLD: possibly delisted; no price data found  (1d 2004-09-26 -> 2004-11-17) (Yahoo error = "Data doesn't exist for startDate = 1096171200, endDate = 1100667600")
$EFA: possibly delisted; no price data found  (1d 2004-09-26 -> 2004-09-26)
$DBC: possibly delisted; no price data found  (1d 2004-09-26 -> 2006-02-05) (Yahoo error = "Data doesn't exist for startDate = 1096171200, endDate = 1139115600")

1 Failed download:
['GLD']: possibly delisted; no price data found  (1d 2004-09-26 -> 2004-11-17) (Yahoo error = "Data doesn't exist for startDate = 1096171200, endDate = 1100667600")

1 Failed download:
['DBC']: possibly delisted; no price data found  (1d 2004-09-26 -> 2006-02-05) (Yahoo error = "Data doesn't exist for startDate = 1096171200, endDate = 1139115600")

1 Failed download:
['EFA']: possibly delisted; no price data found  (1d 2004-09-26 -> 2004-09-26)
$XLC: possibly delisted; no price data found  (1d 2017-02-14 -> 2018-06-18) (Yahoo error = "Data doesn't exist for startDate = 1487048400, endDate = 1529294400")

1 Failed download:
['XLC']: possibly delisted; no price data found  (1d 2017-02-14 -> 2018-06-18) (Yahoo error = "Data doesn't exist for startDate = 1487048400, endDate = 1529294400")
$XLRE: possibly delisted; no price data found  (1d 2015-08-28 -> 2015-10-07) (Yahoo error = "Data doesn't exist for startDate = 1440734400, endDate = 1444190400")
$XLC: possibly delisted; no price data found  (1d 2015-08-28 -> 2018-06-18) (Yahoo error = "Data doesn't exist for startDate = 1440734400, endDate = 1529294400")

1 Failed download:
['XLC']: possibly delisted; no price data found  (1d 2015-08-28 -> 2018-06-18) (Yahoo error = "Data doesn't exist for startDate = 1440734400, endDate = 1529294400")

1 Failed download:
['XLRE']: possibly delisted; no price data found  (1d 2015-08-28 -> 2015-10-07) (Yahoo error = "Data doesn't exist for startDate = 1440734400, endDate = 1444190400")
$XLC: possibly delisted; no price data found  (1d 2012-07-27 -> 2018-06-18) (Yahoo error = "Data doesn't exist for startDate = 1343361600, endDate = 1529294400")

1 Failed download:
['XLC']: possibly delisted; no price data found  (1d 2012-07-27 -> 2018-06-18) (Yahoo error = "Data doesn't exist for startDate = 1343361600, endDate = 1529294400")
$XLRE: possibly delisted; no price data found  (1d 2012-07-27 -> 2015-10-07) (Yahoo error = "Data doesn't exist for startDate = 1343361600, endDate = 1444190400")

1 Failed download:
['XLRE']: possibly delisted; no price data found  (1d 2012-07-27 -> 2015-10-07) (Yahoo error = "Data doesn't exist for startDate = 1343361600, endDate = 1444190400")
[h32-s1] lookback=17m x twomonth_42d done (210/240) t=62.5s
$XLC: possibly delisted; no price data found  (1d 2016-08-07 -> 2018-06-18) (Yahoo error = "Data doesn't exist for startDate = 1470542400, endDate = 1529294400")

1 Failed download:
['XLC']: possibly delisted; no price data found  (1d 2016-08-07 -> 2018-06-18) (Yahoo error = "Data doesn't exist for startDate = 1470542400, endDate = 1529294400")
$XLRE: possibly delisted; no price data found  (1d 2004-09-26 -> 2015-10-07) (Yahoo error = "Data doesn't exist for startDate = 1096171200, endDate = 1444190400")
$XLC: possibly delisted; no price data found  (1d 2004-09-26 -> 2018-06-18) (Yahoo error = "Data doesn't exist for startDate = 1096171200, endDate = 1529294400")

1 Failed download:
['XLRE']: possibly delisted; no price data found  (1d 2004-09-26 -> 2015-10-07) (Yahoo error = "Data doesn't exist for startDate = 1096171200, endDate = 1444190400")

1 Failed download:
['XLC']: possibly delisted; no price data found  (1d 2004-09-26 -> 2018-06-18) (Yahoo error = "Data doesn't exist for startDate = 1096171200, endDate = 1529294400")
$GLD: possibly delisted; no price data found  (1d 2004-09-26 -> 2004-11-17) (Yahoo error = "Data doesn't exist for startDate = 1096171200, endDate = 1100667600")

1 Failed download:
['GLD']: possibly delisted; no price data found  (1d 2004-09-26 -> 2004-11-17) (Yahoo error = "Data doesn't exist for startDate = 1096171200, endDate = 1100667600")
$HYG: possibly delisted; no price data found  (1d 2004-09-26 -> 2007-04-10) (Yahoo error = "Data doesn't exist for startDate = 1096171200, endDate = 1176177600")
$EFA: possibly delisted; no price data found  (1d 2004-09-26 -> 2004-09-26)

1 Failed download:
['HYG']: possibly delisted; no price data found  (1d 2004-09-26 -> 2007-04-10) (Yahoo error = "Data doesn't exist for startDate = 1096171200, endDate = 1176177600")
$DBC: possibly delisted; no price data found  (1d 2004-09-26 -> 2006-02-05) (Yahoo error = "Data doesn't exist for startDate = 1096171200, endDate = 1139115600")

1 Failed download:
['EFA']: possibly delisted; no price data found  (1d 2004-09-26 -> 2004-09-26)

1 Failed download:
['DBC']: possibly delisted; no price data found  (1d 2004-09-26 -> 2006-02-05) (Yahoo error = "Data doesn't exist for startDate = 1096171200, endDate = 1139115600")
$XLC: possibly delisted; no price data found  (1d 2017-02-14 -> 2018-06-18) (Yahoo error = "Data doesn't exist for startDate = 1487048400, endDate = 1529294400")

1 Failed download:
['XLC']: possibly delisted; no price data found  (1d 2017-02-14 -> 2018-06-18) (Yahoo error = "Data doesn't exist for startDate = 1487048400, endDate = 1529294400")
$XLC: possibly delisted; no price data found  (1d 2015-08-28 -> 2018-06-18) (Yahoo error = "Data doesn't exist for startDate = 1440734400, endDate = 1529294400")

1 Failed download:
['XLC']: possibly delisted; no price data found  (1d 2015-08-28 -> 2018-06-18) (Yahoo error = "Data doesn't exist for startDate = 1440734400, endDate = 1529294400")
$XLRE: possibly delisted; no price data found  (1d 2015-08-28 -> 2015-10-07) (Yahoo error = "Data doesn't exist for startDate = 1440734400, endDate = 1444190400")

1 Failed download:
['XLRE']: possibly delisted; no price data found  (1d 2015-08-28 -> 2015-10-07) (Yahoo error = "Data doesn't exist for startDate = 1440734400, endDate = 1444190400")
$XLRE: possibly delisted; no price data found  (1d 2012-07-27 -> 2015-10-07) (Yahoo error = "Data doesn't exist for startDate = 1343361600, endDate = 1444190400")

1 Failed download:
['XLRE']: possibly delisted; no price data found  (1d 2012-07-27 -> 2015-10-07) (Yahoo error = "Data doesn't exist for startDate = 1343361600, endDate = 1444190400")
$XLC: possibly delisted; no price data found  (1d 2012-07-27 -> 2018-06-18) (Yahoo error = "Data doesn't exist for startDate = 1343361600, endDate = 1529294400")

1 Failed download:
['XLC']: possibly delisted; no price data found  (1d 2012-07-27 -> 2018-06-18) (Yahoo error = "Data doesn't exist for startDate = 1343361600, endDate = 1529294400")
[h32-s1] lookback=17m x quarterly_63d done (216/240) t=64.3s
$XLC: possibly delisted; no price data found  (1d 2016-08-07 -> 2018-06-18) (Yahoo error = "Data doesn't exist for startDate = 1470542400, endDate = 1529294400")

1 Failed download:
['XLC']: possibly delisted; no price data found  (1d 2016-08-07 -> 2018-06-18) (Yahoo error = "Data doesn't exist for startDate = 1470542400, endDate = 1529294400")
$XLC: possibly delisted; no price data found  (1d 2004-09-26 -> 2018-06-18) (Yahoo error = "Data doesn't exist for startDate = 1096171200, endDate = 1529294400")
$XLRE: possibly delisted; no price data found  (1d 2004-09-26 -> 2015-10-07) (Yahoo error = "Data doesn't exist for startDate = 1096171200, endDate = 1444190400")
$EFA: possibly delisted; no price data found  (1d 2004-09-26 -> 2004-09-26)

1 Failed download:
['XLC']: possibly delisted; no price data found  (1d 2004-09-26 -> 2018-06-18) (Yahoo error = "Data doesn't exist for startDate = 1096171200, endDate = 1529294400")

1 Failed download:
['XLRE']: possibly delisted; no price data found  (1d 2004-09-26 -> 2015-10-07) (Yahoo error = "Data doesn't exist for startDate = 1096171200, endDate = 1444190400")
$GLD: possibly delisted; no price data found  (1d 2004-09-26 -> 2004-11-17) (Yahoo error = "Data doesn't exist for startDate = 1096171200, endDate = 1100667600")
$DBC: possibly delisted; no price data found  (1d 2004-09-26 -> 2006-02-05) (Yahoo error = "Data doesn't exist for startDate = 1096171200, endDate = 1139115600")

1 Failed download:
['GLD']: possibly delisted; no price data found  (1d 2004-09-26 -> 2004-11-17) (Yahoo error = "Data doesn't exist for startDate = 1096171200, endDate = 1100667600")

1 Failed download:
['EFA']: possibly delisted; no price data found  (1d 2004-09-26 -> 2004-09-26)

1 Failed download:
['DBC']: possibly delisted; no price data found  (1d 2004-09-26 -> 2006-02-05) (Yahoo error = "Data doesn't exist for startDate = 1096171200, endDate = 1139115600")
$HYG: possibly delisted; no price data found  (1d 2004-09-26 -> 2007-04-10) (Yahoo error = "Data doesn't exist for startDate = 1096171200, endDate = 1176177600")

1 Failed download:
['HYG']: possibly delisted; no price data found  (1d 2004-09-26 -> 2007-04-10) (Yahoo error = "Data doesn't exist for startDate = 1096171200, endDate = 1176177600")
$XLC: possibly delisted; no price data found  (1d 2017-02-14 -> 2018-06-18) (Yahoo error = "Data doesn't exist for startDate = 1487048400, endDate = 1529294400")

1 Failed download:
['XLC']: possibly delisted; no price data found  (1d 2017-02-14 -> 2018-06-18) (Yahoo error = "Data doesn't exist for startDate = 1487048400, endDate = 1529294400")
$XLC: possibly delisted; no price data found  (1d 2015-08-28 -> 2018-06-18) (Yahoo error = "Data doesn't exist for startDate = 1440734400, endDate = 1529294400")
$XLRE: possibly delisted; no price data found  (1d 2015-08-28 -> 2015-10-07) (Yahoo error = "Data doesn't exist for startDate = 1440734400, endDate = 1444190400")

1 Failed download:
['XLC']: possibly delisted; no price data found  (1d 2015-08-28 -> 2018-06-18) (Yahoo error = "Data doesn't exist for startDate = 1440734400, endDate = 1529294400")

1 Failed download:
['XLRE']: possibly delisted; no price data found  (1d 2015-08-28 -> 2015-10-07) (Yahoo error = "Data doesn't exist for startDate = 1440734400, endDate = 1444190400")
$XLC: possibly delisted; no price data found  (1d 2012-07-27 -> 2018-06-18) (Yahoo error = "Data doesn't exist for startDate = 1343361600, endDate = 1529294400")
$XLRE: possibly delisted; no price data found  (1d 2012-07-27 -> 2015-10-07) (Yahoo error = "Data doesn't exist for startDate = 1343361600, endDate = 1444190400")

1 Failed download:
['XLRE']: possibly delisted; no price data found  (1d 2012-07-27 -> 2015-10-07) (Yahoo error = "Data doesn't exist for startDate = 1343361600, endDate = 1444190400")

1 Failed download:
['XLC']: possibly delisted; no price data found  (1d 2012-07-27 -> 2018-06-18) (Yahoo error = "Data doesn't exist for startDate = 1343361600, endDate = 1529294400")
[h32-s1] lookback=18m x monthly_21d done (222/240) t=66.1s
$XLC: possibly delisted; no price data found  (1d 2016-08-07 -> 2018-06-18) (Yahoo error = "Data doesn't exist for startDate = 1470542400, endDate = 1529294400")

1 Failed download:
['XLC']: possibly delisted; no price data found  (1d 2016-08-07 -> 2018-06-18) (Yahoo error = "Data doesn't exist for startDate = 1470542400, endDate = 1529294400")
$XLC: possibly delisted; no price data found  (1d 2004-09-26 -> 2018-06-18) (Yahoo error = "Data doesn't exist for startDate = 1096171200, endDate = 1529294400")
$XLRE: possibly delisted; no price data found  (1d 2004-09-26 -> 2015-10-07) (Yahoo error = "Data doesn't exist for startDate = 1096171200, endDate = 1444190400")

1 Failed download:

1 Failed download:
['XLC']: possibly delisted; no price data found  (1d 2004-09-26 -> 2018-06-18) (Yahoo error = "Data doesn't exist for startDate = 1096171200, endDate = 1529294400")
['XLRE']: possibly delisted; no price data found  (1d 2004-09-26 -> 2015-10-07) (Yahoo error = "Data doesn't exist for startDate = 1096171200, endDate = 1444190400")
$GLD: possibly delisted; no price data found  (1d 2004-09-26 -> 2004-11-17) (Yahoo error = "Data doesn't exist for startDate = 1096171200, endDate = 1100667600")
$HYG: possibly delisted; no price data found  (1d 2004-09-26 -> 2007-04-10) (Yahoo error = "Data doesn't exist for startDate = 1096171200, endDate = 1176177600")

1 Failed download:
['HYG']: possibly delisted; no price data found  (1d 2004-09-26 -> 2007-04-10) (Yahoo error = "Data doesn't exist for startDate = 1096171200, endDate = 1176177600")

1 Failed download:
['GLD']: possibly delisted; no price data found  (1d 2004-09-26 -> 2004-11-17) (Yahoo error = "Data doesn't exist for startDate = 1096171200, endDate = 1100667600")
$EFA: possibly delisted; no price data found  (1d 2004-09-26 -> 2004-09-26)

1 Failed download:
['EFA']: possibly delisted; no price data found  (1d 2004-09-26 -> 2004-09-26)
$DBC: possibly delisted; no price data found  (1d 2004-09-26 -> 2006-02-05) (Yahoo error = "Data doesn't exist for startDate = 1096171200, endDate = 1139115600")

1 Failed download:
['DBC']: possibly delisted; no price data found  (1d 2004-09-26 -> 2006-02-05) (Yahoo error = "Data doesn't exist for startDate = 1096171200, endDate = 1139115600")
$XLC: possibly delisted; no price data found  (1d 2017-02-14 -> 2018-06-18) (Yahoo error = "Data doesn't exist for startDate = 1487048400, endDate = 1529294400")

1 Failed download:
['XLC']: possibly delisted; no price data found  (1d 2017-02-14 -> 2018-06-18) (Yahoo error = "Data doesn't exist for startDate = 1487048400, endDate = 1529294400")
$XLC: possibly delisted; no price data found  (1d 2015-08-28 -> 2018-06-18) (Yahoo error = "Data doesn't exist for startDate = 1440734400, endDate = 1529294400")

1 Failed download:
['XLC']: possibly delisted; no price data found  (1d 2015-08-28 -> 2018-06-18) (Yahoo error = "Data doesn't exist for startDate = 1440734400, endDate = 1529294400")
$XLRE: possibly delisted; no price data found  (1d 2015-08-28 -> 2015-10-07) (Yahoo error = "Data doesn't exist for startDate = 1440734400, endDate = 1444190400")

1 Failed download:
['XLRE']: possibly delisted; no price data found  (1d 2015-08-28 -> 2015-10-07) (Yahoo error = "Data doesn't exist for startDate = 1440734400, endDate = 1444190400")
$XLRE: possibly delisted; no price data found  (1d 2012-07-27 -> 2015-10-07) (Yahoo error = "Data doesn't exist for startDate = 1343361600, endDate = 1444190400")
$XLC: possibly delisted; no price data found  (1d 2012-07-27 -> 2018-06-18) (Yahoo error = "Data doesn't exist for startDate = 1343361600, endDate = 1529294400")

1 Failed download:
['XLRE']: possibly delisted; no price data found  (1d 2012-07-27 -> 2015-10-07) (Yahoo error = "Data doesn't exist for startDate = 1343361600, endDate = 1444190400")

1 Failed download:
['XLC']: possibly delisted; no price data found  (1d 2012-07-27 -> 2018-06-18) (Yahoo error = "Data doesn't exist for startDate = 1343361600, endDate = 1529294400")
[h32-s1] lookback=18m x sixweek_30d done (228/240) t=67.8s
$XLC: possibly delisted; no price data found  (1d 2016-08-07 -> 2018-06-18) (Yahoo error = "Data doesn't exist for startDate = 1470542400, endDate = 1529294400")

1 Failed download:
['XLC']: possibly delisted; no price data found  (1d 2016-08-07 -> 2018-06-18) (Yahoo error = "Data doesn't exist for startDate = 1470542400, endDate = 1529294400")
$XLC: possibly delisted; no price data found  (1d 2004-09-26 -> 2018-06-18) (Yahoo error = "Data doesn't exist for startDate = 1096171200, endDate = 1529294400")

1 Failed download:
['XLC']: possibly delisted; no price data found  (1d 2004-09-26 -> 2018-06-18) (Yahoo error = "Data doesn't exist for startDate = 1096171200, endDate = 1529294400")
$XLRE: possibly delisted; no price data found  (1d 2004-09-26 -> 2015-10-07) (Yahoo error = "Data doesn't exist for startDate = 1096171200, endDate = 1444190400")
$DBC: possibly delisted; no price data found  (1d 2004-09-26 -> 2006-02-05) (Yahoo error = "Data doesn't exist for startDate = 1096171200, endDate = 1139115600")

1 Failed download:
['XLRE']: possibly delisted; no price data found  (1d 2004-09-26 -> 2015-10-07) (Yahoo error = "Data doesn't exist for startDate = 1096171200, endDate = 1444190400")

1 Failed download:
$HYG: possibly delisted; no price data found  (1d 2004-09-26 -> 2007-04-10) (Yahoo error = "Data doesn't exist for startDate = 1096171200, endDate = 1176177600")
$EFA: possibly delisted; no price data found  (1d 2004-09-26 -> 2004-09-26)
['DBC']: possibly delisted; no price data found  (1d 2004-09-26 -> 2006-02-05) (Yahoo error = "Data doesn't exist for startDate = 1096171200, endDate = 1139115600")
$GLD: possibly delisted; no price data found  (1d 2004-09-26 -> 2004-11-17) (Yahoo error = "Data doesn't exist for startDate = 1096171200, endDate = 1100667600")

1 Failed download:
['HYG']: possibly delisted; no price data found  (1d 2004-09-26 -> 2007-04-10) (Yahoo error = "Data doesn't exist for startDate = 1096171200, endDate = 1176177600")

1 Failed download:
['EFA']: possibly delisted; no price data found  (1d 2004-09-26 -> 2004-09-26)

1 Failed download:
['GLD']: possibly delisted; no price data found  (1d 2004-09-26 -> 2004-11-17) (Yahoo error = "Data doesn't exist for startDate = 1096171200, endDate = 1100667600")
$XLC: possibly delisted; no price data found  (1d 2017-02-14 -> 2018-06-18) (Yahoo error = "Data doesn't exist for startDate = 1487048400, endDate = 1529294400")

1 Failed download:
['XLC']: possibly delisted; no price data found  (1d 2017-02-14 -> 2018-06-18) (Yahoo error = "Data doesn't exist for startDate = 1487048400, endDate = 1529294400")
$XLRE: possibly delisted; no price data found  (1d 2015-08-28 -> 2015-10-07) (Yahoo error = "Data doesn't exist for startDate = 1440734400, endDate = 1444190400")

1 Failed download:
['XLRE']: possibly delisted; no price data found  (1d 2015-08-28 -> 2015-10-07) (Yahoo error = "Data doesn't exist for startDate = 1440734400, endDate = 1444190400")
$XLC: possibly delisted; no price data found  (1d 2015-08-28 -> 2018-06-18) (Yahoo error = "Data doesn't exist for startDate = 1440734400, endDate = 1529294400")

1 Failed download:
['XLC']: possibly delisted; no price data found  (1d 2015-08-28 -> 2018-06-18) (Yahoo error = "Data doesn't exist for startDate = 1440734400, endDate = 1529294400")
$XLC: possibly delisted; no price data found  (1d 2012-07-27 -> 2018-06-18) (Yahoo error = "Data doesn't exist for startDate = 1343361600, endDate = 1529294400")

1 Failed download:
['XLC']: possibly delisted; no price data found  (1d 2012-07-27 -> 2018-06-18) (Yahoo error = "Data doesn't exist for startDate = 1343361600, endDate = 1529294400")
$XLRE: possibly delisted; no price data found  (1d 2012-07-27 -> 2015-10-07) (Yahoo error = "Data doesn't exist for startDate = 1343361600, endDate = 1444190400")

1 Failed download:
['XLRE']: possibly delisted; no price data found  (1d 2012-07-27 -> 2015-10-07) (Yahoo error = "Data doesn't exist for startDate = 1343361600, endDate = 1444190400")
[h32-s1] lookback=18m x twomonth_42d done (234/240) t=69.7s
$XLC: possibly delisted; no price data found  (1d 2016-08-07 -> 2018-06-18) (Yahoo error = "Data doesn't exist for startDate = 1470542400, endDate = 1529294400")

1 Failed download:
['XLC']: possibly delisted; no price data found  (1d 2016-08-07 -> 2018-06-18) (Yahoo error = "Data doesn't exist for startDate = 1470542400, endDate = 1529294400")
$XLRE: possibly delisted; no price data found  (1d 2004-09-26 -> 2015-10-07) (Yahoo error = "Data doesn't exist for startDate = 1096171200, endDate = 1444190400")

1 Failed download:
['XLRE']: possibly delisted; no price data found  (1d 2004-09-26 -> 2015-10-07) (Yahoo error = "Data doesn't exist for startDate = 1096171200, endDate = 1444190400")
$XLC: possibly delisted; no price data found  (1d 2004-09-26 -> 2018-06-18) (Yahoo error = "Data doesn't exist for startDate = 1096171200, endDate = 1529294400")

1 Failed download:
['XLC']: possibly delisted; no price data found  (1d 2004-09-26 -> 2018-06-18) (Yahoo error = "Data doesn't exist for startDate = 1096171200, endDate = 1529294400")
$EFA: possibly delisted; no price data found  (1d 2004-09-26 -> 2004-09-26)
$DBC: possibly delisted; no price data found  (1d 2004-09-26 -> 2006-02-05) (Yahoo error = "Data doesn't exist for startDate = 1096171200, endDate = 1139115600")

1 Failed download:
['EFA']: possibly delisted; no price data found  (1d 2004-09-26 -> 2004-09-26)
$GLD: possibly delisted; no price data found  (1d 2004-09-26 -> 2004-11-17) (Yahoo error = "Data doesn't exist for startDate = 1096171200, endDate = 1100667600")

1 Failed download:
['GLD']: possibly delisted; no price data found  (1d 2004-09-26 -> 2004-11-17) (Yahoo error = "Data doesn't exist for startDate = 1096171200, endDate = 1100667600")

1 Failed download:
$HYG: possibly delisted; no price data found  (1d 2004-09-26 -> 2007-04-10) (Yahoo error = "Data doesn't exist for startDate = 1096171200, endDate = 1176177600")
['DBC']: possibly delisted; no price data found  (1d 2004-09-26 -> 2006-02-05) (Yahoo error = "Data doesn't exist for startDate = 1096171200, endDate = 1139115600")

1 Failed download:
['HYG']: possibly delisted; no price data found  (1d 2004-09-26 -> 2007-04-10) (Yahoo error = "Data doesn't exist for startDate = 1096171200, endDate = 1176177600")
$XLC: possibly delisted; no price data found  (1d 2017-02-14 -> 2018-06-18) (Yahoo error = "Data doesn't exist for startDate = 1487048400, endDate = 1529294400")

1 Failed download:
['XLC']: possibly delisted; no price data found  (1d 2017-02-14 -> 2018-06-18) (Yahoo error = "Data doesn't exist for startDate = 1487048400, endDate = 1529294400")
$XLRE: possibly delisted; no price data found  (1d 2015-08-28 -> 2015-10-07) (Yahoo error = "Data doesn't exist for startDate = 1440734400, endDate = 1444190400")

1 Failed download:
['XLRE']: possibly delisted; no price data found  (1d 2015-08-28 -> 2015-10-07) (Yahoo error = "Data doesn't exist for startDate = 1440734400, endDate = 1444190400")
$XLC: possibly delisted; no price data found  (1d 2015-08-28 -> 2018-06-18) (Yahoo error = "Data doesn't exist for startDate = 1440734400, endDate = 1529294400")

1 Failed download:
['XLC']: possibly delisted; no price data found  (1d 2015-08-28 -> 2018-06-18) (Yahoo error = "Data doesn't exist for startDate = 1440734400, endDate = 1529294400")
$XLRE: possibly delisted; no price data found  (1d 2012-07-27 -> 2015-10-07) (Yahoo error = "Data doesn't exist for startDate = 1343361600, endDate = 1444190400")
$XLC: possibly delisted; no price data found  (1d 2012-07-27 -> 2018-06-18) (Yahoo error = "Data doesn't exist for startDate = 1343361600, endDate = 1529294400")

1 Failed download:
['XLRE']: possibly delisted; no price data found  (1d 2012-07-27 -> 2015-10-07) (Yahoo error = "Data doesn't exist for startDate = 1343361600, endDate = 1444190400")

1 Failed download:
['XLC']: possibly delisted; no price data found  (1d 2012-07-27 -> 2018-06-18) (Yahoo error = "Data doesn't exist for startDate = 1343361600, endDate = 1529294400")
[h32-s1] lookback=18m x quarterly_63d done (240/240) t=72.4s
[h32] Stage 1 저장 완료 t=72.4s
[h32] scenario=base fine_grid_optimum=14|quarterly_63d sharpe=0.065
[h32] scenario=calm_heavy fine_grid_optimum=14|quarterly_63d sharpe=0.3258
[h32] scenario=crisis_heavy fine_grid_optimum=16|quarterly_63d sharpe=-0.1521
[h32] Stage 2에 사용할 정밀 최적점(base 시나리오 기준): {'lookback_months': 14, 'freq_name': 'quarterly_63d'}
[h32] === Stage 2: 새틀라이트 비중 결합 ===
[h32-s2] 새틀라이트 결합 (전체기간 단일창 2019-08-12~2026-08-19, H5 방법론 그대로 재사용)
[h32-s2] 순차 기본값 코어(12mo/monthly) 지표: {'cumulative_return': 139.19, 'cagr': 13.23, 'mdd': -17.74, 'sharpe': 1.03, 'win_rate': 0.0, 'avg_holding_days': 0.0, 'trade_count': 0, 'profit_factor': 0.0, 'calmar': 0.75, 'avg_drawdown_days': 20.2}
$XLC: possibly delisted; no price data found  (1d 2016-08-07 -> 2018-06-18) (Yahoo error = "Data doesn't exist for startDate = 1470542400, endDate = 1529294400")

1 Failed download:
['XLC']: possibly delisted; no price data found  (1d 2016-08-07 -> 2018-06-18) (Yahoo error = "Data doesn't exist for startDate = 1470542400, endDate = 1529294400")
[h32-s2] 정밀그리드 최적 코어(14mo/quarterly_63d) 지표: {'sharpe': 1.03, 'cagr': 14.27, 'mdd': -15.69, 'avg_annual_turnover_pct': 260.7}
[satellite] 14개 반기 리밸런싱일: ['2020-01-02', '2020-07-01', '2021-01-04', '2021-07-01', '2022-01-03', '2022-07-01', '2023-01-03', '2023-07-03', '2024-01-02', '2024-07-01', '2025-01-02', '2025-07-01', '2026-01-02', '2026-07-01']
$ABC: possibly delisted; no timezone found
$ABC: possibly delisted; no timezone found

1 Failed download:
['ABC']: possibly delisted; no timezone found
$ABMD: possibly delisted; no timezone found
$ABMD: possibly delisted; no timezone found

1 Failed download:
['ABMD']: possibly delisted; no timezone found
$ADS: possibly delisted; no timezone found
$ADS: possibly delisted; no timezone found

1 Failed download:
['ADS']: possibly delisted; no timezone found
$AGN: possibly delisted; no timezone found
$AGN: possibly delisted; no timezone found

1 Failed download:
['AGN']: possibly delisted; no timezone found
$ALXN: possibly delisted; no timezone found
$ALXN: possibly delisted; no timezone found

1 Failed download:
['ALXN']: possibly delisted; no timezone found
$ANSS: possibly delisted; no timezone found
$ANSS: possibly delisted; no timezone found

1 Failed download:
['ANSS']: possibly delisted; no timezone found
$ARNC: possibly delisted; no timezone found
$ARNC: possibly delisted; no timezone found
$ANTM: possibly delisted; no timezone found

1 Failed download:
['ARNC']: possibly delisted; no timezone found
$ANTM: possibly delisted; no timezone found

1 Failed download:
['ANTM']: possibly delisted; no timezone found
$ATVI: possibly delisted; no timezone found
$ATVI: possibly delisted; no timezone found

1 Failed download:
['ATVI']: possibly delisted; no timezone found
$BK: possibly delisted; no timezone found
$BK: possibly delisted; no timezone found

1 Failed download:
['BK']: possibly delisted; no timezone found
$BLL: possibly delisted; no timezone found
$BLL: possibly delisted; no timezone found

1 Failed download:
['BLL']: possibly delisted; no timezone found
$CERN: possibly delisted; no timezone found
$CERN: possibly delisted; no timezone found

1 Failed download:
['CERN']: possibly delisted; no timezone found
$CMA: possibly delisted; no timezone found
$CMA: possibly delisted; no timezone found

1 Failed download:
['CMA']: possibly delisted; no timezone found
$COG: possibly delisted; no timezone found
$COG: possibly delisted; no timezone found

1 Failed download:
['COG']: possibly delisted; no timezone found
$CTL: possibly delisted; no timezone found
$CTL: possibly delisted; no timezone found

1 Failed download:
['CTL']: possibly delisted; no timezone found
$CTXS: possibly delisted; no timezone found
$CTXS: possibly delisted; no timezone found
$CXO: possibly delisted; no timezone found

1 Failed download:
['CTXS']: possibly delisted; no timezone found
$CXO: possibly delisted; no timezone found

1 Failed download:
['CXO']: possibly delisted; no timezone found
$DFS: possibly delisted; no timezone found
$DFS: possibly delisted; no timezone found

1 Failed download:
['DFS']: possibly delisted; no timezone found
$DISCK: possibly delisted; no timezone found
$DISH: possibly delisted; no timezone found
$DISCA: possibly delisted; no timezone found
$DISCK: possibly delisted; no timezone found
$DISH: possibly delisted; no timezone found

1 Failed download:
['DISCK']: possibly delisted; no timezone found

1 Failed download:
['DISH']: possibly delisted; no timezone found
$DISCA: possibly delisted; no timezone found

1 Failed download:
['DISCA']: possibly delisted; no timezone found
$DRE: possibly delisted; no timezone found
$DRE: possibly delisted; no timezone found

1 Failed download:
['DRE']: possibly delisted; no timezone found
$ETFC: possibly delisted; no timezone found
$ETFC: possibly delisted; no timezone found

1 Failed download:
['ETFC']: possibly delisted; no timezone found
$FBHS: possibly delisted; no timezone found
$FBHS: possibly delisted; no timezone found

1 Failed download:
['FBHS']: possibly delisted; no timezone found
$FB: possibly delisted; no price data found  (1d 2019-12-23 -> 2020-01-03) (Yahoo error = "Data doesn't exist for startDate = 1577077200, endDate = 1578027600")

1 Failed download:
['FB']: possibly delisted; no price data found  (1d 2019-12-23 -> 2020-01-03) (Yahoo error = "Data doesn't exist for startDate = 1577077200, endDate = 1578027600")
$FLIR: possibly delisted; no timezone found
$FLIR: possibly delisted; no timezone found

1 Failed download:
['FLIR']: possibly delisted; no timezone found
$FLT: possibly delisted; no timezone found
$FLT: possibly delisted; no timezone found

1 Failed download:
['FLT']: possibly delisted; no timezone found
$FRC: possibly delisted; no timezone found
$FRC: possibly delisted; no timezone found

1 Failed download:
['FRC']: possibly delisted; no timezone found
$GPS: possibly delisted; no timezone found
$GPS: possibly delisted; no timezone found

1 Failed download:
['GPS']: possibly delisted; no timezone found
$HBI: possibly delisted; no timezone found
$HBI: possibly delisted; no timezone found

1 Failed download:
['HBI']: possibly delisted; no timezone found
$HES: possibly delisted; no timezone found
$HFC: possibly delisted; no timezone found
$HES: possibly delisted; no timezone found

1 Failed download:
['HES']: possibly delisted; no timezone found
$HFC: possibly delisted; no timezone found

1 Failed download:
['HFC']: possibly delisted; no timezone found
$HOLX: possibly delisted; no timezone found
$HOLX: possibly delisted; no timezone found

1 Failed download:
['HOLX']: possibly delisted; no timezone found
$INFO: possibly delisted; no price data found  (1d 2019-12-23 -> 2020-01-03) (Yahoo error = "Data doesn't exist for startDate = 1577077200, endDate = 1578027600")

1 Failed download:
['INFO']: possibly delisted; no price data found  (1d 2019-12-23 -> 2020-01-03) (Yahoo error = "Data doesn't exist for startDate = 1577077200, endDate = 1578027600")
$IPG: possibly delisted; no timezone found
$IPG: possibly delisted; no timezone found

1 Failed download:
['IPG']: possibly delisted; no timezone found
$JNPR: possibly delisted; no timezone found
$JWN: possibly delisted; no timezone found
$JNPR: possibly delisted; no timezone found
$JWN: possibly delisted; no timezone found

1 Failed download:
['JNPR']: possibly delisted; no timezone found

1 Failed download:
['JWN']: possibly delisted; no timezone found
$K: possibly delisted; no timezone found
$K: possibly delisted; no timezone found

1 Failed download:
['K']: possibly delisted; no timezone found
$KSU: possibly delisted; no timezone found
$KSU: possibly delisted; no timezone found

1 Failed download:
['KSU']: possibly delisted; no timezone found
$LB: possibly delisted; no price data found  (1d 2019-12-23 -> 2020-01-03) (Yahoo error = "Data doesn't exist for startDate = 1577077200, endDate = 1578027600")

1 Failed download:
['LB']: possibly delisted; no price data found  (1d 2019-12-23 -> 2020-01-03) (Yahoo error = "Data doesn't exist for startDate = 1577077200, endDate = 1578027600")
$MMC: possibly delisted; no timezone found
$MMC: possibly delisted; no timezone found

1 Failed download:
['MMC']: possibly delisted; no timezone found
$MRO: possibly delisted; no timezone found
$MRO: possibly delisted; no timezone found

1 Failed download:
['MRO']: possibly delisted; no timezone found
$MXIM: possibly delisted; no timezone found
$MYL: possibly delisted; no timezone found
$MXIM: possibly delisted; no timezone found

1 Failed download:
['MXIM']: possibly delisted; no timezone found
$MYL: possibly delisted; no timezone found

1 Failed download:
['MYL']: possibly delisted; no timezone found
$NBL: possibly delisted; no timezone found
$NLOK: possibly delisted; no timezone found
$NBL: possibly delisted; no timezone found
$NLOK: possibly delisted; no timezone found

1 Failed download:
['NLOK']: possibly delisted; no timezone found

1 Failed download:
['NBL']: possibly delisted; no timezone found
$NLSN: possibly delisted; no timezone found
$NLSN: possibly delisted; no timezone found

1 Failed download:
['NLSN']: possibly delisted; no timezone found
$PBCT: possibly delisted; no timezone found
$PBCT: possibly delisted; no timezone found

1 Failed download:
['PBCT']: possibly delisted; no timezone found
$PEAK: possibly delisted; no timezone found
$PEAK: possibly delisted; no timezone found

1 Failed download:
['PEAK']: possibly delisted; no timezone found
$PKI: possibly delisted; no timezone found
$PKI: possibly delisted; no timezone found

1 Failed download:
['PKI']: possibly delisted; no timezone found
$PXD: possibly delisted; no timezone found
$PXD: possibly delisted; no timezone found

1 Failed download:
['PXD']: possibly delisted; no timezone found
$RE: possibly delisted; no timezone found
$RE: possibly delisted; no timezone found

1 Failed download:
['RE']: possibly delisted; no timezone found
$RTN: possibly delisted; no timezone found
$RTN: possibly delisted; no timezone found

1 Failed download:
['RTN']: possibly delisted; no timezone found
$SIVB: possibly delisted; no timezone found
$SEE: possibly delisted; no timezone found
$SIVB: possibly delisted; no timezone found

1 Failed download:
['SIVB']: possibly delisted; no timezone found
$SEE: possibly delisted; no timezone found

1 Failed download:
['SEE']: possibly delisted; no timezone found
$TIF: possibly delisted; no timezone found
$TIF: possibly delisted; no timezone found

1 Failed download:
['TIF']: possibly delisted; no timezone found
$TWTR: possibly delisted; no timezone found
$TWTR: possibly delisted; no timezone found

1 Failed download:
['TWTR']: possibly delisted; no timezone found
$UTX: possibly delisted; no timezone found
$UTX: possibly delisted; no timezone found

1 Failed download:
['UTX']: possibly delisted; no timezone found
$VAR: possibly delisted; no timezone found
$VAR: possibly delisted; no timezone found

1 Failed download:
['VAR']: possibly delisted; no timezone found
$VIAC: possibly delisted; no timezone found
$VIAC: possibly delisted; no timezone found

1 Failed download:
['VIAC']: possibly delisted; no timezone found
$WBA: possibly delisted; no timezone found
$WBA: possibly delisted; no timezone found
$WCG: possibly delisted; no timezone found

1 Failed download:
['WBA']: possibly delisted; no timezone found
$WCG: possibly delisted; no timezone found

1 Failed download:
['WCG']: possibly delisted; no timezone found
$WLTW: possibly delisted; no timezone found
$WLTW: possibly delisted; no timezone found

1 Failed download:
['WLTW']: possibly delisted; no timezone found
$WRK: possibly delisted; no timezone found
$WRK: possibly delisted; no timezone found

1 Failed download:
['WRK']: possibly delisted; no timezone found
$XEC: possibly delisted; no timezone found
$XLNX: possibly delisted; no timezone found
$XEC: possibly delisted; no timezone found
$XLNX: possibly delisted; no timezone found

1 Failed download:
['XLNX']: possibly delisted; no timezone found

1 Failed download:
['XEC']: possibly delisted; no timezone found
  [1/14] 2020-01-02: picks=['AAPL', 'MSFT', 'PLD'] (pool=40, +모멘텀=39, 114.8s)
$ABC: possibly delisted; no timezone found
$ABMD: possibly delisted; no timezone found
$ABC: possibly delisted; no timezone found

1 Failed download:
['ABC']: possibly delisted; no timezone found
$ABMD: possibly delisted; no timezone found

1 Failed download:
['ABMD']: possibly delisted; no timezone found
$ALXN: possibly delisted; no timezone found
$ALXN: possibly delisted; no timezone found

1 Failed download:
['ALXN']: possibly delisted; no timezone found
$ANSS: possibly delisted; no timezone found
$ANTM: possibly delisted; no timezone found
$ANSS: possibly delisted; no timezone found
$ANTM: possibly delisted; no timezone found

1 Failed download:
['ANSS']: possibly delisted; no timezone found

1 Failed download:
['ANTM']: possibly delisted; no timezone found
$ATVI: possibly delisted; no timezone found
$ATVI: possibly delisted; no timezone found

1 Failed download:
['ATVI']: possibly delisted; no timezone found
$BK: possibly delisted; no timezone found
$BK: possibly delisted; no timezone found

1 Failed download:
['BK']: possibly delisted; no timezone found
$BLL: possibly delisted; no timezone found
$BLL: possibly delisted; no timezone found

1 Failed download:
['BLL']: possibly delisted; no timezone found
$BIO: possibly delisted; no price data found  (1d 2020-06-21 -> 2020-06-21)

1 Failed download:
['BIO']: possibly delisted; no price data found  (1d 2020-06-21 -> 2020-06-21)
$CERN: possibly delisted; no timezone found
$CERN: possibly delisted; no timezone found

1 Failed download:
['CERN']: possibly delisted; no timezone found
$CMA: possibly delisted; no timezone found
$CMA: possibly delisted; no timezone found

1 Failed download:
['CMA']: possibly delisted; no timezone found
$COG: possibly delisted; no timezone found
$COG: possibly delisted; no timezone found

1 Failed download:
['COG']: possibly delisted; no timezone found
$CTL: possibly delisted; no timezone found
$CTL: possibly delisted; no timezone found

1 Failed download:
['CTL']: possibly delisted; no timezone found
$CTXS: possibly delisted; no timezone found
$CTXS: possibly delisted; no timezone found
$CXO: possibly delisted; no timezone found

1 Failed download:
['CTXS']: possibly delisted; no timezone found
$CXO: possibly delisted; no timezone found

1 Failed download:
['CXO']: possibly delisted; no timezone found
$DFS: possibly delisted; no timezone found
$DFS: possibly delisted; no timezone found

1 Failed download:
['DFS']: possibly delisted; no timezone found
$DISCK: possibly delisted; no timezone found
$DISCA: possibly delisted; no timezone found
$DISH: possibly delisted; no timezone found
$DISCK: possibly delisted; no timezone found
$DISH: possibly delisted; no timezone found

1 Failed download:

1 Failed download:
['DISH']: possibly delisted; no timezone found
['DISCK']: possibly delisted; no timezone found
$DISCA: possibly delisted; no timezone found

1 Failed download:
['DISCA']: possibly delisted; no timezone found
$DRE: possibly delisted; no timezone found
$DRE: possibly delisted; no timezone found

1 Failed download:
['DRE']: possibly delisted; no timezone found
$DPZ: possibly delisted; no price data found  (1d 2020-06-21 -> 2020-06-21)

1 Failed download:
['DPZ']: possibly delisted; no price data found  (1d 2020-06-21 -> 2020-06-21)
$DXCM: possibly delisted; no price data found  (1d 2020-06-21 -> 2020-06-21)

1 Failed download:
['DXCM']: possibly delisted; no price data found  (1d 2020-06-21 -> 2020-06-21)
$ETFC: possibly delisted; no timezone found
$ETFC: possibly delisted; no timezone found

1 Failed download:
['ETFC']: possibly delisted; no timezone found
$FBHS: possibly delisted; no timezone found
$FBHS: possibly delisted; no timezone found

1 Failed download:
['FBHS']: possibly delisted; no timezone found
$FB: possibly delisted; no price data found  (1d 2020-06-21 -> 2020-07-02) (Yahoo error = "Data doesn't exist for startDate = 1592712000, endDate = 1593662400")

1 Failed download:
['FB']: possibly delisted; no price data found  (1d 2020-06-21 -> 2020-07-02) (Yahoo error = "Data doesn't exist for startDate = 1592712000, endDate = 1593662400")
$FLIR: possibly delisted; no timezone found
$FLIR: possibly delisted; no timezone found

1 Failed download:
['FLIR']: possibly delisted; no timezone found
$FLT: possibly delisted; no timezone found
$FLT: possibly delisted; no timezone found

1 Failed download:
['FLT']: possibly delisted; no timezone found
$FRC: possibly delisted; no timezone found
$FRC: possibly delisted; no timezone found

1 Failed download:
['FRC']: possibly delisted; no timezone found
$GPS: possibly delisted; no timezone found
$GPS: possibly delisted; no timezone found

1 Failed download:
['GPS']: possibly delisted; no timezone found
$HBI: possibly delisted; no timezone found
$HBI: possibly delisted; no timezone found

1 Failed download:
['HBI']: possibly delisted; no timezone found
$HES: possibly delisted; no timezone found
$HES: possibly delisted; no timezone found

1 Failed download:
['HES']: possibly delisted; no timezone found
$HFC: possibly delisted; no timezone found
$HFC: possibly delisted; no timezone found

1 Failed download:
['HFC']: possibly delisted; no timezone found
$HOLX: possibly delisted; no timezone found
$HOLX: possibly delisted; no timezone found

1 Failed download:
['HOLX']: possibly delisted; no timezone found
$HWM: possibly delisted; no price data found  (1d 2020-06-21 -> 2020-06-21)

1 Failed download:
['HWM']: possibly delisted; no price data found  (1d 2020-06-21 -> 2020-06-21)
$INFO: possibly delisted; no price data found  (1d 2020-06-21 -> 2020-07-02) (Yahoo error = "Data doesn't exist for startDate = 1592712000, endDate = 1593662400")

1 Failed download:
['INFO']: possibly delisted; no price data found  (1d 2020-06-21 -> 2020-07-02) (Yahoo error = "Data doesn't exist for startDate = 1592712000, endDate = 1593662400")
$IPG: possibly delisted; no timezone found
$IPG: possibly delisted; no timezone found

1 Failed download:
['IPG']: possibly delisted; no timezone found
$JNPR: possibly delisted; no timezone found
$JNPR: possibly delisted; no timezone found

1 Failed download:
['JNPR']: possibly delisted; no timezone found
$K: possibly delisted; no timezone found
$K: possibly delisted; no timezone found

1 Failed download:
['K']: possibly delisted; no timezone found
$KSU: possibly delisted; no timezone found
$KSU: possibly delisted; no timezone found

1 Failed download:
['KSU']: possibly delisted; no timezone found
$LB: possibly delisted; no price data found  (1d 2020-06-21 -> 2020-07-02) (Yahoo error = "Data doesn't exist for startDate = 1592712000, endDate = 1593662400")

1 Failed download:
['LB']: possibly delisted; no price data found  (1d 2020-06-21 -> 2020-07-02) (Yahoo error = "Data doesn't exist for startDate = 1592712000, endDate = 1593662400")
$MMC: possibly delisted; no timezone found
$MMC: possibly delisted; no timezone found

1 Failed download:
['MMC']: possibly delisted; no timezone found
$MRO: possibly delisted; no timezone found
$MRO: possibly delisted; no timezone found

1 Failed download:
['MRO']: possibly delisted; no timezone found
$NBL: possibly delisted; no timezone found
$MXIM: possibly delisted; no timezone found
$MXIM: possibly delisted; no timezone found
$NBL: possibly delisted; no timezone found

1 Failed download:
['NBL']: possibly delisted; no timezone found

1 Failed download:
['MXIM']: possibly delisted; no timezone found
$NLSN: possibly delisted; no timezone found
$NLSN: possibly delisted; no timezone found

1 Failed download:
['NLSN']: possibly delisted; no timezone found
$MYL: possibly delisted; no timezone found
$MYL: possibly delisted; no timezone found
$NLOK: possibly delisted; no timezone found

1 Failed download:
['MYL']: possibly delisted; no timezone found
$NLOK: possibly delisted; no timezone found

1 Failed download:
['NLOK']: possibly delisted; no timezone found
$PBCT: possibly delisted; no timezone found
$PBCT: possibly delisted; no timezone found

1 Failed download:
['PBCT']: possibly delisted; no timezone found
$OTIS: possibly delisted; no price data found  (1d 2020-06-21 -> 2020-06-21)

1 Failed download:
['OTIS']: possibly delisted; no price data found  (1d 2020-06-21 -> 2020-06-21)
$PEAK: possibly delisted; no timezone found
$PEAK: possibly delisted; no timezone found

1 Failed download:
['PEAK']: possibly delisted; no timezone found
$PAYC: possibly delisted; no price data found  (1d 2020-06-21 -> 2020-06-21)

1 Failed download:
['PAYC']: possibly delisted; no price data found  (1d 2020-06-21 -> 2020-06-21)
$PKI: possibly delisted; no timezone found
$PKI: possibly delisted; no timezone found

1 Failed download:
['PKI']: possibly delisted; no timezone found
$PXD: possibly delisted; no timezone found
$PXD: possibly delisted; no timezone found

1 Failed download:
['PXD']: possibly delisted; no timezone found
$RE: possibly delisted; no timezone found
$RE: possibly delisted; no timezone found

1 Failed download:
['RE']: possibly delisted; no timezone found
$SEE: possibly delisted; no timezone found
$SEE: possibly delisted; no timezone found

1 Failed download:
['SEE']: possibly delisted; no timezone found
$SIVB: possibly delisted; no timezone found
$SIVB: possibly delisted; no timezone found

1 Failed download:
['SIVB']: possibly delisted; no timezone found
$TDY: possibly delisted; no price data found  (1d 2020-06-21 -> 2020-06-21)

1 Failed download:
['TDY']: possibly delisted; no price data found  (1d 2020-06-21 -> 2020-06-21)
$TIF: possibly delisted; no timezone found
$TIF: possibly delisted; no timezone found

1 Failed download:
['TIF']: possibly delisted; no timezone found
$TWTR: possibly delisted; no timezone found
$TWTR: possibly delisted; no timezone found

1 Failed download:
['TWTR']: possibly delisted; no timezone found
$TYL: possibly delisted; no price data found  (1d 2020-06-21 -> 2020-06-21)

1 Failed download:
['TYL']: possibly delisted; no price data found  (1d 2020-06-21 -> 2020-06-21)
$VAR: possibly delisted; no timezone found
$VAR: possibly delisted; no timezone found

1 Failed download:
['VAR']: possibly delisted; no timezone found
$VIAC: possibly delisted; no timezone found
$VIAC: possibly delisted; no timezone found

1 Failed download:
['VIAC']: possibly delisted; no timezone found
$WBA: possibly delisted; no timezone found
$WBA: possibly delisted; no timezone found

1 Failed download:
['WBA']: possibly delisted; no timezone found
$WLTW: possibly delisted; no timezone found
$WLTW: possibly delisted; no timezone found

1 Failed download:
['WLTW']: possibly delisted; no timezone found
$WRK: possibly delisted; no timezone found
$WRK: possibly delisted; no timezone found

1 Failed download:
['WRK']: possibly delisted; no timezone found
$XLNX: possibly delisted; no timezone found
$XLNX: possibly delisted; no timezone found

1 Failed download:
['XLNX']: possibly delisted; no timezone found
$WST: possibly delisted; no price data found  (1d 2020-06-21 -> 2020-06-21)

1 Failed download:
['WST']: possibly delisted; no price data found  (1d 2020-06-21 -> 2020-06-21)
  [2/14] 2020-07-01: picks=['NVDA', 'AAPL', 'MSFT'] (pool=40, +모멘텀=26, 120.0s)
$ABMD: possibly delisted; no timezone found
$ABMD: possibly delisted; no timezone found

1 Failed download:
['ABMD']: possibly delisted; no timezone found
$ABC: possibly delisted; no timezone found
$ABC: possibly delisted; no timezone found

1 Failed download:
['ABC']: possibly delisted; no timezone found
$ALXN: possibly delisted; no timezone found
$ALXN: possibly delisted; no timezone found

1 Failed download:
['ALXN']: possibly delisted; no timezone found
$ANSS: possibly delisted; no timezone found
$ANSS: possibly delisted; no timezone found

1 Failed download:
['ANSS']: possibly delisted; no timezone found
$ANTM: possibly delisted; no timezone found
$ANTM: possibly delisted; no timezone found

1 Failed download:
['ANTM']: possibly delisted; no timezone found
$ATVI: possibly delisted; no timezone found
$ATVI: possibly delisted; no timezone found

1 Failed download:
['ATVI']: possibly delisted; no timezone found
$BK: possibly delisted; no timezone found
$BK: possibly delisted; no timezone found
$BLL: possibly delisted; no timezone found

1 Failed download:
['BK']: possibly delisted; no timezone found
$BLL: possibly delisted; no timezone found

1 Failed download:
['BLL']: possibly delisted; no timezone found
$CERN: possibly delisted; no timezone found
$CERN: possibly delisted; no timezone found

1 Failed download:
['CERN']: possibly delisted; no timezone found
$CMA: possibly delisted; no timezone found
$CMA: possibly delisted; no timezone found

1 Failed download:
['CMA']: possibly delisted; no timezone found
$COG: possibly delisted; no timezone found
$COG: possibly delisted; no timezone found

1 Failed download:
['COG']: possibly delisted; no timezone found
$CXO: possibly delisted; no timezone found
$CTLT: possibly delisted; no timezone found
$CXO: possibly delisted; no timezone found

1 Failed download:
['CXO']: possibly delisted; no timezone found
$CTLT: possibly delisted; no timezone found

1 Failed download:
['CTLT']: possibly delisted; no timezone found
$CTXS: possibly delisted; no timezone found
$CTXS: possibly delisted; no timezone found

1 Failed download:
['CTXS']: possibly delisted; no timezone found
$DFS: possibly delisted; no timezone found
$DFS: possibly delisted; no timezone found

1 Failed download:
['DFS']: possibly delisted; no timezone found
$DISCA: possibly delisted; no timezone found
$DISCA: possibly delisted; no timezone found

1 Failed download:
['DISCA']: possibly delisted; no timezone found
$DISCK: possibly delisted; no timezone found
$DISH: possibly delisted; no timezone found
$DISCK: possibly delisted; no timezone found
$DISH: possibly delisted; no timezone found

1 Failed download:
['DISCK']: possibly delisted; no timezone found

1 Failed download:
['DISH']: possibly delisted; no timezone found
$DRE: possibly delisted; no timezone found
$DRE: possibly delisted; no timezone found

1 Failed download:
['DRE']: possibly delisted; no timezone found
$ETSY: possibly delisted; no price data found  (1d 2020-12-25 -> 2020-12-27)

1 Failed download:
['ETSY']: possibly delisted; no price data found  (1d 2020-12-25 -> 2020-12-27)
$FBHS: possibly delisted; no timezone found
$FBHS: possibly delisted; no timezone found

1 Failed download:
['FBHS']: possibly delisted; no timezone found
$FB: possibly delisted; no price data found  (1d 2020-12-25 -> 2021-01-05) (Yahoo error = "Data doesn't exist for startDate = 1608872400, endDate = 1609822800")

1 Failed download:
['FB']: possibly delisted; no price data found  (1d 2020-12-25 -> 2021-01-05) (Yahoo error = "Data doesn't exist for startDate = 1608872400, endDate = 1609822800")
$FLIR: possibly delisted; no timezone found
$FLIR: possibly delisted; no timezone found

1 Failed download:
['FLIR']: possibly delisted; no timezone found
$FLT: possibly delisted; no timezone found
$FLT: possibly delisted; no timezone found

1 Failed download:
['FLT']: possibly delisted; no timezone found
$FRC: possibly delisted; no timezone found
$FRC: possibly delisted; no timezone found

1 Failed download:
['FRC']: possibly delisted; no timezone found
$GPS: possibly delisted; no timezone found
$GPS: possibly delisted; no timezone found

1 Failed download:
['GPS']: possibly delisted; no timezone found
$HBI: possibly delisted; no timezone found
$HBI: possibly delisted; no timezone found

1 Failed download:
['HBI']: possibly delisted; no timezone found
$HES: possibly delisted; no timezone found
$HFC: possibly delisted; no timezone found
$HFC: possibly delisted; no timezone found
$HES: possibly delisted; no timezone found

1 Failed download:
['HFC']: possibly delisted; no timezone found

1 Failed download:
['HES']: possibly delisted; no timezone found
$HOLX: possibly delisted; no timezone found
$HOLX: possibly delisted; no timezone found

1 Failed download:
['HOLX']: possibly delisted; no timezone found
$INFO: possibly delisted; no price data found  (1d 2020-12-25 -> 2021-01-05) (Yahoo error = "Data doesn't exist for startDate = 1608872400, endDate = 1609822800")

1 Failed download:
['INFO']: possibly delisted; no price data found  (1d 2020-12-25 -> 2021-01-05) (Yahoo error = "Data doesn't exist for startDate = 1608872400, endDate = 1609822800")
$IPG: possibly delisted; no timezone found
$IPG: possibly delisted; no timezone found

1 Failed download:
['IPG']: possibly delisted; no timezone found
$JNPR: possibly delisted; no timezone found
$JNPR: possibly delisted; no timezone found

1 Failed download:
['JNPR']: possibly delisted; no timezone found
$K: possibly delisted; no timezone found
$K: possibly delisted; no timezone found

1 Failed download:
['K']: possibly delisted; no timezone found
$KSU: possibly delisted; no timezone found
$KSU: possibly delisted; no timezone found

1 Failed download:
['KSU']: possibly delisted; no timezone found
$LB: possibly delisted; no price data found  (1d 2020-12-25 -> 2021-01-05) (Yahoo error = "Data doesn't exist for startDate = 1608872400, endDate = 1609822800")

1 Failed download:
['LB']: possibly delisted; no price data found  (1d 2020-12-25 -> 2021-01-05) (Yahoo error = "Data doesn't exist for startDate = 1608872400, endDate = 1609822800")
$LUMN: possibly delisted; no price data found  (1d 2020-12-25 -> 2020-12-27)

1 Failed download:
['LUMN']: possibly delisted; no price data found  (1d 2020-12-25 -> 2020-12-27)
$MMC: possibly delisted; no timezone found
$MMC: possibly delisted; no timezone found

1 Failed download:
['MMC']: possibly delisted; no timezone found
$MRO: possibly delisted; no timezone found
$MRO: possibly delisted; no timezone found

1 Failed download:
['MRO']: possibly delisted; no timezone found
$MXIM: possibly delisted; no timezone found
$MXIM: possibly delisted; no timezone found

1 Failed download:
['MXIM']: possibly delisted; no timezone found
$NLOK: possibly delisted; no timezone found
$NLOK: possibly delisted; no timezone found
$NLSN: possibly delisted; no timezone found

1 Failed download:
['NLOK']: possibly delisted; no timezone found
$NLSN: possibly delisted; no timezone found

1 Failed download:
['NLSN']: possibly delisted; no timezone found
$PBCT: possibly delisted; no timezone found
$PBCT: possibly delisted; no timezone found

1 Failed download:
['PBCT']: possibly delisted; no timezone found
$PEAK: possibly delisted; no timezone found
$PEAK: possibly delisted; no timezone found

1 Failed download:
['PEAK']: possibly delisted; no timezone found
$PKI: possibly delisted; no timezone found
$PKI: possibly delisted; no timezone found

1 Failed download:
['PKI']: possibly delisted; no timezone found
$POOL: possibly delisted; no price data found  (1d 2020-12-25 -> 2020-12-27)

1 Failed download:
['POOL']: possibly delisted; no price data found  (1d 2020-12-25 -> 2020-12-27)
$PXD: possibly delisted; no timezone found
$PXD: possibly delisted; no timezone found

1 Failed download:
['PXD']: possibly delisted; no timezone found
$RE: possibly delisted; no timezone found
$RE: possibly delisted; no timezone found

1 Failed download:
['RE']: possibly delisted; no timezone found
$SEE: possibly delisted; no timezone found
$SEE: possibly delisted; no timezone found

1 Failed download:
['SEE']: possibly delisted; no timezone found
$SIVB: possibly delisted; no timezone found
$SIVB: possibly delisted; no timezone found

1 Failed download:
['SIVB']: possibly delisted; no timezone found
$TIF: possibly delisted; no timezone found
$TIF: possibly delisted; no timezone found

1 Failed download:
['TIF']: possibly delisted; no timezone found
$TWTR: possibly delisted; no timezone found
$TWTR: possibly delisted; no timezone found

1 Failed download:
['TWTR']: possibly delisted; no timezone found
$VAR: possibly delisted; no timezone found
$VAR: possibly delisted; no timezone found

1 Failed download:
['VAR']: possibly delisted; no timezone found
$VIAC: possibly delisted; no timezone found
$VIAC: possibly delisted; no timezone found

1 Failed download:
['VIAC']: possibly delisted; no timezone found
$VNT: possibly delisted; no price data found  (1d 2020-12-25 -> 2020-12-27)

1 Failed download:
['VNT']: possibly delisted; no price data found  (1d 2020-12-25 -> 2020-12-27)
$WBA: possibly delisted; no timezone found
$WBA: possibly delisted; no timezone found

1 Failed download:
['WBA']: possibly delisted; no timezone found
$WLTW: possibly delisted; no timezone found
$WLTW: possibly delisted; no timezone found

1 Failed download:
['WLTW']: possibly delisted; no timezone found
$VTRS: possibly delisted; no price data found  (1d 2020-12-25 -> 2020-12-27)

1 Failed download:
['VTRS']: possibly delisted; no price data found  (1d 2020-12-25 -> 2020-12-27)
$WRK: possibly delisted; no timezone found
$WRK: possibly delisted; no timezone found

1 Failed download:
['WRK']: possibly delisted; no timezone found
$XLNX: possibly delisted; no timezone found
$XLNX: possibly delisted; no timezone found

1 Failed download:
['XLNX']: possibly delisted; no timezone found
  [3/14] 2021-01-04: picks=['TSLA', 'NVDA', 'AAPL'] (pool=40, +모멘텀=30, 122.2s)
$ABMD: possibly delisted; no timezone found
$ABC: possibly delisted; no timezone found
$ABMD: possibly delisted; no timezone found

1 Failed download:
['ABMD']: possibly delisted; no timezone found
$ABC: possibly delisted; no timezone found

1 Failed download:
['ABC']: possibly delisted; no timezone found
$ALXN: possibly delisted; no timezone found
$ALXN: possibly delisted; no timezone found

1 Failed download:
['ALXN']: possibly delisted; no timezone found
$ANSS: possibly delisted; no timezone found
$ANSS: possibly delisted; no timezone found

1 Failed download:
['ANSS']: possibly delisted; no timezone found
$ANTM: possibly delisted; no timezone found
$ANTM: possibly delisted; no timezone found

1 Failed download:
['ANTM']: possibly delisted; no timezone found
$ATVI: possibly delisted; no timezone found
$ATVI: possibly delisted; no timezone found

1 Failed download:
['ATVI']: possibly delisted; no timezone found
$BK: possibly delisted; no timezone found
$BK: possibly delisted; no timezone found

1 Failed download:
['BK']: possibly delisted; no timezone found
$BLL: possibly delisted; no timezone found
$BLL: possibly delisted; no timezone found

1 Failed download:
['BLL']: possibly delisted; no timezone found
$CERN: possibly delisted; no timezone found
$CERN: possibly delisted; no timezone found

1 Failed download:
['CERN']: possibly delisted; no timezone found
$CMA: possibly delisted; no timezone found
$CMA: possibly delisted; no timezone found

1 Failed download:
['CMA']: possibly delisted; no timezone found
$COG: possibly delisted; no timezone found
$COG: possibly delisted; no timezone found

1 Failed download:
['COG']: possibly delisted; no timezone found
$CTLT: possibly delisted; no timezone found
$CTLT: possibly delisted; no timezone found

1 Failed download:
['CTLT']: possibly delisted; no timezone found
$CTXS: possibly delisted; no timezone found
$CTXS: possibly delisted; no timezone found

1 Failed download:
['CTXS']: possibly delisted; no timezone found
$DFS: possibly delisted; no timezone found
$DFS: possibly delisted; no timezone found

1 Failed download:
['DFS']: possibly delisted; no timezone found
$DISCA: possibly delisted; no timezone found
$DISCA: possibly delisted; no timezone found

1 Failed download:
['DISCA']: possibly delisted; no timezone found
$DISCK: possibly delisted; no timezone found
$DISH: possibly delisted; no timezone found
$DISCK: possibly delisted; no timezone found

1 Failed download:
['DISCK']: possibly delisted; no timezone found
$DISH: possibly delisted; no timezone found

1 Failed download:
['DISH']: possibly delisted; no timezone found
$DRE: possibly delisted; no timezone found
$DRE: possibly delisted; no timezone found

1 Failed download:
['DRE']: possibly delisted; no timezone found
$FBHS: possibly delisted; no timezone found
$FBHS: possibly delisted; no timezone found

1 Failed download:
['FBHS']: possibly delisted; no timezone found
$FB: possibly delisted; no price data found  (1d 2021-06-21 -> 2021-07-02) (Yahoo error = "Data doesn't exist for startDate = 1624248000, endDate = 1625198400")

1 Failed download:
['FB']: possibly delisted; no price data found  (1d 2021-06-21 -> 2021-07-02) (Yahoo error = "Data doesn't exist for startDate = 1624248000, endDate = 1625198400")
$FLT: possibly delisted; no timezone found
$FLT: possibly delisted; no timezone found

1 Failed download:
['FLT']: possibly delisted; no timezone found
$FRC: possibly delisted; no timezone found
$FRC: possibly delisted; no timezone found

1 Failed download:
['FRC']: possibly delisted; no timezone found
$GPS: possibly delisted; no timezone found
$GPS: possibly delisted; no timezone found

1 Failed download:
['GPS']: possibly delisted; no timezone found
$HBI: possibly delisted; no timezone found
$HBI: possibly delisted; no timezone found

1 Failed download:
['HBI']: possibly delisted; no timezone found
$HES: possibly delisted; no timezone found
$HES: possibly delisted; no timezone found

1 Failed download:
['HES']: possibly delisted; no timezone found
$HOLX: possibly delisted; no timezone found
$HOLX: possibly delisted; no timezone found

1 Failed download:
['HOLX']: possibly delisted; no timezone found
$IPG: possibly delisted; no timezone found
$INFO: possibly delisted; no price data found  (1d 2021-06-21 -> 2021-07-02) (Yahoo error = "Data doesn't exist for startDate = 1624248000, endDate = 1625198400")

1 Failed download:
['INFO']: possibly delisted; no price data found  (1d 2021-06-21 -> 2021-07-02) (Yahoo error = "Data doesn't exist for startDate = 1624248000, endDate = 1625198400")
$IPG: possibly delisted; no timezone found

1 Failed download:
['IPG']: possibly delisted; no timezone found
$JNPR: possibly delisted; no timezone found
$JNPR: possibly delisted; no timezone found

1 Failed download:
['JNPR']: possibly delisted; no timezone found
$K: possibly delisted; no timezone found
$K: possibly delisted; no timezone found

1 Failed download:
['K']: possibly delisted; no timezone found
$KSU: possibly delisted; no timezone found
$KSU: possibly delisted; no timezone found

1 Failed download:
['KSU']: possibly delisted; no timezone found
$LB: possibly delisted; no price data found  (1d 2021-06-21 -> 2021-07-02) (Yahoo error = "Data doesn't exist for startDate = 1624248000, endDate = 1625198400")

1 Failed download:
['LB']: possibly delisted; no price data found  (1d 2021-06-21 -> 2021-07-02) (Yahoo error = "Data doesn't exist for startDate = 1624248000, endDate = 1625198400")
$MMC: possibly delisted; no timezone found
$MMC: possibly delisted; no timezone found

1 Failed download:
['MMC']: possibly delisted; no timezone found
$MRO: possibly delisted; no timezone found
$MRO: possibly delisted; no timezone found

1 Failed download:
['MRO']: possibly delisted; no timezone found
$MXIM: possibly delisted; no timezone found
$MXIM: possibly delisted; no timezone found

1 Failed download:
['MXIM']: possibly delisted; no timezone found
$NLOK: possibly delisted; no timezone found
$NLOK: possibly delisted; no timezone found

1 Failed download:
['NLOK']: possibly delisted; no timezone found
$NLSN: possibly delisted; no timezone found
$NLSN: possibly delisted; no timezone found

1 Failed download:
['NLSN']: possibly delisted; no timezone found
$PBCT: possibly delisted; no timezone found
$PBCT: possibly delisted; no timezone found

1 Failed download:
['PBCT']: possibly delisted; no timezone found
$PEAK: possibly delisted; no timezone found
$PEAK: possibly delisted; no timezone found

1 Failed download:
['PEAK']: possibly delisted; no timezone found
$PKI: possibly delisted; no timezone found
$PKI: possibly delisted; no timezone found

1 Failed download:
['PKI']: possibly delisted; no timezone found
$PXD: possibly delisted; no timezone found
$PXD: possibly delisted; no timezone found

1 Failed download:
['PXD']: possibly delisted; no timezone found
$RE: possibly delisted; no timezone found
$RE: possibly delisted; no timezone found

1 Failed download:
['RE']: possibly delisted; no timezone found
$SEE: possibly delisted; no timezone found
$SEE: possibly delisted; no timezone found

1 Failed download:
['SEE']: possibly delisted; no timezone found
$SIVB: possibly delisted; no timezone found
$SIVB: possibly delisted; no timezone found

1 Failed download:
['SIVB']: possibly delisted; no timezone found
$TWTR: possibly delisted; no timezone found
$TWTR: possibly delisted; no timezone found

1 Failed download:
['TWTR']: possibly delisted; no timezone found
$VIAC: possibly delisted; no timezone found
$VIAC: possibly delisted; no timezone found

1 Failed download:
['VIAC']: possibly delisted; no timezone found
$WBA: possibly delisted; no timezone found
$WBA: possibly delisted; no timezone found

1 Failed download:
['WBA']: possibly delisted; no timezone found
$WLTW: possibly delisted; no timezone found
$WLTW: possibly delisted; no timezone found

1 Failed download:
['WLTW']: possibly delisted; no timezone found
$WRK: possibly delisted; no timezone found
$WRK: possibly delisted; no timezone found

1 Failed download:
['WRK']: possibly delisted; no timezone found
$XLNX: possibly delisted; no timezone found
$XLNX: possibly delisted; no timezone found

1 Failed download:
['XLNX']: possibly delisted; no timezone found
  [4/14] 2021-07-01: picks=['TSLA', 'NVDA', 'UPS'] (pool=40, +모멘텀=40, 104.0s)
$ABMD: possibly delisted; no timezone found
$ABC: possibly delisted; no timezone found
$ABMD: possibly delisted; no timezone found
$ABC: possibly delisted; no timezone found

1 Failed download:
['ABC']: possibly delisted; no timezone found

1 Failed download:
['ABMD']: possibly delisted; no timezone found
$ANTM: possibly delisted; no timezone found
$ANSS: possibly delisted; no timezone found
$ANTM: possibly delisted; no timezone found

1 Failed download:
['ANTM']: possibly delisted; no timezone found
$ANSS: possibly delisted; no timezone found

1 Failed download:
['ANSS']: possibly delisted; no timezone found
$ATVI: possibly delisted; no timezone found
$ATVI: possibly delisted; no timezone found

1 Failed download:
['ATVI']: possibly delisted; no timezone found
$BK: possibly delisted; no timezone found
$BK: possibly delisted; no timezone found

1 Failed download:
['BK']: possibly delisted; no timezone found
$BLL: possibly delisted; no timezone found
$BLL: possibly delisted; no timezone found
$BBWI: possibly delisted; no price data found  (1d 2021-12-24 -> 2021-12-26)

1 Failed download:
['BLL']: possibly delisted; no timezone found

1 Failed download:
['BBWI']: possibly delisted; no price data found  (1d 2021-12-24 -> 2021-12-26)
$BRO: possibly delisted; no price data found  (1d 2021-12-24 -> 2021-12-26)

1 Failed download:
['BRO']: possibly delisted; no price data found  (1d 2021-12-24 -> 2021-12-26)
$CERN: possibly delisted; no timezone found
$CERN: possibly delisted; no timezone found

1 Failed download:
['CERN']: possibly delisted; no timezone found
$CDAY: possibly delisted; no timezone found
$CDAY: possibly delisted; no timezone found

1 Failed download:
['CDAY']: possibly delisted; no timezone found
$CMA: possibly delisted; no timezone found
$CMA: possibly delisted; no timezone found

1 Failed download:
['CMA']: possibly delisted; no timezone found
$CTLT: possibly delisted; no timezone found
$CTLT: possibly delisted; no timezone found

1 Failed download:
['CTLT']: possibly delisted; no timezone found
$CTXS: possibly delisted; no timezone found
$CTXS: possibly delisted; no timezone found

1 Failed download:
['CTXS']: possibly delisted; no timezone found
$CTRA: possibly delisted; no timezone found
$CTRA: possibly delisted; no timezone found

1 Failed download:
['CTRA']: possibly delisted; no timezone found
$DFS: possibly delisted; no timezone found
$DFS: possibly delisted; no timezone found

1 Failed download:
['DFS']: possibly delisted; no timezone found
$DISCA: possibly delisted; no timezone found
$DISCA: possibly delisted; no timezone found

1 Failed download:
['DISCA']: possibly delisted; no timezone found
$DISH: possibly delisted; no timezone found
$DISCK: possibly delisted; no timezone found
$DISH: possibly delisted; no timezone found

1 Failed download:
['DISH']: possibly delisted; no timezone found
$DISCK: possibly delisted; no timezone found

1 Failed download:
['DISCK']: possibly delisted; no timezone found
$DRE: possibly delisted; no timezone found
$DRE: possibly delisted; no timezone found

1 Failed download:
['DRE']: possibly delisted; no timezone found
$EPAM: possibly delisted; no price data found  (1d 2021-12-24 -> 2021-12-26)

1 Failed download:
['EPAM']: possibly delisted; no price data found  (1d 2021-12-24 -> 2021-12-26)
$FBHS: possibly delisted; no timezone found
$FBHS: possibly delisted; no timezone found

1 Failed download:
['FBHS']: possibly delisted; no timezone found
$FB: possibly delisted; no price data found  (1d 2021-12-24 -> 2022-01-04) (Yahoo error = "Data doesn't exist for startDate = 1640322000, endDate = 1641272400")

1 Failed download:
['FB']: possibly delisted; no price data found  (1d 2021-12-24 -> 2022-01-04) (Yahoo error = "Data doesn't exist for startDate = 1640322000, endDate = 1641272400")
$FLT: possibly delisted; no timezone found
$FLT: possibly delisted; no timezone found

1 Failed download:
['FLT']: possibly delisted; no timezone found
$FRC: possibly delisted; no timezone found
$FRC: possibly delisted; no timezone found

1 Failed download:
['FRC']: possibly delisted; no timezone found
$GPS: possibly delisted; no timezone found
$GPS: possibly delisted; no timezone found

1 Failed download:
['GPS']: possibly delisted; no timezone found
$HES: possibly delisted; no timezone found
$HES: possibly delisted; no timezone found

1 Failed download:
['HES']: possibly delisted; no timezone found
$HOLX: possibly delisted; no timezone found
$HOLX: possibly delisted; no timezone found

1 Failed download:
['HOLX']: possibly delisted; no timezone found
$IPG: possibly delisted; no timezone found
$IPG: possibly delisted; no timezone found

1 Failed download:
['IPG']: possibly delisted; no timezone found
$INFO: possibly delisted; no price data found  (1d 2021-12-24 -> 2022-01-04) (Yahoo error = "Data doesn't exist for startDate = 1640322000, endDate = 1641272400")

1 Failed download:
['INFO']: possibly delisted; no price data found  (1d 2021-12-24 -> 2022-01-04) (Yahoo error = "Data doesn't exist for startDate = 1640322000, endDate = 1641272400")
$JNPR: possibly delisted; no timezone found
$JNPR: possibly delisted; no timezone found

1 Failed download:
['JNPR']: possibly delisted; no timezone found
$K: possibly delisted; no timezone found
$K: possibly delisted; no timezone found

1 Failed download:
['K']: possibly delisted; no timezone found
$MMC: possibly delisted; no timezone found
$MMC: possibly delisted; no timezone found

1 Failed download:
['MMC']: possibly delisted; no timezone found
$MRO: possibly delisted; no timezone found
$MRO: possibly delisted; no timezone found

1 Failed download:
['MRO']: possibly delisted; no timezone found
$MRNA: possibly delisted; no price data found  (1d 2021-12-24 -> 2021-12-26)

1 Failed download:
['MRNA']: possibly delisted; no price data found  (1d 2021-12-24 -> 2021-12-26)
$NLOK: possibly delisted; no timezone found
$NLSN: possibly delisted; no timezone found
$NLSN: possibly delisted; no timezone found

1 Failed download:
['NLSN']: possibly delisted; no timezone found
$NLOK: possibly delisted; no timezone found

1 Failed download:
['NLOK']: possibly delisted; no timezone found
$PBCT: possibly delisted; no timezone found
$PBCT: possibly delisted; no timezone found

1 Failed download:
['PBCT']: possibly delisted; no timezone found
$PEAK: possibly delisted; no timezone found
$PEAK: possibly delisted; no timezone found

1 Failed download:
['PEAK']: possibly delisted; no timezone found
$PKI: possibly delisted; no timezone found
$PKI: possibly delisted; no timezone found

1 Failed download:
['PKI']: possibly delisted; no timezone found
$PXD: possibly delisted; no timezone found
$PXD: possibly delisted; no timezone found

1 Failed download:
['PXD']: possibly delisted; no timezone found
$RE: possibly delisted; no timezone found
$RE: possibly delisted; no timezone found

1 Failed download:
['RE']: possibly delisted; no timezone found
$SEE: possibly delisted; no timezone found
$SBNY: possibly delisted; no price data found  (1d 2021-12-24 -> 2022-01-04) (Yahoo error = "Data doesn't exist for startDate = 1640322000, endDate = 1641272400")

1 Failed download:
['SBNY']: possibly delisted; no price data found  (1d 2021-12-24 -> 2022-01-04) (Yahoo error = "Data doesn't exist for startDate = 1640322000, endDate = 1641272400")
$SIVB: possibly delisted; no timezone found
$SEE: possibly delisted; no timezone found

1 Failed download:
['SEE']: possibly delisted; no timezone found
$SIVB: possibly delisted; no timezone found

1 Failed download:
['SIVB']: possibly delisted; no timezone found
$SEDG: possibly delisted; no price data found  (1d 2021-12-24 -> 2021-12-26)

1 Failed download:
['SEDG']: possibly delisted; no price data found  (1d 2021-12-24 -> 2021-12-26)
$TWTR: possibly delisted; no timezone found
$TWTR: possibly delisted; no timezone found

1 Failed download:
['TWTR']: possibly delisted; no timezone found
$VIAC: possibly delisted; no timezone found
$VIAC: possibly delisted; no timezone found

1 Failed download:
['VIAC']: possibly delisted; no timezone found
$WBA: possibly delisted; no timezone found
$WBA: possibly delisted; no timezone found

1 Failed download:
['WBA']: possibly delisted; no timezone found
$WLTW: possibly delisted; no timezone found
$WLTW: possibly delisted; no timezone found

1 Failed download:
['WLTW']: possibly delisted; no timezone found
$WRK: possibly delisted; no timezone found
$WRK: possibly delisted; no timezone found

1 Failed download:
['WRK']: possibly delisted; no timezone found
$XLNX: possibly delisted; no timezone found
$XLNX: possibly delisted; no timezone found

1 Failed download:
['XLNX']: possibly delisted; no timezone found
  [5/14] 2022-01-03: picks=['NVDA', 'COP', 'PLD'] (pool=40, +모멘텀=36, 94.8s)
$ABC: possibly delisted; no timezone found
$ABC: possibly delisted; no timezone found

1 Failed download:
['ABC']: possibly delisted; no timezone found
$ABMD: possibly delisted; no timezone found
$ABMD: possibly delisted; no timezone found

1 Failed download:
['ABMD']: possibly delisted; no timezone found
$ANSS: possibly delisted; no timezone found
$ANSS: possibly delisted; no timezone found

1 Failed download:
['ANSS']: possibly delisted; no timezone found
$ATVI: possibly delisted; no timezone found
$ATVI: possibly delisted; no timezone found

1 Failed download:
['ATVI']: possibly delisted; no timezone found
$BK: possibly delisted; no timezone found
$BK: possibly delisted; no timezone found

1 Failed download:
['BK']: possibly delisted; no timezone found
$CDAY: possibly delisted; no timezone found
$CDAY: possibly delisted; no timezone found

1 Failed download:
['CDAY']: possibly delisted; no timezone found
$CMA: possibly delisted; no timezone found
$CMA: possibly delisted; no timezone found

1 Failed download:
['CMA']: possibly delisted; no timezone found
$CTRA: possibly delisted; no timezone found
$CTRA: possibly delisted; no timezone found
$CTLT: possibly delisted; no timezone found

1 Failed download:
['CTRA']: possibly delisted; no timezone found
$CTLT: possibly delisted; no timezone found

1 Failed download:
['CTLT']: possibly delisted; no timezone found
$CTXS: possibly delisted; no timezone found
$CTXS: possibly delisted; no timezone found

1 Failed download:
['CTXS']: possibly delisted; no timezone found
$DFS: possibly delisted; no timezone found
$DFS: possibly delisted; no timezone found

1 Failed download:
['DFS']: possibly delisted; no timezone found
$DISH: possibly delisted; no timezone found
$DISH: possibly delisted; no timezone found

1 Failed download:
['DISH']: possibly delisted; no timezone found
$DRE: possibly delisted; no timezone found
$DRE: possibly delisted; no timezone found

1 Failed download:
['DRE']: possibly delisted; no timezone found
$FBHS: possibly delisted; no timezone found
$FBHS: possibly delisted; no timezone found

1 Failed download:
['FBHS']: possibly delisted; no timezone found
$FLT: possibly delisted; no timezone found
$FLT: possibly delisted; no timezone found

1 Failed download:
['FLT']: possibly delisted; no timezone found
$FRC: possibly delisted; no timezone found
$FRC: possibly delisted; no timezone found

1 Failed download:
['FRC']: possibly delisted; no timezone found
$HES: possibly delisted; no timezone found
$HES: possibly delisted; no timezone found

1 Failed download:
['HES']: possibly delisted; no timezone found
$HOLX: possibly delisted; no timezone found
$HOLX: possibly delisted; no timezone found

1 Failed download:
['HOLX']: possibly delisted; no timezone found
$IPG: possibly delisted; no timezone found
$IPG: possibly delisted; no timezone found

1 Failed download:
['IPG']: possibly delisted; no timezone found
$JNPR: possibly delisted; no timezone found
$JNPR: possibly delisted; no timezone found
$K: possibly delisted; no timezone found

1 Failed download:
['JNPR']: possibly delisted; no timezone found
$K: possibly delisted; no timezone found

1 Failed download:
['K']: possibly delisted; no timezone found
$MMC: possibly delisted; no timezone found
$MMC: possibly delisted; no timezone found

1 Failed download:
['MMC']: possibly delisted; no timezone found
$MRO: possibly delisted; no timezone found
$MRO: possibly delisted; no timezone found

1 Failed download:
['MRO']: possibly delisted; no timezone found
$NLOK: possibly delisted; no timezone found
$NLSN: possibly delisted; no timezone found
$NLOK: possibly delisted; no timezone found
$NLSN: possibly delisted; no timezone found

1 Failed download:
['NLOK']: possibly delisted; no timezone found

1 Failed download:
['NLSN']: possibly delisted; no timezone found
$PEAK: possibly delisted; no timezone found
$PEAK: possibly delisted; no timezone found

1 Failed download:
['PEAK']: possibly delisted; no timezone found
$PKI: possibly delisted; no timezone found
$PKI: possibly delisted; no timezone found

1 Failed download:
['PKI']: possibly delisted; no timezone found
$PXD: possibly delisted; no timezone found
$PXD: possibly delisted; no timezone found

1 Failed download:
['PXD']: possibly delisted; no timezone found
$RE: possibly delisted; no timezone found
$RE: possibly delisted; no timezone found

1 Failed download:
['RE']: possibly delisted; no timezone found
$SEE: possibly delisted; no timezone found

1 Failed download:
['SBNY']: YFRateLimitError('Too Many Requests. Rate limited. Try after a while.')
$SEE: possibly delisted; no timezone found
$SIVB: possibly delisted; no timezone found

1 Failed download:
['SEE']: possibly delisted; no timezone found
$SIVB: possibly delisted; no timezone found

1 Failed download:
['SIVB']: possibly delisted; no timezone found
$TWTR: possibly delisted; no timezone found
$TWTR: possibly delisted; no timezone found

1 Failed download:
['TWTR']: possibly delisted; no timezone found
$WBA: possibly delisted; no timezone found
$WBA: possibly delisted; no timezone found

1 Failed download:
['WBA']: possibly delisted; no timezone found
$WRK: possibly delisted; no timezone found
$WRK: possibly delisted; no timezone found

1 Failed download:
['WRK']: possibly delisted; no timezone found
  [6/14] 2022-07-01: picks=['COP', 'LLY', 'CVX'] (pool=40, +모멘텀=14, 94.8s)
$ABC: possibly delisted; no timezone found
$ABC: possibly delisted; no timezone found

1 Failed download:
['ABC']: possibly delisted; no timezone found
$ACGL: possibly delisted; no price data found  (1d 2022-12-24 -> 2022-12-26)

1 Failed download:
['ACGL']: possibly delisted; no price data found  (1d 2022-12-24 -> 2022-12-26)
$ANSS: possibly delisted; no timezone found
$ANSS: possibly delisted; no timezone found

1 Failed download:
['ANSS']: possibly delisted; no timezone found
$ATVI: possibly delisted; no timezone found
$ATVI: possibly delisted; no timezone found

1 Failed download:
['ATVI']: possibly delisted; no timezone found
$BK: possibly delisted; no timezone found
$BK: possibly delisted; no timezone found

1 Failed download:
['BK']: possibly delisted; no timezone found
$CDAY: possibly delisted; no timezone found
$CDAY: possibly delisted; no timezone found

1 Failed download:
['CDAY']: possibly delisted; no timezone found
$CMA: possibly delisted; no timezone found
$CMA: possibly delisted; no timezone found

1 Failed download:
['CMA']: possibly delisted; no timezone found
$CTLT: possibly delisted; no timezone found
$CTLT: possibly delisted; no timezone found
$CTRA: possibly delisted; no timezone found

1 Failed download:
['CTLT']: possibly delisted; no timezone found
$CTRA: possibly delisted; no timezone found

1 Failed download:
['CTRA']: possibly delisted; no timezone found
$DFS: possibly delisted; no timezone found
$DFS: possibly delisted; no timezone found

1 Failed download:
['DFS']: possibly delisted; no timezone found
$DISH: possibly delisted; no timezone found
$DISH: possibly delisted; no timezone found

1 Failed download:
['DISH']: possibly delisted; no timezone found
$FLT: possibly delisted; no timezone found
$FLT: possibly delisted; no timezone found

1 Failed download:
['FLT']: possibly delisted; no timezone found
$FRC: possibly delisted; no timezone found
$FRC: possibly delisted; no timezone found

1 Failed download:
['FRC']: possibly delisted; no timezone found
$HES: possibly delisted; no timezone found
$HES: possibly delisted; no timezone found

1 Failed download:
['HES']: possibly delisted; no timezone found
$HOLX: possibly delisted; no timezone found
$HOLX: possibly delisted; no timezone found

1 Failed download:
['HOLX']: possibly delisted; no timezone found
$IPG: possibly delisted; no timezone found
$IPG: possibly delisted; no timezone found

1 Failed download:
['IPG']: possibly delisted; no timezone found
$INVH: possibly delisted; no price data found  (1d 2022-12-24 -> 2022-12-26)

1 Failed download:
['INVH']: possibly delisted; no price data found  (1d 2022-12-24 -> 2022-12-26)
$JNPR: possibly delisted; no timezone found
$JNPR: possibly delisted; no timezone found

1 Failed download:
['JNPR']: possibly delisted; no timezone found
$K: possibly delisted; no timezone found
$K: possibly delisted; no timezone found

1 Failed download:
['K']: possibly delisted; no timezone found
$MMC: possibly delisted; no timezone found
$MMC: possibly delisted; no timezone found

1 Failed download:
['MMC']: possibly delisted; no timezone found
$MRO: possibly delisted; no timezone found
$MRO: possibly delisted; no timezone found

1 Failed download:
['MRO']: possibly delisted; no timezone found
$PEAK: possibly delisted; no timezone found
$PEAK: possibly delisted; no timezone found

1 Failed download:
['PEAK']: possibly delisted; no timezone found
$PKI: possibly delisted; no timezone found
$PKI: possibly delisted; no timezone found

1 Failed download:
['PKI']: possibly delisted; no timezone found
$PXD: possibly delisted; no timezone found
$PXD: possibly delisted; no timezone found

1 Failed download:
['PXD']: possibly delisted; no timezone found
$RE: possibly delisted; no timezone found
$RE: possibly delisted; no timezone found

1 Failed download:
['RE']: possibly delisted; no timezone found
$SEE: possibly delisted; no timezone found

1 Failed download:
['SBNY']: YFRateLimitError('Too Many Requests. Rate limited. Try after a while.')
$SEE: possibly delisted; no timezone found

1 Failed download:
['SEE']: possibly delisted; no timezone found
$SIVB: possibly delisted; no timezone found
$SIVB: possibly delisted; no timezone found

1 Failed download:
['SIVB']: possibly delisted; no timezone found
$WBA: possibly delisted; no timezone found
$WBA: possibly delisted; no timezone found

1 Failed download:
['WBA']: possibly delisted; no timezone found
$WRK: possibly delisted; no timezone found
$WRK: possibly delisted; no timezone found

1 Failed download:
['WRK']: possibly delisted; no timezone found
  [7/14] 2023-01-03: picks=['XOM', 'COP', 'CVX'] (pool=40, +모멘텀=14, 94.4s)
$ABC: possibly delisted; no timezone found
$ABC: possibly delisted; no timezone found

1 Failed download:
['ABC']: possibly delisted; no timezone found
$ANSS: possibly delisted; no timezone found
$ANSS: possibly delisted; no timezone found

1 Failed download:
['ANSS']: possibly delisted; no timezone found
$ATVI: possibly delisted; no timezone found
$ATVI: possibly delisted; no timezone found

1 Failed download:
['ATVI']: possibly delisted; no timezone found
$BK: possibly delisted; no timezone found
$BK: possibly delisted; no timezone found

1 Failed download:
['BK']: possibly delisted; no timezone found
$CDAY: possibly delisted; no timezone found
$CDAY: possibly delisted; no timezone found

1 Failed download:
['CDAY']: possibly delisted; no timezone found
$CMA: possibly delisted; no timezone found
$CMA: possibly delisted; no timezone found

1 Failed download:
['CMA']: possibly delisted; no timezone found
$CTRA: possibly delisted; no timezone found
$CTRA: possibly delisted; no timezone found

1 Failed download:
['CTRA']: possibly delisted; no timezone found
$CTLT: possibly delisted; no timezone found
$CTLT: possibly delisted; no timezone found

1 Failed download:
['CTLT']: possibly delisted; no timezone found
$DFS: possibly delisted; no timezone found
$DFS: possibly delisted; no timezone found

1 Failed download:
['DFS']: possibly delisted; no timezone found
$FLT: possibly delisted; no timezone found
$FLT: possibly delisted; no timezone found

1 Failed download:
['FLT']: possibly delisted; no timezone found
$HES: possibly delisted; no timezone found
$HES: possibly delisted; no timezone found

1 Failed download:
['HES']: possibly delisted; no timezone found
$HOLX: possibly delisted; no timezone found
$HOLX: possibly delisted; no timezone found

1 Failed download:
['HOLX']: possibly delisted; no timezone found
$IPG: possibly delisted; no timezone found
$IPG: possibly delisted; no timezone found

1 Failed download:
['IPG']: possibly delisted; no timezone found
$JNPR: possibly delisted; no timezone found
$JNPR: possibly delisted; no timezone found

1 Failed download:
['JNPR']: possibly delisted; no timezone found
$K: possibly delisted; no timezone found
$K: possibly delisted; no timezone found

1 Failed download:
['K']: possibly delisted; no timezone found
$MMC: possibly delisted; no timezone found
$MMC: possibly delisted; no timezone found

1 Failed download:
['MMC']: possibly delisted; no timezone found
$MRO: possibly delisted; no timezone found
$MRO: possibly delisted; no timezone found

1 Failed download:
['MRO']: possibly delisted; no timezone found
$PEAK: possibly delisted; no timezone found
$PEAK: possibly delisted; no timezone found

1 Failed download:
['PEAK']: possibly delisted; no timezone found
$PXD: possibly delisted; no timezone found
$PXD: possibly delisted; no timezone found

1 Failed download:
['PXD']: possibly delisted; no timezone found
$RE: possibly delisted; no timezone found
$RE: possibly delisted; no timezone found

1 Failed download:
['RE']: possibly delisted; no timezone found
$SEE: possibly delisted; no timezone found
$SEE: possibly delisted; no timezone found

1 Failed download:
['SEE']: possibly delisted; no timezone found
$WBA: possibly delisted; no timezone found
$WBA: possibly delisted; no timezone found

1 Failed download:
['WBA']: possibly delisted; no timezone found
$WRK: possibly delisted; no timezone found
$WRK: possibly delisted; no timezone found

1 Failed download:
['WRK']: possibly delisted; no timezone found
  [8/14] 2023-07-03: picks=['NVDA', 'NFLX', 'AVGO'] (pool=40, +모멘텀=31, 95.1s)
$ANSS: possibly delisted; no timezone found
$ANSS: possibly delisted; no timezone found

1 Failed download:
['ANSS']: possibly delisted; no timezone found
$BK: possibly delisted; no timezone found
$BK: possibly delisted; no timezone found

1 Failed download:
['BK']: possibly delisted; no timezone found
$BLDR: possibly delisted; no price data found  (1d 2023-12-23 -> 2023-12-25)

1 Failed download:
['BLDR']: possibly delisted; no price data found  (1d 2023-12-23 -> 2023-12-25)
$BX: possibly delisted; no price data found  (1d 2023-12-23 -> 2023-12-25)

1 Failed download:
['BX']: possibly delisted; no price data found  (1d 2023-12-23 -> 2023-12-25)
$CDAY: possibly delisted; no timezone found
$CDAY: possibly delisted; no timezone found

1 Failed download:
['CDAY']: possibly delisted; no timezone found
$CMA: possibly delisted; no timezone found
$CMA: possibly delisted; no timezone found

1 Failed download:
['CMA']: possibly delisted; no timezone found
$COR: possibly delisted; no price data found  (1d 2023-12-23 -> 2023-12-25)

1 Failed download:
['COR']: possibly delisted; no price data found  (1d 2023-12-23 -> 2023-12-25)
$CTLT: possibly delisted; no timezone found
$CTRA: possibly delisted; no timezone found
$CTLT: possibly delisted; no timezone found
$CTRA: possibly delisted; no timezone found

1 Failed download:
['CTLT']: possibly delisted; no timezone found

1 Failed download:
['CTRA']: possibly delisted; no timezone found
$DFS: possibly delisted; no timezone found
$DFS: possibly delisted; no timezone found

1 Failed download:
['DFS']: possibly delisted; no timezone found
$EG: possibly delisted; no price data found  (1d 2023-12-23 -> 2023-12-25)

1 Failed download:
['EG']: possibly delisted; no price data found  (1d 2023-12-23 -> 2023-12-25)
$FLT: possibly delisted; no timezone found
$FLT: possibly delisted; no timezone found

1 Failed download:
['FLT']: possibly delisted; no timezone found
$HES: possibly delisted; no timezone found
$HES: possibly delisted; no timezone found

1 Failed download:
['HES']: possibly delisted; no timezone found
$HOLX: possibly delisted; no timezone found
$HOLX: possibly delisted; no timezone found

1 Failed download:
['HOLX']: possibly delisted; no timezone found
$HUBB: possibly delisted; no price data found  (1d 2023-12-23 -> 2023-12-25)

1 Failed download:
['HUBB']: possibly delisted; no price data found  (1d 2023-12-23 -> 2023-12-25)
$IPG: possibly delisted; no timezone found
$IPG: possibly delisted; no timezone found

1 Failed download:
['IPG']: possibly delisted; no timezone found
$JNPR: possibly delisted; no timezone found
$JNPR: possibly delisted; no timezone found

1 Failed download:
['JNPR']: possibly delisted; no timezone found
$K: possibly delisted; no timezone found
$K: possibly delisted; no timezone found

1 Failed download:
['K']: possibly delisted; no timezone found
$KVUE: possibly delisted; no price data found  (1d 2023-12-23 -> 2023-12-25)

1 Failed download:
['KVUE']: possibly delisted; no price data found  (1d 2023-12-23 -> 2023-12-25)
$MMC: possibly delisted; no timezone found
$MMC: possibly delisted; no timezone found

1 Failed download:
['MMC']: possibly delisted; no timezone found
$MRO: possibly delisted; no timezone found
$MRO: possibly delisted; no timezone found

1 Failed download:
['MRO']: possibly delisted; no timezone found
$PEAK: possibly delisted; no timezone found
$PEAK: possibly delisted; no timezone found

1 Failed download:
['PEAK']: possibly delisted; no timezone found
$PXD: possibly delisted; no timezone found
$PXD: possibly delisted; no timezone found

1 Failed download:
['PXD']: possibly delisted; no timezone found
$VLTO: possibly delisted; no price data found  (1d 2023-12-23 -> 2023-12-25)

1 Failed download:
['VLTO']: possibly delisted; no price data found  (1d 2023-12-23 -> 2023-12-25)
$WBA: possibly delisted; no timezone found
$WBA: possibly delisted; no timezone found

1 Failed download:
['WBA']: possibly delisted; no timezone found
$WRK: possibly delisted; no timezone found
$WRK: possibly delisted; no timezone found

1 Failed download:
['WRK']: possibly delisted; no timezone found
  [9/14] 2024-01-02: picks=['NVDA', 'META', 'TSLA'] (pool=40, +모멘텀=30, 96.2s)
$ANSS: possibly delisted; no timezone found
$ANSS: possibly delisted; no timezone found

1 Failed download:
['ANSS']: possibly delisted; no timezone found
$BK: possibly delisted; no timezone found
$BK: possibly delisted; no timezone found

1 Failed download:
['BK']: possibly delisted; no timezone found
$CTRA: possibly delisted; no timezone found
$CTLT: possibly delisted; no timezone found
$CTRA: possibly delisted; no timezone found

1 Failed download:
['CTRA']: possibly delisted; no timezone found
$CTLT: possibly delisted; no timezone found

1 Failed download:
['CTLT']: possibly delisted; no timezone found
$DFS: possibly delisted; no timezone found
$DFS: possibly delisted; no timezone found

1 Failed download:
['DFS']: possibly delisted; no timezone found
$HES: possibly delisted; no timezone found
$HES: possibly delisted; no timezone found

1 Failed download:
['HES']: possibly delisted; no timezone found
$HOLX: possibly delisted; no timezone found
$HOLX: possibly delisted; no timezone found

1 Failed download:
['HOLX']: possibly delisted; no timezone found
$IPG: possibly delisted; no timezone found
$IPG: possibly delisted; no timezone found

1 Failed download:
['IPG']: possibly delisted; no timezone found
$JNPR: possibly delisted; no timezone found
$JNPR: possibly delisted; no timezone found

1 Failed download:
['JNPR']: possibly delisted; no timezone found
$K: possibly delisted; no timezone found
$K: possibly delisted; no timezone found

1 Failed download:
['K']: possibly delisted; no timezone found
$MMC: possibly delisted; no timezone found
$MMC: possibly delisted; no timezone found

1 Failed download:
['MMC']: possibly delisted; no timezone found
$MRO: possibly delisted; no timezone found
$MRO: possibly delisted; no timezone found

1 Failed download:
['MRO']: possibly delisted; no timezone found
$WBA: possibly delisted; no timezone found
$WBA: possibly delisted; no timezone found

1 Failed download:
['WBA']: possibly delisted; no timezone found
$WRK: possibly delisted; no timezone found
$WRK: possibly delisted; no timezone found

1 Failed download:
['WRK']: possibly delisted; no timezone found
  [10/14] 2024-07-01: picks=['NVDA', 'LLY', 'GE'] (pool=40, +모멘텀=35, 95.4s)
$ANSS: possibly delisted; no timezone found
$ANSS: possibly delisted; no timezone found

1 Failed download:
['ANSS']: possibly delisted; no timezone found
$BK: possibly delisted; no timezone found
$BK: possibly delisted; no timezone found

1 Failed download:
['BK']: possibly delisted; no timezone found
$CTRA: possibly delisted; no timezone found
$CTRA: possibly delisted; no timezone found

1 Failed download:
['CTRA']: possibly delisted; no timezone found
$DFS: possibly delisted; no timezone found
$DFS: possibly delisted; no timezone found

1 Failed download:
['DFS']: possibly delisted; no timezone found
$HES: possibly delisted; no timezone found
$HES: possibly delisted; no timezone found

1 Failed download:
['HES']: possibly delisted; no timezone found
$HOLX: possibly delisted; no timezone found
$HOLX: possibly delisted; no timezone found

1 Failed download:
['HOLX']: possibly delisted; no timezone found
$IPG: possibly delisted; no timezone found
$IPG: possibly delisted; no timezone found

1 Failed download:
['IPG']: possibly delisted; no timezone found
$JNPR: possibly delisted; no timezone found
$JNPR: possibly delisted; no timezone found

1 Failed download:
['JNPR']: possibly delisted; no timezone found
$K: possibly delisted; no timezone found
$K: possibly delisted; no timezone found

1 Failed download:
['K']: possibly delisted; no timezone found
$MMC: possibly delisted; no timezone found
$MMC: possibly delisted; no timezone found

1 Failed download:
['MMC']: possibly delisted; no timezone found
$WBA: possibly delisted; no timezone found
$WBA: possibly delisted; no timezone found

1 Failed download:
['WBA']: possibly delisted; no timezone found
  [11/14] 2025-01-02: picks=['NVDA', 'AVGO', 'NFLX'] (pool=40, +모멘텀=33, 94.7s)
$ANSS: possibly delisted; no timezone found
$ANSS: possibly delisted; no timezone found

1 Failed download:
['ANSS']: possibly delisted; no timezone found
$BK: possibly delisted; no timezone found
$BK: possibly delisted; no timezone found

1 Failed download:
['BK']: possibly delisted; no timezone found
$CTRA: possibly delisted; no timezone found
$CTRA: possibly delisted; no timezone found

1 Failed download:
['CTRA']: possibly delisted; no timezone found
$HES: possibly delisted; no timezone found
$HES: possibly delisted; no timezone found

1 Failed download:
['HES']: possibly delisted; no timezone found
$HOLX: possibly delisted; no timezone found
$HOLX: possibly delisted; no timezone found

1 Failed download:
['HOLX']: possibly delisted; no timezone found
$IPG: possibly delisted; no timezone found
$IPG: possibly delisted; no timezone found

1 Failed download:
['IPG']: possibly delisted; no timezone found
$JNPR: possibly delisted; no timezone found
$JNPR: possibly delisted; no timezone found

1 Failed download:
['JNPR']: possibly delisted; no timezone found
$K: possibly delisted; no timezone found
$K: possibly delisted; no timezone found

1 Failed download:
['K']: possibly delisted; no timezone found
$MMC: possibly delisted; no timezone found
$MMC: possibly delisted; no timezone found

1 Failed download:
['MMC']: possibly delisted; no timezone found
$WBA: possibly delisted; no timezone found
$WBA: possibly delisted; no timezone found

1 Failed download:
['WBA']: possibly delisted; no timezone found
  [12/14] 2025-07-01: picks=['NFLX', 'AVGO', 'TSLA'] (pool=40, +모멘텀=28, 88.3s)
$BK: possibly delisted; no timezone found
$BK: possibly delisted; no timezone found

1 Failed download:
['BK']: possibly delisted; no timezone found
$CTRA: possibly delisted; no timezone found
$CTRA: possibly delisted; no timezone found

1 Failed download:
['CTRA']: possibly delisted; no timezone found
$HOLX: possibly delisted; no timezone found
$HOLX: possibly delisted; no timezone found

1 Failed download:
['HOLX']: possibly delisted; no timezone found
$MMC: possibly delisted; no timezone found
$MMC: possibly delisted; no timezone found

1 Failed download:
['MMC']: possibly delisted; no timezone found
  [13/14] 2026-01-02: picks=['NEM', 'GE', 'GOOGL'] (pool=40, +모멘텀=32, 56.6s)
  [14/14] 2026-07-01: picks=['CAT', 'GEV', 'GOOGL'] (pool=40, +모멘텀=30, 56.3s)

1 Failed download:
['GEV']: YFRateLimitError('Too Many Requests. Rate limited. Try after a while.')
[h32-s2] 새틀라이트 단독 지표: {'cumulative_return': 464.14, 'cagr': 27.96, 'mdd': -33.54, 'sharpe': 0.91, 'win_rate': 0.0, 'avg_holding_days': 0.0, 'trade_count': 0, 'profit_factor': 0.0, 'calmar': 0.83, 'avg_drawdown_days': 27.6}
  [sequential(12mo/monthly)] sw=0.00: sharpe=1.030 cagr=13.23% mdd=-17.74%
  [sequential(12mo/monthly)] sw=0.10: sharpe=1.080 cagr=15.01% mdd=-17.80%
  [sequential(12mo/monthly)] sw=0.15: sharpe=1.090 cagr=15.88% mdd=-17.85%
  [sequential(12mo/monthly)] sw=0.20: sharpe=1.090 cagr=16.73% mdd=-17.90%
  [sequential(12mo/monthly)] sw=0.25: sharpe=1.090 cagr=17.57% mdd=-17.97%
  [sequential(12mo/monthly)] sw=0.30: sharpe=1.080 cagr=18.39% mdd=-18.04%
  [refined(14mo/quarterly_63d)] sw=0.00: sharpe=1.030 cagr=14.27% mdd=-15.69%
  [refined(14mo/quarterly_63d)] sw=0.10: sharpe=1.050 cagr=15.90% mdd=-16.68%
  [refined(14mo/quarterly_63d)] sw=0.15: sharpe=1.060 cagr=16.70% mdd=-17.35%
  [refined(14mo/quarterly_63d)] sw=0.20: sharpe=1.060 cagr=17.48% mdd=-18.12%
  [refined(14mo/quarterly_63d)] sw=0.25: sharpe=1.050 cagr=18.25% mdd=-18.89%
  [refined(14mo/quarterly_63d)] sw=0.30: sharpe=1.050 cagr=19.00% mdd=-19.66%
[h32] Stage 2 저장 완료 t=1401.4s
[h32] 전체 완료, report_data.json 저장. 총 소요 1401.4s
