[h1] 그룹 correction_2015_2016 (correction_2015_2016 대표) 챔피언 백테스트 실행: 2014-06-01 ~ 2016-06-30
$XLV: possibly delisted; no price data found  (1d 2013-04-27 -> 2013-04-28)

1 Failed download:
['XLV']: possibly delisted; no price data found  (1d 2013-04-27 -> 2013-04-28)
$XLC: Data doesn't exist for startDate = 1367035200, endDate = 1529294400

1 Failed download:
['XLC']: Data doesn't exist for startDate = 1367035200, endDate = 1529294400
$XLY: possibly delisted; no price data found  (1d 2013-04-27 -> 2013-04-28)

1 Failed download:
['XLY']: possibly delisted; no price data found  (1d 2013-04-27 -> 2013-04-28)
$XLP: possibly delisted; no price data found  (1d 2013-04-27 -> 2013-04-28)

1 Failed download:
['XLP']: possibly delisted; no price data found  (1d 2013-04-27 -> 2013-04-28)
$XLF: possibly delisted; no price data found  (1d 2013-04-27 -> 2013-04-28)

1 Failed download:
['XLF']: possibly delisted; no price data found  (1d 2013-04-27 -> 2013-04-28)
$XLI: possibly delisted; no price data found  (1d 2013-04-27 -> 2013-04-28)

1 Failed download:
['XLI']: possibly delisted; no price data found  (1d 2013-04-27 -> 2013-04-28)
$XLK: possibly delisted; no price data found  (1d 2013-04-27 -> 2013-04-28)

1 Failed download:
['XLK']: possibly delisted; no price data found  (1d 2013-04-27 -> 2013-04-28)
$XLB: possibly delisted; no price data found  (1d 2013-04-27 -> 2013-04-28)

1 Failed download:
['XLB']: possibly delisted; no price data found  (1d 2013-04-27 -> 2013-04-28)
$XLE: possibly delisted; no price data found  (1d 2013-04-27 -> 2013-04-28)

1 Failed download:
['XLE']: possibly delisted; no price data found  (1d 2013-04-27 -> 2013-04-28)
$XLU: possibly delisted; no price data found  (1d 2013-04-27 -> 2013-04-28)

1 Failed download:
['XLU']: possibly delisted; no price data found  (1d 2013-04-27 -> 2013-04-28)
$XLRE: Data doesn't exist for startDate = 1367035200, endDate = 1444190400

1 Failed download:
['XLRE']: Data doesn't exist for startDate = 1367035200, endDate = 1444190400
$TLT: possibly delisted; no price data found  (1d 2013-04-27 -> 2013-04-28)

1 Failed download:
['TLT']: possibly delisted; no price data found  (1d 2013-04-27 -> 2013-04-28)
$IEF: possibly delisted; no price data found  (1d 2013-04-27 -> 2013-04-28)

1 Failed download:
['IEF']: possibly delisted; no price data found  (1d 2013-04-27 -> 2013-04-28)
$GLD: possibly delisted; no price data found  (1d 2013-04-27 -> 2013-04-28)

1 Failed download:
['GLD']: possibly delisted; no price data found  (1d 2013-04-27 -> 2013-04-28)
$EFA: possibly delisted; no price data found  (1d 2013-04-27 -> 2013-04-28)

1 Failed download:
['EFA']: possibly delisted; no price data found  (1d 2013-04-27 -> 2013-04-28)
$DBC: possibly delisted; no price data found  (1d 2013-04-27 -> 2013-04-28)

1 Failed download:
['DBC']: possibly delisted; no price data found  (1d 2013-04-27 -> 2013-04-28)
$HYG: possibly delisted; no price data found  (1d 2013-04-27 -> 2013-04-28)

1 Failed download:
['HYG']: possibly delisted; no price data found  (1d 2013-04-27 -> 2013-04-28)
$A: possibly delisted; no price data found  (1d 2014-06-21 -> 2014-06-22)

1 Failed download:
['A']: possibly delisted; no price data found  (1d 2014-06-21 -> 2014-06-22)
$ABBV: possibly delisted; no price data found  (1d 2014-06-21 -> 2014-06-22)

1 Failed download:
['ABBV']: possibly delisted; no price data found  (1d 2014-06-21 -> 2014-06-22)
$ACN: possibly delisted; no price data found  (1d 2014-06-21 -> 2014-06-22)

1 Failed download:
['ACN']: possibly delisted; no price data found  (1d 2014-06-21 -> 2014-06-22)
$ADBE: possibly delisted; no price data found  (1d 2014-06-21 -> 2014-06-22)

1 Failed download:
['ADBE']: possibly delisted; no price data found  (1d 2014-06-21 -> 2014-06-22)
$ADI: possibly delisted; no price data found  (1d 2014-06-21 -> 2014-06-22)

1 Failed download:
['ADI']: possibly delisted; no price data found  (1d 2014-06-21 -> 2014-06-22)
$ADS: possibly delisted; no timezone found
$ABT: possibly delisted; no price data found  (1d 2014-06-21 -> 2014-06-22)

1 Failed download:
['ABT']: possibly delisted; no price data found  (1d 2014-06-21 -> 2014-06-22)
$ADM: possibly delisted; no price data found  (1d 2014-06-21 -> 2014-06-22)
$ADS: possibly delisted; no timezone found

1 Failed download:
['ADM']: possibly delisted; no price data found  (1d 2014-06-21 -> 2014-06-22)

1 Failed download:
['ADS']: possibly delisted; no timezone found
HTTP Error 401: {"finance":{"result":null,"error":{"code":"Unauthorized","description":"Invalid Crumb"}}}
$ADP: possibly delisted; no price data found  (1d 2014-06-21 -> 2014-06-22)

1 Failed download:
['ADP']: possibly delisted; no price data found  (1d 2014-06-21 -> 2014-06-22)
$ADSK: possibly delisted; no price data found  (1d 2014-06-21 -> 2014-06-22)

1 Failed download:
['ADSK']: possibly delisted; no price data found  (1d 2014-06-21 -> 2014-06-22)
HTTP Error 401: {"finance":{"result":null,"error":{"code":"Unauthorized","description":"Invalid Crumb"}}}
$AGN: possibly delisted; no timezone found
$ADT: Data doesn't exist for startDate = 1403323200, endDate = 1404273600

1 Failed download:
['ADT']: Data doesn't exist for startDate = 1403323200, endDate = 1404273600
$AES: possibly delisted; no price data found  (1d 2014-06-21 -> 2014-06-22)

1 Failed download:
['AES']: possibly delisted; no price data found  (1d 2014-06-21 -> 2014-06-22)
$AGN: possibly delisted; no timezone found

1 Failed download:
['AGN']: possibly delisted; no timezone found
$AEE: possibly delisted; no price data found  (1d 2014-06-21 -> 2014-06-22)

1 Failed download:
['AEE']: possibly delisted; no price data found  (1d 2014-06-21 -> 2014-06-22)
$AFL: possibly delisted; no price data found  (1d 2014-06-21 -> 2014-06-22)

1 Failed download:
['AFL']: possibly delisted; no price data found  (1d 2014-06-21 -> 2014-06-22)
$ABC: possibly delisted; no timezone found
$ABC: possibly delisted; no timezone found
$AEP: possibly delisted; no price data found  (1d 2014-06-21 -> 2014-06-22)

1 Failed download:
['AEP']: possibly delisted; no price data found  (1d 2014-06-21 -> 2014-06-22)

1 Failed download:
['ABC']: possibly delisted; no timezone found
$AABA: possibly delisted; no timezone found
$ALTR: possibly delisted; no timezone found
$ALXN: possibly delisted; no timezone found
$ALLE: possibly delisted; no price data found  (1d 2014-06-21 -> 2014-06-22)
$AIV: possibly delisted; no price data found  (1d 2014-06-21 -> 2014-06-22)

1 Failed download:
['AIV']: possibly delisted; no price data found  (1d 2014-06-21 -> 2014-06-22)

1 Failed download:
['ALLE']: possibly delisted; no price data found  (1d 2014-06-21 -> 2014-06-22)
$AKAM: possibly delisted; no price data found  (1d 2014-06-21 -> 2014-06-22)

1 Failed download:
['AKAM']: possibly delisted; no price data found  (1d 2014-06-21 -> 2014-06-22)
$AIG: possibly delisted; no price data found  (1d 2014-06-21 -> 2014-06-22)

1 Failed download:
['AIG']: possibly delisted; no price data found  (1d 2014-06-21 -> 2014-06-22)
$AABA: possibly delisted; no timezone found

1 Failed download:
['AABA']: possibly delisted; no timezone found
$AIZ: possibly delisted; no price data found  (1d 2014-06-21 -> 2014-06-22)
$ALTR: possibly delisted; no timezone found
$ALXN: possibly delisted; no timezone found

1 Failed download:
['ALXN']: possibly delisted; no timezone found

1 Failed download:
['ALTR']: possibly delisted; no timezone found

1 Failed download:
['AIZ']: possibly delisted; no price data found  (1d 2014-06-21 -> 2014-06-22)
$ALL: possibly delisted; no price data found  (1d 2014-06-21 -> 2014-06-22)

1 Failed download:
['ALL']: possibly delisted; no price data found  (1d 2014-06-21 -> 2014-06-22)
$AMAT: possibly delisted; no price data found  (1d 2014-06-21 -> 2014-06-22)

1 Failed download:
['AMAT']: possibly delisted; no price data found  (1d 2014-06-21 -> 2014-06-22)
$AMG: possibly delisted; no price data found  (1d 2014-06-21 -> 2014-06-22)

1 Failed download:
['AMG']: possibly delisted; no price data found  (1d 2014-06-21 -> 2014-06-22)
$ANTM: possibly delisted; no timezone found
$AMP: possibly delisted; no price data found  (1d 2014-06-21 -> 2014-06-22)

1 Failed download:
['AMP']: possibly delisted; no price data found  (1d 2014-06-21 -> 2014-06-22)
$AME: possibly delisted; no price data found  (1d 2014-06-21 -> 2014-06-22)

1 Failed download:
['AME']: possibly delisted; no price data found  (1d 2014-06-21 -> 2014-06-22)
$AMGN: possibly delisted; no price data found  (1d 2014-06-21 -> 2014-06-22)

1 Failed download:
['AMGN']: possibly delisted; no price data found  (1d 2014-06-21 -> 2014-06-22)
$AN: possibly delisted; no price data found  (1d 2014-06-21 -> 2014-06-22)

1 Failed download:
['AN']: possibly delisted; no price data found  (1d 2014-06-21 -> 2014-06-22)
$ARG: possibly delisted; no price data found  (1d 1927-10-10 -> 2026-09-15)
$ANDV: possibly delisted; no price data found  (1d 2014-06-21 -> 2014-06-22)

1 Failed download:
$AON: possibly delisted; no price data found  (1d 2014-06-21 -> 2014-06-22)
$ANTM: possibly delisted; no timezone found
['ANDV']: possibly delisted; no price data found  (1d 2014-06-21 -> 2014-06-22)

1 Failed download:

1 Failed download:
['AON']: possibly delisted; no price data found  (1d 2014-06-21 -> 2014-06-22)
['ANTM']: possibly delisted; no timezone found
$ARNC: possibly delisted; no timezone found
$APC: Data doesn't exist for startDate = 1403323200, endDate = 1404273600
$AVP: possibly delisted; no timezone found
$ARG: Data doesn't exist for startDate = 1403323200, endDate = 1404273600

1 Failed download:
['APC']: Data doesn't exist for startDate = 1403323200, endDate = 1404273600

1 Failed download:
['ARG']: Data doesn't exist for startDate = 1403323200, endDate = 1404273600
$APTV: possibly delisted; no price data found  (1d 2014-06-21 -> 2014-06-22)

1 Failed download:
['APTV']: possibly delisted; no price data found  (1d 2014-06-21 -> 2014-06-22)
$APH: possibly delisted; no price data found  (1d 2014-06-21 -> 2014-06-22)

1 Failed download:
['APH']: possibly delisted; no price data found  (1d 2014-06-21 -> 2014-06-22)
$APA: possibly delisted; no price data found  (1d 2014-06-21 -> 2014-06-22)
$ARNC: possibly delisted; no timezone found

1 Failed download:
['APA']: possibly delisted; no price data found  (1d 2014-06-21 -> 2014-06-22)

1 Failed download:
['ARNC']: possibly delisted; no timezone found
$AVB: Data doesn't exist for startDate = 1403323200, endDate = 1404273600

1 Failed download:
['AVB']: Data doesn't exist for startDate = 1403323200, endDate = 1404273600
$AVGO: possibly delisted; no price data found  (1d 2014-06-21 -> 2014-06-22)
$AVP: possibly delisted; no timezone found

1 Failed download:
['AVGO']: possibly delisted; no price data found  (1d 2014-06-21 -> 2014-06-22)

1 Failed download:
['AVP']: possibly delisted; no timezone found
$ATI: possibly delisted; no price data found  (1d 2014-06-21 -> 2014-06-22)

1 Failed download:
['ATI']: possibly delisted; no price data found  (1d 2014-06-21 -> 2014-06-22)
$AZO: possibly delisted; no price data found  (1d 2014-06-21 -> 2014-06-22)

1 Failed download:
['AZO']: possibly delisted; no price data found  (1d 2014-06-21 -> 2014-06-22)
$BCR: possibly delisted; no price data found  (1d 1927-10-10 -> 2026-09-15)
$AXP: possibly delisted; no price data found  (1d 2014-06-21 -> 2014-06-22)

1 Failed download:
['AXP']: possibly delisted; no price data found  (1d 2014-06-21 -> 2014-06-22)
$AVY: possibly delisted; no price data found  (1d 2014-06-21 -> 2014-06-22)

1 Failed download:
['AVY']: possibly delisted; no price data found  (1d 2014-06-21 -> 2014-06-22)
$BCR: possibly delisted; no price data found  (1d 2014-06-21 -> 2014-07-02)

1 Failed download:
['BCR']: possibly delisted; no price data found  (1d 2014-06-21 -> 2014-07-02)
$BBBY: Data doesn't exist for startDate = 1403323200, endDate = 1404273600

1 Failed download:
['BBBY']: Data doesn't exist for startDate = 1403323200, endDate = 1404273600
$BHGE: possibly delisted; no timezone found
$BAX: possibly delisted; no price data found  (1d 2014-06-21 -> 2014-06-22)

1 Failed download:
['BAX']: possibly delisted; no price data found  (1d 2014-06-21 -> 2014-06-22)
$BBY: possibly delisted; no price data found  (1d 2014-06-21 -> 2014-06-22)

1 Failed download:
['BBY']: possibly delisted; no price data found  (1d 2014-06-21 -> 2014-06-22)
$BK: possibly delisted; no timezone found
$BBT: possibly delisted; no price data found  (1d 2014-06-21 -> 2014-06-22)
$BEN: possibly delisted; no price data found  (1d 2014-06-21 -> 2014-06-22)

1 Failed download:

1 Failed download:
['BBT']: possibly delisted; no price data found  (1d 2014-06-21 -> 2014-06-22)
['BEN']: possibly delisted; no price data found  (1d 2014-06-21 -> 2014-06-22)
$BLL: possibly delisted; no timezone found
$BF-B: possibly delisted; no price data found  (1d 2014-06-21 -> 2014-06-22)
$BDX: possibly delisted; no price data found  (1d 2014-06-21 -> 2014-06-22)
$BHGE: possibly delisted; no timezone found
$BK: possibly delisted; no timezone found

1 Failed download:
['BDX']: possibly delisted; no price data found  (1d 2014-06-21 -> 2014-06-22)

1 Failed download:
['BHGE']: possibly delisted; no timezone found

1 Failed download:
['BK']: possibly delisted; no timezone found

1 Failed download:
['BF-B']: possibly delisted; no price data found  (1d 2014-06-21 -> 2014-06-22)
$BIIB: possibly delisted; no price data found  (1d 2014-06-21 -> 2014-06-22)

1 Failed download:
['BIIB']: possibly delisted; no price data found  (1d 2014-06-21 -> 2014-06-22)
$BKNG: possibly delisted; no price data found  (1d 2014-06-21 -> 2014-06-22)
$BLL: possibly delisted; no timezone found
$BRCM: possibly delisted; no price data found  (1d 1927-10-10 -> 2026-09-15)

1 Failed download:
['BKNG']: possibly delisted; no price data found  (1d 2014-06-21 -> 2014-06-22)

1 Failed download:
['BLL']: possibly delisted; no timezone found
$BTUUQ: possibly delisted; no price data found  (1d 1927-10-10 -> 2026-09-15)
$BLK: possibly delisted; no price data found  (1d 2014-06-21 -> 2014-06-22)

1 Failed download:
['BLK']: possibly delisted; no price data found  (1d 2014-06-21 -> 2014-06-22)
$BRCM: possibly delisted; no price data found  (1d 2014-06-21 -> 2014-07-02)

1 Failed download:
['BRCM']: possibly delisted; no price data found  (1d 2014-06-21 -> 2014-07-02)
$BTUUQ: possibly delisted; no price data found  (1d 2014-06-21 -> 2014-07-02)

1 Failed download:
['BTUUQ']: possibly delisted; no price data found  (1d 2014-06-21 -> 2014-07-02)
$CA: possibly delisted; no timezone found
$BSX: possibly delisted; no price data found  (1d 2014-06-21 -> 2014-06-22)

1 Failed download:
['BSX']: possibly delisted; no price data found  (1d 2014-06-21 -> 2014-06-22)
$BMS: possibly delisted; no price data found  (1d 2014-06-21 -> 2014-06-22)

1 Failed download:
['BMS']: possibly delisted; no price data found  (1d 2014-06-21 -> 2014-06-22)
$BXP: possibly delisted; no price data found  (1d 2014-06-21 -> 2014-06-22)

1 Failed download:
['BXP']: possibly delisted; no price data found  (1d 2014-06-21 -> 2014-06-22)
$BMY: possibly delisted; no price data found  (1d 2014-06-21 -> 2014-06-22)

1 Failed download:
['BMY']: possibly delisted; no price data found  (1d 2014-06-21 -> 2014-06-22)
$C: possibly delisted; no price data found  (1d 2014-06-21 -> 2014-06-22)

1 Failed download:
['C']: possibly delisted; no price data found  (1d 2014-06-21 -> 2014-06-22)
$BWA: possibly delisted; no price data found  (1d 2014-06-21 -> 2014-06-22)
$CA: possibly delisted; no timezone found

1 Failed download:
['CA']: possibly delisted; no timezone found

1 Failed download:
['BWA']: possibly delisted; no price data found  (1d 2014-06-21 -> 2014-06-22)
$CCE: possibly delisted; no price data found  (1d 1927-10-10 -> 2026-09-15)
$CAG: possibly delisted; no price data found  (1d 2014-06-21 -> 2014-06-22)

1 Failed download:
['CAG']: possibly delisted; no price data found  (1d 2014-06-21 -> 2014-06-22)
$CBS: possibly delisted; no timezone found
$CCE: possibly delisted; no price data found  (1d 2014-06-21 -> 2014-07-02)

1 Failed download:
['CCE']: possibly delisted; no price data found  (1d 2014-06-21 -> 2014-07-02)
$CBS: possibly delisted; no timezone found

1 Failed download:
['CBS']: possibly delisted; no timezone found
$CAM: Data doesn't exist for startDate = 1403323200, endDate = 1404273600

1 Failed download:
['CAM']: Data doesn't exist for startDate = 1403323200, endDate = 1404273600
$CELG: possibly delisted; no timezone found
$CBRE: possibly delisted; no price data found  (1d 2014-06-21 -> 2014-06-22)

1 Failed download:
['CBRE']: possibly delisted; no price data found  (1d 2014-06-21 -> 2014-06-22)
$CAH: possibly delisted; no price data found  (1d 2014-06-21 -> 2014-06-22)

1 Failed download:
['CAH']: possibly delisted; no price data found  (1d 2014-06-21 -> 2014-06-22)
$CB: possibly delisted; no price data found  (1d 2014-06-21 -> 2014-06-22)

1 Failed download:
['CB']: possibly delisted; no price data found  (1d 2014-06-21 -> 2014-06-22)
$CERN: possibly delisted; no timezone found
$CCI: possibly delisted; no price data found  (1d 2014-06-21 -> 2014-06-22)

1 Failed download:
['CCI']: possibly delisted; no price data found  (1d 2014-06-21 -> 2014-06-22)
$CELG: possibly delisted; no timezone found

1 Failed download:
['CELG']: possibly delisted; no timezone found
$CAT: possibly delisted; no price data found  (1d 2014-06-21 -> 2014-06-22)

1 Failed download:
['CAT']: possibly delisted; no price data found  (1d 2014-06-21 -> 2014-06-22)
$CHK: possibly delisted; no timezone found
$CCL: possibly delisted; no price data found  (1d 2014-06-21 -> 2014-06-22)
$CERN: possibly delisted; no timezone found
$CHK: possibly delisted; no timezone found

1 Failed download:
['CCL']: possibly delisted; no price data found  (1d 2014-06-21 -> 2014-06-22)

1 Failed download:
['CHK']: possibly delisted; no timezone found

1 Failed download:
['CERN']: possibly delisted; no timezone found
$CHRW: possibly delisted; no price data found  (1d 2014-06-21 -> 2014-06-22)

1 Failed download:
['CHRW']: possibly delisted; no price data found  (1d 2014-06-21 -> 2014-06-22)
$CMA: possibly delisted; no timezone found
$CMA: possibly delisted; no timezone found

1 Failed download:
['CMA']: possibly delisted; no timezone found
$CINF: possibly delisted; no price data found  (1d 2014-06-21 -> 2014-06-22)

1 Failed download:
['CINF']: possibly delisted; no price data found  (1d 2014-06-21 -> 2014-06-22)
$CI: possibly delisted; no price data found  (1d 2014-06-21 -> 2014-06-22)

1 Failed download:
['CI']: possibly delisted; no price data found  (1d 2014-06-21 -> 2014-06-22)
$CL: possibly delisted; no price data found  (1d 2014-06-21 -> 2014-06-22)

1 Failed download:
['CL']: possibly delisted; no price data found  (1d 2014-06-21 -> 2014-06-22)
$CMG: possibly delisted; no price data found  (1d 2014-06-21 -> 2014-06-22)
$CLX: possibly delisted; no price data found  (1d 2014-06-21 -> 2014-06-22)

1 Failed download:
['CMG']: possibly delisted; no price data found  (1d 2014-06-21 -> 2014-06-22)

1 Failed download:
['CLX']: possibly delisted; no price data found  (1d 2014-06-21 -> 2014-06-22)
$COG: possibly delisted; no timezone found
$CME: possibly delisted; no price data found  (1d 2014-06-21 -> 2014-06-22)

1 Failed download:
['CME']: possibly delisted; no price data found  (1d 2014-06-21 -> 2014-06-22)
$CMCSA: possibly delisted; no price data found  (1d 2014-06-21 -> 2014-06-22)

1 Failed download:
['CMCSA']: possibly delisted; no price data found  (1d 2014-06-21 -> 2014-06-22)
$CMI: possibly delisted; no price data found  (1d 2014-06-21 -> 2014-06-22)

1 Failed download:
['CMI']: possibly delisted; no price data found  (1d 2014-06-21 -> 2014-06-22)
$CMS: possibly delisted; no price data found  (1d 2014-06-21 -> 2014-06-22)

1 Failed download:
['CMS']: possibly delisted; no price data found  (1d 2014-06-21 -> 2014-06-22)
$COF: possibly delisted; no price data found  (1d 2014-06-21 -> 2014-06-22)

1 Failed download:
['COF']: possibly delisted; no price data found  (1d 2014-06-21 -> 2014-06-22)
$CNP: possibly delisted; no price data found  (1d 2014-06-21 -> 2014-06-22)
$COG: possibly delisted; no timezone found

1 Failed download:
['CNP']: possibly delisted; no price data found  (1d 2014-06-21 -> 2014-06-22)

1 Failed download:
['COG']: possibly delisted; no timezone found
$CNX: possibly delisted; no price data found  (1d 2014-06-21 -> 2014-06-22)

1 Failed download:
['CNX']: possibly delisted; no price data found  (1d 2014-06-21 -> 2014-06-22)
$COL: possibly delisted; no price data found  (1d 2014-06-21 -> 2014-06-22)

1 Failed download:
['COL']: possibly delisted; no price data found  (1d 2014-06-21 -> 2014-06-22)
$CTL: possibly delisted; no timezone found
$CTL: possibly delisted; no timezone found

1 Failed download:
['CTL']: possibly delisted; no timezone found
$COST: possibly delisted; no price data found  (1d 2014-06-21 -> 2014-06-22)

1 Failed download:
['COST']: possibly delisted; no price data found  (1d 2014-06-21 -> 2014-06-22)
$CTXS: possibly delisted; no timezone found
$CVC: possibly delisted; no price data found  (1d 1927-10-10 -> 2026-09-15)
$COP: possibly delisted; no price data found  (1d 2014-06-21 -> 2014-06-22)
$CPB: possibly delisted; no price data found  (1d 2014-06-21 -> 2014-06-22)

1 Failed download:
['COP']: possibly delisted; no price data found  (1d 2014-06-21 -> 2014-06-22)

1 Failed download:
['CPB']: possibly delisted; no price data found  (1d 2014-06-21 -> 2014-06-22)
$CSCO: possibly delisted; no price data found  (1d 2014-06-21 -> 2014-06-22)
$CRM: possibly delisted; no price data found  (1d 2014-06-21 -> 2014-06-22)

1 Failed download:
['CSCO']: possibly delisted; no price data found  (1d 2014-06-21 -> 2014-06-22)

1 Failed download:
['CRM']: possibly delisted; no price data found  (1d 2014-06-21 -> 2014-06-22)
$CTAS: possibly delisted; no price data found  (1d 2014-06-21 -> 2014-06-22)
$CTXS: possibly delisted; no timezone found
$CSX: possibly delisted; no price data found  (1d 2014-06-21 -> 2014-06-22)

1 Failed download:
['CTXS']: possibly delisted; no timezone found

1 Failed download:

1 Failed download:
['CSX']: possibly delisted; no price data found  (1d 2014-06-21 -> 2014-06-22)
['CTAS']: possibly delisted; no price data found  (1d 2014-06-21 -> 2014-06-22)
$CTSH: possibly delisted; no price data found  (1d 2014-06-21 -> 2014-06-22)

1 Failed download:
['CTSH']: possibly delisted; no price data found  (1d 2014-06-21 -> 2014-06-22)
$CVC: possibly delisted; no price data found  (1d 2014-06-21 -> 2014-07-02)

1 Failed download:
['CVC']: possibly delisted; no price data found  (1d 2014-06-21 -> 2014-07-02)
$DFS: possibly delisted; no timezone found
$DAL: possibly delisted; no price data found  (1d 2014-06-21 -> 2014-06-22)
$CVS: possibly delisted; no price data found  (1d 2014-06-21 -> 2014-06-22)

1 Failed download:
['CVS']: possibly delisted; no price data found  (1d 2014-06-21 -> 2014-06-22)

1 Failed download:
['DAL']: possibly delisted; no price data found  (1d 2014-06-21 -> 2014-06-22)
$DG: possibly delisted; no price data found  (1d 2014-06-21 -> 2014-06-22)

1 Failed download:
['DG']: possibly delisted; no price data found  (1d 2014-06-21 -> 2014-06-22)
$DD: possibly delisted; no price data found  (1d 2014-06-21 -> 2014-06-22)

1 Failed download:
['DD']: possibly delisted; no price data found  (1d 2014-06-21 -> 2014-06-22)
$DFS: possibly delisted; no timezone found

1 Failed download:
['DFS']: possibly delisted; no timezone found
$DE: possibly delisted; no price data found  (1d 2014-06-21 -> 2014-06-22)

1 Failed download:
['DE']: possibly delisted; no price data found  (1d 2014-06-21 -> 2014-06-22)
$DISCA: possibly delisted; no timezone found
$DHI: possibly delisted; no price data found  (1d 2014-06-21 -> 2014-06-22)

1 Failed download:
['DHI']: possibly delisted; no price data found  (1d 2014-06-21 -> 2014-06-22)
$DISCA: possibly delisted; no timezone found

1 Failed download:
['DISCA']: possibly delisted; no timezone found
$DNB: possibly delisted; no timezone found
$DNR: possibly delisted; no timezone found
$DO: possibly delisted; no timezone found
$DHR: possibly delisted; no price data found  (1d 2014-06-21 -> 2014-06-22)

1 Failed download:
$DGX: possibly delisted; no price data found  (1d 2014-06-21 -> 2014-06-22)
['DHR']: possibly delisted; no price data found  (1d 2014-06-21 -> 2014-06-22)

1 Failed download:
['DGX']: possibly delisted; no price data found  (1d 2014-06-21 -> 2014-06-22)
$DLTR: possibly delisted; no price data found  (1d 2014-06-21 -> 2014-06-22)
$DNB: possibly delisted; no timezone found

1 Failed download:
['DLTR']: possibly delisted; no price data found  (1d 2014-06-21 -> 2014-06-22)
$DNR: possibly delisted; no timezone found
$DO: possibly delisted; no timezone found

1 Failed download:
['DO']: possibly delisted; no timezone found

1 Failed download:

1 Failed download:
['DNB']: possibly delisted; no timezone found
['DNR']: possibly delisted; no timezone found
$DIS: possibly delisted; no price data found  (1d 2014-06-21 -> 2014-06-22)

1 Failed download:
['DIS']: possibly delisted; no price data found  (1d 2014-06-21 -> 2014-06-22)
$DOV: possibly delisted; no price data found  (1d 2014-06-21 -> 2014-06-22)

1 Failed download:
['DOV']: possibly delisted; no price data found  (1d 2014-06-21 -> 2014-06-22)
$DOW: Data doesn't exist for startDate = 1403323200, endDate = 1552968000

1 Failed download:
['DOW']: Data doesn't exist for startDate = 1403323200, endDate = 1552968000
$DTV: possibly delisted; no timezone found
$DVA: possibly delisted; no price data found  (1d 2014-06-21 -> 2014-06-22)

1 Failed download:
['DVA']: possibly delisted; no price data found  (1d 2014-06-21 -> 2014-06-22)
$DRI: possibly delisted; no price data found  (1d 2014-06-21 -> 2014-06-22)

1 Failed download:
['DRI']: possibly delisted; no price data found  (1d 2014-06-21 -> 2014-06-22)
$DVN: possibly delisted; no price data found  (1d 2014-06-21 -> 2014-06-22)

1 Failed download:
['DVN']: possibly delisted; no price data found  (1d 2014-06-21 -> 2014-06-22)
$DTV: possibly delisted; no timezone found

1 Failed download:
['DTV']: possibly delisted; no timezone found
$DXC: possibly delisted; no price data found  (1d 2014-06-21 -> 2014-06-22)

1 Failed download:
['DXC']: possibly delisted; no price data found  (1d 2014-06-21 -> 2014-06-22)
$DTE: possibly delisted; no price data found  (1d 2014-06-21 -> 2014-06-22)

1 Failed download:
['DTE']: possibly delisted; no price data found  (1d 2014-06-21 -> 2014-06-22)
$EA: Data doesn't exist for startDate = 1403323200, endDate = 1404273600

1 Failed download:
['EA']: Data doesn't exist for startDate = 1403323200, endDate = 1404273600
$EBAY: possibly delisted; no price data found  (1d 2014-06-21 -> 2014-06-22)

1 Failed download:
['EBAY']: possibly delisted; no price data found  (1d 2014-06-21 -> 2014-06-22)
$EFX: possibly delisted; no price data found  (1d 2014-06-21 -> 2014-06-22)

1 Failed download:
['EFX']: possibly delisted; no price data found  (1d 2014-06-21 -> 2014-06-22)
$EMC: Data doesn't exist for startDate = 1403323200, endDate = 1404273600
$EIX: possibly delisted; no price data found  (1d 2014-06-21 -> 2014-06-22)

1 Failed download:

1 Failed download:
['EMC']: Data doesn't exist for startDate = 1403323200, endDate = 1404273600
['EIX']: possibly delisted; no price data found  (1d 2014-06-21 -> 2014-06-22)
$EMN: possibly delisted; no price data found  (1d 2014-06-21 -> 2014-06-22)

1 Failed download:
['EMN']: possibly delisted; no price data found  (1d 2014-06-21 -> 2014-06-22)
$ED: possibly delisted; no price data found  (1d 2014-06-21 -> 2014-06-22)

1 Failed download:
['ED']: possibly delisted; no price data found  (1d 2014-06-21 -> 2014-06-22)
$EL: possibly delisted; no price data found  (1d 2014-06-21 -> 2014-06-22)

1 Failed download:
['EL']: possibly delisted; no price data found  (1d 2014-06-21 -> 2014-06-22)
$ETFC: possibly delisted; no timezone found
$EQR: Data doesn't exist for startDate = 1403323200, endDate = 1404273600

1 Failed download:
['EQR']: Data doesn't exist for startDate = 1403323200, endDate = 1404273600
$ETFC: possibly delisted; no timezone found

1 Failed download:
['ETFC']: possibly delisted; no timezone found
$EMR: possibly delisted; no price data found  (1d 2014-06-21 -> 2014-06-22)

1 Failed download:
['EMR']: possibly delisted; no price data found  (1d 2014-06-21 -> 2014-06-22)
$ESV: possibly delisted; no timezone found
$EQT: possibly delisted; no price data found  (1d 2014-06-21 -> 2014-06-22)

1 Failed download:
['EQT']: possibly delisted; no price data found  (1d 2014-06-21 -> 2014-06-22)
$EOG: possibly delisted; no price data found  (1d 2014-06-21 -> 2014-06-22)

1 Failed download:
['EOG']: possibly delisted; no price data found  (1d 2014-06-21 -> 2014-06-22)
$ESS: possibly delisted; no price data found  (1d 2014-06-21 -> 2014-06-22)

1 Failed download:
['ESS']: possibly delisted; no price data found  (1d 2014-06-21 -> 2014-06-22)
$ESV: possibly delisted; no timezone found

1 Failed download:
['ESV']: possibly delisted; no timezone found
$ES: possibly delisted; no price data found  (1d 2014-06-21 -> 2014-06-22)

1 Failed download:
['ES']: possibly delisted; no price data found  (1d 2014-06-21 -> 2014-06-22)
$EW: possibly delisted; no price data found  (1d 2014-06-21 -> 2014-06-22)

1 Failed download:
['EW']: possibly delisted; no price data found  (1d 2014-06-21 -> 2014-06-22)
$FB: Data doesn't exist for startDate = 1403323200, endDate = 1404273600

1 Failed download:
['FB']: Data doesn't exist for startDate = 1403323200, endDate = 1404273600
$EXPE: possibly delisted; no price data found  (1d 2014-06-21 -> 2014-06-22)

1 Failed download:
['EXPE']: possibly delisted; no price data found  (1d 2014-06-21 -> 2014-06-22)
$ETN: possibly delisted; no price data found  (1d 2014-06-21 -> 2014-06-22)

1 Failed download:
['ETN']: possibly delisted; no price data found  (1d 2014-06-21 -> 2014-06-22)
$EXPD: possibly delisted; no price data found  (1d 2014-06-21 -> 2014-06-22)

1 Failed download:
['EXPD']: possibly delisted; no price data found  (1d 2014-06-21 -> 2014-06-22)
$EXC: possibly delisted; no price data found  (1d 2014-06-21 -> 2014-06-22)

1 Failed download:
['EXC']: possibly delisted; no price data found  (1d 2014-06-21 -> 2014-06-22)
$ETR: possibly delisted; no price data found  (1d 2014-06-21 -> 2014-06-22)

1 Failed download:
['ETR']: possibly delisted; no price data found  (1d 2014-06-21 -> 2014-06-22)
$FCX: possibly delisted; no price data found  (1d 2014-06-21 -> 2014-06-22)

1 Failed download:
['FCX']: possibly delisted; no price data found  (1d 2014-06-21 -> 2014-06-22)
$FAST: possibly delisted; no price data found  (1d 2014-06-21 -> 2014-06-22)

1 Failed download:
['FAST']: possibly delisted; no price data found  (1d 2014-06-21 -> 2014-06-22)
$F: possibly delisted; no price data found  (1d 2014-06-21 -> 2014-06-22)

1 Failed download:
['F']: possibly delisted; no price data found  (1d 2014-06-21 -> 2014-06-22)
$FLIR: possibly delisted; no timezone found
$FDX: possibly delisted; no price data found  (1d 2014-06-21 -> 2014-06-22)

1 Failed download:
['FDX']: possibly delisted; no price data found  (1d 2014-06-21 -> 2014-06-22)
$FFIV: possibly delisted; no price data found  (1d 2014-06-21 -> 2014-06-22)

1 Failed download:
['FFIV']: possibly delisted; no price data found  (1d 2014-06-21 -> 2014-06-22)
$FIS: possibly delisted; no price data found  (1d 2014-06-21 -> 2014-06-22)

1 Failed download:
['FIS']: possibly delisted; no price data found  (1d 2014-06-21 -> 2014-06-22)
$FISV: possibly delisted; no price data found  (1d 2014-06-21 -> 2014-06-22)
$FLIR: possibly delisted; no timezone found

1 Failed download:
['FLIR']: possibly delisted; no timezone found

1 Failed download:
['FISV']: possibly delisted; no price data found  (1d 2014-06-21 -> 2014-06-22)
$FE: possibly delisted; no price data found  (1d 2014-06-21 -> 2014-06-22)

1 Failed download:
['FE']: possibly delisted; no price data found  (1d 2014-06-21 -> 2014-06-22)
$FLR: possibly delisted; no price data found  (1d 2014-06-21 -> 2014-06-22)

1 Failed download:
['FLR']: possibly delisted; no price data found  (1d 2014-06-21 -> 2014-06-22)
$FTR: possibly delisted; no timezone found
$GAS: possibly delisted; no price data found  (1d 1927-10-10 -> 2026-09-15)
$FITB: possibly delisted; no price data found  (1d 2014-06-21 -> 2014-06-22)

1 Failed download:
['FITB']: possibly delisted; no price data found  (1d 2014-06-21 -> 2014-06-22)
$FOXA: Data doesn't exist for startDate = 1403323200, endDate = 1552276800
$GGP: possibly delisted; no price data found  (1d 1927-10-10 -> 2026-09-15)

1 Failed download:
['FOXA']: Data doesn't exist for startDate = 1403323200, endDate = 1552276800
$FMC: possibly delisted; no price data found  (1d 2014-06-21 -> 2014-06-22)

1 Failed download:
['FMC']: possibly delisted; no price data found  (1d 2014-06-21 -> 2014-06-22)
$FLS: possibly delisted; no price data found  (1d 2014-06-21 -> 2014-06-22)

1 Failed download:
['FLS']: possibly delisted; no price data found  (1d 2014-06-21 -> 2014-06-22)
$FOSL: possibly delisted; no price data found  (1d 2014-06-21 -> 2014-06-22)

1 Failed download:
$FTR: possibly delisted; no timezone found
['FOSL']: possibly delisted; no price data found  (1d 2014-06-21 -> 2014-06-22)

1 Failed download:
['FTR']: possibly delisted; no timezone found
$GAS: possibly delisted; no price data found  (1d 2014-06-21 -> 2014-07-02)

1 Failed download:
['GAS']: possibly delisted; no price data found  (1d 2014-06-21 -> 2014-07-02)
$FTI: possibly delisted; no price data found  (1d 2014-06-21 -> 2014-06-22)

1 Failed download:
['FTI']: possibly delisted; no price data found  (1d 2014-06-21 -> 2014-06-22)
$GMCR: possibly delisted; no price data found  (1d 1927-10-10 -> 2026-09-15)
$GGP: possibly delisted; no price data found  (1d 2014-06-21 -> 2014-07-02)

1 Failed download:
['GGP']: possibly delisted; no price data found  (1d 2014-06-21 -> 2014-07-02)
$GMCR: possibly delisted; no price data found  (1d 2014-06-21 -> 2014-07-02)

1 Failed download:
['GMCR']: possibly delisted; no price data found  (1d 2014-06-21 -> 2014-07-02)
$GD: possibly delisted; no price data found  (1d 2014-06-21 -> 2014-06-22)

1 Failed download:
['GD']: possibly delisted; no price data found  (1d 2014-06-21 -> 2014-06-22)
$GM: possibly delisted; no price data found  (1d 2014-06-21 -> 2014-06-22)

1 Failed download:
['GM']: possibly delisted; no price data found  (1d 2014-06-21 -> 2014-06-22)
$GHC: possibly delisted; no price data found  (1d 2014-06-21 -> 2014-06-22)

1 Failed download:
['GHC']: possibly delisted; no price data found  (1d 2014-06-21 -> 2014-06-22)
$GNW: possibly delisted; no price data found  (1d 2014-06-21 -> 2014-06-22)

1 Failed download:
['GNW']: possibly delisted; no price data found  (1d 2014-06-21 -> 2014-06-22)
$GPS: possibly delisted; no timezone found
$GLW: possibly delisted; no price data found  (1d 2014-06-21 -> 2014-06-22)

1 Failed download:
['GLW']: possibly delisted; no price data found  (1d 2014-06-21 -> 2014-06-22)
$GME: possibly delisted; no price data found  (1d 2014-06-21 -> 2014-06-22)
$GPS: possibly delisted; no timezone found

1 Failed download:
['GPS']: possibly delisted; no timezone found

1 Failed download:
['GME']: possibly delisted; no price data found  (1d 2014-06-21 -> 2014-06-22)
$HAR: possibly delisted; no price data found  (1d 1927-10-10 -> 2026-09-15)
$GIS: possibly delisted; no price data found  (1d 2014-06-21 -> 2014-06-22)

1 Failed download:
['GIS']: possibly delisted; no price data found  (1d 2014-06-21 -> 2014-06-22)
$GPC: possibly delisted; no price data found  (1d 2014-06-21 -> 2014-06-22)

1 Failed download:
['GPC']: possibly delisted; no price data found  (1d 2014-06-21 -> 2014-06-22)
$HCBK: possibly delisted; no price data found  (1d 1927-10-10 -> 2026-09-15)
$GRMN: possibly delisted; no price data found  (1d 2014-06-21 -> 2014-06-22)

1 Failed download:
['GRMN']: possibly delisted; no price data found  (1d 2014-06-21 -> 2014-06-22)
$HAR: possibly delisted; no price data found  (1d 2014-06-21 -> 2014-07-02)

1 Failed download:
['HAR']: possibly delisted; no price data found  (1d 2014-06-21 -> 2014-07-02)
$HCBK: possibly delisted; no price data found  (1d 2014-06-21 -> 2014-07-02)

1 Failed download:
['HCBK']: possibly delisted; no price data found  (1d 2014-06-21 -> 2014-07-02)
$GS: possibly delisted; no price data found  (1d 2014-06-21 -> 2014-06-22)
$HCP: possibly delisted; no timezone found

1 Failed download:
['GS']: possibly delisted; no price data found  (1d 2014-06-21 -> 2014-06-22)
$GWW: possibly delisted; no price data found  (1d 2014-06-21 -> 2014-06-22)

1 Failed download:
['GWW']: possibly delisted; no price data found  (1d 2014-06-21 -> 2014-06-22)
$HCP: possibly delisted; no timezone found

1 Failed download:
['HCP']: possibly delisted; no timezone found
$HES: possibly delisted; no timezone found
$HAL: possibly delisted; no price data found  (1d 2014-06-21 -> 2014-06-22)

1 Failed download:
['HAL']: possibly delisted; no price data found  (1d 2014-06-21 -> 2014-06-22)
$GT: possibly delisted; no price data found  (1d 2014-06-21 -> 2014-06-22)

1 Failed download:
['GT']: possibly delisted; no price data found  (1d 2014-06-21 -> 2014-06-22)
$HAS: possibly delisted; no price data found  (1d 2014-06-21 -> 2014-06-22)
$HBAN: possibly delisted; no price data found  (1d 2014-06-21 -> 2014-06-22)
$HES: possibly delisted; no timezone found

1 Failed download:

1 Failed download:
['HAS']: possibly delisted; no price data found  (1d 2014-06-21 -> 2014-06-22)

1 Failed download:
['HBAN']: possibly delisted; no price data found  (1d 2014-06-21 -> 2014-06-22)
['HES']: possibly delisted; no timezone found
$HOT: possibly delisted; no price data found  (1d 2014-06-21 -> 2015-01-01)

1 Failed download:
['HOT']: possibly delisted; no price data found  (1d 2014-06-21 -> 2015-01-01)
$HSP: possibly delisted; no price data found  (1d 1927-10-10 -> 2026-09-15)
$HIG: possibly delisted; no price data found  (1d 2014-06-21 -> 2014-06-22)

1 Failed download:
['HIG']: possibly delisted; no price data found  (1d 2014-06-21 -> 2014-06-22)
$HRS: possibly delisted; no timezone found
$HSP: possibly delisted; no price data found  (1d 2014-06-21 -> 2014-07-02)
$HOG: possibly delisted; no price data found  (1d 2014-06-21 -> 2014-06-22)

1 Failed download:
['HSP']: possibly delisted; no price data found  (1d 2014-06-21 -> 2014-07-02)

1 Failed download:
['HOG']: possibly delisted; no price data found  (1d 2014-06-21 -> 2014-06-22)
$HP: possibly delisted; no price data found  (1d 2014-06-21 -> 2014-06-22)

1 Failed download:
['HP']: possibly delisted; no price data found  (1d 2014-06-21 -> 2014-06-22)
$HRS: possibly delisted; no timezone found

1 Failed download:
['HRS']: possibly delisted; no timezone found
$HRB: possibly delisted; no price data found  (1d 2014-06-21 -> 2014-06-22)

1 Failed download:
['HRB']: possibly delisted; no price data found  (1d 2014-06-21 -> 2014-06-22)
$HRL: possibly delisted; no price data found  (1d 2014-06-21 -> 2014-06-22)

1 Failed download:
['HRL']: possibly delisted; no price data found  (1d 2014-06-21 -> 2014-06-22)
$HPQ: possibly delisted; no price data found  (1d 2014-06-21 -> 2014-06-22)

1 Failed download:
['HPQ']: possibly delisted; no price data found  (1d 2014-06-21 -> 2014-06-22)
$HON: possibly delisted; no price data found  (1d 2014-06-21 -> 2014-06-22)
$HST: possibly delisted; no price data found  (1d 2014-06-21 -> 2014-06-22)

1 Failed download:
['HST']: possibly delisted; no price data found  (1d 2014-06-21 -> 2014-06-22)

1 Failed download:
['HON']: possibly delisted; no price data found  (1d 2014-06-21 -> 2014-06-22)
$HSY: possibly delisted; no price data found  (1d 2014-06-21 -> 2014-06-22)

1 Failed download:
['HSY']: possibly delisted; no price data found  (1d 2014-06-21 -> 2014-06-22)
$IPG: possibly delisted; no timezone found
$IFF: possibly delisted; no price data found  (1d 2014-06-21 -> 2014-06-22)

1 Failed download:
['IFF']: possibly delisted; no price data found  (1d 2014-06-21 -> 2014-06-22)
$HUM: possibly delisted; no price data found  (1d 2014-06-21 -> 2014-06-22)

1 Failed download:
['HUM']: possibly delisted; no price data found  (1d 2014-06-21 -> 2014-06-22)
$INTU: possibly delisted; no price data found  (1d 2014-06-21 -> 2014-06-22)

1 Failed download:
['INTU']: possibly delisted; no price data found  (1d 2014-06-21 -> 2014-06-22)
$ICE: possibly delisted; no price data found  (1d 2014-06-21 -> 2014-06-22)
$IPG: possibly delisted; no timezone found

1 Failed download:
['ICE']: possibly delisted; no price data found  (1d 2014-06-21 -> 2014-06-22)

1 Failed download:
['IPG']: possibly delisted; no timezone found
$IP: possibly delisted; no price data found  (1d 2014-06-21 -> 2014-06-22)

1 Failed download:
['IP']: possibly delisted; no price data found  (1d 2014-06-21 -> 2014-06-22)
$JEC: possibly delisted; no timezone found
$IR: Data doesn't exist for startDate = 1403323200, endDate = 1494475200

1 Failed download:
['IR']: Data doesn't exist for startDate = 1403323200, endDate = 1494475200
$JEC: possibly delisted; no timezone found

1 Failed download:
['JEC']: possibly delisted; no timezone found
$IRM: possibly delisted; no price data found  (1d 2014-06-21 -> 2014-06-22)

1 Failed download:
['IRM']: possibly delisted; no price data found  (1d 2014-06-21 -> 2014-06-22)
$JBL: possibly delisted; no price data found  (1d 2014-06-21 -> 2014-06-22)

1 Failed download:
['JBL']: possibly delisted; no price data found  (1d 2014-06-21 -> 2014-06-22)
$JOY: possibly delisted; no price data found  (1d 1927-10-10 -> 2026-09-15)
$ITW: possibly delisted; no price data found  (1d 2014-06-21 -> 2014-06-22)

1 Failed download:
['ITW']: possibly delisted; no price data found  (1d 2014-06-21 -> 2014-06-22)
$JNPR: possibly delisted; no timezone found
$ISRG: possibly delisted; no price data found  (1d 2014-06-21 -> 2014-06-22)

1 Failed download:
['ISRG']: possibly delisted; no price data found  (1d 2014-06-21 -> 2014-06-22)
$IVZ: possibly delisted; no price data found  (1d 2014-06-21 -> 2014-06-22)

1 Failed download:
['IVZ']: possibly delisted; no price data found  (1d 2014-06-21 -> 2014-06-22)
$K: possibly delisted; no timezone found
$JWN: possibly delisted; no timezone found
$JOY: possibly delisted; no price data found  (1d 2014-06-21 -> 2014-07-02)

1 Failed download:
['JOY']: possibly delisted; no price data found  (1d 2014-06-21 -> 2014-07-02)
$JEF: possibly delisted; no price data found  (1d 2014-06-21 -> 2014-06-22)

1 Failed download:
['JEF']: possibly delisted; no price data found  (1d 2014-06-21 -> 2014-06-22)
$JNPR: possibly delisted; no timezone found
$K: possibly delisted; no timezone found
$JWN: possibly delisted; no timezone found

1 Failed download:
['JWN']: possibly delisted; no timezone found

1 Failed download:

1 Failed download:
['K']: possibly delisted; no timezone found
['JNPR']: possibly delisted; no timezone found
$JCI: possibly delisted; no price data found  (1d 2014-06-21 -> 2014-06-22)

1 Failed download:
['JCI']: possibly delisted; no price data found  (1d 2014-06-21 -> 2014-06-22)
$KORS: possibly delisted; no price data found  (1d 1927-10-10 -> 2026-09-15)
$KDP: possibly delisted; no price data found  (1d 2014-06-21 -> 2014-06-22)

1 Failed download:
['KDP']: possibly delisted; no price data found  (1d 2014-06-21 -> 2014-06-22)
$KORS: possibly delisted; no price data found  (1d 2014-06-21 -> 2014-07-02)

1 Failed download:
['KORS']: possibly delisted; no price data found  (1d 2014-06-21 -> 2014-07-02)
$KIM: possibly delisted; no price data found  (1d 2014-06-21 -> 2014-06-22)

1 Failed download:
['KIM']: possibly delisted; no price data found  (1d 2014-06-21 -> 2014-06-22)
$KSU: possibly delisted; no timezone found
$KMI: possibly delisted; no price data found  (1d 2014-06-21 -> 2014-06-22)

1 Failed download:
['KMI']: possibly delisted; no price data found  (1d 2014-06-21 -> 2014-06-22)
$KEY: possibly delisted; no price data found  (1d 2014-06-21 -> 2014-06-22)

1 Failed download:
['KEY']: possibly delisted; no price data found  (1d 2014-06-21 -> 2014-06-22)
$KLAC: possibly delisted; no price data found  (1d 2014-06-21 -> 2014-06-22)

1 Failed download:
['KLAC']: possibly delisted; no price data found  (1d 2014-06-21 -> 2014-06-22)
$KMB: possibly delisted; no price data found  (1d 2014-06-21 -> 2014-06-22)
$KSU: possibly delisted; no timezone found

1 Failed download:

1 Failed download:
['KSU']: possibly delisted; no timezone found
['KMB']: possibly delisted; no price data found  (1d 2014-06-21 -> 2014-06-22)
$LLTC: possibly delisted; no price data found  (1d 1927-10-10 -> 2026-09-15)
$KSS: possibly delisted; no price data found  (1d 2014-06-21 -> 2014-06-22)

1 Failed download:
['KSS']: possibly delisted; no price data found  (1d 2014-06-21 -> 2014-06-22)
$KMX: possibly delisted; no price data found  (1d 2014-06-21 -> 2014-06-22)

1 Failed download:
['KMX']: possibly delisted; no price data found  (1d 2014-06-21 -> 2014-06-22)
$KR: possibly delisted; no price data found  (1d 2014-06-21 -> 2014-06-22)

1 Failed download:
['KR']: possibly delisted; no price data found  (1d 2014-06-21 -> 2014-06-22)
$LLL: possibly delisted; no timezone found
$LB: Data doesn't exist for startDate = 1403323200, endDate = 1404273600
$LM: possibly delisted; no timezone found

1 Failed download:
['LB']: Data doesn't exist for startDate = 1403323200, endDate = 1404273600
$LEG: Data doesn't exist for startDate = 1403323200, endDate = 1404273600

1 Failed download:
['LEG']: Data doesn't exist for startDate = 1403323200, endDate = 1404273600
$LLTC: possibly delisted; no price data found  (1d 2014-06-21 -> 2014-07-02)

1 Failed download:
['LLTC']: possibly delisted; no price data found  (1d 2014-06-21 -> 2014-07-02)
$L: possibly delisted; no price data found  (1d 2014-06-21 -> 2014-06-22)

1 Failed download:
['L']: possibly delisted; no price data found  (1d 2014-06-21 -> 2014-06-22)
$LH: possibly delisted; no price data found  (1d 2014-06-21 -> 2014-06-22)

1 Failed download:
['LH']: possibly delisted; no price data found  (1d 2014-06-21 -> 2014-06-22)
$LEN: possibly delisted; no price data found  (1d 2014-06-21 -> 2014-06-22)
$LLL: possibly delisted; no timezone found
$LM: possibly delisted; no timezone found

1 Failed download:
['LLL']: possibly delisted; no timezone found

1 Failed download:

1 Failed download:
['LEN']: possibly delisted; no price data found  (1d 2014-06-21 -> 2014-06-22)
['LM']: possibly delisted; no timezone found
$LLY: possibly delisted; no price data found  (1d 2014-06-21 -> 2014-06-22)

1 Failed download:
['LLY']: possibly delisted; no price data found  (1d 2014-06-21 -> 2014-06-22)
$LMT: possibly delisted; no price data found  (1d 2014-06-21 -> 2014-06-22)

1 Failed download:
['LMT']: possibly delisted; no price data found  (1d 2014-06-21 -> 2014-06-22)
$LNC: possibly delisted; no price data found  (1d 2014-06-21 -> 2014-06-22)

1 Failed download:
['LNC']: possibly delisted; no price data found  (1d 2014-06-21 -> 2014-06-22)
$LOW: possibly delisted; no price data found  (1d 2014-06-21 -> 2014-06-22)

1 Failed download:
['LOW']: possibly delisted; no price data found  (1d 2014-06-21 -> 2014-06-22)
$MA: possibly delisted; no price data found  (1d 2014-06-21 -> 2014-06-22)
$LRCX: possibly delisted; no price data found  (1d 2014-06-21 -> 2014-06-22)

1 Failed download:
['MA']: possibly delisted; no price data found  (1d 2014-06-21 -> 2014-06-22)

1 Failed download:
['LRCX']: possibly delisted; no price data found  (1d 2014-06-21 -> 2014-06-22)
$MAR: possibly delisted; no price data found  (1d 2014-06-21 -> 2014-06-22)

1 Failed download:
['MAR']: possibly delisted; no price data found  (1d 2014-06-21 -> 2014-06-22)
$M: possibly delisted; no price data found  (1d 2014-06-21 -> 2014-06-22)

1 Failed download:
['M']: possibly delisted; no price data found  (1d 2014-06-21 -> 2014-06-22)
$MAC: possibly delisted; no price data found  (1d 2014-06-21 -> 2014-06-22)

1 Failed download:
['MAC']: possibly delisted; no price data found  (1d 2014-06-21 -> 2014-06-22)
$LUV: possibly delisted; no price data found  (1d 2014-06-21 -> 2014-06-22)

1 Failed download:
['LUV']: possibly delisted; no price data found  (1d 2014-06-21 -> 2014-06-22)
$MAS: possibly delisted; no price data found  (1d 2014-06-21 -> 2014-06-22)

1 Failed download:
['MAS']: possibly delisted; no price data found  (1d 2014-06-21 -> 2014-06-22)
$MAT: possibly delisted; no price data found  (1d 2014-06-21 -> 2014-06-22)

1 Failed download:
['MAT']: possibly delisted; no price data found  (1d 2014-06-21 -> 2014-06-22)
$MJN: possibly delisted; no price data found  (1d 1927-10-10 -> 2026-09-15)
$MCHP: possibly delisted; no price data found  (1d 2014-06-21 -> 2014-06-22)

1 Failed download:
['MCHP']: possibly delisted; no price data found  (1d 2014-06-21 -> 2014-06-22)
$MDLZ: possibly delisted; no price data found  (1d 2014-06-21 -> 2014-06-22)

1 Failed download:
['MDLZ']: possibly delisted; no price data found  (1d 2014-06-21 -> 2014-06-22)
$MJN: possibly delisted; no price data found  (1d 2014-06-21 -> 2014-07-02)

1 Failed download:
['MJN']: possibly delisted; no price data found  (1d 2014-06-21 -> 2014-07-02)
$MCK: possibly delisted; no price data found  (1d 2014-06-21 -> 2014-06-22)

1 Failed download:
['MCK']: possibly delisted; no price data found  (1d 2014-06-21 -> 2014-06-22)
$MMC: possibly delisted; no timezone found
$MHK: possibly delisted; no price data found  (1d 2014-06-21 -> 2014-06-22)

1 Failed download:
['MHK']: possibly delisted; no price data found  (1d 2014-06-21 -> 2014-06-22)
$MCO: possibly delisted; no price data found  (1d 2014-06-21 -> 2014-06-22)

1 Failed download:
['MCO']: possibly delisted; no price data found  (1d 2014-06-21 -> 2014-06-22)
$MDT: possibly delisted; no price data found  (1d 2014-06-21 -> 2014-06-22)

1 Failed download:
['MDT']: possibly delisted; no price data found  (1d 2014-06-21 -> 2014-06-22)
$MON: possibly delisted; no timezone found
$MKC: possibly delisted; no price data found  (1d 2014-06-21 -> 2014-06-22)
$MET: possibly delisted; no price data found  (1d 2014-06-21 -> 2014-06-22)

1 Failed download:
['MKC']: possibly delisted; no price data found  (1d 2014-06-21 -> 2014-06-22)
$MMC: possibly delisted; no timezone found

1 Failed download:
['MET']: possibly delisted; no price data found  (1d 2014-06-21 -> 2014-06-22)

1 Failed download:
['MMC']: possibly delisted; no timezone found
$MON: possibly delisted; no timezone found

1 Failed download:
['MON']: possibly delisted; no timezone found
$MRO: possibly delisted; no timezone found
$MNST: possibly delisted; no price data found  (1d 2014-06-21 -> 2014-06-22)

1 Failed download:
['MNST']: possibly delisted; no price data found  (1d 2014-06-21 -> 2014-06-22)
$MO: possibly delisted; no price data found  (1d 2014-06-21 -> 2014-06-22)

1 Failed download:
['MO']: possibly delisted; no price data found  (1d 2014-06-21 -> 2014-06-22)
$MRO: possibly delisted; no timezone found

1 Failed download:
['MRO']: possibly delisted; no timezone found
$MPC: possibly delisted; no price data found  (1d 2014-06-21 -> 2014-06-22)

1 Failed download:
['MPC']: possibly delisted; no price data found  (1d 2014-06-21 -> 2014-06-22)
$MOS: possibly delisted; no price data found  (1d 2014-06-21 -> 2014-06-22)

1 Failed download:
['MOS']: possibly delisted; no price data found  (1d 2014-06-21 -> 2014-06-22)
$MYL: possibly delisted; no timezone found
$NAVI: possibly delisted; no price data found  (1d 2014-06-21 -> 2014-06-22)

1 Failed download:
['NAVI']: possibly delisted; no price data found  (1d 2014-06-21 -> 2014-06-22)
$MS: possibly delisted; no price data found  (1d 2014-06-21 -> 2014-06-22)

1 Failed download:
['MS']: possibly delisted; no price data found  (1d 2014-06-21 -> 2014-06-22)
$NBL: possibly delisted; no timezone found
$MU: possibly delisted; no price data found  (1d 2014-06-21 -> 2014-06-22)

1 Failed download:
['MU']: possibly delisted; no price data found  (1d 2014-06-21 -> 2014-06-22)
$MTB: possibly delisted; no price data found  (1d 2014-06-21 -> 2014-06-22)

1 Failed download:
['MTB']: possibly delisted; no price data found  (1d 2014-06-21 -> 2014-06-22)
$MUR: possibly delisted; no price data found  (1d 2014-06-21 -> 2014-06-22)

1 Failed download:
['MUR']: possibly delisted; no price data found  (1d 2014-06-21 -> 2014-06-22)
$MYL: possibly delisted; no timezone found
$NBL: possibly delisted; no timezone found

1 Failed download:
['MYL']: possibly delisted; no timezone found

1 Failed download:
['NBL']: possibly delisted; no timezone found
$MSI: possibly delisted; no price data found  (1d 2014-06-21 -> 2014-06-22)

1 Failed download:
['MSI']: possibly delisted; no price data found  (1d 2014-06-21 -> 2014-06-22)
$NDAQ: possibly delisted; no price data found  (1d 2014-06-21 -> 2014-06-22)

1 Failed download:
['NDAQ']: possibly delisted; no price data found  (1d 2014-06-21 -> 2014-06-22)
$NE: Data doesn't exist for startDate = 1403323200, endDate = 1404273600

1 Failed download:
['NE']: Data doesn't exist for startDate = 1403323200, endDate = 1404273600
$NLSN: possibly delisted; no timezone found
$NFX: Data doesn't exist for startDate = 1403323200, endDate = 1404273600

1 Failed download:
['NFX']: Data doesn't exist for startDate = 1403323200, endDate = 1404273600
$NBR: possibly delisted; no price data found  (1d 2014-06-21 -> 2014-06-22)

1 Failed download:
['NBR']: possibly delisted; no price data found  (1d 2014-06-21 -> 2014-06-22)
$NEM: possibly delisted; no price data found  (1d 2014-06-21 -> 2014-06-22)
$NLSN: possibly delisted; no timezone found

1 Failed download:
['NEM']: possibly delisted; no price data found  (1d 2014-06-21 -> 2014-06-22)

1 Failed download:
['NLSN']: possibly delisted; no timezone found
$NI: possibly delisted; no price data found  (1d 2014-06-21 -> 2014-06-22)

1 Failed download:
['NI']: possibly delisted; no price data found  (1d 2014-06-21 -> 2014-06-22)
$NRG: possibly delisted; no price data found  (1d 2014-06-21 -> 2014-06-22)

1 Failed download:
['NRG']: possibly delisted; no price data found  (1d 2014-06-21 -> 2014-06-22)
$NOC: possibly delisted; no price data found  (1d 2014-06-21 -> 2014-06-22)

1 Failed download:
['NOC']: possibly delisted; no price data found  (1d 2014-06-21 -> 2014-06-22)
$NTAP: possibly delisted; no price data found  (1d 2014-06-21 -> 2014-06-22)

1 Failed download:
['NTAP']: possibly delisted; no price data found  (1d 2014-06-21 -> 2014-06-22)
$NSC: possibly delisted; no price data found  (1d 2014-06-21 -> 2014-06-22)

1 Failed download:
['NSC']: possibly delisted; no price data found  (1d 2014-06-21 -> 2014-06-22)
$NWSA: possibly delisted; no price data found  (1d 2014-06-21 -> 2014-06-22)

1 Failed download:
['NWSA']: possibly delisted; no price data found  (1d 2014-06-21 -> 2014-06-22)
$NVDA: possibly delisted; no price data found  (1d 2014-06-21 -> 2014-06-22)

1 Failed download:
$OI: possibly delisted; no price data found  (1d 2014-06-21 -> 2014-06-22)
['NVDA']: possibly delisted; no price data found  (1d 2014-06-21 -> 2014-06-22)

1 Failed download:
['OI']: possibly delisted; no price data found  (1d 2014-06-21 -> 2014-06-22)
$NUE: possibly delisted; no price data found  (1d 2014-06-21 -> 2014-06-22)

1 Failed download:
['NUE']: possibly delisted; no price data found  (1d 2014-06-21 -> 2014-06-22)
$NTRS: possibly delisted; no price data found  (1d 2014-06-21 -> 2014-06-22)

1 Failed download:
['NTRS']: possibly delisted; no price data found  (1d 2014-06-21 -> 2014-06-22)
$NWL: possibly delisted; no price data found  (1d 2014-06-21 -> 2014-06-22)

1 Failed download:
['NWL']: possibly delisted; no price data found  (1d 2014-06-21 -> 2014-06-22)
$PBCT: possibly delisted; no timezone found
$OMC: possibly delisted; no price data found  (1d 2014-06-21 -> 2014-06-22)

1 Failed download:
['OMC']: possibly delisted; no price data found  (1d 2014-06-21 -> 2014-06-22)
$OKE: possibly delisted; no price data found  (1d 2014-06-21 -> 2014-06-22)

1 Failed download:
['OKE']: possibly delisted; no price data found  (1d 2014-06-21 -> 2014-06-22)
$ORLY: possibly delisted; no price data found  (1d 2014-06-21 -> 2014-06-22)

1 Failed download:
['ORLY']: possibly delisted; no price data found  (1d 2014-06-21 -> 2014-06-22)
$PCP: possibly delisted; no price data found  (1d 1927-10-10 -> 2026-09-15)
$OXY: possibly delisted; no price data found  (1d 2014-06-21 -> 2014-06-22)
$PBCT: possibly delisted; no timezone found

1 Failed download:
['OXY']: possibly delisted; no price data found  (1d 2014-06-21 -> 2014-06-22)

1 Failed download:
['PBCT']: possibly delisted; no timezone found
$PAYX: possibly delisted; no price data found  (1d 2014-06-21 -> 2014-06-22)

1 Failed download:
['PAYX']: possibly delisted; no price data found  (1d 2014-06-21 -> 2014-06-22)
$PDCO: possibly delisted; no timezone found
$PCL: Data doesn't exist for startDate = 1403323200, endDate = 1404273600
$PCP: Data doesn't exist for startDate = 1403323200, endDate = 1404273600

1 Failed download:
['PCL']: Data doesn't exist for startDate = 1403323200, endDate = 1404273600

1 Failed download:
['PCP']: Data doesn't exist for startDate = 1403323200, endDate = 1404273600
$PDCO: possibly delisted; no timezone found

1 Failed download:
['PDCO']: possibly delisted; no timezone found
$PBI: possibly delisted; no price data found  (1d 2014-06-21 -> 2014-06-22)

1 Failed download:
$PCG: possibly delisted; no price data found  (1d 2014-06-21 -> 2014-06-22)
['PBI']: possibly delisted; no price data found  (1d 2014-06-21 -> 2014-06-22)

1 Failed download:
['PCG']: possibly delisted; no price data found  (1d 2014-06-21 -> 2014-06-22)
$PFG: possibly delisted; no price data found  (1d 2014-06-21 -> 2014-06-22)

1 Failed download:
['PFG']: possibly delisted; no price data found  (1d 2014-06-21 -> 2014-06-22)
$PEG: possibly delisted; no price data found  (1d 2014-06-21 -> 2014-06-22)
$PCAR: possibly delisted; no price data found  (1d 2014-06-21 -> 2014-06-22)

1 Failed download:
['PEG']: possibly delisted; no price data found  (1d 2014-06-21 -> 2014-06-22)

1 Failed download:
['PCAR']: possibly delisted; no price data found  (1d 2014-06-21 -> 2014-06-22)
$PKI: possibly delisted; no timezone found
$PLL: possibly delisted; no timezone found
$PLD: possibly delisted; no price data found  (1d 2014-06-21 -> 2014-06-22)
$PKI: possibly delisted; no timezone found
$PLL: possibly delisted; no timezone found

1 Failed download:
['PLD']: possibly delisted; no price data found  (1d 2014-06-21 -> 2014-06-22)

1 Failed download:
['PLL']: possibly delisted; no timezone found

1 Failed download:
['PKI']: possibly delisted; no timezone found
$PGR: possibly delisted; no price data found  (1d 2014-06-21 -> 2014-06-22)

1 Failed download:
['PGR']: possibly delisted; no price data found  (1d 2014-06-21 -> 2014-06-22)
$PH: possibly delisted; no price data found  (1d 2014-06-21 -> 2014-06-22)

1 Failed download:
['PH']: possibly delisted; no price data found  (1d 2014-06-21 -> 2014-06-22)
$PHM: possibly delisted; no price data found  (1d 2014-06-21 -> 2014-06-22)

1 Failed download:
['PHM']: possibly delisted; no price data found  (1d 2014-06-21 -> 2014-06-22)
$PM: possibly delisted; no price data found  (1d 2014-06-21 -> 2014-06-22)

1 Failed download:
['PM']: possibly delisted; no price data found  (1d 2014-06-21 -> 2014-06-22)
$POM: Data doesn't exist for startDate = 1403323200, endDate = 1404273600

1 Failed download:
['POM']: Data doesn't exist for startDate = 1403323200, endDate = 1404273600
$PNR: possibly delisted; no price data found  (1d 2014-06-21 -> 2014-06-22)

1 Failed download:
['PNR']: possibly delisted; no price data found  (1d 2014-06-21 -> 2014-06-22)
$PNC: possibly delisted; no price data found  (1d 2014-06-21 -> 2014-06-22)

1 Failed download:
['PNC']: possibly delisted; no price data found  (1d 2014-06-21 -> 2014-06-22)
$PNW: possibly delisted; no price data found  (1d 2014-06-21 -> 2014-06-22)

1 Failed download:
['PNW']: possibly delisted; no price data found  (1d 2014-06-21 -> 2014-06-22)
$PRGO: possibly delisted; no price data found  (1d 2014-06-21 -> 2014-06-22)

1 Failed download:
['PRGO']: possibly delisted; no price data found  (1d 2014-06-21 -> 2014-06-22)
$PX: possibly delisted; no timezone found
$PXD: possibly delisted; no timezone found
$PSX: possibly delisted; no price data found  (1d 2014-06-21 -> 2014-06-22)

1 Failed download:
['PSX']: possibly delisted; no price data found  (1d 2014-06-21 -> 2014-06-22)
$PRU: possibly delisted; no price data found  (1d 2014-06-21 -> 2014-06-22)

1 Failed download:
['PRU']: possibly delisted; no price data found  (1d 2014-06-21 -> 2014-06-22)
$QEP: possibly delisted; no timezone found
$RAI: possibly delisted; no price data found  (1d 1927-10-10 -> 2026-09-15)
$PPL: possibly delisted; no price data found  (1d 2014-06-21 -> 2014-06-22)

1 Failed download:
['PPL']: possibly delisted; no price data found  (1d 2014-06-21 -> 2014-06-22)
$PVH: possibly delisted; no price data found  (1d 2014-06-21 -> 2014-06-22)

1 Failed download:
['PVH']: possibly delisted; no price data found  (1d 2014-06-21 -> 2014-06-22)
$PWR: possibly delisted; no price data found  (1d 2014-06-21 -> 2014-06-22)

1 Failed download:
['PWR']: possibly delisted; no price data found  (1d 2014-06-21 -> 2014-06-22)
$PX: possibly delisted; no timezone found
$PXD: possibly delisted; no timezone found
$QEP: possibly delisted; no timezone found

1 Failed download:
['PX']: possibly delisted; no timezone found

1 Failed download:
['PXD']: possibly delisted; no timezone found

1 Failed download:
['QEP']: possibly delisted; no timezone found
$QCOM: possibly delisted; no price data found  (1d 2014-06-21 -> 2014-06-22)

1 Failed download:
['QCOM']: possibly delisted; no price data found  (1d 2014-06-21 -> 2014-06-22)
$RDC: possibly delisted; no timezone found
$RAI: possibly delisted; no price data found  (1d 2014-06-21 -> 2014-07-02)

1 Failed download:
['RAI']: possibly delisted; no price data found  (1d 2014-06-21 -> 2014-07-02)
$R: possibly delisted; no price data found  (1d 2014-06-21 -> 2014-06-22)

1 Failed download:
['R']: possibly delisted; no price data found  (1d 2014-06-21 -> 2014-06-22)
$RDC: possibly delisted; no timezone found

1 Failed download:
['RDC']: possibly delisted; no timezone found
$REGN: possibly delisted; no price data found  (1d 2014-06-21 -> 2014-06-22)

1 Failed download:
['REGN']: possibly delisted; no price data found  (1d 2014-06-21 -> 2014-06-22)
$RHT: possibly delisted; no timezone found
$RF: possibly delisted; no price data found  (1d 2014-06-21 -> 2014-06-22)

1 Failed download:
['RF']: possibly delisted; no price data found  (1d 2014-06-21 -> 2014-06-22)
$RIG: possibly delisted; no price data found  (1d 2014-06-21 -> 2014-06-22)
$RHT: possibly delisted; no timezone found

1 Failed download:
['RIG']: possibly delisted; no price data found  (1d 2014-06-21 -> 2014-06-22)

1 Failed download:
['RHT']: possibly delisted; no timezone found
$RL: possibly delisted; no price data found  (1d 2014-06-21 -> 2014-06-22)

1 Failed download:
['RL']: possibly delisted; no price data found  (1d 2014-06-21 -> 2014-06-22)
$RHI: possibly delisted; no price data found  (1d 2014-06-21 -> 2014-06-22)

1 Failed download:
['RHI']: possibly delisted; no price data found  (1d 2014-06-21 -> 2014-06-22)
$RTN: possibly delisted; no timezone found
$ROP: possibly delisted; no price data found  (1d 2014-06-21 -> 2014-06-22)

1 Failed download:
['ROP']: possibly delisted; no price data found  (1d 2014-06-21 -> 2014-06-22)
$ROK: possibly delisted; no price data found  (1d 2014-06-21 -> 2014-06-22)

1 Failed download:
['ROK']: possibly delisted; no price data found  (1d 2014-06-21 -> 2014-06-22)
$SEE: possibly delisted; no timezone found
$SIAL: possibly delisted; no price data found  (1d 1927-10-10 -> 2026-09-15)
$ROST: possibly delisted; no price data found  (1d 2014-06-21 -> 2014-06-22)

1 Failed download:
['ROST']: possibly delisted; no price data found  (1d 2014-06-21 -> 2014-06-22)
$RRC: possibly delisted; no price data found  (1d 2014-06-21 -> 2014-06-22)
$RTN: possibly delisted; no timezone found

1 Failed download:
['RTN']: possibly delisted; no timezone found

1 Failed download:
['RRC']: possibly delisted; no price data found  (1d 2014-06-21 -> 2014-06-22)
$RSG: possibly delisted; no price data found  (1d 2014-06-21 -> 2014-06-22)

1 Failed download:
['RSG']: possibly delisted; no price data found  (1d 2014-06-21 -> 2014-06-22)
$SNI: possibly delisted; no price data found  (1d 1927-10-10 -> 2026-09-15)
$SCHW: possibly delisted; no price data found  (1d 2014-06-21 -> 2014-06-22)

1 Failed download:
['SCHW']: possibly delisted; no price data found  (1d 2014-06-21 -> 2014-06-22)
$SEE: possibly delisted; no timezone found

1 Failed download:
['SEE']: possibly delisted; no timezone found
$SE: Data doesn't exist for startDate = 1403323200, endDate = 1404273600

1 Failed download:
['SE']: Data doesn't exist for startDate = 1403323200, endDate = 1404273600
$SJM: possibly delisted; no price data found  (1d 2014-06-21 -> 2014-06-22)

1 Failed download:
['SJM']: possibly delisted; no price data found  (1d 2014-06-21 -> 2014-06-22)
$SNI: possibly delisted; no price data found  (1d 2014-06-21 -> 2014-07-02)

1 Failed download:
['SNI']: possibly delisted; no price data found  (1d 2014-06-21 -> 2014-07-02)
$SIAL: possibly delisted; no price data found  (1d 2014-06-21 -> 2014-07-02)

1 Failed download:
['SIAL']: possibly delisted; no price data found  (1d 2014-06-21 -> 2014-07-02)
$SHW: possibly delisted; no price data found  (1d 2014-06-21 -> 2014-06-22)

1 Failed download:
['SHW']: possibly delisted; no price data found  (1d 2014-06-21 -> 2014-06-22)
$SNDK: Data doesn't exist for startDate = 1403323200, endDate = 1739336400

1 Failed download:
['SNDK']: Data doesn't exist for startDate = 1403323200, endDate = 1739336400
$SRCL: possibly delisted; no timezone found
$STJ: possibly delisted; no price data found  (1d 1927-10-10 -> 2026-09-15)
$SPLS: Data doesn't exist for startDate = 1403323200, endDate = 1404273600

1 Failed download:
['SPLS']: Data doesn't exist for startDate = 1403323200, endDate = 1404273600
$SNA: possibly delisted; no price data found  (1d 2014-06-21 -> 2014-06-22)

1 Failed download:
['SNA']: possibly delisted; no price data found  (1d 2014-06-21 -> 2014-06-22)
$SPGI: possibly delisted; no price data found  (1d 2014-06-21 -> 2014-06-22)

1 Failed download:
['SPGI']: possibly delisted; no price data found  (1d 2014-06-21 -> 2014-06-22)
$SRCL: possibly delisted; no timezone found

1 Failed download:
['SRCL']: possibly delisted; no timezone found
$STI: Data doesn't exist for startDate = 1403323200, endDate = 1404273600

1 Failed download:
['STI']: Data doesn't exist for startDate = 1403323200, endDate = 1404273600
$SWN: possibly delisted; no timezone found
$SRE: possibly delisted; no price data found  (1d 2014-06-21 -> 2014-06-22)

1 Failed download:
['SRE']: possibly delisted; no price data found  (1d 2014-06-21 -> 2014-06-22)
$STJ: possibly delisted; no price data found  (1d 2014-06-21 -> 2014-07-02)

1 Failed download:
['STJ']: possibly delisted; no price data found  (1d 2014-06-21 -> 2014-07-02)
$SYMC: possibly delisted; no timezone found
$STX: possibly delisted; no price data found  (1d 2014-06-21 -> 2014-06-22)

1 Failed download:
['STX']: possibly delisted; no price data found  (1d 2014-06-21 -> 2014-06-22)
$STT: possibly delisted; no price data found  (1d 2014-06-21 -> 2014-06-22)
$STZ: possibly delisted; no price data found  (1d 2014-06-21 -> 2014-06-22)

1 Failed download:
['STT']: possibly delisted; no price data found  (1d 2014-06-21 -> 2014-06-22)
$SWN: possibly delisted; no timezone found

1 Failed download:
['STZ']: possibly delisted; no price data found  (1d 2014-06-21 -> 2014-06-22)

1 Failed download:
['SWN']: possibly delisted; no timezone found
$SYMC: possibly delisted; no timezone found

1 Failed download:
['SYMC']: possibly delisted; no timezone found
$SWK: possibly delisted; no price data found  (1d 2014-06-21 -> 2014-06-22)
$SYK: possibly delisted; no price data found  (1d 2014-06-21 -> 2014-06-22)

1 Failed download:
['SWK']: possibly delisted; no price data found  (1d 2014-06-21 -> 2014-06-22)

1 Failed download:
['SYK']: possibly delisted; no price data found  (1d 2014-06-21 -> 2014-06-22)
$TGNA: possibly delisted; no timezone found
$TEL: possibly delisted; no price data found  (1d 2014-06-21 -> 2014-06-22)

1 Failed download:
['TEL']: possibly delisted; no price data found  (1d 2014-06-21 -> 2014-06-22)
$TE: Data doesn't exist for startDate = 1403323200, endDate = 1404273600

1 Failed download:
['TE']: Data doesn't exist for startDate = 1403323200, endDate = 1404273600
$TIF: possibly delisted; no timezone found
$TDC: possibly delisted; no price data found  (1d 2014-06-21 -> 2014-06-22)

1 Failed download:
['TDC']: possibly delisted; no price data found  (1d 2014-06-21 -> 2014-06-22)
$SYY: possibly delisted; no price data found  (1d 2014-06-21 -> 2014-06-22)
$TGNA: possibly delisted; no timezone found

1 Failed download:
['TGNA']: possibly delisted; no timezone found

1 Failed download:
['SYY']: possibly delisted; no price data found  (1d 2014-06-21 -> 2014-06-22)
$TMK: possibly delisted; no timezone found
$TAP: possibly delisted; no price data found  (1d 2014-06-21 -> 2014-06-22)

1 Failed download:
['TAP']: possibly delisted; no price data found  (1d 2014-06-21 -> 2014-06-22)
$TGT: possibly delisted; no price data found  (1d 2014-06-21 -> 2014-06-22)

1 Failed download:
['TGT']: possibly delisted; no price data found  (1d 2014-06-21 -> 2014-06-22)
$THC: possibly delisted; no price data found  (1d 2014-06-21 -> 2014-06-22)
$TIF: possibly delisted; no timezone found

1 Failed download:
['TIF']: possibly delisted; no timezone found

1 Failed download:
['THC']: possibly delisted; no price data found  (1d 2014-06-21 -> 2014-06-22)
$TJX: possibly delisted; no price data found  (1d 2014-06-21 -> 2014-06-22)

1 Failed download:
['TJX']: possibly delisted; no price data found  (1d 2014-06-21 -> 2014-06-22)
$TWC: possibly delisted; no price data found  (1d 1927-10-10 -> 2026-09-15)
$TMO: possibly delisted; no price data found  (1d 2014-06-21 -> 2014-06-22)

1 Failed download:
['TMO']: possibly delisted; no price data found  (1d 2014-06-21 -> 2014-06-22)
$TRIP: possibly delisted; no price data found  (1d 2014-06-21 -> 2014-06-22)

1 Failed download:
['TRIP']: possibly delisted; no price data found  (1d 2014-06-21 -> 2014-06-22)
$TMK: possibly delisted; no timezone found

1 Failed download:
['TMK']: possibly delisted; no timezone found
$TSS: possibly delisted; no timezone found
$TWC: possibly delisted; no price data found  (1d 2014-06-21 -> 2014-07-02)

1 Failed download:
['TWC']: possibly delisted; no price data found  (1d 2014-06-21 -> 2014-07-02)
$TPR: possibly delisted; no price data found  (1d 2014-06-21 -> 2014-06-22)

1 Failed download:
['TPR']: possibly delisted; no price data found  (1d 2014-06-21 -> 2014-06-22)
$TROW: possibly delisted; no price data found  (1d 2014-06-21 -> 2014-06-22)

1 Failed download:
['TROW']: possibly delisted; no price data found  (1d 2014-06-21 -> 2014-06-22)
$TRV: possibly delisted; no price data found  (1d 2014-06-21 -> 2014-06-22)

1 Failed download:
['TRV']: possibly delisted; no price data found  (1d 2014-06-21 -> 2014-06-22)
$TSN: possibly delisted; no price data found  (1d 2014-06-21 -> 2014-06-22)

1 Failed download:
['TSN']: possibly delisted; no price data found  (1d 2014-06-21 -> 2014-06-22)
$TSS: possibly delisted; no timezone found

1 Failed download:
['TSS']: possibly delisted; no timezone found
$TSCO: possibly delisted; no price data found  (1d 2014-06-21 -> 2014-06-22)

1 Failed download:
['TSCO']: possibly delisted; no price data found  (1d 2014-06-21 -> 2014-06-22)
$UAA: possibly delisted; no price data found  (1d 2014-06-21 -> 2014-06-22)

1 Failed download:
['UAA']: possibly delisted; no price data found  (1d 2014-06-21 -> 2014-06-22)
$UTX: possibly delisted; no timezone found
$TXN: possibly delisted; no price data found  (1d 2014-06-21 -> 2014-06-22)
$UNH: possibly delisted; no price data found  (1d 2014-06-21 -> 2014-06-22)

1 Failed download:
['UNH']: possibly delisted; no price data found  (1d 2014-06-21 -> 2014-06-22)

1 Failed download:
['TXN']: possibly delisted; no price data found  (1d 2014-06-21 -> 2014-06-22)
$TXT: possibly delisted; no price data found  (1d 2014-06-21 -> 2014-06-22)

1 Failed download:
['TXT']: possibly delisted; no price data found  (1d 2014-06-21 -> 2014-06-22)
$UNM: possibly delisted; no price data found  (1d 2014-06-21 -> 2014-06-22)

1 Failed download:
['UNM']: possibly delisted; no price data found  (1d 2014-06-21 -> 2014-06-22)
$UTX: possibly delisted; no timezone found

1 Failed download:
['UTX']: possibly delisted; no timezone found
$VAR: possibly delisted; no timezone found
$URBN: possibly delisted; no price data found  (1d 2014-06-21 -> 2014-06-22)
$VIAB: possibly delisted; no timezone found

1 Failed download:
['URBN']: possibly delisted; no price data found  (1d 2014-06-21 -> 2014-06-22)
$VAR: possibly delisted; no timezone found
$USB: possibly delisted; no price data found  (1d 2014-06-21 -> 2014-06-22)
$VIAB: possibly delisted; no timezone found

1 Failed download:
['VAR']: possibly delisted; no timezone found

1 Failed download:
['VIAB']: possibly delisted; no timezone found

1 Failed download:
['USB']: possibly delisted; no price data found  (1d 2014-06-21 -> 2014-06-22)
$WBA: possibly delisted; no timezone found
$WBA: possibly delisted; no timezone found
$VRTX: possibly delisted; no price data found  (1d 2014-06-21 -> 2014-06-22)

1 Failed download:
['WBA']: possibly delisted; no timezone found

1 Failed download:
['VRTX']: possibly delisted; no price data found  (1d 2014-06-21 -> 2014-06-22)
$VMC: possibly delisted; no price data found  (1d 2014-06-21 -> 2014-06-22)

1 Failed download:
['VMC']: possibly delisted; no price data found  (1d 2014-06-21 -> 2014-06-22)
$VLO: possibly delisted; no price data found  (1d 2014-06-21 -> 2014-06-22)

1 Failed download:
['VLO']: possibly delisted; no price data found  (1d 2014-06-21 -> 2014-06-22)
$VRSN: possibly delisted; no price data found  (1d 2014-06-21 -> 2014-06-22)

1 Failed download:
['VRSN']: possibly delisted; no price data found  (1d 2014-06-21 -> 2014-06-22)
$VNO: possibly delisted; no price data found  (1d 2014-06-21 -> 2014-06-22)

1 Failed download:
['VNO']: possibly delisted; no price data found  (1d 2014-06-21 -> 2014-06-22)
$WFM: possibly delisted; no price data found  (1d 1927-10-10 -> 2026-09-15)
$WAT: possibly delisted; no price data found  (1d 2014-06-21 -> 2014-06-22)

1 Failed download:
['WAT']: possibly delisted; no price data found  (1d 2014-06-21 -> 2014-06-22)
$VTR: possibly delisted; no price data found  (1d 2014-06-21 -> 2014-06-22)

1 Failed download:
['VTR']: possibly delisted; no price data found  (1d 2014-06-21 -> 2014-06-22)
$WDC: possibly delisted; no price data found  (1d 2014-06-21 -> 2014-06-22)

1 Failed download:
['WDC']: possibly delisted; no price data found  (1d 2014-06-21 -> 2014-06-22)
$WIN: possibly delisted; no timezone found
$WFM: possibly delisted; no price data found  (1d 2014-06-21 -> 2014-07-02)

1 Failed download:
['WFM']: possibly delisted; no price data found  (1d 2014-06-21 -> 2014-07-02)
$VZ: possibly delisted; no price data found  (1d 2014-06-21 -> 2014-06-22)

1 Failed download:
['VZ']: possibly delisted; no price data found  (1d 2014-06-21 -> 2014-06-22)
$WEC: possibly delisted; no price data found  (1d 2014-06-21 -> 2014-06-22)
$WIN: possibly delisted; no timezone found

1 Failed download:
['WIN']: possibly delisted; no timezone found

1 Failed download:
['WEC']: possibly delisted; no price data found  (1d 2014-06-21 -> 2014-06-22)
$WELL: possibly delisted; no price data found  (1d 2014-06-21 -> 2014-06-22)

1 Failed download:
['WELL']: possibly delisted; no price data found  (1d 2014-06-21 -> 2014-06-22)
$WHR: possibly delisted; no price data found  (1d 2014-06-21 -> 2014-06-22)

1 Failed download:
['WHR']: possibly delisted; no price data found  (1d 2014-06-21 -> 2014-06-22)
$WYND: possibly delisted; no timezone found
$X: possibly delisted; no timezone found
$WM: possibly delisted; no price data found  (1d 2014-06-21 -> 2014-06-22)
$WMB: possibly delisted; no price data found  (1d 2014-06-21 -> 2014-06-22)

1 Failed download:
['WM']: possibly delisted; no price data found  (1d 2014-06-21 -> 2014-06-22)

1 Failed download:
['WMB']: possibly delisted; no price data found  (1d 2014-06-21 -> 2014-06-22)
$XEC: possibly delisted; no timezone found
$WU: possibly delisted; no price data found  (1d 2014-06-21 -> 2014-06-22)
$X: possibly delisted; no timezone found
$WYND: possibly delisted; no timezone found

1 Failed download:
['WU']: possibly delisted; no price data found  (1d 2014-06-21 -> 2014-06-22)

1 Failed download:
['X']: possibly delisted; no timezone found

1 Failed download:
['WYND']: possibly delisted; no timezone found
$WYNN: possibly delisted; no price data found  (1d 2014-06-21 -> 2014-06-22)

1 Failed download:
['WYNN']: possibly delisted; no price data found  (1d 2014-06-21 -> 2014-06-22)
$XLNX: possibly delisted; no timezone found
$XL: possibly delisted; no timezone found
$WY: possibly delisted; no price data found  (1d 2014-06-21 -> 2014-06-22)

1 Failed download:
['WY']: possibly delisted; no price data found  (1d 2014-06-21 -> 2014-06-22)
$XEC: possibly delisted; no timezone found

1 Failed download:
['XEC']: possibly delisted; no timezone found
$XEL: possibly delisted; no price data found  (1d 2014-06-21 -> 2014-06-22)
$XLNX: possibly delisted; no timezone found

1 Failed download:
['XLNX']: possibly delisted; no timezone found

1 Failed download:
['XEL']: possibly delisted; no price data found  (1d 2014-06-21 -> 2014-06-22)
$XL: possibly delisted; no timezone found

1 Failed download:
['XL']: possibly delisted; no timezone found
$XYL: possibly delisted; no price data found  (1d 2014-06-21 -> 2014-06-22)

1 Failed download:
['XYL']: possibly delisted; no price data found  (1d 2014-06-21 -> 2014-06-22)
$ZTS: possibly delisted; no price data found  (1d 2014-06-21 -> 2014-06-22)

1 Failed download:
['ZTS']: possibly delisted; no price data found  (1d 2014-06-21 -> 2014-06-22)
$XRAY: possibly delisted; no price data found  (1d 2014-06-21 -> 2014-06-22)

1 Failed download:
['XRAY']: possibly delisted; no price data found  (1d 2014-06-21 -> 2014-06-22)
$YUM: possibly delisted; no price data found  (1d 2014-06-21 -> 2014-06-22)

1 Failed download:
['YUM']: possibly delisted; no price data found  (1d 2014-06-21 -> 2014-06-22)
$ZBH: possibly delisted; no price data found  (1d 2014-06-21 -> 2014-06-22)

1 Failed download:
['ZBH']: possibly delisted; no price data found  (1d 2014-06-21 -> 2014-06-22)
$ZION: possibly delisted; no price data found  (1d 2014-06-21 -> 2014-06-22)

1 Failed download:
['ZION']: possibly delisted; no price data found  (1d 2014-06-21 -> 2014-06-22)
$XRX: possibly delisted; no price data found  (1d 2014-06-21 -> 2014-06-22)

1 Failed download:
['XRX']: possibly delisted; no price data found  (1d 2014-06-21 -> 2014-06-22)
$V: possibly delisted; no price data found  (1d 2012-07-01 -> 2012-07-01)

1 Failed download:
['V']: possibly delisted; no price data found  (1d 2012-07-01 -> 2012-07-01)
$XOM: possibly delisted; no price data found  (1d 2012-07-01 -> 2012-07-01)

1 Failed download:
['XOM']: possibly delisted; no price data found  (1d 2012-07-01 -> 2012-07-01)
$MSFT: possibly delisted; no price data found  (1d 2012-07-01 -> 2012-07-01)

1 Failed download:
['MSFT']: possibly delisted; no price data found  (1d 2012-07-01 -> 2012-07-01)
$JNJ: possibly delisted; no price data found  (1d 2012-07-01 -> 2012-07-01)

1 Failed download:
['JNJ']: possibly delisted; no price data found  (1d 2012-07-01 -> 2012-07-01)
$WFC: possibly delisted; no price data found  (1d 2012-07-01 -> 2012-07-01)

1 Failed download:
['WFC']: possibly delisted; no price data found  (1d 2012-07-01 -> 2012-07-01)
$GOOGL: possibly delisted; no price data found  (1d 2012-07-01 -> 2012-07-01)

1 Failed download:
['GOOGL']: possibly delisted; no price data found  (1d 2012-07-01 -> 2012-07-01)
$BRK-B: possibly delisted; no price data found  (1d 2012-07-01 -> 2012-07-01)

1 Failed download:
['BRK-B']: possibly delisted; no price data found  (1d 2012-07-01 -> 2012-07-01)
$GE: possibly delisted; no price data found  (1d 2012-07-01 -> 2012-07-01)

1 Failed download:
['GE']: possibly delisted; no price data found  (1d 2012-07-01 -> 2012-07-01)
$AAPL: possibly delisted; no price data found  (1d 2012-07-01 -> 2012-07-01)

1 Failed download:
['AAPL']: possibly delisted; no price data found  (1d 2012-07-01 -> 2012-07-01)
$GOOG: possibly delisted; no price data found  (1d 2012-07-01 -> 2012-07-01)

1 Failed download:
['GOOG']: possibly delisted; no price data found  (1d 2012-07-01 -> 2012-07-01)
$CVX: possibly delisted; no price data found  (1d 2012-07-01 -> 2012-07-01)

1 Failed download:
['CVX']: possibly delisted; no price data found  (1d 2012-07-01 -> 2012-07-01)
$WMT: possibly delisted; no price data found  (1d 2012-07-01 -> 2012-07-01)

1 Failed download:
['WMT']: possibly delisted; no price data found  (1d 2012-07-01 -> 2012-07-01)
$T: possibly delisted; no price data found  (1d 2012-07-01 -> 2012-07-01)

1 Failed download:
['T']: possibly delisted; no price data found  (1d 2012-07-01 -> 2012-07-01)
$PG: possibly delisted; no price data found  (1d 2012-07-01 -> 2012-07-01)

1 Failed download:
['PG']: possibly delisted; no price data found  (1d 2012-07-01 -> 2012-07-01)
$JPM: possibly delisted; no price data found  (1d 2012-07-01 -> 2012-07-01)

1 Failed download:
['JPM']: possibly delisted; no price data found  (1d 2012-07-01 -> 2012-07-01)
$NFLX: possibly delisted; no price data found  (1d 2012-07-01 -> 2012-07-01)

1 Failed download:
['NFLX']: possibly delisted; no price data found  (1d 2012-07-01 -> 2012-07-01)
$PFE: possibly delisted; no price data found  (1d 2012-07-01 -> 2012-07-01)

1 Failed download:
['PFE']: possibly delisted; no price data found  (1d 2012-07-01 -> 2012-07-01)
$KO: possibly delisted; no price data found  (1d 2012-07-01 -> 2012-07-01)

1 Failed download:
['KO']: possibly delisted; no price data found  (1d 2012-07-01 -> 2012-07-01)
$ORCL: possibly delisted; no price data found  (1d 2012-07-01 -> 2012-07-01)

1 Failed download:
['ORCL']: possibly delisted; no price data found  (1d 2012-07-01 -> 2012-07-01)
$MRK: possibly delisted; no price data found  (1d 2012-07-01 -> 2012-07-01)

1 Failed download:
['MRK']: possibly delisted; no price data found  (1d 2012-07-01 -> 2012-07-01)
$AMZN: possibly delisted; no price data found  (1d 2012-07-01 -> 2012-07-01)

1 Failed download:
['AMZN']: possibly delisted; no price data found  (1d 2012-07-01 -> 2012-07-01)
$IBM: possibly delisted; no price data found  (1d 2012-07-01 -> 2012-07-01)

1 Failed download:
['IBM']: possibly delisted; no price data found  (1d 2012-07-01 -> 2012-07-01)
$SLB: possibly delisted; no price data found  (1d 2012-07-01 -> 2012-07-01)

1 Failed download:
['SLB']: possibly delisted; no price data found  (1d 2012-07-01 -> 2012-07-01)
$NKE: possibly delisted; no price data found  (1d 2012-07-01 -> 2012-07-01)

1 Failed download:
['NKE']: possibly delisted; no price data found  (1d 2012-07-01 -> 2012-07-01)
$GILD: possibly delisted; no price data found  (1d 2012-07-01 -> 2012-07-01)
$SBUX: possibly delisted; no price data found  (1d 2012-07-01 -> 2012-07-01)

1 Failed download:
['GILD']: possibly delisted; no price data found  (1d 2012-07-01 -> 2012-07-01)

1 Failed download:
['SBUX']: possibly delisted; no price data found  (1d 2012-07-01 -> 2012-07-01)
$UPS: possibly delisted; no price data found  (1d 2012-07-01 -> 2012-07-01)

1 Failed download:
['UPS']: possibly delisted; no price data found  (1d 2012-07-01 -> 2012-07-01)
$MMM: possibly delisted; no price data found  (1d 2012-07-01 -> 2012-07-01)

1 Failed download:
['MMM']: possibly delisted; no price data found  (1d 2012-07-01 -> 2012-07-01)
$CF: possibly delisted; no price data found  (1d 2012-07-01 -> 2012-07-01)

1 Failed download:
['CF']: possibly delisted; no price data found  (1d 2012-07-01 -> 2012-07-01)
$PPG: possibly delisted; no price data found  (1d 2012-07-01 -> 2012-07-01)

1 Failed download:
['PPG']: possibly delisted; no price data found  (1d 2012-07-01 -> 2012-07-01)
$TWX: possibly delisted; no price data found  (1d 2012-07-01 -> 2012-07-01)

1 Failed download:
['TWX']: possibly delisted; no price data found  (1d 2012-07-01 -> 2012-07-01)
$SPG: possibly delisted; no price data found  (1d 2012-07-01 -> 2012-07-01)

1 Failed download:
['SPG']: possibly delisted; no price data found  (1d 2012-07-01 -> 2012-07-01)
$DUK: possibly delisted; no price data found  (1d 2012-07-01 -> 2012-07-01)

1 Failed download:
['DUK']: possibly delisted; no price data found  (1d 2012-07-01 -> 2012-07-01)
$NEE: possibly delisted; no price data found  (1d 2012-07-01 -> 2012-07-01)

1 Failed download:
['NEE']: possibly delisted; no price data found  (1d 2012-07-01 -> 2012-07-01)
$ESRX: possibly delisted; no price data found  (1d 2012-07-01 -> 2012-07-01)

1 Failed download:
['ESRX']: possibly delisted; no price data found  (1d 2012-07-01 -> 2012-07-01)
$LYB: possibly delisted; no price data found  (1d 2012-07-01 -> 2012-07-01)

1 Failed download:
['LYB']: possibly delisted; no price data found  (1d 2012-07-01 -> 2012-07-01)
$D: possibly delisted; no price data found  (1d 2012-07-01 -> 2012-07-01)

1 Failed download:
['D']: possibly delisted; no price data found  (1d 2012-07-01 -> 2012-07-01)
$AMT: possibly delisted; no price data found  (1d 2012-07-01 -> 2012-07-01)

1 Failed download:
['AMT']: possibly delisted; no price data found  (1d 2012-07-01 -> 2012-07-01)
$NOV: possibly delisted; no price data found  (1d 2012-07-01 -> 2012-07-01)

1 Failed download:
['NOV']: possibly delisted; no price data found  (1d 2012-07-01 -> 2012-07-01)
$PSA: possibly delisted; no price data found  (1d 2012-07-01 -> 2012-07-01)

1 Failed download:
['PSA']: possibly delisted; no price data found  (1d 2012-07-01 -> 2012-07-01)
$ABC: possibly delisted; no timezone found
$AABA: possibly delisted; no timezone found
$ABC: possibly delisted; no timezone found
$AABA: possibly delisted; no timezone found

1 Failed download:
['ABC']: possibly delisted; no timezone found

1 Failed download:
['AABA']: possibly delisted; no timezone found
$ADS: possibly delisted; no timezone found
$ADS: possibly delisted; no timezone found

1 Failed download:
['ADS']: possibly delisted; no timezone found
$AGN: possibly delisted; no timezone found
$AGN: possibly delisted; no timezone found

1 Failed download:
['AGN']: possibly delisted; no timezone found
$ALXN: possibly delisted; no timezone found
$ALTR: possibly delisted; no timezone found
$ALXN: possibly delisted; no timezone found

1 Failed download:
['ALXN']: possibly delisted; no timezone found
$ADT: Data doesn't exist for startDate = 1419310800, endDate = 1420261200
$ALTR: possibly delisted; no timezone found

1 Failed download:
['ALTR']: possibly delisted; no timezone found

1 Failed download:
['ADT']: Data doesn't exist for startDate = 1419310800, endDate = 1420261200
$ANTM: possibly delisted; no timezone found
$ANTM: possibly delisted; no timezone found

1 Failed download:
['ANTM']: possibly delisted; no timezone found
$ARG: possibly delisted; no price data found  (1d 1927-10-10 -> 2026-09-15)
$APC: Data doesn't exist for startDate = 1419310800, endDate = 1420261200

1 Failed download:
['APC']: Data doesn't exist for startDate = 1419310800, endDate = 1420261200
$ARNC: possibly delisted; no timezone found
$ARNC: possibly delisted; no timezone found

1 Failed download:
['ARNC']: possibly delisted; no timezone found
$ARG: Data doesn't exist for startDate = 1419310800, endDate = 1420261200

1 Failed download:
['ARG']: Data doesn't exist for startDate = 1419310800, endDate = 1420261200
$AVP: possibly delisted; no timezone found
$AVP: possibly delisted; no timezone found

1 Failed download:
['AVP']: possibly delisted; no timezone found
$BCR: possibly delisted; no price data found  (1d 1927-10-10 -> 2026-09-15)
$AVB: Data doesn't exist for startDate = 1419310800, endDate = 1420261200

1 Failed download:
['AVB']: Data doesn't exist for startDate = 1419310800, endDate = 1420261200
$BBBY: Data doesn't exist for startDate = 1419310800, endDate = 1420261200
$BCR: possibly delisted; no price data found  (1d 2014-12-23 -> 2015-01-03)

1 Failed download:
['BBBY']: Data doesn't exist for startDate = 1419310800, endDate = 1420261200

1 Failed download:
['BCR']: possibly delisted; no price data found  (1d 2014-12-23 -> 2015-01-03)
$BHGE: possibly delisted; no timezone found
$BHGE: possibly delisted; no timezone found
$BK: possibly delisted; no timezone found
$BLL: possibly delisted; no timezone found
$BK: possibly delisted; no timezone found
$BLL: possibly delisted; no timezone found

1 Failed download:
['BHGE']: possibly delisted; no timezone found
$BRCM: possibly delisted; no price data found  (1d 1927-10-10 -> 2026-09-15)

1 Failed download:
['BK']: possibly delisted; no timezone found

1 Failed download:
['BLL']: possibly delisted; no timezone found
$BRCM: possibly delisted; no price data found  (1d 2014-12-23 -> 2015-01-03)

1 Failed download:
['BRCM']: possibly delisted; no price data found  (1d 2014-12-23 -> 2015-01-03)
$CA: possibly delisted; no timezone found
$CA: possibly delisted; no timezone found

1 Failed download:
['CA']: possibly delisted; no timezone found
$CBS: possibly delisted; no timezone found
$CBS: possibly delisted; no timezone found

1 Failed download:
['CBS']: possibly delisted; no timezone found
$CCE: possibly delisted; no price data found  (1d 1927-10-10 -> 2026-09-15)
$CERN: possibly delisted; no timezone found
$CELG: possibly delisted; no timezone found
$CHK: possibly delisted; no timezone found
$CAM: Data doesn't exist for startDate = 1419310800, endDate = 1420261200
$CERN: possibly delisted; no timezone found

1 Failed download:
['CERN']: possibly delisted; no timezone found
$CELG: possibly delisted; no timezone found
$CHK: possibly delisted; no timezone found

1 Failed download:
['CHK']: possibly delisted; no timezone found

1 Failed download:
['CAM']: Data doesn't exist for startDate = 1419310800, endDate = 1420261200

1 Failed download:
['CELG']: possibly delisted; no timezone found
$CCE: possibly delisted; no price data found  (1d 2014-12-23 -> 2015-01-03)

1 Failed download:
['CCE']: possibly delisted; no price data found  (1d 2014-12-23 -> 2015-01-03)
$CMA: possibly delisted; no timezone found
$CMA: possibly delisted; no timezone found

1 Failed download:
['CMA']: possibly delisted; no timezone found
$COG: possibly delisted; no timezone found
$COG: possibly delisted; no timezone found

1 Failed download:
['COG']: possibly delisted; no timezone found
$CTL: possibly delisted; no timezone found
$CTL: possibly delisted; no timezone found

1 Failed download:
['CTL']: possibly delisted; no timezone found
$CVC: possibly delisted; no price data found  (1d 1927-10-10 -> 2026-09-15)
$CTXS: possibly delisted; no timezone found
$CTXS: possibly delisted; no timezone found

1 Failed download:
['CTXS']: possibly delisted; no timezone found
$CVC: possibly delisted; no price data found  (1d 2014-12-23 -> 2015-01-03)

1 Failed download:
['CVC']: possibly delisted; no price data found  (1d 2014-12-23 -> 2015-01-03)
$DFS: possibly delisted; no timezone found
$DFS: possibly delisted; no timezone found

1 Failed download:
['DFS']: possibly delisted; no timezone found
$DISCA: possibly delisted; no timezone found
$DISCA: possibly delisted; no timezone found

1 Failed download:
['DISCA']: possibly delisted; no timezone found
$DNB: possibly delisted; no timezone found
$DNR: possibly delisted; no timezone found
$DNB: possibly delisted; no timezone found
$DNR: possibly delisted; no timezone found

1 Failed download:
['DNR']: possibly delisted; no timezone found

1 Failed download:
['DNB']: possibly delisted; no timezone found
$DISCK: possibly delisted; no timezone found
$DISCK: possibly delisted; no timezone found

1 Failed download:
['DISCK']: possibly delisted; no timezone found
$DO: possibly delisted; no timezone found
$DTV: possibly delisted; no timezone found
$DO: possibly delisted; no timezone found

1 Failed download:
['DO']: possibly delisted; no timezone found
$DTV: possibly delisted; no timezone found

1 Failed download:
['DTV']: possibly delisted; no timezone found
$DOW: Data doesn't exist for startDate = 1419310800, endDate = 1552968000

1 Failed download:
['DOW']: Data doesn't exist for startDate = 1419310800, endDate = 1552968000
$EA: Data doesn't exist for startDate = 1419310800, endDate = 1420261200

1 Failed download:
['EA']: Data doesn't exist for startDate = 1419310800, endDate = 1420261200
$EMC: Data doesn't exist for startDate = 1419310800, endDate = 1420261200

1 Failed download:
['EMC']: Data doesn't exist for startDate = 1419310800, endDate = 1420261200
$EQR: Data doesn't exist for startDate = 1419310800, endDate = 1420261200

1 Failed download:
['EQR']: Data doesn't exist for startDate = 1419310800, endDate = 1420261200
$ETFC: possibly delisted; no timezone found
$ESV: possibly delisted; no timezone found
$ETFC: possibly delisted; no timezone found
$ESV: possibly delisted; no timezone found

1 Failed download:
['ETFC']: possibly delisted; no timezone found

1 Failed download:
['ESV']: possibly delisted; no timezone found
$FB: Data doesn't exist for startDate = 1419310800, endDate = 1420261200

1 Failed download:
['FB']: Data doesn't exist for startDate = 1419310800, endDate = 1420261200
$GAS: possibly delisted; no price data found  (1d 1927-10-10 -> 2026-09-15)
$FLIR: possibly delisted; no timezone found
$FLIR: possibly delisted; no timezone found

1 Failed download:
['FLIR']: possibly delisted; no timezone found
$FTR: possibly delisted; no timezone found
$GAS: possibly delisted; no price data found  (1d 2014-12-23 -> 2015-01-03)
$GGP: possibly delisted; no price data found  (1d 1927-10-10 -> 2026-09-15)
$FTR: possibly delisted; no timezone found

1 Failed download:
['GAS']: possibly delisted; no price data found  (1d 2014-12-23 -> 2015-01-03)

1 Failed download:
['FTR']: possibly delisted; no timezone found
$GGP: possibly delisted; no price data found  (1d 2014-12-23 -> 2015-01-03)

1 Failed download:
['GGP']: possibly delisted; no price data found  (1d 2014-12-23 -> 2015-01-03)
$FOXA: Data doesn't exist for startDate = 1419310800, endDate = 1552276800

1 Failed download:
['FOXA']: Data doesn't exist for startDate = 1419310800, endDate = 1552276800
$GMCR: possibly delisted; no price data found  (1d 1927-10-10 -> 2026-09-15)
$GMCR: possibly delisted; no price data found  (1d 2014-12-23 -> 2015-01-03)

1 Failed download:
['GMCR']: possibly delisted; no price data found  (1d 2014-12-23 -> 2015-01-03)
$GPS: possibly delisted; no timezone found
$GPS: possibly delisted; no timezone found

1 Failed download:
['GPS']: possibly delisted; no timezone found
$HAR: possibly delisted; no price data found  (1d 1927-10-10 -> 2026-09-15)
$HCBK: possibly delisted; no price data found  (1d 1927-10-10 -> 2026-09-15)
$HAR: possibly delisted; no price data found  (1d 2014-12-23 -> 2015-01-03)

1 Failed download:
['HAR']: possibly delisted; no price data found  (1d 2014-12-23 -> 2015-01-03)
$HCBK: possibly delisted; no price data found  (1d 2014-12-23 -> 2015-01-03)

1 Failed download:
['HCBK']: possibly delisted; no price data found  (1d 2014-12-23 -> 2015-01-03)
$HCP: possibly delisted; no timezone found
$HCP: possibly delisted; no timezone found

1 Failed download:
['HCP']: possibly delisted; no timezone found
$HES: possibly delisted; no timezone found
$HES: possibly delisted; no timezone found

1 Failed download:
['HES']: possibly delisted; no timezone found
$HSP: possibly delisted; no price data found  (1d 1927-10-10 -> 2026-09-15)
$HOT: possibly delisted; no price data found  (1d 2014-12-23 -> 2015-01-01)

1 Failed download:
['HOT']: possibly delisted; no price data found  (1d 2014-12-23 -> 2015-01-01)
$HRS: possibly delisted; no timezone found
$HRS: possibly delisted; no timezone found

1 Failed download:
['HRS']: possibly delisted; no timezone found
$HSP: possibly delisted; no price data found  (1d 2014-12-23 -> 2015-01-03)

1 Failed download:
['HSP']: possibly delisted; no price data found  (1d 2014-12-23 -> 2015-01-03)
$IPG: possibly delisted; no timezone found
$IPG: possibly delisted; no timezone found

1 Failed download:
['IPG']: possibly delisted; no timezone found
$IR: Data doesn't exist for startDate = 1419310800, endDate = 1494475200
$JEC: possibly delisted; no timezone found
$JOY: possibly delisted; no price data found  (1d 1927-10-10 -> 2026-09-15)
$JNPR: possibly delisted; no timezone found

1 Failed download:
['IR']: Data doesn't exist for startDate = 1419310800, endDate = 1494475200
$JNPR: possibly delisted; no timezone found

1 Failed download:
['JNPR']: possibly delisted; no timezone found
$JEC: possibly delisted; no timezone found

1 Failed download:
['JEC']: possibly delisted; no timezone found
$JOY: possibly delisted; no price data found  (1d 2014-12-23 -> 2015-01-03)

1 Failed download:
['JOY']: possibly delisted; no price data found  (1d 2014-12-23 -> 2015-01-03)
$K: possibly delisted; no timezone found
$K: possibly delisted; no timezone found
$KORS: possibly delisted; no price data found  (1d 1927-10-10 -> 2026-09-15)
$JWN: possibly delisted; no timezone found

1 Failed download:
['K']: possibly delisted; no timezone found
$JWN: possibly delisted; no timezone found

1 Failed download:
['JWN']: possibly delisted; no timezone found
$KORS: possibly delisted; no price data found  (1d 2014-12-23 -> 2015-01-03)

1 Failed download:
['KORS']: possibly delisted; no price data found  (1d 2014-12-23 -> 2015-01-03)
$KSU: possibly delisted; no timezone found
$KSU: possibly delisted; no timezone found

1 Failed download:
['KSU']: possibly delisted; no timezone found
$LLL: possibly delisted; no timezone found
$LEG: Data doesn't exist for startDate = 1419310800, endDate = 1420261200

1 Failed download:
['LEG']: Data doesn't exist for startDate = 1419310800, endDate = 1420261200
$LLTC: possibly delisted; no price data found  (1d 1927-10-10 -> 2026-09-15)
$LLL: possibly delisted; no timezone found

1 Failed download:
['LLL']: possibly delisted; no timezone found
$LB: Data doesn't exist for startDate = 1419310800, endDate = 1420261200

1 Failed download:
$LLTC: possibly delisted; no price data found  (1d 2014-12-23 -> 2015-01-03)
['LB']: Data doesn't exist for startDate = 1419310800, endDate = 1420261200

1 Failed download:
['LLTC']: possibly delisted; no price data found  (1d 2014-12-23 -> 2015-01-03)
$LVLT: possibly delisted; no price data found  (1d 1927-10-10 -> 2026-09-15)
$LM: possibly delisted; no timezone found
$LM: possibly delisted; no timezone found

1 Failed download:
['LM']: possibly delisted; no timezone found
$LVLT: possibly delisted; no price data found  (1d 2014-12-23 -> 2015-01-03)

1 Failed download:
['LVLT']: possibly delisted; no price data found  (1d 2014-12-23 -> 2015-01-03)
$MJN: possibly delisted; no price data found  (1d 1927-10-10 -> 2026-09-15)
$MJN: possibly delisted; no price data found  (1d 2014-12-23 -> 2015-01-03)

1 Failed download:
['MJN']: possibly delisted; no price data found  (1d 2014-12-23 -> 2015-01-03)
$MMC: possibly delisted; no timezone found
$MNK: possibly delisted; no timezone found
$MMC: possibly delisted; no timezone found
$MNK: possibly delisted; no timezone found

1 Failed download:
['MMC']: possibly delisted; no timezone found

1 Failed download:
['MNK']: possibly delisted; no timezone found
$MRO: possibly delisted; no timezone found
$MON: possibly delisted; no timezone found
$MRO: possibly delisted; no timezone found

1 Failed download:
['MRO']: possibly delisted; no timezone found
$MON: possibly delisted; no timezone found

1 Failed download:
['MON']: possibly delisted; no timezone found
$MYL: possibly delisted; no timezone found
$MYL: possibly delisted; no timezone found

1 Failed download:
['MYL']: possibly delisted; no timezone found
$NBL: possibly delisted; no timezone found
$NBL: possibly delisted; no timezone found

1 Failed download:
['NBL']: possibly delisted; no timezone found
$NFX: Data doesn't exist for startDate = 1419310800, endDate = 1420261200
$NE: Data doesn't exist for startDate = 1419310800, endDate = 1420261200

1 Failed download:
['NE']: Data doesn't exist for startDate = 1419310800, endDate = 1420261200

1 Failed download:
['NFX']: Data doesn't exist for startDate = 1419310800, endDate = 1420261200
$NLSN: possibly delisted; no timezone found
$NLSN: possibly delisted; no timezone found

1 Failed download:
['NLSN']: possibly delisted; no timezone found
$PBCT: possibly delisted; no timezone found
$PBCT: possibly delisted; no timezone found

1 Failed download:
['PBCT']: possibly delisted; no timezone found
$PCP: possibly delisted; no price data found  (1d 1927-10-10 -> 2026-09-15)
$PDCO: possibly delisted; no timezone found
$PCP: Data doesn't exist for startDate = 1419310800, endDate = 1420261200
$PDCO: possibly delisted; no timezone found

1 Failed download:
['PDCO']: possibly delisted; no timezone found

1 Failed download:
['PCP']: Data doesn't exist for startDate = 1419310800, endDate = 1420261200
$PCL: Data doesn't exist for startDate = 1419310800, endDate = 1420261200
$PKI: possibly delisted; no timezone found

1 Failed download:
['PCL']: Data doesn't exist for startDate = 1419310800, endDate = 1420261200
$PLL: possibly delisted; no timezone found
$PKI: possibly delisted; no timezone found

1 Failed download:
['PKI']: possibly delisted; no timezone found
$PLL: possibly delisted; no timezone found

1 Failed download:
['PLL']: possibly delisted; no timezone found
$POM: Data doesn't exist for startDate = 1419310800, endDate = 1420261200

1 Failed download:
['POM']: Data doesn't exist for startDate = 1419310800, endDate = 1420261200
$PXD: possibly delisted; no timezone found
$PXD: possibly delisted; no timezone found
$PX: possibly delisted; no timezone found
$PX: possibly delisted; no timezone found

1 Failed download:
['PXD']: possibly delisted; no timezone found
$RAI: possibly delisted; no price data found  (1d 1927-10-10 -> 2026-09-15)

1 Failed download:
['PX']: possibly delisted; no timezone found
$QEP: possibly delisted; no timezone found
$RAI: possibly delisted; no price data found  (1d 2014-12-23 -> 2015-01-03)

1 Failed download:
['RAI']: possibly delisted; no price data found  (1d 2014-12-23 -> 2015-01-03)
$QEP: possibly delisted; no timezone found

1 Failed download:
['QEP']: possibly delisted; no timezone found
$RHT: possibly delisted; no timezone found
$RHT: possibly delisted; no timezone found

1 Failed download:
['RHT']: possibly delisted; no timezone found
$RTN: possibly delisted; no timezone found
$RTN: possibly delisted; no timezone found

1 Failed download:
['RTN']: possibly delisted; no timezone found
$SEE: possibly delisted; no timezone found
$SCG: Data doesn't exist for startDate = 1419310800, endDate = 1436932800
$SEE: possibly delisted; no timezone found

1 Failed download:
['SCG']: Data doesn't exist for startDate = 1419310800, endDate = 1436932800

1 Failed download:
['SEE']: possibly delisted; no timezone found
$SIAL: possibly delisted; no price data found  (1d 1927-10-10 -> 2026-09-15)
$SNI: possibly delisted; no price data found  (1d 1927-10-10 -> 2026-09-15)
$SIAL: possibly delisted; no price data found  (1d 2014-12-23 -> 2015-01-03)

1 Failed download:
['SIAL']: possibly delisted; no price data found  (1d 2014-12-23 -> 2015-01-03)
$SNI: possibly delisted; no price data found  (1d 2014-12-23 -> 2015-01-03)

1 Failed download:
['SNI']: possibly delisted; no price data found  (1d 2014-12-23 -> 2015-01-03)
$SE: Data doesn't exist for startDate = 1419310800, endDate = 1420261200

1 Failed download:
['SE']: Data doesn't exist for startDate = 1419310800, endDate = 1420261200
$SNDK: Data doesn't exist for startDate = 1419310800, endDate = 1739336400
$SPLS: Data doesn't exist for startDate = 1419310800, endDate = 1420261200
$STJ: possibly delisted; no price data found  (1d 1927-10-10 -> 2026-09-15)

1 Failed download:
['SPLS']: Data doesn't exist for startDate = 1419310800, endDate = 1420261200

1 Failed download:
['SNDK']: Data doesn't exist for startDate = 1419310800, endDate = 1739336400
$SRCL: possibly delisted; no timezone found
$SWN: possibly delisted; no timezone found
$STJ: possibly delisted; no price data found  (1d 2014-12-23 -> 2015-01-03)
$SRCL: possibly delisted; no timezone found

1 Failed download:
['STJ']: possibly delisted; no price data found  (1d 2014-12-23 -> 2015-01-03)

1 Failed download:
['SRCL']: possibly delisted; no timezone found
$SWN: possibly delisted; no timezone found

1 Failed download:
['SWN']: possibly delisted; no timezone found
$SYMC: possibly delisted; no timezone found
$SYMC: possibly delisted; no timezone found

1 Failed download:
['SYMC']: possibly delisted; no timezone found
$STI: Data doesn't exist for startDate = 1419310800, endDate = 1420261200

1 Failed download:
['STI']: Data doesn't exist for startDate = 1419310800, endDate = 1420261200
$TIF: possibly delisted; no timezone found
$TGNA: possibly delisted; no timezone found
$TGNA: possibly delisted; no timezone found
$TIF: possibly delisted; no timezone found

1 Failed download:
['TGNA']: possibly delisted; no timezone found

1 Failed download:
['TIF']: possibly delisted; no timezone found
$TE: Data doesn't exist for startDate = 1419310800, endDate = 1420261200

1 Failed download:
$TMK: possibly delisted; no timezone found
['TE']: Data doesn't exist for startDate = 1419310800, endDate = 1420261200
$TMK: possibly delisted; no timezone found

1 Failed download:
['TMK']: possibly delisted; no timezone found
$TWC: possibly delisted; no price data found  (1d 1927-10-10 -> 2026-09-15)
$TSS: possibly delisted; no timezone found
$TWC: possibly delisted; no price data found  (1d 2014-12-23 -> 2015-01-03)
$TSS: possibly delisted; no timezone found

1 Failed download:

1 Failed download:
['TWC']: possibly delisted; no price data found  (1d 2014-12-23 -> 2015-01-03)
['TSS']: possibly delisted; no timezone found
$UTX: possibly delisted; no timezone found
$UTX: possibly delisted; no timezone found

1 Failed download:
['UTX']: possibly delisted; no timezone found
$VAR: possibly delisted; no timezone found
$VIAB: possibly delisted; no timezone found
$VAR: possibly delisted; no timezone found
$VIAB: possibly delisted; no timezone found

1 Failed download:
['VAR']: possibly delisted; no timezone found

1 Failed download:
['VIAB']: possibly delisted; no timezone found
$WBA: possibly delisted; no timezone found
$WBA: possibly delisted; no timezone found

1 Failed download:
['WBA']: possibly delisted; no timezone found
$WFM: possibly delisted; no price data found  (1d 1927-10-10 -> 2026-09-15)
$WFM: possibly delisted; no price data found  (1d 2014-12-23 -> 2015-01-03)

1 Failed download:
['WFM']: possibly delisted; no price data found  (1d 2014-12-23 -> 2015-01-03)
$WIN: possibly delisted; no timezone found
$WIN: possibly delisted; no timezone found

1 Failed download:
['WIN']: possibly delisted; no timezone found
$XEC: possibly delisted; no timezone found
$XEC: possibly delisted; no timezone found
$XL: possibly delisted; no timezone found
$WYND: possibly delisted; no timezone found

1 Failed download:
['XEC']: possibly delisted; no timezone found
$XL: possibly delisted; no timezone found

1 Failed download:
['XL']: possibly delisted; no timezone found
$WYND: possibly delisted; no timezone found
$XLNX: possibly delisted; no timezone found

1 Failed download:
['WYND']: possibly delisted; no timezone found
$XLNX: possibly delisted; no timezone found

1 Failed download:
['XLNX']: possibly delisted; no timezone found
$AABA: possibly delisted; no timezone found
$ABC: possibly delisted; no timezone found
$AAL: possibly delisted; no price data found  (1d 2015-06-21 -> 2015-06-21)

1 Failed download:
['AAL']: possibly delisted; no price data found  (1d 2015-06-21 -> 2015-06-21)
$AABA: possibly delisted; no timezone found

1 Failed download:
['AABA']: possibly delisted; no timezone found
$ABC: possibly delisted; no timezone found

1 Failed download:
['ABC']: possibly delisted; no timezone found
$ADS: possibly delisted; no timezone found
$ADS: possibly delisted; no timezone found

1 Failed download:
['ADS']: possibly delisted; no timezone found
$ADT: Data doesn't exist for startDate = 1434859200, endDate = 1435809600

1 Failed download:
['ADT']: Data doesn't exist for startDate = 1434859200, endDate = 1435809600
$AGN: possibly delisted; no timezone found
$AGN: possibly delisted; no timezone found

1 Failed download:
['AGN']: possibly delisted; no timezone found
$ALXN: possibly delisted; no timezone found
$ALXN: possibly delisted; no timezone found

1 Failed download:
['ALXN']: possibly delisted; no timezone found
$ALTR: possibly delisted; no timezone found
$ALTR: possibly delisted; no timezone found

1 Failed download:
['ALTR']: possibly delisted; no timezone found
$ANTM: possibly delisted; no timezone found
$ANTM: possibly delisted; no timezone found

1 Failed download:
['ANTM']: possibly delisted; no timezone found
$ARG: possibly delisted; no price data found  (1d 1927-10-10 -> 2026-09-15)
$APC: Data doesn't exist for startDate = 1434859200, endDate = 1435809600

1 Failed download:
['APC']: Data doesn't exist for startDate = 1434859200, endDate = 1435809600
$ARNC: possibly delisted; no timezone found
$ARG: Data doesn't exist for startDate = 1434859200, endDate = 1435809600

1 Failed download:
['ARG']: Data doesn't exist for startDate = 1434859200, endDate = 1435809600
$ARNC: possibly delisted; no timezone found

1 Failed download:
['ARNC']: possibly delisted; no timezone found
$AVB: Data doesn't exist for startDate = 1434859200, endDate = 1435809600

1 Failed download:
['AVB']: Data doesn't exist for startDate = 1434859200, endDate = 1435809600
$BCR: possibly delisted; no price data found  (1d 1927-10-10 -> 2026-09-15)
$BBBY: Data doesn't exist for startDate = 1434859200, endDate = 1435809600

1 Failed download:
['BBBY']: Data doesn't exist for startDate = 1434859200, endDate = 1435809600
$BCR: possibly delisted; no price data found  (1d 2015-06-21 -> 2015-07-02)

1 Failed download:
['BCR']: possibly delisted; no price data found  (1d 2015-06-21 -> 2015-07-02)
$BHGE: possibly delisted; no timezone found
$BK: possibly delisted; no timezone found
$BK: possibly delisted; no timezone found
$BHGE: possibly delisted; no timezone found

1 Failed download:
['BK']: possibly delisted; no timezone found

1 Failed download:
['BHGE']: possibly delisted; no timezone found
$BLL: possibly delisted; no timezone found
$BLL: possibly delisted; no timezone found

1 Failed download:
['BLL']: possibly delisted; no timezone found
$BRCM: possibly delisted; no price data found  (1d 1927-10-10 -> 2026-09-15)
$BXLT: possibly delisted; no price data found  (1d 1927-10-10 -> 2026-09-15)
$BXLT: possibly delisted; no price data found  (1d 2015-06-21 -> 2015-07-02)
$BRCM: possibly delisted; no price data found  (1d 2015-06-21 -> 2015-07-02)

1 Failed download:
['BRCM']: possibly delisted; no price data found  (1d 2015-06-21 -> 2015-07-02)

1 Failed download:
['BXLT']: possibly delisted; no price data found  (1d 2015-06-21 -> 2015-07-02)
$CA: possibly delisted; no timezone found
$CA: possibly delisted; no timezone found

1 Failed download:
['CA']: possibly delisted; no timezone found
$CAM: Data doesn't exist for startDate = 1434859200, endDate = 1435809600

1 Failed download:
['CAM']: Data doesn't exist for startDate = 1434859200, endDate = 1435809600
$CCE: possibly delisted; no price data found  (1d 1927-10-10 -> 2026-09-15)
$CBS: possibly delisted; no timezone found
$CBS: possibly delisted; no timezone found

1 Failed download:
['CBS']: possibly delisted; no timezone found
$CCE: possibly delisted; no price data found  (1d 2015-06-21 -> 2015-07-02)

1 Failed download:
['CCE']: possibly delisted; no price data found  (1d 2015-06-21 -> 2015-07-02)
$CERN: possibly delisted; no timezone found
$CELG: possibly delisted; no timezone found
$CERN: possibly delisted; no timezone found
$CELG: possibly delisted; no timezone found

1 Failed download:
['CERN']: possibly delisted; no timezone found

1 Failed download:
['CELG']: possibly delisted; no timezone found
$CHK: possibly delisted; no timezone found
$CHK: possibly delisted; no timezone found

1 Failed download:
['CHK']: possibly delisted; no timezone found
$CMA: possibly delisted; no timezone found
$CMA: possibly delisted; no timezone found

1 Failed download:
['CMA']: possibly delisted; no timezone found
$COG: possibly delisted; no timezone found
$COG: possibly delisted; no timezone found

1 Failed download:
['COG']: possibly delisted; no timezone found
$CVC: possibly delisted; no price data found  (1d 1927-10-10 -> 2026-09-15)
$CTL: possibly delisted; no timezone found
$CTL: possibly delisted; no timezone found

1 Failed download:
['CTL']: possibly delisted; no timezone found
$CTXS: possibly delisted; no timezone found
$CTXS: possibly delisted; no timezone found

1 Failed download:
['CTXS']: possibly delisted; no timezone found
$CVC: possibly delisted; no price data found  (1d 2015-06-21 -> 2015-07-02)

1 Failed download:
['CVC']: possibly delisted; no price data found  (1d 2015-06-21 -> 2015-07-02)
$DFS: possibly delisted; no timezone found
$DFS: possibly delisted; no timezone found

1 Failed download:
['DFS']: possibly delisted; no timezone found
$DISCA: possibly delisted; no timezone found
$DISCK: possibly delisted; no timezone found
$DISCA: possibly delisted; no timezone found
$DISCK: possibly delisted; no timezone found

1 Failed download:
['DISCK']: possibly delisted; no timezone found

1 Failed download:
['DISCA']: possibly delisted; no timezone found
$DO: possibly delisted; no timezone found
$DO: possibly delisted; no timezone found

1 Failed download:
['DO']: possibly delisted; no timezone found
$DNB: possibly delisted; no timezone found
$DNB: possibly delisted; no timezone found

1 Failed download:
['DNB']: possibly delisted; no timezone found
$DOW: Data doesn't exist for startDate = 1434859200, endDate = 1552968000

1 Failed download:
['DOW']: Data doesn't exist for startDate = 1434859200, endDate = 1552968000
$DTV: possibly delisted; no timezone found
$DTV: possibly delisted; no timezone found

1 Failed download:
['DTV']: possibly delisted; no timezone found
$EA: Data doesn't exist for startDate = 1434859200, endDate = 1435809600

1 Failed download:
['EA']: Data doesn't exist for startDate = 1434859200, endDate = 1435809600
$ENDP: possibly delisted; no timezone found
$EMC: Data doesn't exist for startDate = 1434859200, endDate = 1435809600

1 Failed download:
['EMC']: Data doesn't exist for startDate = 1434859200, endDate = 1435809600
$ENDP: possibly delisted; no timezone found

1 Failed download:
['ENDP']: possibly delisted; no timezone found
$EQR: Data doesn't exist for startDate = 1434859200, endDate = 1435809600

1 Failed download:
$ETFC: possibly delisted; no timezone found
$ESV: possibly delisted; no timezone found
['EQR']: Data doesn't exist for startDate = 1434859200, endDate = 1435809600
$ETFC: possibly delisted; no timezone found

1 Failed download:
['ETFC']: possibly delisted; no timezone found
$ESV: possibly delisted; no timezone found

1 Failed download:
['ESV']: possibly delisted; no timezone found
$EQIX: possibly delisted; no price data found  (1d 2015-06-21 -> 2015-06-21)

1 Failed download:
['EQIX']: possibly delisted; no price data found  (1d 2015-06-21 -> 2015-06-21)
$FB: Data doesn't exist for startDate = 1434859200, endDate = 1435809600

1 Failed download:
['FB']: Data doesn't exist for startDate = 1434859200, endDate = 1435809600
$FLIR: possibly delisted; no timezone found
$FLIR: possibly delisted; no timezone found

1 Failed download:
['FLIR']: possibly delisted; no timezone found
$GAS: possibly delisted; no price data found  (1d 1927-10-10 -> 2026-09-15)
$FTR: possibly delisted; no timezone found
$GGP: possibly delisted; no price data found  (1d 1927-10-10 -> 2026-09-15)
$GAS: possibly delisted; no price data found  (1d 2015-06-21 -> 2015-07-02)

1 Failed download:
['GAS']: possibly delisted; no price data found  (1d 2015-06-21 -> 2015-07-02)
$FTR: possibly delisted; no timezone found

1 Failed download:
['FTR']: possibly delisted; no timezone found
$FOXA: Data doesn't exist for startDate = 1434859200, endDate = 1552276800

1 Failed download:
['FOXA']: Data doesn't exist for startDate = 1434859200, endDate = 1552276800
$GMCR: possibly delisted; no price data found  (1d 1927-10-10 -> 2026-09-15)
$GGP: possibly delisted; no price data found  (1d 2015-06-21 -> 2015-07-02)

1 Failed download:
['GGP']: possibly delisted; no price data found  (1d 2015-06-21 -> 2015-07-02)
$GMCR: possibly delisted; no price data found  (1d 2015-06-21 -> 2015-07-02)

1 Failed download:
['GMCR']: possibly delisted; no price data found  (1d 2015-06-21 -> 2015-07-02)
$GPS: possibly delisted; no timezone found
$GPS: possibly delisted; no timezone found

1 Failed download:
['GPS']: possibly delisted; no timezone found
$HAR: possibly delisted; no price data found  (1d 1927-10-10 -> 2026-09-15)
$HAR: possibly delisted; no price data found  (1d 2015-06-21 -> 2015-07-02)

1 Failed download:
['HAR']: possibly delisted; no price data found  (1d 2015-06-21 -> 2015-07-02)
$HCBK: possibly delisted; no price data found  (1d 1927-10-10 -> 2026-09-15)
$HBI: possibly delisted; no timezone found
$HBI: possibly delisted; no timezone found

1 Failed download:
['HBI']: possibly delisted; no timezone found
$HCP: possibly delisted; no timezone found
$HCA: possibly delisted; no price data found  (1d 2015-06-21 -> 2015-06-21)
$HCP: possibly delisted; no timezone found

1 Failed download:
['HCA']: possibly delisted; no price data found  (1d 2015-06-21 -> 2015-06-21)

1 Failed download:
['HCP']: possibly delisted; no timezone found
$HCBK: possibly delisted; no price data found  (1d 2015-06-21 -> 2015-07-02)

1 Failed download:
['HCBK']: possibly delisted; no price data found  (1d 2015-06-21 -> 2015-07-02)
$HES: possibly delisted; no timezone found
$HES: possibly delisted; no timezone found

1 Failed download:
['HES']: possibly delisted; no timezone found
$HRS: possibly delisted; no timezone found
$HRS: possibly delisted; no timezone found
$HSP: possibly delisted; no price data found  (1d 1927-10-10 -> 2026-09-15)

1 Failed download:
['HRS']: possibly delisted; no timezone found
$HSP: possibly delisted; no price data found  (1d 2015-06-21 -> 2015-07-02)

1 Failed download:
['HSP']: possibly delisted; no price data found  (1d 2015-06-21 -> 2015-07-02)
$HSIC: possibly delisted; no price data found  (1d 2015-06-21 -> 2015-06-21)

1 Failed download:
['HSIC']: possibly delisted; no price data found  (1d 2015-06-21 -> 2015-06-21)
$IPG: possibly delisted; no timezone found
$IPG: possibly delisted; no timezone found

1 Failed download:
['IPG']: possibly delisted; no timezone found
$JOY: possibly delisted; no price data found  (1d 1927-10-10 -> 2026-09-15)
$JEC: possibly delisted; no timezone found
$IR: Data doesn't exist for startDate = 1434859200, endDate = 1494475200

1 Failed download:
['IR']: Data doesn't exist for startDate = 1434859200, endDate = 1494475200
$JEC: possibly delisted; no timezone found

1 Failed download:
['JEC']: possibly delisted; no timezone found
$JNPR: possibly delisted; no timezone found
$JOY: possibly delisted; no price data found  (1d 2015-06-21 -> 2015-07-02)

1 Failed download:
['JOY']: possibly delisted; no price data found  (1d 2015-06-21 -> 2015-07-02)
$JBHT: possibly delisted; no price data found  (1d 2015-06-21 -> 2015-06-21)

1 Failed download:
['JBHT']: possibly delisted; no price data found  (1d 2015-06-21 -> 2015-06-21)
$JNPR: possibly delisted; no timezone found

1 Failed download:
['JNPR']: possibly delisted; no timezone found
$K: possibly delisted; no timezone found
$JWN: possibly delisted; no timezone found
$K: possibly delisted; no timezone found

1 Failed download:
['K']: possibly delisted; no timezone found
$JWN: possibly delisted; no timezone found

1 Failed download:
['JWN']: possibly delisted; no timezone found
$KORS: possibly delisted; no price data found  (1d 1927-10-10 -> 2026-09-15)
$KORS: possibly delisted; no price data found  (1d 2015-06-21 -> 2015-07-02)

1 Failed download:
['KORS']: possibly delisted; no price data found  (1d 2015-06-21 -> 2015-07-02)
$KSU: possibly delisted; no timezone found
$LLTC: possibly delisted; no price data found  (1d 1927-10-10 -> 2026-09-15)
$LM: possibly delisted; no timezone found
$LB: Data doesn't exist for startDate = 1434859200, endDate = 1435809600
$KSU: possibly delisted; no timezone found
$LLL: possibly delisted; no timezone found

1 Failed download:
['LB']: Data doesn't exist for startDate = 1434859200, endDate = 1435809600

1 Failed download:
['KSU']: possibly delisted; no timezone found
$LLTC: possibly delisted; no price data found  (1d 2015-06-21 -> 2015-07-02)
$LM: possibly delisted; no timezone found
$LLL: possibly delisted; no timezone found

1 Failed download:
['LLTC']: possibly delisted; no price data found  (1d 2015-06-21 -> 2015-07-02)

1 Failed download:
['LLL']: possibly delisted; no timezone found

1 Failed download:
['LM']: possibly delisted; no timezone found
$LEG: Data doesn't exist for startDate = 1434859200, endDate = 1435809600

1 Failed download:
['LEG']: Data doesn't exist for startDate = 1434859200, endDate = 1435809600
$LVLT: possibly delisted; no price data found  (1d 1927-10-10 -> 2026-09-15)
$LVLT: possibly delisted; no price data found  (1d 2015-06-21 -> 2015-07-02)

1 Failed download:
['LVLT']: possibly delisted; no price data found  (1d 2015-06-21 -> 2015-07-02)
$MJN: possibly delisted; no price data found  (1d 1927-10-10 -> 2026-09-15)
$MJN: possibly delisted; no price data found  (1d 2015-06-21 -> 2015-07-02)

1 Failed download:
['MJN']: possibly delisted; no price data found  (1d 2015-06-21 -> 2015-07-02)
$MMC: possibly delisted; no timezone found
$MMC: possibly delisted; no timezone found

1 Failed download:
['MMC']: possibly delisted; no timezone found
$MON: possibly delisted; no timezone found
$MON: possibly delisted; no timezone found
$MNK: possibly delisted; no timezone found

1 Failed download:
['MON']: possibly delisted; no timezone found
$MNK: possibly delisted; no timezone found

1 Failed download:
['MNK']: possibly delisted; no timezone found
$MRO: possibly delisted; no timezone found
$MRO: possibly delisted; no timezone found

1 Failed download:
['MRO']: possibly delisted; no timezone found
$NBL: possibly delisted; no timezone found
$MYL: possibly delisted; no timezone found
$NBL: possibly delisted; no timezone found

1 Failed download:
['NBL']: possibly delisted; no timezone found
$MYL: possibly delisted; no timezone found

1 Failed download:
['MYL']: possibly delisted; no timezone found
$NFX: Data doesn't exist for startDate = 1434859200, endDate = 1435809600

1 Failed download:
['NFX']: Data doesn't exist for startDate = 1434859200, endDate = 1435809600
$NLSN: possibly delisted; no timezone found
$NE: Data doesn't exist for startDate = 1434859200, endDate = 1435809600

1 Failed download:
['NE']: Data doesn't exist for startDate = 1434859200, endDate = 1435809600
$NLSN: possibly delisted; no timezone found

1 Failed download:
['NLSN']: possibly delisted; no timezone found
$O: possibly delisted; no price data found  (1d 2015-06-21 -> 2015-06-21)

1 Failed download:
['O']: possibly delisted; no price data found  (1d 2015-06-21 -> 2015-06-21)
$PCP: possibly delisted; no price data found  (1d 1927-10-10 -> 2026-09-15)
$PBCT: possibly delisted; no timezone found
$PDCO: possibly delisted; no timezone found
$PCL: Data doesn't exist for startDate = 1434859200, endDate = 1435809600

1 Failed download:
['PCL']: Data doesn't exist for startDate = 1434859200, endDate = 1435809600
$PBCT: possibly delisted; no timezone found

1 Failed download:
['PBCT']: possibly delisted; no timezone found
$PDCO: possibly delisted; no timezone found
$PCP: Data doesn't exist for startDate = 1434859200, endDate = 1435809600

1 Failed download:
['PDCO']: possibly delisted; no timezone found

1 Failed download:
['PCP']: Data doesn't exist for startDate = 1434859200, endDate = 1435809600
$PKI: possibly delisted; no timezone found
$PLL: possibly delisted; no timezone found
$PKI: possibly delisted; no timezone found

1 Failed download:
['PKI']: possibly delisted; no timezone found
$PLL: possibly delisted; no timezone found

1 Failed download:
['PLL']: possibly delisted; no timezone found
$POM: Data doesn't exist for startDate = 1434859200, endDate = 1435809600

1 Failed download:
['POM']: Data doesn't exist for startDate = 1434859200, endDate = 1435809600
$PX: possibly delisted; no timezone found
$PXD: possibly delisted; no timezone found
$RAI: possibly delisted; no price data found  (1d 1927-10-10 -> 2026-09-15)
$PX: possibly delisted; no timezone found

1 Failed download:
['PX']: possibly delisted; no timezone found
$QRVO: possibly delisted; no price data found  (1d 2015-06-21 -> 2015-06-21)
$PXD: possibly delisted; no timezone found

1 Failed download:

1 Failed download:
['QRVO']: possibly delisted; no price data found  (1d 2015-06-21 -> 2015-06-21)
['PXD']: possibly delisted; no timezone found
$RAI: possibly delisted; no price data found  (1d 2015-06-21 -> 2015-07-02)

1 Failed download:
['RAI']: possibly delisted; no price data found  (1d 2015-06-21 -> 2015-07-02)
$RHT: possibly delisted; no timezone found
$RHT: possibly delisted; no timezone found

1 Failed download:
['RHT']: possibly delisted; no timezone found
$RTN: possibly delisted; no timezone found
$SEE: possibly delisted; no timezone found
$SIAL: possibly delisted; no price data found  (1d 1927-10-10 -> 2026-09-15)
$SCG: Data doesn't exist for startDate = 1434859200, endDate = 1436932800

1 Failed download:
['SCG']: Data doesn't exist for startDate = 1434859200, endDate = 1436932800
$RTN: possibly delisted; no timezone found
$SE: Data doesn't exist for startDate = 1434859200, endDate = 1435809600

1 Failed download:
$SEE: possibly delisted; no timezone found
['SE']: Data doesn't exist for startDate = 1434859200, endDate = 1435809600

1 Failed download:
['SEE']: possibly delisted; no timezone found

1 Failed download:
['RTN']: possibly delisted; no timezone found
$SIAL: possibly delisted; no price data found  (1d 2015-06-21 -> 2015-07-02)

1 Failed download:
['SIAL']: possibly delisted; no price data found  (1d 2015-06-21 -> 2015-07-02)
$SNI: possibly delisted; no price data found  (1d 1927-10-10 -> 2026-09-15)
$SLG: possibly delisted; no price data found  (1d 2015-06-21 -> 2015-06-21)

1 Failed download:
['SLG']: possibly delisted; no price data found  (1d 2015-06-21 -> 2015-06-21)
$SNI: possibly delisted; no price data found  (1d 2015-06-21 -> 2015-07-02)

1 Failed download:
['SNI']: possibly delisted; no price data found  (1d 2015-06-21 -> 2015-07-02)
$STJ: possibly delisted; no price data found  (1d 1927-10-10 -> 2026-09-15)
$SNDK: Data doesn't exist for startDate = 1434859200, endDate = 1739336400
$SPLS: Data doesn't exist for startDate = 1434859200, endDate = 1435809600

1 Failed download:
['SPLS']: Data doesn't exist for startDate = 1434859200, endDate = 1435809600

1 Failed download:
['SNDK']: Data doesn't exist for startDate = 1434859200, endDate = 1739336400
$SRCL: possibly delisted; no timezone found
$STJ: possibly delisted; no price data found  (1d 2015-06-21 -> 2015-07-02)

1 Failed download:
['STJ']: possibly delisted; no price data found  (1d 2015-06-21 -> 2015-07-02)
$SRCL: possibly delisted; no timezone found

1 Failed download:
['SRCL']: possibly delisted; no timezone found
$STI: Data doesn't exist for startDate = 1434859200, endDate = 1435809600

1 Failed download:
['STI']: Data doesn't exist for startDate = 1434859200, endDate = 1435809600
$SWN: possibly delisted; no timezone found
$SWN: possibly delisted; no timezone found

1 Failed download:
['SWN']: possibly delisted; no timezone found
$SYMC: possibly delisted; no timezone found
$SYMC: possibly delisted; no timezone found

1 Failed download:
['SYMC']: possibly delisted; no timezone found
$SWKS: possibly delisted; no price data found  (1d 2015-06-21 -> 2015-06-21)

1 Failed download:
['SWKS']: possibly delisted; no price data found  (1d 2015-06-21 -> 2015-06-21)
$TGNA: possibly delisted; no timezone found
$TGNA: possibly delisted; no timezone found

1 Failed download:
['TGNA']: possibly delisted; no timezone found
$TE: Data doesn't exist for startDate = 1434859200, endDate = 1435809600

1 Failed download:
['TE']: Data doesn't exist for startDate = 1434859200, endDate = 1435809600
$TMK: possibly delisted; no timezone found
$TIF: possibly delisted; no timezone found
$TMK: possibly delisted; no timezone found
$TIF: possibly delisted; no timezone found

1 Failed download:
['TMK']: possibly delisted; no timezone found

1 Failed download:
['TIF']: possibly delisted; no timezone found
$TWC: possibly delisted; no price data found  (1d 1927-10-10 -> 2026-09-15)
$TWC: possibly delisted; no price data found  (1d 2015-06-21 -> 2015-07-02)

1 Failed download:
['TWC']: possibly delisted; no price data found  (1d 2015-06-21 -> 2015-07-02)
$TSS: possibly delisted; no timezone found
$TSS: possibly delisted; no timezone found

1 Failed download:
['TSS']: possibly delisted; no timezone found
$UTX: possibly delisted; no timezone found
$UTX: possibly delisted; no timezone found

1 Failed download:
['UTX']: possibly delisted; no timezone found
$VAR: possibly delisted; no timezone found
$VIAB: possibly delisted; no timezone found
$VAR: possibly delisted; no timezone found
$VIAB: possibly delisted; no timezone found

1 Failed download:
['VAR']: possibly delisted; no timezone found

1 Failed download:
['VIAB']: possibly delisted; no timezone found
$WBA: possibly delisted; no timezone found
$WBA: possibly delisted; no timezone found

1 Failed download:
['WBA']: possibly delisted; no timezone found
$WFM: possibly delisted; no price data found  (1d 1927-10-10 -> 2026-09-15)
$WFM: possibly delisted; no price data found  (1d 2015-06-21 -> 2015-07-02)

1 Failed download:
['WFM']: possibly delisted; no price data found  (1d 2015-06-21 -> 2015-07-02)
$WYND: possibly delisted; no timezone found
$WYND: possibly delisted; no timezone found

1 Failed download:
['WYND']: possibly delisted; no timezone found
$XEC: possibly delisted; no timezone found
$XEC: possibly delisted; no timezone found
$XL: possibly delisted; no timezone found
$XL: possibly delisted; no timezone found

1 Failed download:
['XEC']: possibly delisted; no timezone found

1 Failed download:
['XL']: possibly delisted; no timezone found
$XLNX: possibly delisted; no timezone found
$XLNX: possibly delisted; no timezone found

1 Failed download:
['XLNX']: possibly delisted; no timezone found
$ABC: possibly delisted; no timezone found
$ABC: possibly delisted; no timezone found

1 Failed download:
['ABC']: possibly delisted; no timezone found
$AABA: possibly delisted; no timezone found
$AABA: possibly delisted; no timezone found

1 Failed download:
['AABA']: possibly delisted; no timezone found
$AAP: possibly delisted; no price data found  (1d 2015-12-25 -> 2015-12-27)

1 Failed download:
['AAP']: possibly delisted; no price data found  (1d 2015-12-25 -> 2015-12-27)
$ADS: possibly delisted; no timezone found
$ADS: possibly delisted; no timezone found

1 Failed download:
['ADS']: possibly delisted; no timezone found
$AGN: possibly delisted; no timezone found
$AGN: possibly delisted; no timezone found

1 Failed download:
['AGN']: possibly delisted; no timezone found
$ADT: Data doesn't exist for startDate = 1451019600, endDate = 1451970000

1 Failed download:
['ADT']: Data doesn't exist for startDate = 1451019600, endDate = 1451970000
$ALXN: possibly delisted; no timezone found
$ALXN: possibly delisted; no timezone found

1 Failed download:
['ALXN']: possibly delisted; no timezone found
$ANTM: possibly delisted; no timezone found
$ARG: possibly delisted; no price data found  (1d 1927-10-10 -> 2026-09-15)
$ANTM: possibly delisted; no timezone found

1 Failed download:
['ANTM']: possibly delisted; no timezone found
$ATVI: possibly delisted; no timezone found
$ARNC: possibly delisted; no timezone found
$APC: Data doesn't exist for startDate = 1451019600, endDate = 1451970000
$ATVI: possibly delisted; no timezone found
$ARNC: possibly delisted; no timezone found

1 Failed download:
['ARNC']: possibly delisted; no timezone found

1 Failed download:
['APC']: Data doesn't exist for startDate = 1451019600, endDate = 1451970000

1 Failed download:
['ATVI']: possibly delisted; no timezone found
$ARG: Data doesn't exist for startDate = 1451019600, endDate = 1451970000

1 Failed download:
['ARG']: Data doesn't exist for startDate = 1451019600, endDate = 1451970000
$BCR: possibly delisted; no price data found  (1d 1927-10-10 -> 2026-09-15)
$AVB: Data doesn't exist for startDate = 1451019600, endDate = 1451970000

1 Failed download:
['AVB']: Data doesn't exist for startDate = 1451019600, endDate = 1451970000
$BCR: possibly delisted; no price data found  (1d 2015-12-25 -> 2016-01-05)

1 Failed download:
['BCR']: possibly delisted; no price data found  (1d 2015-12-25 -> 2016-01-05)
$BBBY: Data doesn't exist for startDate = 1451019600, endDate = 1451970000

1 Failed download:
['BBBY']: Data doesn't exist for startDate = 1451019600, endDate = 1451970000
$BHGE: possibly delisted; no timezone found
$BK: possibly delisted; no timezone found
$BHGE: possibly delisted; no timezone found

1 Failed download:
['BHGE']: possibly delisted; no timezone found
$BLL: possibly delisted; no timezone found
$BXLT: possibly delisted; no price data found  (1d 1927-10-10 -> 2026-09-15)
$BK: possibly delisted; no timezone found
$BRCM: possibly delisted; no price data found  (1d 1927-10-10 -> 2026-09-15)
$BLL: possibly delisted; no timezone found

1 Failed download:

1 Failed download:
['BK']: possibly delisted; no timezone found
['BLL']: possibly delisted; no timezone found
$BXLT: possibly delisted; no price data found  (1d 2015-12-25 -> 2016-01-05)

1 Failed download:
['BXLT']: possibly delisted; no price data found  (1d 2015-12-25 -> 2016-01-05)
$BRCM: possibly delisted; no price data found  (1d 2015-12-25 -> 2016-01-05)

1 Failed download:
['BRCM']: possibly delisted; no price data found  (1d 2015-12-25 -> 2016-01-05)
$CA: possibly delisted; no timezone found
$CA: possibly delisted; no timezone found

1 Failed download:
['CA']: possibly delisted; no timezone found
$CCE: possibly delisted; no price data found  (1d 1927-10-10 -> 2026-09-15)
$CBS: possibly delisted; no timezone found
$CCE: possibly delisted; no price data found  (1d 2015-12-25 -> 2016-01-05)
$CBS: possibly delisted; no timezone found

1 Failed download:
['CBS']: possibly delisted; no timezone found

1 Failed download:
['CCE']: possibly delisted; no price data found  (1d 2015-12-25 -> 2016-01-05)
$CERN: possibly delisted; no timezone found
$CELG: possibly delisted; no timezone found
$CAM: Data doesn't exist for startDate = 1451019600, endDate = 1451970000
$CERN: possibly delisted; no timezone found

1 Failed download:
['CERN']: possibly delisted; no timezone found

1 Failed download:
['CAM']: Data doesn't exist for startDate = 1451019600, endDate = 1451970000
$CELG: possibly delisted; no timezone found

1 Failed download:
['CELG']: possibly delisted; no timezone found
$CHK: possibly delisted; no timezone found
$CHD: possibly delisted; no price data found  (1d 2015-12-25 -> 2015-12-27)
$CHK: possibly delisted; no timezone found

1 Failed download:
['CHK']: possibly delisted; no timezone found

1 Failed download:
['CHD']: possibly delisted; no price data found  (1d 2015-12-25 -> 2015-12-27)
$CCEP: possibly delisted; no price data found  (1d 2015-12-25 -> 2015-12-27)

1 Failed download:
['CCEP']: possibly delisted; no price data found  (1d 2015-12-25 -> 2015-12-27)
$CMA: possibly delisted; no timezone found
$CMA: possibly delisted; no timezone found

1 Failed download:
['CMA']: possibly delisted; no timezone found
$CPGX: possibly delisted; no price data found  (1d 1927-10-10 -> 2026-09-15)
$COG: possibly delisted; no timezone found
$COG: possibly delisted; no timezone found

1 Failed download:
['COG']: possibly delisted; no timezone found
$CPGX: possibly delisted; no price data found  (1d 2015-12-25 -> 2016-01-05)

1 Failed download:
['CPGX']: possibly delisted; no price data found  (1d 2015-12-25 -> 2016-01-05)
$CSRA: Data doesn't exist for startDate = 1451019600, endDate = 1451970000

1 Failed download:
['CSRA']: Data doesn't exist for startDate = 1451019600, endDate = 1451970000
$CTL: possibly delisted; no timezone found
$CTXS: possibly delisted; no timezone found
$CTL: possibly delisted; no timezone found
$CTXS: possibly delisted; no timezone found

1 Failed download:
['CTL']: possibly delisted; no timezone found
$CPRI: possibly delisted; no price data found  (1d 2015-12-25 -> 2015-12-27)

1 Failed download:
['CPRI']: possibly delisted; no price data found  (1d 2015-12-25 -> 2015-12-27)
$CVC: possibly delisted; no price data found  (1d 1927-10-10 -> 2026-09-15)

1 Failed download:
['CTXS']: possibly delisted; no timezone found
$CVC: possibly delisted; no price data found  (1d 2015-12-25 -> 2016-01-05)

1 Failed download:
['CVC']: possibly delisted; no price data found  (1d 2015-12-25 -> 2016-01-05)
$DFS: possibly delisted; no timezone found
$DFS: possibly delisted; no timezone found

1 Failed download:
['DFS']: possibly delisted; no timezone found
$DISCA: possibly delisted; no timezone found
$DISCA: possibly delisted; no timezone found

1 Failed download:
['DISCA']: possibly delisted; no timezone found
$DO: possibly delisted; no timezone found
$DO: possibly delisted; no timezone found

1 Failed download:
['DO']: possibly delisted; no timezone found
$DISCK: possibly delisted; no timezone found
$DNB: possibly delisted; no timezone found
$DISCK: possibly delisted; no timezone found

1 Failed download:
['DISCK']: possibly delisted; no timezone found
$DNB: possibly delisted; no timezone found

1 Failed download:
['DNB']: possibly delisted; no timezone found
$DOW: Data doesn't exist for startDate = 1451019600, endDate = 1552968000

1 Failed download:
['DOW']: Data doesn't exist for startDate = 1451019600, endDate = 1552968000
$EA: Data doesn't exist for startDate = 1451019600, endDate = 1451970000

1 Failed download:
['EA']: Data doesn't exist for startDate = 1451019600, endDate = 1451970000
$EMC: Data doesn't exist for startDate = 1451019600, endDate = 1451970000

1 Failed download:
['EMC']: Data doesn't exist for startDate = 1451019600, endDate = 1451970000
$ENDP: possibly delisted; no timezone found
$ENDP: possibly delisted; no timezone found

1 Failed download:
['ENDP']: possibly delisted; no timezone found
$ETFC: possibly delisted; no timezone found
$ETFC: possibly delisted; no timezone found

1 Failed download:
['ETFC']: possibly delisted; no timezone found
$ESV: possibly delisted; no timezone found
$ESV: possibly delisted; no timezone found

1 Failed download:
['ESV']: possibly delisted; no timezone found
$EQR: Data doesn't exist for startDate = 1451019600, endDate = 1451970000

1 Failed download:
['EQR']: Data doesn't exist for startDate = 1451019600, endDate = 1451970000
$FB: Data doesn't exist for startDate = 1451019600, endDate = 1451970000

1 Failed download:
['FB']: Data doesn't exist for startDate = 1451019600, endDate = 1451970000
$FLIR: possibly delisted; no timezone found
$FLIR: possibly delisted; no timezone found

1 Failed download:
['FLIR']: possibly delisted; no timezone found
$GAS: possibly delisted; no price data found  (1d 1927-10-10 -> 2026-09-15)
$FTR: possibly delisted; no timezone found
$GAS: possibly delisted; no price data found  (1d 2015-12-25 -> 2016-01-05)

1 Failed download:
['GAS']: possibly delisted; no price data found  (1d 2015-12-25 -> 2016-01-05)
$GGP: possibly delisted; no price data found  (1d 1927-10-10 -> 2026-09-15)
$FOX: Data doesn't exist for startDate = 1451019600, endDate = 1552363200
$FOXA: Data doesn't exist for startDate = 1451019600, endDate = 1552276800

1 Failed download:
['FOX']: Data doesn't exist for startDate = 1451019600, endDate = 1552363200
$FTR: possibly delisted; no timezone found
$GMCR: possibly delisted; no price data found  (1d 1927-10-10 -> 2026-09-15)

1 Failed download:
['FOXA']: Data doesn't exist for startDate = 1451019600, endDate = 1552276800

1 Failed download:
['FTR']: possibly delisted; no timezone found
$GGP: possibly delisted; no price data found  (1d 2015-12-25 -> 2016-01-05)

1 Failed download:
['GGP']: possibly delisted; no price data found  (1d 2015-12-25 -> 2016-01-05)
$GMCR: possibly delisted; no price data found  (1d 2015-12-25 -> 2016-01-05)

1 Failed download:
['GMCR']: possibly delisted; no price data found  (1d 2015-12-25 -> 2016-01-05)
$GPS: possibly delisted; no timezone found
$GPS: possibly delisted; no timezone found

1 Failed download:
['GPS']: possibly delisted; no timezone found
$HAR: possibly delisted; no price data found  (1d 1927-10-10 -> 2026-09-15)
$HAR: possibly delisted; no price data found  (1d 2015-12-25 -> 2016-01-05)

1 Failed download:
['HAR']: possibly delisted; no price data found  (1d 2015-12-25 -> 2016-01-05)
$HCP: possibly delisted; no timezone found
$HBI: possibly delisted; no timezone found
$HCP: possibly delisted; no timezone found

1 Failed download:
['HCP']: possibly delisted; no timezone found
$HBI: possibly delisted; no timezone found

1 Failed download:
['HBI']: possibly delisted; no timezone found
$HES: possibly delisted; no timezone found
$HES: possibly delisted; no timezone found

1 Failed download:
['HES']: possibly delisted; no timezone found
$HPE: possibly delisted; no price data found  (1d 2015-12-25 -> 2015-12-27)
$HRS: possibly delisted; no timezone found

1 Failed download:
['HPE']: possibly delisted; no price data found  (1d 2015-12-25 -> 2015-12-27)
$HRS: possibly delisted; no timezone found

1 Failed download:
['HRS']: possibly delisted; no timezone found
$ILMN: possibly delisted; no price data found  (1d 2015-12-25 -> 2015-12-27)

1 Failed download:
['ILMN']: possibly delisted; no price data found  (1d 2015-12-25 -> 2015-12-27)
$IPG: possibly delisted; no timezone found
$IPG: possibly delisted; no timezone found

1 Failed download:
['IPG']: possibly delisted; no timezone found
$IR: Data doesn't exist for startDate = 1451019600, endDate = 1494475200

1 Failed download:
['IR']: Data doesn't exist for startDate = 1451019600, endDate = 1494475200
$JNPR: possibly delisted; no timezone found
$JEC: possibly delisted; no timezone found
$JNPR: possibly delisted; no timezone found

1 Failed download:
['JNPR']: possibly delisted; no timezone found
$JEC: possibly delisted; no timezone found

1 Failed download:
['JEC']: possibly delisted; no timezone found
$JWN: possibly delisted; no timezone found
$K: possibly delisted; no timezone found
$JWN: possibly delisted; no timezone found
$K: possibly delisted; no timezone found

1 Failed download:
['JWN']: possibly delisted; no timezone found

1 Failed download:
['K']: possibly delisted; no timezone found
$KORS: possibly delisted; no price data found  (1d 1927-10-10 -> 2026-09-15)
$KORS: possibly delisted; no price data found  (1d 2015-12-25 -> 2016-01-05)
$KHC: possibly delisted; no price data found  (1d 2015-12-25 -> 2015-12-27)

1 Failed download:
['KHC']: possibly delisted; no price data found  (1d 2015-12-25 -> 2015-12-27)

1 Failed download:
['KORS']: possibly delisted; no price data found  (1d 2015-12-25 -> 2016-01-05)
$KSU: possibly delisted; no timezone found
$LB: Data doesn't exist for startDate = 1451019600, endDate = 1451970000

1 Failed download:
['LB']: Data doesn't exist for startDate = 1451019600, endDate = 1451970000
$KSU: possibly delisted; no timezone found

1 Failed download:
['KSU']: possibly delisted; no timezone found
$LLTC: possibly delisted; no price data found  (1d 1927-10-10 -> 2026-09-15)
$LEG: Data doesn't exist for startDate = 1451019600, endDate = 1451970000
$LLL: possibly delisted; no timezone found
$LLL: possibly delisted; no timezone found

1 Failed download:
['LEG']: Data doesn't exist for startDate = 1451019600, endDate = 1451970000

1 Failed download:
['LLL']: possibly delisted; no timezone found
$LLTC: possibly delisted; no price data found  (1d 2015-12-25 -> 2016-01-05)

1 Failed download:
['LLTC']: possibly delisted; no price data found  (1d 2015-12-25 -> 2016-01-05)
$LVLT: possibly delisted; no price data found  (1d 1927-10-10 -> 2026-09-15)
$LM: possibly delisted; no timezone found
$LM: possibly delisted; no timezone found

1 Failed download:
$LVLT: possibly delisted; no price data found  (1d 2015-12-25 -> 2016-01-05)
['LM']: possibly delisted; no timezone found

1 Failed download:
['LVLT']: possibly delisted; no price data found  (1d 2015-12-25 -> 2016-01-05)
$MJN: possibly delisted; no price data found  (1d 1927-10-10 -> 2026-09-15)
$MJN: possibly delisted; no price data found  (1d 2015-12-25 -> 2016-01-05)

1 Failed download:
['MJN']: possibly delisted; no price data found  (1d 2015-12-25 -> 2016-01-05)
$MNK: possibly delisted; no timezone found
$MNK: possibly delisted; no timezone found

1 Failed download:
['MNK']: possibly delisted; no timezone found
$MMC: possibly delisted; no timezone found
$MMC: possibly delisted; no timezone found

1 Failed download:
['MMC']: possibly delisted; no timezone found
$MON: possibly delisted; no timezone found
$MRO: possibly delisted; no timezone found
$MON: possibly delisted; no timezone found
$MRO: possibly delisted; no timezone found

1 Failed download:
['MRO']: possibly delisted; no timezone found

1 Failed download:
['MON']: possibly delisted; no timezone found
$MYL: possibly delisted; no timezone found
$MYL: possibly delisted; no timezone found
$NBL: possibly delisted; no timezone found

1 Failed download:
['MYL']: possibly delisted; no timezone found
$NBL: possibly delisted; no timezone found

1 Failed download:
['NBL']: possibly delisted; no timezone found
$NFX: Data doesn't exist for startDate = 1451019600, endDate = 1451970000

1 Failed download:
['NFX']: Data doesn't exist for startDate = 1451019600, endDate = 1451970000
$NLSN: possibly delisted; no timezone found
$NLSN: possibly delisted; no timezone found

1 Failed download:
['NLSN']: possibly delisted; no timezone found
$NWS: possibly delisted; no price data found  (1d 2015-12-25 -> 2015-12-27)

1 Failed download:
['NWS']: possibly delisted; no price data found  (1d 2015-12-25 -> 2015-12-27)
$PBCT: possibly delisted; no timezone found
$PBCT: possibly delisted; no timezone found

1 Failed download:
['PBCT']: possibly delisted; no timezone found
$PCP: possibly delisted; no price data found  (1d 1927-10-10 -> 2026-09-15)
$PDCO: possibly delisted; no timezone found
$PCL: Data doesn't exist for startDate = 1451019600, endDate = 1451970000
$PCP: Data doesn't exist for startDate = 1451019600, endDate = 1451970000

1 Failed download:
['PCP']: Data doesn't exist for startDate = 1451019600, endDate = 1451970000

1 Failed download:
['PCL']: Data doesn't exist for startDate = 1451019600, endDate = 1451970000
$PDCO: possibly delisted; no timezone found

1 Failed download:
['PDCO']: possibly delisted; no timezone found
$PKI: possibly delisted; no timezone found
$PKI: possibly delisted; no timezone found

1 Failed download:
['PKI']: possibly delisted; no timezone found
$POM: Data doesn't exist for startDate = 1451019600, endDate = 1451970000

1 Failed download:
['POM']: Data doesn't exist for startDate = 1451019600, endDate = 1451970000
$PX: possibly delisted; no timezone found
$PX: possibly delisted; no timezone found
$RAI: possibly delisted; no price data found  (1d 1927-10-10 -> 2026-09-15)
$PXD: possibly delisted; no timezone found

1 Failed download:
['PX']: possibly delisted; no timezone found
$PYPL: possibly delisted; no price data found  (1d 2015-12-25 -> 2015-12-27)
$PXD: possibly delisted; no timezone found

1 Failed download:
['PXD']: possibly delisted; no timezone found

1 Failed download:
['PYPL']: possibly delisted; no price data found  (1d 2015-12-25 -> 2015-12-27)
$RAI: possibly delisted; no price data found  (1d 2015-12-25 -> 2016-01-05)

1 Failed download:
['RAI']: possibly delisted; no price data found  (1d 2015-12-25 -> 2016-01-05)
$RHT: possibly delisted; no timezone found
$RHT: possibly delisted; no timezone found

1 Failed download:
['RHT']: possibly delisted; no timezone found
$RTN: possibly delisted; no timezone found
$RTN: possibly delisted; no timezone found

1 Failed download:
['RTN']: possibly delisted; no timezone found
$SEE: possibly delisted; no timezone found
$SE: Data doesn't exist for startDate = 1451019600, endDate = 1451970000
$SEE: possibly delisted; no timezone found
$SNI: possibly delisted; no price data found  (1d 1927-10-10 -> 2026-09-15)

1 Failed download:
['SE']: Data doesn't exist for startDate = 1451019600, endDate = 1451970000

1 Failed download:
['SEE']: possibly delisted; no timezone found
$SNI: possibly delisted; no price data found  (1d 2015-12-25 -> 2016-01-05)

1 Failed download:
['SNI']: possibly delisted; no price data found  (1d 2015-12-25 -> 2016-01-05)
$SNDK: Data doesn't exist for startDate = 1451019600, endDate = 1739336400

1 Failed download:
['SNDK']: Data doesn't exist for startDate = 1451019600, endDate = 1739336400
$SRCL: possibly delisted; no timezone found
$SPLS: Data doesn't exist for startDate = 1451019600, endDate = 1451970000
$SRCL: possibly delisted; no timezone found

1 Failed download:
['SRCL']: possibly delisted; no timezone found

1 Failed download:
['SPLS']: Data doesn't exist for startDate = 1451019600, endDate = 1451970000
$STJ: possibly delisted; no price data found  (1d 1927-10-10 -> 2026-09-15)
$SIG: possibly delisted; no price data found  (1d 2015-12-25 -> 2015-12-27)

1 Failed download:
['SIG']: possibly delisted; no price data found  (1d 2015-12-25 -> 2015-12-27)
$STJ: possibly delisted; no price data found  (1d 2015-12-25 -> 2016-01-05)

1 Failed download:
['STJ']: possibly delisted; no price data found  (1d 2015-12-25 -> 2016-01-05)
$SWN: possibly delisted; no timezone found
$STI: Data doesn't exist for startDate = 1451019600, endDate = 1451970000

1 Failed download:
['STI']: Data doesn't exist for startDate = 1451019600, endDate = 1451970000
$SWN: possibly delisted; no timezone found

1 Failed download:
['SWN']: possibly delisted; no timezone found
$SYF: possibly delisted; no price data found  (1d 2015-12-25 -> 2015-12-27)

1 Failed download:
['SYF']: possibly delisted; no price data found  (1d 2015-12-25 -> 2015-12-27)
$SYMC: possibly delisted; no timezone found
$SYMC: possibly delisted; no timezone found

1 Failed download:
['SYMC']: possibly delisted; no timezone found
$TGNA: possibly delisted; no timezone found
$TGNA: possibly delisted; no timezone found

1 Failed download:
['TGNA']: possibly delisted; no timezone found
$TE: Data doesn't exist for startDate = 1451019600, endDate = 1451970000

1 Failed download:
['TE']: Data doesn't exist for startDate = 1451019600, endDate = 1451970000
$TWC: possibly delisted; no price data found  (1d 1927-10-10 -> 2026-09-15)
$TMK: possibly delisted; no timezone found
$TIF: possibly delisted; no timezone found
$TWC: possibly delisted; no price data found  (1d 2015-12-25 -> 2016-01-05)

1 Failed download:
['TWC']: possibly delisted; no price data found  (1d 2015-12-25 -> 2016-01-05)
$TIF: possibly delisted; no timezone found
$TMK: possibly delisted; no timezone found

1 Failed download:
['TIF']: possibly delisted; no timezone found

1 Failed download:
['TMK']: possibly delisted; no timezone found
$TSS: possibly delisted; no timezone found
$TSS: possibly delisted; no timezone found

1 Failed download:
['TSS']: possibly delisted; no timezone found
$UAL: possibly delisted; no price data found  (1d 2015-12-25 -> 2015-12-27)

1 Failed download:
['UAL']: possibly delisted; no price data found  (1d 2015-12-25 -> 2015-12-27)
$UTX: possibly delisted; no timezone found
$UTX: possibly delisted; no timezone found

1 Failed download:
['UTX']: possibly delisted; no timezone found
$VAR: possibly delisted; no timezone found
$VAR: possibly delisted; no timezone found
$VIAB: possibly delisted; no timezone found

1 Failed download:
['VAR']: possibly delisted; no timezone found
$VIAB: possibly delisted; no timezone found
$VRSK: possibly delisted; no price data found  (1d 2015-12-25 -> 2015-12-27)

1 Failed download:
['VRSK']: possibly delisted; no price data found  (1d 2015-12-25 -> 2015-12-27)

1 Failed download:
['VIAB']: possibly delisted; no timezone found
$WFM: possibly delisted; no price data found  (1d 1927-10-10 -> 2026-09-15)
$WBA: possibly delisted; no timezone found
$WBA: possibly delisted; no timezone found

1 Failed download:
['WBA']: possibly delisted; no timezone found
$WFM: possibly delisted; no price data found  (1d 2015-12-25 -> 2016-01-05)

1 Failed download:
['WFM']: possibly delisted; no price data found  (1d 2015-12-25 -> 2016-01-05)
$WRK: possibly delisted; no timezone found
$WYND: possibly delisted; no timezone found
$WRK: possibly delisted; no timezone found

1 Failed download:
['WRK']: possibly delisted; no timezone found
$WYND: possibly delisted; no timezone found

1 Failed download:
['WYND']: possibly delisted; no timezone found
$XEC: possibly delisted; no timezone found
$XEC: possibly delisted; no timezone found

1 Failed download:
['XEC']: possibly delisted; no timezone found
$XLNX: possibly delisted; no timezone found
$XLNX: possibly delisted; no timezone found

1 Failed download:
['XLNX']: possibly delisted; no timezone found
$XL: possibly delisted; no timezone found
$XL: possibly delisted; no timezone found

1 Failed download:
['XL']: possibly delisted; no timezone found
$SO: possibly delisted; no price data found  (1d 2014-01-04 -> 2014-01-05)

1 Failed download:
['SO']: possibly delisted; no price data found  (1d 2014-01-04 -> 2014-01-05)
$MCD: possibly delisted; no price data found  (1d 2014-01-04 -> 2014-01-05)

1 Failed download:
['MCD']: possibly delisted; no price data found  (1d 2014-01-04 -> 2014-01-05)
$APD: possibly delisted; no price data found  (1d 2014-01-04 -> 2014-01-05)

1 Failed download:
['APD']: possibly delisted; no price data found  (1d 2014-01-04 -> 2014-01-05)
[h1]   완료 (232.6s), n_days=525, satellite_weight_applied=0.15
[h1] 그룹 covid_2020 (covid_2020 대표) 챔피언 백테스트 실행: 2019-01-01 ~ 2020-12-31
$XLC: Data doesn't exist for startDate = 1511758800, endDate = 1529294400

1 Failed download:
['XLC']: Data doesn't exist for startDate = 1511758800, endDate = 1529294400
$ABMD: possibly delisted; no timezone found
$ABMD: possibly delisted; no timezone found

1 Failed download:
['ABMD']: possibly delisted; no timezone found
$ABC: possibly delisted; no timezone found
$ABC: possibly delisted; no timezone found

1 Failed download:
['ABC']: possibly delisted; no timezone found
$ADS: possibly delisted; no timezone found
$ADS: possibly delisted; no timezone found

1 Failed download:
['ADS']: possibly delisted; no timezone found
$AGN: possibly delisted; no timezone found
$AGN: possibly delisted; no timezone found

1 Failed download:
['AGN']: possibly delisted; no timezone found
$ALXN: possibly delisted; no timezone found
$ALXN: possibly delisted; no timezone found

1 Failed download:
['ALXN']: possibly delisted; no timezone found
$ANTM: possibly delisted; no timezone found
$ANTM: possibly delisted; no timezone found

1 Failed download:
['ANTM']: possibly delisted; no timezone found
$ANSS: possibly delisted; no timezone found
$ANSS: possibly delisted; no timezone found

1 Failed download:
['ANSS']: possibly delisted; no timezone found
$ANET: possibly delisted; no price data found  (1d 2018-12-23 -> 2018-12-23)

1 Failed download:
['ANET']: possibly delisted; no price data found  (1d 2018-12-23 -> 2018-12-23)
$ATVI: possibly delisted; no timezone found
$APC: Data doesn't exist for startDate = 1545541200, endDate = 1546491600
$ARNC: possibly delisted; no timezone found

1 Failed download:
['APC']: Data doesn't exist for startDate = 1545541200, endDate = 1546491600
$ATVI: possibly delisted; no timezone found

1 Failed download:
['ATVI']: possibly delisted; no timezone found
$ARNC: possibly delisted; no timezone found

1 Failed download:
['ARNC']: possibly delisted; no timezone found
$AVB: Data doesn't exist for startDate = 1545541200, endDate = 1546491600

1 Failed download:
['AVB']: Data doesn't exist for startDate = 1545541200, endDate = 1546491600
$BK: possibly delisted; no timezone found
$BHGE: possibly delisted; no timezone found
$BK: possibly delisted; no timezone found

1 Failed download:
['BK']: possibly delisted; no timezone found
$BHGE: possibly delisted; no timezone found

1 Failed download:
['BHGE']: possibly delisted; no timezone found
$BLL: possibly delisted; no timezone found
$BLL: possibly delisted; no timezone found

1 Failed download:
['BLL']: possibly delisted; no timezone found
$CBS: possibly delisted; no timezone found
$CBS: possibly delisted; no timezone found

1 Failed download:
['CBS']: possibly delisted; no timezone found
$CELG: possibly delisted; no timezone found
$CELG: possibly delisted; no timezone found
$CERN: possibly delisted; no timezone found
$CERN: possibly delisted; no timezone found

1 Failed download:
['CELG']: possibly delisted; no timezone found

1 Failed download:
['CERN']: possibly delisted; no timezone found
$CE: possibly delisted; no price data found  (1d 2018-12-23 -> 2018-12-23)

1 Failed download:
['CE']: possibly delisted; no price data found  (1d 2018-12-23 -> 2018-12-23)
$CMA: possibly delisted; no timezone found
$CMA: possibly delisted; no timezone found

1 Failed download:
['CMA']: possibly delisted; no timezone found
$COG: possibly delisted; no timezone found
$COG: possibly delisted; no timezone found

1 Failed download:
['COG']: possibly delisted; no timezone found
$CTL: possibly delisted; no timezone found
$CTXS: possibly delisted; no timezone found
$CTXS: possibly delisted; no timezone found
$CTL: possibly delisted; no timezone found

1 Failed download:
['CTL']: possibly delisted; no timezone found

1 Failed download:
['CTXS']: possibly delisted; no timezone found
$CXO: possibly delisted; no timezone found
$CXO: possibly delisted; no timezone found

1 Failed download:
['CXO']: possibly delisted; no timezone found
$DFS: possibly delisted; no timezone found
$DFS: possibly delisted; no timezone found

1 Failed download:
['DFS']: possibly delisted; no timezone found
$DISCA: possibly delisted; no timezone found
$DISCA: possibly delisted; no timezone found

1 Failed download:
['DISCA']: possibly delisted; no timezone found
$DRE: possibly delisted; no timezone found
$DISH: possibly delisted; no timezone found
$DRE: possibly delisted; no timezone found
$DISH: possibly delisted; no timezone found
$DISCK: possibly delisted; no timezone found
$DISCK: possibly delisted; no timezone found

1 Failed download:
['DRE']: possibly delisted; no timezone found

1 Failed download:
['DISH']: possibly delisted; no timezone found

1 Failed download:
['DISCK']: possibly delisted; no timezone found
$DWDP: possibly delisted; no timezone found
$DWDP: possibly delisted; no timezone found

1 Failed download:
['DWDP']: possibly delisted; no timezone found
$EA: Data doesn't exist for startDate = 1545541200, endDate = 1546491600

1 Failed download:
['EA']: Data doesn't exist for startDate = 1545541200, endDate = 1546491600
$EQR: Data doesn't exist for startDate = 1545541200, endDate = 1546491600

1 Failed download:
['EQR']: Data doesn't exist for startDate = 1545541200, endDate = 1546491600
$ETFC: possibly delisted; no timezone found
$ETFC: possibly delisted; no timezone found

1 Failed download:
['ETFC']: possibly delisted; no timezone found
$FANG: possibly delisted; no price data found  (1d 2018-12-23 -> 2018-12-23)

1 Failed download:
['FANG']: possibly delisted; no price data found  (1d 2018-12-23 -> 2018-12-23)
$FB: Data doesn't exist for startDate = 1545541200, endDate = 1546491600
$FBHS: possibly delisted; no timezone found

1 Failed download:
['FB']: Data doesn't exist for startDate = 1545541200, endDate = 1546491600
$FBHS: possibly delisted; no timezone found

1 Failed download:
['FBHS']: possibly delisted; no timezone found
$FL: possibly delisted; no timezone found
$FL: possibly delisted; no timezone found

1 Failed download:
['FL']: possibly delisted; no timezone found
$FLIR: possibly delisted; no timezone found
$FLIR: possibly delisted; no timezone found

1 Failed download:
['FLIR']: possibly delisted; no timezone found
$FLT: possibly delisted; no timezone found
$FRC: possibly delisted; no timezone found
$FOX: Data doesn't exist for startDate = 1545541200, endDate = 1552363200

1 Failed download:
['FOX']: Data doesn't exist for startDate = 1545541200, endDate = 1552363200
$FRC: possibly delisted; no timezone found
$FLT: possibly delisted; no timezone found

1 Failed download:
['FRC']: possibly delisted; no timezone found

1 Failed download:
['FLT']: possibly delisted; no timezone found
$FOXA: Data doesn't exist for startDate = 1545541200, endDate = 1552276800

1 Failed download:
['FOXA']: Data doesn't exist for startDate = 1545541200, endDate = 1552276800
$FTNT: possibly delisted; no price data found  (1d 2018-12-23 -> 2018-12-23)

1 Failed download:
['FTNT']: possibly delisted; no price data found  (1d 2018-12-23 -> 2018-12-23)
$GPS: possibly delisted; no timezone found
$GPS: possibly delisted; no timezone found

1 Failed download:
['GPS']: possibly delisted; no timezone found
$HCP: possibly delisted; no timezone found
$HES: possibly delisted; no timezone found
$HBI: possibly delisted; no timezone found
$HES: possibly delisted; no timezone found

1 Failed download:
['HES']: possibly delisted; no timezone found
$HBI: possibly delisted; no timezone found
$HCP: possibly delisted; no timezone found

1 Failed download:
['HBI']: possibly delisted; no timezone found

1 Failed download:
['HCP']: possibly delisted; no timezone found
$HFC: possibly delisted; no timezone found
$HFC: possibly delisted; no timezone found

1 Failed download:
['HFC']: possibly delisted; no timezone found
$HOLX: possibly delisted; no timezone found
$HOLX: possibly delisted; no timezone found

1 Failed download:
['HOLX']: possibly delisted; no timezone found
$HRS: possibly delisted; no timezone found
$HRS: possibly delisted; no timezone found

1 Failed download:
['HRS']: possibly delisted; no timezone found
$INFO: Data doesn't exist for startDate = 1545541200, endDate = 1546491600

1 Failed download:
['INFO']: Data doesn't exist for startDate = 1545541200, endDate = 1546491600
$IPG: possibly delisted; no timezone found
$IPG: possibly delisted; no timezone found

1 Failed download:
['IPG']: possibly delisted; no timezone found
$JEC: possibly delisted; no timezone found
$JEC: possibly delisted; no timezone found

1 Failed download:
['JEC']: possibly delisted; no timezone found
$JWN: possibly delisted; no timezone found
$JWN: possibly delisted; no timezone found

1 Failed download:
['JWN']: possibly delisted; no timezone found
$JKHY: possibly delisted; no price data found  (1d 2018-12-23 -> 2018-12-23)

1 Failed download:
['JKHY']: possibly delisted; no price data found  (1d 2018-12-23 -> 2018-12-23)
$JNPR: possibly delisted; no timezone found
$JNPR: possibly delisted; no timezone found

1 Failed download:
['JNPR']: possibly delisted; no timezone found
$K: possibly delisted; no timezone found
$K: possibly delisted; no timezone found

1 Failed download:
['K']: possibly delisted; no timezone found
$KEYS: possibly delisted; no price data found  (1d 2018-12-23 -> 2018-12-23)

1 Failed download:
['KEYS']: possibly delisted; no price data found  (1d 2018-12-23 -> 2018-12-23)
$KSU: possibly delisted; no timezone found
$LB: Data doesn't exist for startDate = 1545541200, endDate = 1546491600

1 Failed download:
['LB']: Data doesn't exist for startDate = 1545541200, endDate = 1546491600
$LEG: Data doesn't exist for startDate = 1545541200, endDate = 1546491600

1 Failed download:
['LEG']: Data doesn't exist for startDate = 1545541200, endDate = 1546491600
$KSU: possibly delisted; no timezone found

1 Failed download:
['KSU']: possibly delisted; no timezone found
$LLL: possibly delisted; no timezone found
$LLL: possibly delisted; no timezone found

1 Failed download:
['LLL']: possibly delisted; no timezone found
$LW: possibly delisted; no price data found  (1d 2018-12-23 -> 2018-12-23)

1 Failed download:
['LW']: possibly delisted; no price data found  (1d 2018-12-23 -> 2018-12-23)
$MMC: possibly delisted; no timezone found
$MMC: possibly delisted; no timezone found

1 Failed download:
['MMC']: possibly delisted; no timezone found
$MRO: possibly delisted; no timezone found
$MRO: possibly delisted; no timezone found

1 Failed download:
['MRO']: possibly delisted; no timezone found
$MXIM: possibly delisted; no timezone found
$MYL: possibly delisted; no timezone found
$NBL: possibly delisted; no timezone found
$MXIM: possibly delisted; no timezone found
$MYL: possibly delisted; no timezone found

1 Failed download:
['MXIM']: possibly delisted; no timezone found

1 Failed download:
['MYL']: possibly delisted; no timezone found
$NBL: possibly delisted; no timezone found

1 Failed download:
['NBL']: possibly delisted; no timezone found
$NFX: Data doesn't exist for startDate = 1545541200, endDate = 1546491600
$NLSN: possibly delisted; no timezone found

1 Failed download:
['NFX']: Data doesn't exist for startDate = 1545541200, endDate = 1546491600
$NLSN: possibly delisted; no timezone found

1 Failed download:
['NLSN']: possibly delisted; no timezone found
$PBCT: possibly delisted; no timezone found
$PBCT: possibly delisted; no timezone found

1 Failed download:
['PBCT']: possibly delisted; no timezone found
$PKI: possibly delisted; no timezone found
$PKI: possibly delisted; no timezone found

1 Failed download:
['PKI']: possibly delisted; no timezone found
$PXD: possibly delisted; no timezone found
$PXD: possibly delisted; no timezone found

1 Failed download:
['PXD']: possibly delisted; no timezone found
$RHT: possibly delisted; no timezone found
$RHT: possibly delisted; no timezone found

1 Failed download:
['RHT']: possibly delisted; no timezone found
$RE: possibly delisted; no timezone found
$RE: possibly delisted; no timezone found

1 Failed download:
['RE']: possibly delisted; no timezone found
$SEE: possibly delisted; no timezone found
$SEE: possibly delisted; no timezone found

1 Failed download:
['SEE']: possibly delisted; no timezone found
$RTN: possibly delisted; no timezone found
$ROL: possibly delisted; no price data found  (1d 2018-12-23 -> 2018-12-23)

1 Failed download:
['ROL']: possibly delisted; no price data found  (1d 2018-12-23 -> 2018-12-23)
$RTN: possibly delisted; no timezone found

1 Failed download:
['RTN']: possibly delisted; no timezone found
$SIVB: possibly delisted; no timezone found
$SIVB: possibly delisted; no timezone found

1 Failed download:
['SIVB']: possibly delisted; no timezone found
$STI: Data doesn't exist for startDate = 1545541200, endDate = 1546491600

1 Failed download:
['STI']: Data doesn't exist for startDate = 1545541200, endDate = 1546491600
$SYMC: possibly delisted; no timezone found
$SYMC: possibly delisted; no timezone found

1 Failed download:
['SYMC']: possibly delisted; no timezone found
$TIF: possibly delisted; no timezone found
$TIF: possibly delisted; no timezone found

1 Failed download:
['TIF']: possibly delisted; no timezone found
$TMK: possibly delisted; no timezone found
$TMK: possibly delisted; no timezone found

1 Failed download:
['TMK']: possibly delisted; no timezone found
$TSS: possibly delisted; no timezone found
$TSS: possibly delisted; no timezone found

1 Failed download:
['TSS']: possibly delisted; no timezone found
$TWTR: possibly delisted; no timezone found
$TWTR: possibly delisted; no timezone found

1 Failed download:
['TWTR']: possibly delisted; no timezone found
$UTX: possibly delisted; no timezone found
$UTX: possibly delisted; no timezone found

1 Failed download:
['UTX']: possibly delisted; no timezone found
$VAR: possibly delisted; no timezone found
$VIAB: possibly delisted; no timezone found
$VAR: possibly delisted; no timezone found
$VIAB: possibly delisted; no timezone found

1 Failed download:
['VIAB']: possibly delisted; no timezone found

1 Failed download:
['VAR']: possibly delisted; no timezone found
$WCG: possibly delisted; no timezone found
$WCG: possibly delisted; no timezone found
$WBA: possibly delisted; no timezone found
$WBA: possibly delisted; no timezone found

1 Failed download:
['WCG']: possibly delisted; no timezone found

1 Failed download:
['WBA']: possibly delisted; no timezone found
$WLTW: possibly delisted; no timezone found
$WLTW: possibly delisted; no timezone found

1 Failed download:
['WLTW']: possibly delisted; no timezone found
$WRK: possibly delisted; no timezone found
$WRK: possibly delisted; no timezone found

1 Failed download:
['WRK']: possibly delisted; no timezone found
$XEC: possibly delisted; no timezone found
$XEC: possibly delisted; no timezone found
$XLNX: possibly delisted; no timezone found

1 Failed download:
['XEC']: possibly delisted; no timezone found
$XLNX: possibly delisted; no timezone found

1 Failed download:
['XLNX']: possibly delisted; no timezone found
$ABC: possibly delisted; no timezone found
$ABMD: possibly delisted; no timezone found
$ABC: possibly delisted; no timezone found
$ABMD: possibly delisted; no timezone found

1 Failed download:
['ABC']: possibly delisted; no timezone found

1 Failed download:
['ABMD']: possibly delisted; no timezone found
$ADS: possibly delisted; no timezone found
$ADS: possibly delisted; no timezone found

1 Failed download:
['ADS']: possibly delisted; no timezone found
$AGN: possibly delisted; no timezone found
$AGN: possibly delisted; no timezone found

1 Failed download:
['AGN']: possibly delisted; no timezone found
$ALXN: possibly delisted; no timezone found
$ALXN: possibly delisted; no timezone found

1 Failed download:
['ALXN']: possibly delisted; no timezone found
$ANSS: possibly delisted; no timezone found
$ANSS: possibly delisted; no timezone found
$ANTM: possibly delisted; no timezone found
$ANTM: possibly delisted; no timezone found

1 Failed download:
['ANSS']: possibly delisted; no timezone found

1 Failed download:
['ANTM']: possibly delisted; no timezone found
$ARNC: possibly delisted; no timezone found
$APC: Data doesn't exist for startDate = 1561089600, endDate = 1562040000

1 Failed download:
['APC']: Data doesn't exist for startDate = 1561089600, endDate = 1562040000
$ARNC: possibly delisted; no timezone found

1 Failed download:
['ARNC']: possibly delisted; no timezone found
$ATVI: possibly delisted; no timezone found
$ATVI: possibly delisted; no timezone found

1 Failed download:
['ATVI']: possibly delisted; no timezone found
$AVB: Data doesn't exist for startDate = 1561089600, endDate = 1562040000

1 Failed download:
['AVB']: Data doesn't exist for startDate = 1561089600, endDate = 1562040000
$BHGE: possibly delisted; no timezone found
$BHGE: possibly delisted; no timezone found

1 Failed download:
['BHGE']: possibly delisted; no timezone found
$BLL: possibly delisted; no timezone found
$BK: possibly delisted; no timezone found
$BLL: possibly delisted; no timezone found

1 Failed download:
['BLL']: possibly delisted; no timezone found
$BK: possibly delisted; no timezone found

1 Failed download:
['BK']: possibly delisted; no timezone found
$CBS: possibly delisted; no timezone found
$CBS: possibly delisted; no timezone found

1 Failed download:
['CBS']: possibly delisted; no timezone found
$CELG: possibly delisted; no timezone found
$CERN: possibly delisted; no timezone found
$CELG: possibly delisted; no timezone found
$CERN: possibly delisted; no timezone found

1 Failed download:
['CELG']: possibly delisted; no timezone found

1 Failed download:
['CERN']: possibly delisted; no timezone found
$CMA: possibly delisted; no timezone found
$CMA: possibly delisted; no timezone found

1 Failed download:
['CMA']: possibly delisted; no timezone found
$COG: possibly delisted; no timezone found
$COG: possibly delisted; no timezone found

1 Failed download:
['COG']: possibly delisted; no timezone found
$CTL: possibly delisted; no timezone found
$CTL: possibly delisted; no timezone found

1 Failed download:
['CTL']: possibly delisted; no timezone found
$CTXS: possibly delisted; no timezone found
$CTXS: possibly delisted; no timezone found

1 Failed download:
['CTXS']: possibly delisted; no timezone found
$CXO: possibly delisted; no timezone found
$DFS: possibly delisted; no timezone found
$CXO: possibly delisted; no timezone found
$DFS: possibly delisted; no timezone found

1 Failed download:
['DFS']: possibly delisted; no timezone found

1 Failed download:
['CXO']: possibly delisted; no timezone found
$DISCA: possibly delisted; no timezone found
$DISCA: possibly delisted; no timezone found

1 Failed download:
['DISCA']: possibly delisted; no timezone found
$DISCK: possibly delisted; no timezone found
$DISCK: possibly delisted; no timezone found
$DISH: possibly delisted; no timezone found
$DISH: possibly delisted; no timezone found

1 Failed download:
['DISCK']: possibly delisted; no timezone found

1 Failed download:
['DISH']: possibly delisted; no timezone found
$DRE: possibly delisted; no timezone found
$DRE: possibly delisted; no timezone found

1 Failed download:
['DRE']: possibly delisted; no timezone found
$EA: Data doesn't exist for startDate = 1561089600, endDate = 1562040000

1 Failed download:
['EA']: Data doesn't exist for startDate = 1561089600, endDate = 1562040000
$ETFC: possibly delisted; no timezone found
$EQR: Data doesn't exist for startDate = 1561089600, endDate = 1562040000
$ETFC: possibly delisted; no timezone found

1 Failed download:
['EQR']: Data doesn't exist for startDate = 1561089600, endDate = 1562040000

1 Failed download:
['ETFC']: possibly delisted; no timezone found
$FB: Data doesn't exist for startDate = 1561089600, endDate = 1562040000

1 Failed download:
['FB']: Data doesn't exist for startDate = 1561089600, endDate = 1562040000
$FBHS: possibly delisted; no timezone found
$FBHS: possibly delisted; no timezone found

1 Failed download:
['FBHS']: possibly delisted; no timezone found
$FLIR: possibly delisted; no timezone found
$FL: possibly delisted; no timezone found
$FLIR: possibly delisted; no timezone found

1 Failed download:
['FLIR']: possibly delisted; no timezone found
$FL: possibly delisted; no timezone found

1 Failed download:
['FL']: possibly delisted; no timezone found
$FLT: possibly delisted; no timezone found
$FLT: possibly delisted; no timezone found

1 Failed download:
['FLT']: possibly delisted; no timezone found
$FRC: possibly delisted; no timezone found
$FRC: possibly delisted; no timezone found

1 Failed download:
['FRC']: possibly delisted; no timezone found
$GPS: possibly delisted; no timezone found
$GPS: possibly delisted; no timezone found

1 Failed download:
['GPS']: possibly delisted; no timezone found
$HBI: possibly delisted; no timezone found
$HCP: possibly delisted; no timezone found
$HCP: possibly delisted; no timezone found
$HBI: possibly delisted; no timezone found

1 Failed download:
['HBI']: possibly delisted; no timezone found

1 Failed download:
['HCP']: possibly delisted; no timezone found
$HFC: possibly delisted; no timezone found
$HFC: possibly delisted; no timezone found

1 Failed download:
['HFC']: possibly delisted; no timezone found
$HES: possibly delisted; no timezone found
$HES: possibly delisted; no timezone found

1 Failed download:
['HES']: possibly delisted; no timezone found
$HOLX: possibly delisted; no timezone found
$HOLX: possibly delisted; no timezone found

1 Failed download:
['HOLX']: possibly delisted; no timezone found
$IPG: possibly delisted; no timezone found
$IPG: possibly delisted; no timezone found

1 Failed download:
['IPG']: possibly delisted; no timezone found
$INFO: Data doesn't exist for startDate = 1561089600, endDate = 1562040000

1 Failed download:
['INFO']: Data doesn't exist for startDate = 1561089600, endDate = 1562040000
$JEC: possibly delisted; no timezone found
$JNPR: possibly delisted; no timezone found
$JNPR: possibly delisted; no timezone found

1 Failed download:
['JNPR']: possibly delisted; no timezone found
$JEC: possibly delisted; no timezone found

1 Failed download:
['JEC']: possibly delisted; no timezone found
$JWN: possibly delisted; no timezone found
$K: possibly delisted; no timezone found
$JWN: possibly delisted; no timezone found
$K: possibly delisted; no timezone found

1 Failed download:
['JWN']: possibly delisted; no timezone found

1 Failed download:
['K']: possibly delisted; no timezone found
$KSU: possibly delisted; no timezone found
$KSU: possibly delisted; no timezone found

1 Failed download:
['KSU']: possibly delisted; no timezone found
$LB: Data doesn't exist for startDate = 1561089600, endDate = 1562040000

1 Failed download:
['LB']: Data doesn't exist for startDate = 1561089600, endDate = 1562040000
$LEG: Data doesn't exist for startDate = 1561089600, endDate = 1562040000

1 Failed download:
['LEG']: Data doesn't exist for startDate = 1561089600, endDate = 1562040000
$MMC: possibly delisted; no timezone found
$MMC: possibly delisted; no timezone found

1 Failed download:
['MMC']: possibly delisted; no timezone found
$MRO: possibly delisted; no timezone found
$MRO: possibly delisted; no timezone found

1 Failed download:
['MRO']: possibly delisted; no timezone found
$MXIM: possibly delisted; no timezone found
$MXIM: possibly delisted; no timezone found

1 Failed download:
['MXIM']: possibly delisted; no timezone found
$NBL: possibly delisted; no timezone found
$NBL: possibly delisted; no timezone found

1 Failed download:
['NBL']: possibly delisted; no timezone found
$MYL: possibly delisted; no timezone found
$MYL: possibly delisted; no timezone found

1 Failed download:
['MYL']: possibly delisted; no timezone found
$NLSN: possibly delisted; no timezone found
$NLSN: possibly delisted; no timezone found

1 Failed download:
['NLSN']: possibly delisted; no timezone found
$PBCT: possibly delisted; no timezone found
$PBCT: possibly delisted; no timezone found

1 Failed download:
['PBCT']: possibly delisted; no timezone found
$PKI: possibly delisted; no timezone found
$PKI: possibly delisted; no timezone found

1 Failed download:
['PKI']: possibly delisted; no timezone found
$PXD: possibly delisted; no timezone found
$PXD: possibly delisted; no timezone found

1 Failed download:
['PXD']: possibly delisted; no timezone found
$RE: possibly delisted; no timezone found
$RHT: possibly delisted; no timezone found
$RE: possibly delisted; no timezone found

1 Failed download:
['RE']: possibly delisted; no timezone found
$RHT: possibly delisted; no timezone found

1 Failed download:
['RHT']: possibly delisted; no timezone found
$RTN: possibly delisted; no timezone found
$RTN: possibly delisted; no timezone found

1 Failed download:
['RTN']: possibly delisted; no timezone found
$SEE: possibly delisted; no timezone found
$SEE: possibly delisted; no timezone found

1 Failed download:
['SEE']: possibly delisted; no timezone found
$SIVB: possibly delisted; no timezone found
$SIVB: possibly delisted; no timezone found

1 Failed download:
['SIVB']: possibly delisted; no timezone found
$STI: Data doesn't exist for startDate = 1561089600, endDate = 1562040000

1 Failed download:
['STI']: Data doesn't exist for startDate = 1561089600, endDate = 1562040000
$SYMC: possibly delisted; no timezone found
$SYMC: possibly delisted; no timezone found

1 Failed download:
['SYMC']: possibly delisted; no timezone found
$TMK: possibly delisted; no timezone found
$TIF: possibly delisted; no timezone found
$TIF: possibly delisted; no timezone found

1 Failed download:
['TIF']: possibly delisted; no timezone found
$TMK: possibly delisted; no timezone found

1 Failed download:
['TMK']: possibly delisted; no timezone found
$TWTR: possibly delisted; no timezone found
$TWTR: possibly delisted; no timezone found

1 Failed download:
['TWTR']: possibly delisted; no timezone found
$TSS: possibly delisted; no timezone found
$TSS: possibly delisted; no timezone found

1 Failed download:
['TSS']: possibly delisted; no timezone found
$UTX: possibly delisted; no timezone found
$UTX: possibly delisted; no timezone found

1 Failed download:
['UTX']: possibly delisted; no timezone found
$VIAB: possibly delisted; no timezone found
$VAR: possibly delisted; no timezone found
$VIAB: possibly delisted; no timezone found
$VAR: possibly delisted; no timezone found

1 Failed download:
['VIAB']: possibly delisted; no timezone found

1 Failed download:
['VAR']: possibly delisted; no timezone found
$WBA: possibly delisted; no timezone found
$WCG: possibly delisted; no timezone found
$WBA: possibly delisted; no timezone found

1 Failed download:
['WBA']: possibly delisted; no timezone found
$WCG: possibly delisted; no timezone found

1 Failed download:
['WCG']: possibly delisted; no timezone found
$WLTW: possibly delisted; no timezone found
$WLTW: possibly delisted; no timezone found

1 Failed download:
['WLTW']: possibly delisted; no timezone found
$WRK: possibly delisted; no timezone found
$XEC: possibly delisted; no timezone found
$XLNX: possibly delisted; no timezone found
$XEC: possibly delisted; no timezone found
$WRK: possibly delisted; no timezone found

1 Failed download:
['XEC']: possibly delisted; no timezone found
$XLNX: possibly delisted; no timezone found

1 Failed download:

1 Failed download:
['XLNX']: possibly delisted; no timezone found
['WRK']: possibly delisted; no timezone found
$ABC: possibly delisted; no timezone found
$ABC: possibly delisted; no timezone found
$ABMD: possibly delisted; no timezone found

1 Failed download:
['ABC']: possibly delisted; no timezone found
$ABMD: possibly delisted; no timezone found

1 Failed download:
['ABMD']: possibly delisted; no timezone found
$AGN: possibly delisted; no timezone found
$ADS: possibly delisted; no timezone found
$ADS: possibly delisted; no timezone found
$AGN: possibly delisted; no timezone found

1 Failed download:
['AGN']: possibly delisted; no timezone found

1 Failed download:
['ADS']: possibly delisted; no timezone found
$ALXN: possibly delisted; no timezone found
$ALXN: possibly delisted; no timezone found

1 Failed download:
['ALXN']: possibly delisted; no timezone found
$ANSS: possibly delisted; no timezone found
$ANSS: possibly delisted; no timezone found

1 Failed download:
['ANSS']: possibly delisted; no timezone found
$ANTM: possibly delisted; no timezone found
$ANTM: possibly delisted; no timezone found

1 Failed download:
['ANTM']: possibly delisted; no timezone found
$ATVI: possibly delisted; no timezone found
$ATVI: possibly delisted; no timezone found

1 Failed download:
['ATVI']: possibly delisted; no timezone found
$ARNC: possibly delisted; no timezone found
$ARNC: possibly delisted; no timezone found

1 Failed download:
['ARNC']: possibly delisted; no timezone found
$AVB: Data doesn't exist for startDate = 1577077200, endDate = 1578027600

1 Failed download:
['AVB']: Data doesn't exist for startDate = 1577077200, endDate = 1578027600
$BK: possibly delisted; no timezone found
$BK: possibly delisted; no timezone found

1 Failed download:
['BK']: possibly delisted; no timezone found
$BLL: possibly delisted; no timezone found
$BLL: possibly delisted; no timezone found

1 Failed download:
['BLL']: possibly delisted; no timezone found
$CERN: possibly delisted; no timezone found
$CERN: possibly delisted; no timezone found

1 Failed download:
['CERN']: possibly delisted; no timezone found
$CMA: possibly delisted; no timezone found
$CMA: possibly delisted; no timezone found

1 Failed download:
['CMA']: possibly delisted; no timezone found
$COG: possibly delisted; no timezone found
$COG: possibly delisted; no timezone found

1 Failed download:
['COG']: possibly delisted; no timezone found
$CTL: possibly delisted; no timezone found
$CTL: possibly delisted; no timezone found

1 Failed download:
['CTL']: possibly delisted; no timezone found
$CXO: possibly delisted; no timezone found
$CXO: possibly delisted; no timezone found
$CTXS: possibly delisted; no timezone found

1 Failed download:
['CXO']: possibly delisted; no timezone found
$CTXS: possibly delisted; no timezone found

1 Failed download:
['CTXS']: possibly delisted; no timezone found
$DFS: possibly delisted; no timezone found
$DFS: possibly delisted; no timezone found

1 Failed download:
['DFS']: possibly delisted; no timezone found
$DISCK: possibly delisted; no timezone found
$DISCA: possibly delisted; no timezone found
$DISCK: possibly delisted; no timezone found

1 Failed download:
['DISCK']: possibly delisted; no timezone found
$DISCA: possibly delisted; no timezone found

1 Failed download:
['DISCA']: possibly delisted; no timezone found
$DISH: possibly delisted; no timezone found
$DISH: possibly delisted; no timezone found

1 Failed download:
['DISH']: possibly delisted; no timezone found
$DRE: possibly delisted; no timezone found
$DRE: possibly delisted; no timezone found

1 Failed download:
['DRE']: possibly delisted; no timezone found
$EA: Data doesn't exist for startDate = 1577077200, endDate = 1578027600

1 Failed download:
['EA']: Data doesn't exist for startDate = 1577077200, endDate = 1578027600
$EQR: Data doesn't exist for startDate = 1577077200, endDate = 1578027600

1 Failed download:
['EQR']: Data doesn't exist for startDate = 1577077200, endDate = 1578027600
$ETFC: possibly delisted; no timezone found
$ETFC: possibly delisted; no timezone found

1 Failed download:
['ETFC']: possibly delisted; no timezone found
$FB: Data doesn't exist for startDate = 1577077200, endDate = 1578027600

1 Failed download:
['FB']: Data doesn't exist for startDate = 1577077200, endDate = 1578027600
$FBHS: possibly delisted; no timezone found
$FBHS: possibly delisted; no timezone found

1 Failed download:
['FBHS']: possibly delisted; no timezone found
$FLT: possibly delisted; no timezone found
$FLIR: possibly delisted; no timezone found
$FLIR: possibly delisted; no timezone found
$FLT: possibly delisted; no timezone found

1 Failed download:
['FLT']: possibly delisted; no timezone found

1 Failed download:
['FLIR']: possibly delisted; no timezone found
$FRC: possibly delisted; no timezone found
$FRC: possibly delisted; no timezone found

1 Failed download:
['FRC']: possibly delisted; no timezone found
$GPS: possibly delisted; no timezone found
$GPS: possibly delisted; no timezone found

1 Failed download:
['GPS']: possibly delisted; no timezone found
$HES: possibly delisted; no timezone found
$HES: possibly delisted; no timezone found

1 Failed download:
['HES']: possibly delisted; no timezone found
$HBI: possibly delisted; no timezone found
$HBI: possibly delisted; no timezone found

1 Failed download:
['HBI']: possibly delisted; no timezone found
$HFC: possibly delisted; no timezone found
$HFC: possibly delisted; no timezone found

1 Failed download:
['HFC']: possibly delisted; no timezone found
$HOLX: possibly delisted; no timezone found
$HOLX: possibly delisted; no timezone found

1 Failed download:
['HOLX']: possibly delisted; no timezone found
$INFO: Data doesn't exist for startDate = 1577077200, endDate = 1578027600

1 Failed download:
['INFO']: Data doesn't exist for startDate = 1577077200, endDate = 1578027600
$IPG: possibly delisted; no timezone found
$IPG: possibly delisted; no timezone found

1 Failed download:
['IPG']: possibly delisted; no timezone found
$JNPR: possibly delisted; no timezone found
$JNPR: possibly delisted; no timezone found

1 Failed download:
['JNPR']: possibly delisted; no timezone found
$JWN: possibly delisted; no timezone found
$JWN: possibly delisted; no timezone found

1 Failed download:
['JWN']: possibly delisted; no timezone found
$K: possibly delisted; no timezone found
$K: possibly delisted; no timezone found

1 Failed download:
['K']: possibly delisted; no timezone found
$KSU: possibly delisted; no timezone found
$KSU: possibly delisted; no timezone found

1 Failed download:
['KSU']: possibly delisted; no timezone found
$LB: Data doesn't exist for startDate = 1577077200, endDate = 1578027600
$LEG: Data doesn't exist for startDate = 1577077200, endDate = 1578027600

1 Failed download:
['LB']: Data doesn't exist for startDate = 1577077200, endDate = 1578027600

1 Failed download:
['LEG']: Data doesn't exist for startDate = 1577077200, endDate = 1578027600
$MMC: possibly delisted; no timezone found
$MMC: possibly delisted; no timezone found

1 Failed download:
['MMC']: possibly delisted; no timezone found
$MRO: possibly delisted; no timezone found
$MRO: possibly delisted; no timezone found

1 Failed download:
['MRO']: possibly delisted; no timezone found
$MXIM: possibly delisted; no timezone found
$MXIM: possibly delisted; no timezone found

1 Failed download:
['MXIM']: possibly delisted; no timezone found
$NLOK: possibly delisted; no timezone found
$MYL: possibly delisted; no timezone found
$NBL: possibly delisted; no timezone found
$NLOK: possibly delisted; no timezone found
$NBL: possibly delisted; no timezone found

1 Failed download:
['NLOK']: possibly delisted; no timezone found

1 Failed download:
['NBL']: possibly delisted; no timezone found
$MYL: possibly delisted; no timezone found

1 Failed download:
['MYL']: possibly delisted; no timezone found
$NLSN: possibly delisted; no timezone found
$NLSN: possibly delisted; no timezone found

1 Failed download:
['NLSN']: possibly delisted; no timezone found
$PEAK: possibly delisted; no timezone found
$PBCT: possibly delisted; no timezone found
$PEAK: possibly delisted; no timezone found
$PBCT: possibly delisted; no timezone found

1 Failed download:

1 Failed download:
['PEAK']: possibly delisted; no timezone found
['PBCT']: possibly delisted; no timezone found
$PKI: possibly delisted; no timezone found
$PKI: possibly delisted; no timezone found

1 Failed download:
['PKI']: possibly delisted; no timezone found
$PXD: possibly delisted; no timezone found
$PXD: possibly delisted; no timezone found

1 Failed download:
['PXD']: possibly delisted; no timezone found
$RE: possibly delisted; no timezone found
$RE: possibly delisted; no timezone found

1 Failed download:
['RE']: possibly delisted; no timezone found
$RTN: possibly delisted; no timezone found
$RTN: possibly delisted; no timezone found

1 Failed download:
['RTN']: possibly delisted; no timezone found
$SEE: possibly delisted; no timezone found
$SIVB: possibly delisted; no timezone found
$SEE: possibly delisted; no timezone found
$SIVB: possibly delisted; no timezone found

1 Failed download:
['SIVB']: possibly delisted; no timezone found

1 Failed download:
['SEE']: possibly delisted; no timezone found
$TIF: possibly delisted; no timezone found
$TIF: possibly delisted; no timezone found

1 Failed download:
['TIF']: possibly delisted; no timezone found
$TWTR: possibly delisted; no timezone found
$TWTR: possibly delisted; no timezone found

1 Failed download:
['TWTR']: possibly delisted; no timezone found
$UTX: possibly delisted; no timezone found
$UTX: possibly delisted; no timezone found

1 Failed download:
['UTX']: possibly delisted; no timezone found
$VAR: possibly delisted; no timezone found
$VIAC: possibly delisted; no timezone found
$VAR: possibly delisted; no timezone found

1 Failed download:
['VAR']: possibly delisted; no timezone found
$VIAC: possibly delisted; no timezone found

1 Failed download:
['VIAC']: possibly delisted; no timezone found
$WCG: possibly delisted; no timezone found
$WCG: possibly delisted; no timezone found
$WBA: possibly delisted; no timezone found
$WBA: possibly delisted; no timezone found

1 Failed download:
['WCG']: possibly delisted; no timezone found

1 Failed download:
['WBA']: possibly delisted; no timezone found
$WLTW: possibly delisted; no timezone found
$WLTW: possibly delisted; no timezone found

1 Failed download:
['WLTW']: possibly delisted; no timezone found
$WRK: possibly delisted; no timezone found
$WRK: possibly delisted; no timezone found

1 Failed download:
['WRK']: possibly delisted; no timezone found
$XEC: possibly delisted; no timezone found
$XEC: possibly delisted; no timezone found

1 Failed download:
['XEC']: possibly delisted; no timezone found
$XLNX: possibly delisted; no timezone found
$XLNX: possibly delisted; no timezone found

1 Failed download:
['XLNX']: possibly delisted; no timezone found
$ABC: possibly delisted; no timezone found
$ABMD: possibly delisted; no timezone found
$ABC: possibly delisted; no timezone found
$ABMD: possibly delisted; no timezone found

1 Failed download:
['ABMD']: possibly delisted; no timezone found

1 Failed download:
['ABC']: possibly delisted; no timezone found
$ALXN: possibly delisted; no timezone found
$ALXN: possibly delisted; no timezone found

1 Failed download:
['ALXN']: possibly delisted; no timezone found
$ANTM: possibly delisted; no timezone found
$ANSS: possibly delisted; no timezone found
$ANTM: possibly delisted; no timezone found
$ANSS: possibly delisted; no timezone found

1 Failed download:
['ANTM']: possibly delisted; no timezone found

1 Failed download:
['ANSS']: possibly delisted; no timezone found
$ATVI: possibly delisted; no timezone found
$ATVI: possibly delisted; no timezone found

1 Failed download:
['ATVI']: possibly delisted; no timezone found
$AVB: Data doesn't exist for startDate = 1592712000, endDate = 1593662400

1 Failed download:
['AVB']: Data doesn't exist for startDate = 1592712000, endDate = 1593662400
$BK: possibly delisted; no timezone found
$BK: possibly delisted; no timezone found

1 Failed download:
['BK']: possibly delisted; no timezone found
$BIO: possibly delisted; no price data found  (1d 2020-06-21 -> 2020-06-21)

1 Failed download:
['BIO']: possibly delisted; no price data found  (1d 2020-06-21 -> 2020-06-21)
$BLL: possibly delisted; no timezone found
$BLL: possibly delisted; no timezone found

1 Failed download:
['BLL']: possibly delisted; no timezone found
$CARR: possibly delisted; no price data found  (1d 2020-06-21 -> 2020-06-21)

1 Failed download:
['CARR']: possibly delisted; no price data found  (1d 2020-06-21 -> 2020-06-21)
$CERN: possibly delisted; no timezone found
$CERN: possibly delisted; no timezone found

1 Failed download:
['CERN']: possibly delisted; no timezone found
$CMA: possibly delisted; no timezone found
$CMA: possibly delisted; no timezone found

1 Failed download:
['CMA']: possibly delisted; no timezone found
$COG: possibly delisted; no timezone found
$COG: possibly delisted; no timezone found

1 Failed download:
['COG']: possibly delisted; no timezone found
$CTL: possibly delisted; no timezone found
$CTL: possibly delisted; no timezone found

1 Failed download:
['CTL']: possibly delisted; no timezone found
$CTXS: possibly delisted; no timezone found
$CXO: possibly delisted; no timezone found
$CTXS: possibly delisted; no timezone found
$CXO: possibly delisted; no timezone found

1 Failed download:
['CTXS']: possibly delisted; no timezone found

1 Failed download:
['CXO']: possibly delisted; no timezone found
$DFS: possibly delisted; no timezone found
$DFS: possibly delisted; no timezone found

1 Failed download:
['DFS']: possibly delisted; no timezone found
$DISCK: possibly delisted; no timezone found
$DISCA: possibly delisted; no timezone found
$DISCA: possibly delisted; no timezone found
$DISCK: possibly delisted; no timezone found

1 Failed download:
['DISCK']: possibly delisted; no timezone found

1 Failed download:
['DISCA']: possibly delisted; no timezone found
$DISH: possibly delisted; no timezone found
$DISH: possibly delisted; no timezone found

1 Failed download:
['DISH']: possibly delisted; no timezone found
$DRE: possibly delisted; no timezone found
$DRE: possibly delisted; no timezone found

1 Failed download:
['DRE']: possibly delisted; no timezone found
$DPZ: possibly delisted; no price data found  (1d 2020-06-21 -> 2020-06-21)

1 Failed download:
['DPZ']: possibly delisted; no price data found  (1d 2020-06-21 -> 2020-06-21)
$DXCM: possibly delisted; no price data found  (1d 2020-06-21 -> 2020-06-21)

1 Failed download:
['DXCM']: possibly delisted; no price data found  (1d 2020-06-21 -> 2020-06-21)
$EA: Data doesn't exist for startDate = 1592712000, endDate = 1593662400

1 Failed download:
['EA']: Data doesn't exist for startDate = 1592712000, endDate = 1593662400
$EQR: Data doesn't exist for startDate = 1592712000, endDate = 1593662400

1 Failed download:
['EQR']: Data doesn't exist for startDate = 1592712000, endDate = 1593662400
$ETFC: possibly delisted; no timezone found
$ETFC: possibly delisted; no timezone found

1 Failed download:
['ETFC']: possibly delisted; no timezone found
$FBHS: possibly delisted; no timezone found
$FBHS: possibly delisted; no timezone found

1 Failed download:
['FBHS']: possibly delisted; no timezone found
$FB: Data doesn't exist for startDate = 1592712000, endDate = 1593662400

1 Failed download:
['FB']: Data doesn't exist for startDate = 1592712000, endDate = 1593662400
$FLT: possibly delisted; no timezone found
$FLIR: possibly delisted; no timezone found
$FLIR: possibly delisted; no timezone found
$FLT: possibly delisted; no timezone found

1 Failed download:

1 Failed download:
['FLT']: possibly delisted; no timezone found
['FLIR']: possibly delisted; no timezone found
$FRC: possibly delisted; no timezone found
$FRC: possibly delisted; no timezone found

1 Failed download:
['FRC']: possibly delisted; no timezone found
$GPS: possibly delisted; no timezone found
$GPS: possibly delisted; no timezone found

1 Failed download:
['GPS']: possibly delisted; no timezone found
$HBI: possibly delisted; no timezone found
$HBI: possibly delisted; no timezone found

1 Failed download:
['HBI']: possibly delisted; no timezone found
$HFC: possibly delisted; no timezone found
$HFC: possibly delisted; no timezone found

1 Failed download:
['HFC']: possibly delisted; no timezone found
$HES: possibly delisted; no timezone found
$HES: possibly delisted; no timezone found

1 Failed download:
['HES']: possibly delisted; no timezone found
$HOLX: possibly delisted; no timezone found
$HOLX: possibly delisted; no timezone found

1 Failed download:
['HOLX']: possibly delisted; no timezone found
$HWM: possibly delisted; no price data found  (1d 2020-06-21 -> 2020-06-21)

1 Failed download:
['HWM']: possibly delisted; no price data found  (1d 2020-06-21 -> 2020-06-21)
$INFO: Data doesn't exist for startDate = 1592712000, endDate = 1593662400

1 Failed download:
['INFO']: Data doesn't exist for startDate = 1592712000, endDate = 1593662400
$IPG: possibly delisted; no timezone found
$IPG: possibly delisted; no timezone found

1 Failed download:
['IPG']: possibly delisted; no timezone found
$JNPR: possibly delisted; no timezone found
$JNPR: possibly delisted; no timezone found

1 Failed download:
['JNPR']: possibly delisted; no timezone found
$K: possibly delisted; no timezone found
$K: possibly delisted; no timezone found

1 Failed download:
['K']: possibly delisted; no timezone found
$KSU: possibly delisted; no timezone found
$KSU: possibly delisted; no timezone found

1 Failed download:
['KSU']: possibly delisted; no timezone found
$LB: Data doesn't exist for startDate = 1592712000, endDate = 1593662400

1 Failed download:
['LB']: Data doesn't exist for startDate = 1592712000, endDate = 1593662400
$LEG: Data doesn't exist for startDate = 1592712000, endDate = 1593662400

1 Failed download:
['LEG']: Data doesn't exist for startDate = 1592712000, endDate = 1593662400
$MMC: possibly delisted; no timezone found
$MMC: possibly delisted; no timezone found

1 Failed download:
['MMC']: possibly delisted; no timezone found
$MRO: possibly delisted; no timezone found
$MRO: possibly delisted; no timezone found

1 Failed download:
['MRO']: possibly delisted; no timezone found
$MXIM: possibly delisted; no timezone found
$MXIM: possibly delisted; no timezone found

1 Failed download:
['MXIM']: possibly delisted; no timezone found
$MYL: possibly delisted; no timezone found
$MYL: possibly delisted; no timezone found

1 Failed download:
['MYL']: possibly delisted; no timezone found
$NBL: possibly delisted; no timezone found
$NBL: possibly delisted; no timezone found

1 Failed download:
['NBL']: possibly delisted; no timezone found
$NLOK: possibly delisted; no timezone found
$NLSN: possibly delisted; no timezone found
$NLOK: possibly delisted; no timezone found

1 Failed download:
['NLOK']: possibly delisted; no timezone found
$NLSN: possibly delisted; no timezone found

1 Failed download:
['NLSN']: possibly delisted; no timezone found
$PBCT: possibly delisted; no timezone found
$PBCT: possibly delisted; no timezone found

1 Failed download:
['PBCT']: possibly delisted; no timezone found
$OTIS: possibly delisted; no price data found  (1d 2020-06-21 -> 2020-06-21)

1 Failed download:
['OTIS']: possibly delisted; no price data found  (1d 2020-06-21 -> 2020-06-21)
$PEAK: possibly delisted; no timezone found
$PEAK: possibly delisted; no timezone found

1 Failed download:
['PEAK']: possibly delisted; no timezone found
$PKI: possibly delisted; no timezone found
$PKI: possibly delisted; no timezone found

1 Failed download:
['PKI']: possibly delisted; no timezone found
$PXD: possibly delisted; no timezone found
$PXD: possibly delisted; no timezone found

1 Failed download:
['PXD']: possibly delisted; no timezone found
$RE: possibly delisted; no timezone found
$RE: possibly delisted; no timezone found

1 Failed download:
['RE']: possibly delisted; no timezone found
$SEE: possibly delisted; no timezone found
$SEE: possibly delisted; no timezone found

1 Failed download:
['SEE']: possibly delisted; no timezone found
$SIVB: possibly delisted; no timezone found
$SIVB: possibly delisted; no timezone found

1 Failed download:
['SIVB']: possibly delisted; no timezone found
$RTX: possibly delisted; no price data found  (1d 2020-06-21 -> 2020-06-21)

1 Failed download:
['RTX']: possibly delisted; no price data found  (1d 2020-06-21 -> 2020-06-21)
$TDY: possibly delisted; no price data found  (1d 2020-06-21 -> 2020-06-21)

1 Failed download:
['TDY']: possibly delisted; no price data found  (1d 2020-06-21 -> 2020-06-21)
$TIF: possibly delisted; no timezone found
$TIF: possibly delisted; no timezone found

1 Failed download:
['TIF']: possibly delisted; no timezone found
$TWTR: possibly delisted; no timezone found
$TWTR: possibly delisted; no timezone found

1 Failed download:
['TWTR']: possibly delisted; no timezone found
$TT: possibly delisted; no price data found  (1d 2020-06-21 -> 2020-06-21)

1 Failed download:
['TT']: possibly delisted; no price data found  (1d 2020-06-21 -> 2020-06-21)
$TYL: possibly delisted; no price data found  (1d 2020-06-21 -> 2020-06-21)

1 Failed download:
['TYL']: possibly delisted; no price data found  (1d 2020-06-21 -> 2020-06-21)
$VAR: possibly delisted; no timezone found
$VAR: possibly delisted; no timezone found

1 Failed download:
['VAR']: possibly delisted; no timezone found
$VIAC: possibly delisted; no timezone found
$VIAC: possibly delisted; no timezone found

1 Failed download:
['VIAC']: possibly delisted; no timezone found
$WBA: possibly delisted; no timezone found
$WBA: possibly delisted; no timezone found

1 Failed download:
['WBA']: possibly delisted; no timezone found
$WLTW: possibly delisted; no timezone found
$WLTW: possibly delisted; no timezone found

1 Failed download:
['WLTW']: possibly delisted; no timezone found
$WRK: possibly delisted; no timezone found
$WRK: possibly delisted; no timezone found

1 Failed download:
['WRK']: possibly delisted; no timezone found
$XLNX: possibly delisted; no timezone found
$XLNX: possibly delisted; no timezone found

1 Failed download:
['XLNX']: possibly delisted; no timezone found
$WST: possibly delisted; no price data found  (1d 2020-06-21 -> 2020-06-21)

1 Failed download:
['WST']: possibly delisted; no price data found  (1d 2020-06-21 -> 2020-06-21)
[h1]   완료 (224.1s), n_days=504, satellite_weight_applied=0.15
[h1] 그룹 full_2019_2026_shared (bear_2022 대표) 챔피언 백테스트 실행: 2019-08-12 ~ 2026-08-19
$ABMD: possibly delisted; no timezone found
$ABMD: possibly delisted; no timezone found

1 Failed download:
['ABMD']: possibly delisted; no timezone found
$ABC: possibly delisted; no timezone found
$ABC: possibly delisted; no timezone found

1 Failed download:
['ABC']: possibly delisted; no timezone found
$ADS: possibly delisted; no timezone found
$ADS: possibly delisted; no timezone found

1 Failed download:
['ADS']: possibly delisted; no timezone found
$AGN: possibly delisted; no timezone found
$AGN: possibly delisted; no timezone found

1 Failed download:
['AGN']: possibly delisted; no timezone found
$ALXN: possibly delisted; no timezone found
$ALXN: possibly delisted; no timezone found

1 Failed download:
['ALXN']: possibly delisted; no timezone found
$ANSS: possibly delisted; no timezone found
$ANTM: possibly delisted; no timezone found
$ANSS: possibly delisted; no timezone found
$ANTM: possibly delisted; no timezone found

1 Failed download:
['ANTM']: possibly delisted; no timezone found

1 Failed download:
['ANSS']: possibly delisted; no timezone found
$ARNC: possibly delisted; no timezone found
$ARNC: possibly delisted; no timezone found
$ATVI: possibly delisted; no timezone found
$ATVI: possibly delisted; no timezone found

1 Failed download:
['ARNC']: possibly delisted; no timezone found

1 Failed download:
['ATVI']: possibly delisted; no timezone found
$AVB: Data doesn't exist for startDate = 1577077200, endDate = 1578027600

1 Failed download:
['AVB']: Data doesn't exist for startDate = 1577077200, endDate = 1578027600
$BK: possibly delisted; no timezone found
$BK: possibly delisted; no timezone found

1 Failed download:
['BK']: possibly delisted; no timezone found
$BLL: possibly delisted; no timezone found
$BLL: possibly delisted; no timezone found

1 Failed download:
['BLL']: possibly delisted; no timezone found
$CERN: possibly delisted; no timezone found
$CERN: possibly delisted; no timezone found

1 Failed download:
['CERN']: possibly delisted; no timezone found
$CMA: possibly delisted; no timezone found
$CMA: possibly delisted; no timezone found

1 Failed download:
['CMA']: possibly delisted; no timezone found
$COG: possibly delisted; no timezone found
$COG: possibly delisted; no timezone found

1 Failed download:
['COG']: possibly delisted; no timezone found
$CTL: possibly delisted; no timezone found
$CTL: possibly delisted; no timezone found

1 Failed download:
['CTL']: possibly delisted; no timezone found
$CXO: possibly delisted; no timezone found
$CTXS: possibly delisted; no timezone found
$CXO: possibly delisted; no timezone found

1 Failed download:
['CXO']: possibly delisted; no timezone found
$CTXS: possibly delisted; no timezone found

1 Failed download:
['CTXS']: possibly delisted; no timezone found
$DFS: possibly delisted; no timezone found
$DFS: possibly delisted; no timezone found

1 Failed download:
['DFS']: possibly delisted; no timezone found
$DISCA: possibly delisted; no timezone found
$DISCK: possibly delisted; no timezone found
$DISCA: possibly delisted; no timezone found

1 Failed download:
['DISCA']: possibly delisted; no timezone found
$DISCK: possibly delisted; no timezone found

1 Failed download:
['DISCK']: possibly delisted; no timezone found
$DISH: possibly delisted; no timezone found
$DISH: possibly delisted; no timezone found

1 Failed download:
['DISH']: possibly delisted; no timezone found
$DRE: possibly delisted; no timezone found
$DRE: possibly delisted; no timezone found

1 Failed download:
['DRE']: possibly delisted; no timezone found
$EA: Data doesn't exist for startDate = 1577077200, endDate = 1578027600

1 Failed download:
['EA']: Data doesn't exist for startDate = 1577077200, endDate = 1578027600
$EQR: Data doesn't exist for startDate = 1577077200, endDate = 1578027600

1 Failed download:
['EQR']: Data doesn't exist for startDate = 1577077200, endDate = 1578027600
$ETFC: possibly delisted; no timezone found
$ETFC: possibly delisted; no timezone found

1 Failed download:
['ETFC']: possibly delisted; no timezone found
$FB: Data doesn't exist for startDate = 1577077200, endDate = 1578027600

1 Failed download:
['FB']: Data doesn't exist for startDate = 1577077200, endDate = 1578027600
$FBHS: possibly delisted; no timezone found
$FBHS: possibly delisted; no timezone found

1 Failed download:
['FBHS']: possibly delisted; no timezone found
$FLIR: possibly delisted; no timezone found
$FLIR: possibly delisted; no timezone found

1 Failed download:
['FLIR']: possibly delisted; no timezone found
$FLT: possibly delisted; no timezone found
$FLT: possibly delisted; no timezone found

1 Failed download:
['FLT']: possibly delisted; no timezone found
$FRC: possibly delisted; no timezone found
$FRC: possibly delisted; no timezone found

1 Failed download:
['FRC']: possibly delisted; no timezone found
$GPS: possibly delisted; no timezone found
$GPS: possibly delisted; no timezone found

1 Failed download:
['GPS']: possibly delisted; no timezone found
$HES: possibly delisted; no timezone found
$HBI: possibly delisted; no timezone found
$HFC: possibly delisted; no timezone found
$HES: possibly delisted; no timezone found
$HBI: possibly delisted; no timezone found

1 Failed download:
['HBI']: possibly delisted; no timezone found

1 Failed download:
['HES']: possibly delisted; no timezone found
$HFC: possibly delisted; no timezone found

1 Failed download:
['HFC']: possibly delisted; no timezone found
$HOLX: possibly delisted; no timezone found
$HOLX: possibly delisted; no timezone found

1 Failed download:
['HOLX']: possibly delisted; no timezone found
$INFO: Data doesn't exist for startDate = 1577077200, endDate = 1578027600

1 Failed download:
['INFO']: Data doesn't exist for startDate = 1577077200, endDate = 1578027600
$IPG: possibly delisted; no timezone found
$IPG: possibly delisted; no timezone found

1 Failed download:
['IPG']: possibly delisted; no timezone found
$JNPR: possibly delisted; no timezone found
$JNPR: possibly delisted; no timezone found
$JWN: possibly delisted; no timezone found

1 Failed download:
['JNPR']: possibly delisted; no timezone found
$JWN: possibly delisted; no timezone found

1 Failed download:
['JWN']: possibly delisted; no timezone found
$K: possibly delisted; no timezone found
$K: possibly delisted; no timezone found

1 Failed download:
['K']: possibly delisted; no timezone found
$KSU: possibly delisted; no timezone found
$KSU: possibly delisted; no timezone found

1 Failed download:
['KSU']: possibly delisted; no timezone found
$LEG: Data doesn't exist for startDate = 1577077200, endDate = 1578027600

1 Failed download:
['LEG']: Data doesn't exist for startDate = 1577077200, endDate = 1578027600
$LB: Data doesn't exist for startDate = 1577077200, endDate = 1578027600

1 Failed download:
['LB']: Data doesn't exist for startDate = 1577077200, endDate = 1578027600
$MMC: possibly delisted; no timezone found
$MMC: possibly delisted; no timezone found

1 Failed download:
['MMC']: possibly delisted; no timezone found
$MRO: possibly delisted; no timezone found
$MRO: possibly delisted; no timezone found

1 Failed download:
['MRO']: possibly delisted; no timezone found
$NBL: possibly delisted; no timezone found
$MYL: possibly delisted; no timezone found
$MXIM: possibly delisted; no timezone found
$MYL: possibly delisted; no timezone found

1 Failed download:
['MYL']: possibly delisted; no timezone found
$NBL: possibly delisted; no timezone found
$MXIM: possibly delisted; no timezone found

1 Failed download:
['MXIM']: possibly delisted; no timezone found

1 Failed download:
['NBL']: possibly delisted; no timezone found
$NLSN: possibly delisted; no timezone found
$NLOK: possibly delisted; no timezone found
$NLSN: possibly delisted; no timezone found
$NLOK: possibly delisted; no timezone found

1 Failed download:
['NLOK']: possibly delisted; no timezone found

1 Failed download:
['NLSN']: possibly delisted; no timezone found
$PEAK: possibly delisted; no timezone found
$PEAK: possibly delisted; no timezone found

1 Failed download:
['PEAK']: possibly delisted; no timezone found
$PBCT: possibly delisted; no timezone found
$PBCT: possibly delisted; no timezone found

1 Failed download:
['PBCT']: possibly delisted; no timezone found
$PKI: possibly delisted; no timezone found
$PKI: possibly delisted; no timezone found

1 Failed download:
['PKI']: possibly delisted; no timezone found
$PXD: possibly delisted; no timezone found
$PXD: possibly delisted; no timezone found

1 Failed download:
['PXD']: possibly delisted; no timezone found
$RE: possibly delisted; no timezone found
$RE: possibly delisted; no timezone found

1 Failed download:
['RE']: possibly delisted; no timezone found
$RTN: possibly delisted; no timezone found
$SEE: possibly delisted; no timezone found
$SIVB: possibly delisted; no timezone found
$SEE: possibly delisted; no timezone found
$RTN: possibly delisted; no timezone found
$SIVB: possibly delisted; no timezone found

1 Failed download:
['RTN']: possibly delisted; no timezone found

1 Failed download:
['SEE']: possibly delisted; no timezone found

1 Failed download:
['SIVB']: possibly delisted; no timezone found
$TIF: possibly delisted; no timezone found
$TIF: possibly delisted; no timezone found

1 Failed download:
['TIF']: possibly delisted; no timezone found
$TWTR: possibly delisted; no timezone found
$TWTR: possibly delisted; no timezone found

1 Failed download:
['TWTR']: possibly delisted; no timezone found
$UTX: possibly delisted; no timezone found
$UTX: possibly delisted; no timezone found

1 Failed download:
['UTX']: possibly delisted; no timezone found
$VIAC: possibly delisted; no timezone found
$VAR: possibly delisted; no timezone found
$VIAC: possibly delisted; no timezone found
$VAR: possibly delisted; no timezone found

1 Failed download:
['VIAC']: possibly delisted; no timezone found

1 Failed download:
['VAR']: possibly delisted; no timezone found
$WBA: possibly delisted; no timezone found
$WBA: possibly delisted; no timezone found
$WCG: possibly delisted; no timezone found

1 Failed download:
['WBA']: possibly delisted; no timezone found
$WCG: possibly delisted; no timezone found

1 Failed download:
['WCG']: possibly delisted; no timezone found
$WLTW: possibly delisted; no timezone found
$WLTW: possibly delisted; no timezone found

1 Failed download:
['WLTW']: possibly delisted; no timezone found
$WRK: possibly delisted; no timezone found
$WRK: possibly delisted; no timezone found

1 Failed download:
['WRK']: possibly delisted; no timezone found
$XLNX: possibly delisted; no timezone found
$XEC: possibly delisted; no timezone found
$XLNX: possibly delisted; no timezone found
$XEC: possibly delisted; no timezone found

1 Failed download:
['XLNX']: possibly delisted; no timezone found

1 Failed download:
['XEC']: possibly delisted; no timezone found
$ABC: possibly delisted; no timezone found
$ABMD: possibly delisted; no timezone found
$ABC: possibly delisted; no timezone found

1 Failed download:
['ABC']: possibly delisted; no timezone found
$ABMD: possibly delisted; no timezone found

1 Failed download:
['ABMD']: possibly delisted; no timezone found
$ALXN: possibly delisted; no timezone found
$ALXN: possibly delisted; no timezone found

1 Failed download:
['ALXN']: possibly delisted; no timezone found
$ANSS: possibly delisted; no timezone found
$ANSS: possibly delisted; no timezone found
$ANTM: possibly delisted; no timezone found
$ANTM: possibly delisted; no timezone found

1 Failed download:
['ANSS']: possibly delisted; no timezone found

1 Failed download:
['ANTM']: possibly delisted; no timezone found
$ATVI: possibly delisted; no timezone found
$ATVI: possibly delisted; no timezone found

1 Failed download:
['ATVI']: possibly delisted; no timezone found
$AVB: Data doesn't exist for startDate = 1592712000, endDate = 1593662400

1 Failed download:
['AVB']: Data doesn't exist for startDate = 1592712000, endDate = 1593662400
$BK: possibly delisted; no timezone found
$BK: possibly delisted; no timezone found

1 Failed download:
['BK']: possibly delisted; no timezone found
$BIO: possibly delisted; no price data found  (1d 2020-06-21 -> 2020-06-21)

1 Failed download:
['BIO']: possibly delisted; no price data found  (1d 2020-06-21 -> 2020-06-21)
$BLL: possibly delisted; no timezone found
$BLL: possibly delisted; no timezone found

1 Failed download:
['BLL']: possibly delisted; no timezone found
$CARR: possibly delisted; no price data found  (1d 2020-06-21 -> 2020-06-21)

1 Failed download:
['CARR']: possibly delisted; no price data found  (1d 2020-06-21 -> 2020-06-21)
$CERN: possibly delisted; no timezone found
$CERN: possibly delisted; no timezone found

1 Failed download:
['CERN']: possibly delisted; no timezone found
$CMA: possibly delisted; no timezone found
$CMA: possibly delisted; no timezone found

1 Failed download:
['CMA']: possibly delisted; no timezone found
$COG: possibly delisted; no timezone found
$COG: possibly delisted; no timezone found

1 Failed download:
['COG']: possibly delisted; no timezone found
$CTL: possibly delisted; no timezone found
$CTL: possibly delisted; no timezone found

1 Failed download:
['CTL']: possibly delisted; no timezone found
$CTXS: possibly delisted; no timezone found
$CTXS: possibly delisted; no timezone found

1 Failed download:
['CTXS']: possibly delisted; no timezone found
$CXO: possibly delisted; no timezone found
$CXO: possibly delisted; no timezone found

1 Failed download:
['CXO']: possibly delisted; no timezone found
$DFS: possibly delisted; no timezone found
$DFS: possibly delisted; no timezone found

1 Failed download:
['DFS']: possibly delisted; no timezone found
$DISH: possibly delisted; no timezone found
$DISCA: possibly delisted; no timezone found
$DISCK: possibly delisted; no timezone found
$DISH: possibly delisted; no timezone found
$DISCA: possibly delisted; no timezone found

1 Failed download:
['DISCA']: possibly delisted; no timezone found
$DISCK: possibly delisted; no timezone found

1 Failed download:
['DISH']: possibly delisted; no timezone found

1 Failed download:
['DISCK']: possibly delisted; no timezone found
$DRE: possibly delisted; no timezone found
$DRE: possibly delisted; no timezone found

1 Failed download:
['DRE']: possibly delisted; no timezone found
$DPZ: possibly delisted; no price data found  (1d 2020-06-21 -> 2020-06-21)

1 Failed download:
['DPZ']: possibly delisted; no price data found  (1d 2020-06-21 -> 2020-06-21)
$EA: Data doesn't exist for startDate = 1592712000, endDate = 1593662400

1 Failed download:
['EA']: Data doesn't exist for startDate = 1592712000, endDate = 1593662400
$DXCM: possibly delisted; no price data found  (1d 2020-06-21 -> 2020-06-21)

1 Failed download:
['DXCM']: possibly delisted; no price data found  (1d 2020-06-21 -> 2020-06-21)
$EQR: Data doesn't exist for startDate = 1592712000, endDate = 1593662400

1 Failed download:
['EQR']: Data doesn't exist for startDate = 1592712000, endDate = 1593662400
$ETFC: possibly delisted; no timezone found
$ETFC: possibly delisted; no timezone found

1 Failed download:
['ETFC']: possibly delisted; no timezone found
$FBHS: possibly delisted; no timezone found
$FBHS: possibly delisted; no timezone found

1 Failed download:
['FBHS']: possibly delisted; no timezone found
$FB: Data doesn't exist for startDate = 1592712000, endDate = 1593662400

1 Failed download:
['FB']: Data doesn't exist for startDate = 1592712000, endDate = 1593662400
$FLT: possibly delisted; no timezone found
$FLIR: possibly delisted; no timezone found
$FLIR: possibly delisted; no timezone found

1 Failed download:
['FLIR']: possibly delisted; no timezone found
$FLT: possibly delisted; no timezone found

1 Failed download:
['FLT']: possibly delisted; no timezone found
$FRC: possibly delisted; no timezone found
$FRC: possibly delisted; no timezone found

1 Failed download:
['FRC']: possibly delisted; no timezone found
$GPS: possibly delisted; no timezone found
$GPS: possibly delisted; no timezone found

1 Failed download:
['GPS']: possibly delisted; no timezone found
$HES: possibly delisted; no timezone found
$HBI: possibly delisted; no timezone found
$HES: possibly delisted; no timezone found

1 Failed download:
['HES']: possibly delisted; no timezone found
$HBI: possibly delisted; no timezone found

1 Failed download:
['HBI']: possibly delisted; no timezone found
$HFC: possibly delisted; no timezone found
$HFC: possibly delisted; no timezone found

1 Failed download:
['HFC']: possibly delisted; no timezone found
$HOLX: possibly delisted; no timezone found
$HOLX: possibly delisted; no timezone found

1 Failed download:
['HOLX']: possibly delisted; no timezone found
$HWM: possibly delisted; no price data found  (1d 2020-06-21 -> 2020-06-21)

1 Failed download:
['HWM']: possibly delisted; no price data found  (1d 2020-06-21 -> 2020-06-21)
$INFO: Data doesn't exist for startDate = 1592712000, endDate = 1593662400

1 Failed download:
['INFO']: Data doesn't exist for startDate = 1592712000, endDate = 1593662400
$IPG: possibly delisted; no timezone found
$IPG: possibly delisted; no timezone found

1 Failed download:
['IPG']: possibly delisted; no timezone found
$JNPR: possibly delisted; no timezone found
$JNPR: possibly delisted; no timezone found

1 Failed download:
['JNPR']: possibly delisted; no timezone found
$K: possibly delisted; no timezone found
$K: possibly delisted; no timezone found

1 Failed download:
['K']: possibly delisted; no timezone found
$KSU: possibly delisted; no timezone found
$KSU: possibly delisted; no timezone found

1 Failed download:
['KSU']: possibly delisted; no timezone found
$LB: Data doesn't exist for startDate = 1592712000, endDate = 1593662400

1 Failed download:
['LB']: Data doesn't exist for startDate = 1592712000, endDate = 1593662400
$LEG: Data doesn't exist for startDate = 1592712000, endDate = 1593662400

1 Failed download:
['LEG']: Data doesn't exist for startDate = 1592712000, endDate = 1593662400
$MMC: possibly delisted; no timezone found
$MMC: possibly delisted; no timezone found

1 Failed download:
['MMC']: possibly delisted; no timezone found
$MRO: possibly delisted; no timezone found
$MRO: possibly delisted; no timezone found

1 Failed download:
['MRO']: possibly delisted; no timezone found
$MXIM: possibly delisted; no timezone found
$MYL: possibly delisted; no timezone found
$NBL: possibly delisted; no timezone found
$MXIM: possibly delisted; no timezone found
$MYL: possibly delisted; no timezone found
$NBL: possibly delisted; no timezone found

1 Failed download:

1 Failed download:
['MYL']: possibly delisted; no timezone found
['MXIM']: possibly delisted; no timezone found

1 Failed download:
['NBL']: possibly delisted; no timezone found
$NLSN: possibly delisted; no timezone found
$NLOK: possibly delisted; no timezone found
$NLSN: possibly delisted; no timezone found

1 Failed download:
['NLSN']: possibly delisted; no timezone found
$NLOK: possibly delisted; no timezone found

1 Failed download:
['NLOK']: possibly delisted; no timezone found
$PBCT: possibly delisted; no timezone found
$PBCT: possibly delisted; no timezone found

1 Failed download:
$OTIS: possibly delisted; no price data found  (1d 2020-06-21 -> 2020-06-21)
['PBCT']: possibly delisted; no timezone found

1 Failed download:
['OTIS']: possibly delisted; no price data found  (1d 2020-06-21 -> 2020-06-21)
$PEAK: possibly delisted; no timezone found
$PEAK: possibly delisted; no timezone found

1 Failed download:
['PEAK']: possibly delisted; no timezone found
$PKI: possibly delisted; no timezone found
$PKI: possibly delisted; no timezone found

1 Failed download:
['PKI']: possibly delisted; no timezone found
$PXD: possibly delisted; no timezone found
$PXD: possibly delisted; no timezone found

1 Failed download:
['PXD']: possibly delisted; no timezone found
$RE: possibly delisted; no timezone found
$RE: possibly delisted; no timezone found

1 Failed download:
['RE']: possibly delisted; no timezone found
$SEE: possibly delisted; no timezone found
$SEE: possibly delisted; no timezone found

1 Failed download:
['SEE']: possibly delisted; no timezone found
$RTX: possibly delisted; no price data found  (1d 2020-06-21 -> 2020-06-21)

1 Failed download:
['RTX']: possibly delisted; no price data found  (1d 2020-06-21 -> 2020-06-21)
$SIVB: possibly delisted; no timezone found
$SIVB: possibly delisted; no timezone found

1 Failed download:
['SIVB']: possibly delisted; no timezone found
$TDY: possibly delisted; no price data found  (1d 2020-06-21 -> 2020-06-21)

1 Failed download:
['TDY']: possibly delisted; no price data found  (1d 2020-06-21 -> 2020-06-21)
$TIF: possibly delisted; no timezone found
$TIF: possibly delisted; no timezone found

1 Failed download:
['TIF']: possibly delisted; no timezone found
$TWTR: possibly delisted; no timezone found
$TWTR: possibly delisted; no timezone found

1 Failed download:
['TWTR']: possibly delisted; no timezone found
$TT: possibly delisted; no price data found  (1d 2020-06-21 -> 2020-06-21)

1 Failed download:
['TT']: possibly delisted; no price data found  (1d 2020-06-21 -> 2020-06-21)
$TYL: possibly delisted; no price data found  (1d 2020-06-21 -> 2020-06-21)

1 Failed download:
['TYL']: possibly delisted; no price data found  (1d 2020-06-21 -> 2020-06-21)
$VAR: possibly delisted; no timezone found
$VIAC: possibly delisted; no timezone found
$VAR: possibly delisted; no timezone found
$VIAC: possibly delisted; no timezone found

1 Failed download:
['VIAC']: possibly delisted; no timezone found

1 Failed download:
['VAR']: possibly delisted; no timezone found
$WBA: possibly delisted; no timezone found
$WBA: possibly delisted; no timezone found

1 Failed download:
['WBA']: possibly delisted; no timezone found
$WLTW: possibly delisted; no timezone found
$WLTW: possibly delisted; no timezone found

1 Failed download:
['WLTW']: possibly delisted; no timezone found
$WRK: possibly delisted; no timezone found
$WRK: possibly delisted; no timezone found

1 Failed download:
['WRK']: possibly delisted; no timezone found
$XLNX: possibly delisted; no timezone found
$XLNX: possibly delisted; no timezone found

1 Failed download:
['XLNX']: possibly delisted; no timezone found
$WST: possibly delisted; no price data found  (1d 2020-06-21 -> 2020-06-21)

1 Failed download:
['WST']: possibly delisted; no price data found  (1d 2020-06-21 -> 2020-06-21)
$ABMD: possibly delisted; no timezone found
$ABC: possibly delisted; no timezone found
$ABMD: possibly delisted; no timezone found
$ABC: possibly delisted; no timezone found

1 Failed download:

1 Failed download:
['ABC']: possibly delisted; no timezone found
['ABMD']: possibly delisted; no timezone found
$ALXN: possibly delisted; no timezone found
$ALXN: possibly delisted; no timezone found

1 Failed download:
['ALXN']: possibly delisted; no timezone found
$ANSS: possibly delisted; no timezone found
$ANTM: possibly delisted; no timezone found
$ANSS: possibly delisted; no timezone found

1 Failed download:
['ANSS']: possibly delisted; no timezone found
$ANTM: possibly delisted; no timezone found

1 Failed download:
['ANTM']: possibly delisted; no timezone found
$ATVI: possibly delisted; no timezone found
$ATVI: possibly delisted; no timezone found

1 Failed download:
['ATVI']: possibly delisted; no timezone found
$AVB: Data doesn't exist for startDate = 1608872400, endDate = 1609822800

1 Failed download:
['AVB']: Data doesn't exist for startDate = 1608872400, endDate = 1609822800
$BK: possibly delisted; no timezone found
$BK: possibly delisted; no timezone found

1 Failed download:
['BK']: possibly delisted; no timezone found
$BLL: possibly delisted; no timezone found
$BLL: possibly delisted; no timezone found

1 Failed download:
['BLL']: possibly delisted; no timezone found
$CERN: possibly delisted; no timezone found
$CERN: possibly delisted; no timezone found

1 Failed download:
['CERN']: possibly delisted; no timezone found
$CMA: possibly delisted; no timezone found
$CMA: possibly delisted; no timezone found

1 Failed download:
['CMA']: possibly delisted; no timezone found
$COG: possibly delisted; no timezone found
$COG: possibly delisted; no timezone found

1 Failed download:
['COG']: possibly delisted; no timezone found
$CTLT: possibly delisted; no timezone found
$CTLT: possibly delisted; no timezone found

1 Failed download:
['CTLT']: possibly delisted; no timezone found
$CTXS: possibly delisted; no timezone found
$CTXS: possibly delisted; no timezone found

1 Failed download:
['CTXS']: possibly delisted; no timezone found
$CXO: possibly delisted; no timezone found
$CXO: possibly delisted; no timezone found

1 Failed download:
['CXO']: possibly delisted; no timezone found
$DFS: possibly delisted; no timezone found
$DFS: possibly delisted; no timezone found

1 Failed download:
['DFS']: possibly delisted; no timezone found
$DISCK: possibly delisted; no timezone found
$DISCK: possibly delisted; no timezone found
$DISCA: possibly delisted; no timezone found
$DISH: possibly delisted; no timezone found

1 Failed download:
['DISCK']: possibly delisted; no timezone found
$DISCA: possibly delisted; no timezone found
$DISH: possibly delisted; no timezone found

1 Failed download:
['DISH']: possibly delisted; no timezone found

1 Failed download:
['DISCA']: possibly delisted; no timezone found
$DRE: possibly delisted; no timezone found
$DRE: possibly delisted; no timezone found

1 Failed download:
['DRE']: possibly delisted; no timezone found
$EA: Data doesn't exist for startDate = 1608872400, endDate = 1609822800

1 Failed download:
['EA']: Data doesn't exist for startDate = 1608872400, endDate = 1609822800
$EQR: Data doesn't exist for startDate = 1608872400, endDate = 1609822800

1 Failed download:
['EQR']: Data doesn't exist for startDate = 1608872400, endDate = 1609822800
$ETSY: possibly delisted; no price data found  (1d 2020-12-25 -> 2020-12-27)

1 Failed download:
['ETSY']: possibly delisted; no price data found  (1d 2020-12-25 -> 2020-12-27)
$FBHS: possibly delisted; no timezone found
$FBHS: possibly delisted; no timezone found

1 Failed download:
['FBHS']: possibly delisted; no timezone found
$FB: Data doesn't exist for startDate = 1608872400, endDate = 1609822800
$FLIR: possibly delisted; no timezone found

1 Failed download:
['FB']: Data doesn't exist for startDate = 1608872400, endDate = 1609822800
$FLIR: possibly delisted; no timezone found

1 Failed download:
['FLIR']: possibly delisted; no timezone found
$FLT: possibly delisted; no timezone found
$FLT: possibly delisted; no timezone found

1 Failed download:
['FLT']: possibly delisted; no timezone found
$FRC: possibly delisted; no timezone found
$FRC: possibly delisted; no timezone found

1 Failed download:
['FRC']: possibly delisted; no timezone found
$GPS: possibly delisted; no timezone found
$GPS: possibly delisted; no timezone found

1 Failed download:
['GPS']: possibly delisted; no timezone found
$HBI: possibly delisted; no timezone found
$HBI: possibly delisted; no timezone found

1 Failed download:
['HBI']: possibly delisted; no timezone found
$HFC: possibly delisted; no timezone found
$HFC: possibly delisted; no timezone found

1 Failed download:
$HES: possibly delisted; no timezone found
['HFC']: possibly delisted; no timezone found
$HES: possibly delisted; no timezone found

1 Failed download:
['HES']: possibly delisted; no timezone found
$HOLX: possibly delisted; no timezone found
$HOLX: possibly delisted; no timezone found

1 Failed download:
['HOLX']: possibly delisted; no timezone found
$INFO: Data doesn't exist for startDate = 1608872400, endDate = 1609822800

1 Failed download:
['INFO']: Data doesn't exist for startDate = 1608872400, endDate = 1609822800
$IPG: possibly delisted; no timezone found
$IPG: possibly delisted; no timezone found

1 Failed download:
['IPG']: possibly delisted; no timezone found
$JNPR: possibly delisted; no timezone found
$JNPR: possibly delisted; no timezone found

1 Failed download:
['JNPR']: possibly delisted; no timezone found
$K: possibly delisted; no timezone found
$K: possibly delisted; no timezone found

1 Failed download:
['K']: possibly delisted; no timezone found
$KSU: possibly delisted; no timezone found
$KSU: possibly delisted; no timezone found

1 Failed download:
['KSU']: possibly delisted; no timezone found
$LB: Data doesn't exist for startDate = 1608872400, endDate = 1609822800

1 Failed download:
['LB']: Data doesn't exist for startDate = 1608872400, endDate = 1609822800
$LEG: Data doesn't exist for startDate = 1608872400, endDate = 1609822800

1 Failed download:
['LEG']: Data doesn't exist for startDate = 1608872400, endDate = 1609822800
$LUMN: possibly delisted; no price data found  (1d 2020-12-25 -> 2020-12-27)

1 Failed download:
['LUMN']: possibly delisted; no price data found  (1d 2020-12-25 -> 2020-12-27)
$MMC: possibly delisted; no timezone found
$MMC: possibly delisted; no timezone found

1 Failed download:
['MMC']: possibly delisted; no timezone found
$MRO: possibly delisted; no timezone found
$MRO: possibly delisted; no timezone found

1 Failed download:
['MRO']: possibly delisted; no timezone found
$MXIM: possibly delisted; no timezone found
$MXIM: possibly delisted; no timezone found

1 Failed download:
['MXIM']: possibly delisted; no timezone found
$NLSN: possibly delisted; no timezone found
$NLSN: possibly delisted; no timezone found
$NLOK: possibly delisted; no timezone found

1 Failed download:
['NLSN']: possibly delisted; no timezone found
$NLOK: possibly delisted; no timezone found

1 Failed download:
['NLOK']: possibly delisted; no timezone found
$PBCT: possibly delisted; no timezone found
$PBCT: possibly delisted; no timezone found

1 Failed download:
['PBCT']: possibly delisted; no timezone found
$PEAK: possibly delisted; no timezone found
$PEAK: possibly delisted; no timezone found

1 Failed download:
['PEAK']: possibly delisted; no timezone found
$PKI: possibly delisted; no timezone found
$PKI: possibly delisted; no timezone found

1 Failed download:
['PKI']: possibly delisted; no timezone found
$POOL: possibly delisted; no price data found  (1d 2020-12-25 -> 2020-12-27)

1 Failed download:
['POOL']: possibly delisted; no price data found  (1d 2020-12-25 -> 2020-12-27)
$PXD: possibly delisted; no timezone found
$PXD: possibly delisted; no timezone found

1 Failed download:
['PXD']: possibly delisted; no timezone found
$RE: possibly delisted; no timezone found
$RE: possibly delisted; no timezone found

1 Failed download:
['RE']: possibly delisted; no timezone found
$SEE: possibly delisted; no timezone found
$SEE: possibly delisted; no timezone found

1 Failed download:
['SEE']: possibly delisted; no timezone found
$SIVB: possibly delisted; no timezone found
$SIVB: possibly delisted; no timezone found

1 Failed download:
['SIVB']: possibly delisted; no timezone found
$TIF: possibly delisted; no timezone found
$TER: possibly delisted; no price data found  (1d 2020-12-25 -> 2020-12-27)
$TIF: possibly delisted; no timezone found

1 Failed download:
['TIF']: possibly delisted; no timezone found

1 Failed download:
['TER']: possibly delisted; no price data found  (1d 2020-12-25 -> 2020-12-27)
$TWTR: possibly delisted; no timezone found
$TWTR: possibly delisted; no timezone found

1 Failed download:
['TWTR']: possibly delisted; no timezone found
$VAR: possibly delisted; no timezone found
$VAR: possibly delisted; no timezone found

1 Failed download:
['VAR']: possibly delisted; no timezone found
$VIAC: possibly delisted; no timezone found
$VIAC: possibly delisted; no timezone found

1 Failed download:
['VIAC']: possibly delisted; no timezone found
$VNT: possibly delisted; no price data found  (1d 2020-12-25 -> 2020-12-27)

1 Failed download:
['VNT']: possibly delisted; no price data found  (1d 2020-12-25 -> 2020-12-27)
$WLTW: possibly delisted; no timezone found
$WLTW: possibly delisted; no timezone found

1 Failed download:
['WLTW']: possibly delisted; no timezone found
$WBA: possibly delisted; no timezone found
$WBA: possibly delisted; no timezone found
$VTRS: possibly delisted; no price data found  (1d 2020-12-25 -> 2020-12-27)

1 Failed download:
['VTRS']: possibly delisted; no price data found  (1d 2020-12-25 -> 2020-12-27)

1 Failed download:
['WBA']: possibly delisted; no timezone found
$WRK: possibly delisted; no timezone found
$WRK: possibly delisted; no timezone found

1 Failed download:
['WRK']: possibly delisted; no timezone found
$XLNX: possibly delisted; no timezone found
$XLNX: possibly delisted; no timezone found

1 Failed download:
['XLNX']: possibly delisted; no timezone found
$TSLA: possibly delisted; no price data found  (1d 2019-01-05 -> 2019-01-06)

1 Failed download:
['TSLA']: possibly delisted; no price data found  (1d 2019-01-05 -> 2019-01-06)
$PAYC: possibly delisted; no price data found  (1d 2019-01-05 -> 2019-01-06)

1 Failed download:
['PAYC']: possibly delisted; no price data found  (1d 2019-01-05 -> 2019-01-06)
$ABMD: possibly delisted; no timezone found
$ABC: possibly delisted; no timezone found
$ABMD: possibly delisted; no timezone found
$ABC: possibly delisted; no timezone found

1 Failed download:
['ABMD']: possibly delisted; no timezone found

1 Failed download:
['ABC']: possibly delisted; no timezone found
$ALXN: possibly delisted; no timezone found
$ALXN: possibly delisted; no timezone found

1 Failed download:
['ALXN']: possibly delisted; no timezone found
$ANSS: possibly delisted; no timezone found
$ANSS: possibly delisted; no timezone found

1 Failed download:
['ANSS']: possibly delisted; no timezone found
$ANTM: possibly delisted; no timezone found
$ANTM: possibly delisted; no timezone found

1 Failed download:
['ANTM']: possibly delisted; no timezone found
$ATVI: possibly delisted; no timezone found
$ATVI: possibly delisted; no timezone found

1 Failed download:
['ATVI']: possibly delisted; no timezone found
$AVB: Data doesn't exist for startDate = 1624248000, endDate = 1625198400

1 Failed download:
['AVB']: Data doesn't exist for startDate = 1624248000, endDate = 1625198400
$BK: possibly delisted; no timezone found
$BK: possibly delisted; no timezone found

1 Failed download:
['BK']: possibly delisted; no timezone found
$BLL: possibly delisted; no timezone found
$BLL: possibly delisted; no timezone found

1 Failed download:
['BLL']: possibly delisted; no timezone found
$CERN: possibly delisted; no timezone found
$CERN: possibly delisted; no timezone found

1 Failed download:
['CERN']: possibly delisted; no timezone found
$CMA: possibly delisted; no timezone found
$CMA: possibly delisted; no timezone found

1 Failed download:
['CMA']: possibly delisted; no timezone found
$COG: possibly delisted; no timezone found
$COG: possibly delisted; no timezone found

1 Failed download:
['COG']: possibly delisted; no timezone found
$CTLT: possibly delisted; no timezone found
$CTLT: possibly delisted; no timezone found

1 Failed download:
['CTLT']: possibly delisted; no timezone found
$CTXS: possibly delisted; no timezone found
$CTXS: possibly delisted; no timezone found

1 Failed download:
['CTXS']: possibly delisted; no timezone found
$DFS: possibly delisted; no timezone found
$DFS: possibly delisted; no timezone found

1 Failed download:
['DFS']: possibly delisted; no timezone found
$DISH: possibly delisted; no timezone found
$DISH: possibly delisted; no timezone found

1 Failed download:
['DISH']: possibly delisted; no timezone found
$DRE: possibly delisted; no timezone found
$DRE: possibly delisted; no timezone found

1 Failed download:
['DRE']: possibly delisted; no timezone found
$DISCK: possibly delisted; no timezone found
$DISCA: possibly delisted; no timezone found
$DISCK: possibly delisted; no timezone found

1 Failed download:
['DISCK']: possibly delisted; no timezone found
$DISCA: possibly delisted; no timezone found

1 Failed download:
['DISCA']: possibly delisted; no timezone found
$EA: Data doesn't exist for startDate = 1624248000, endDate = 1625198400

1 Failed download:
['EA']: Data doesn't exist for startDate = 1624248000, endDate = 1625198400
$EQR: Data doesn't exist for startDate = 1624248000, endDate = 1625198400

1 Failed download:
['EQR']: Data doesn't exist for startDate = 1624248000, endDate = 1625198400
$FLT: possibly delisted; no timezone found
$FLT: possibly delisted; no timezone found

1 Failed download:
['FLT']: possibly delisted; no timezone found
$FRC: possibly delisted; no timezone found
$FB: Data doesn't exist for startDate = 1624248000, endDate = 1625198400
$FBHS: possibly delisted; no timezone found
$FRC: possibly delisted; no timezone found

1 Failed download:
['FB']: Data doesn't exist for startDate = 1624248000, endDate = 1625198400

1 Failed download:
['FRC']: possibly delisted; no timezone found
$FBHS: possibly delisted; no timezone found

1 Failed download:
['FBHS']: possibly delisted; no timezone found
$GPS: possibly delisted; no timezone found
$GPS: possibly delisted; no timezone found

1 Failed download:
['GPS']: possibly delisted; no timezone found
$HBI: possibly delisted; no timezone found
$HBI: possibly delisted; no timezone found

1 Failed download:
['HBI']: possibly delisted; no timezone found
$HES: possibly delisted; no timezone found
$HES: possibly delisted; no timezone found

1 Failed download:
['HES']: possibly delisted; no timezone found
$HOLX: possibly delisted; no timezone found
$HOLX: possibly delisted; no timezone found

1 Failed download:
['HOLX']: possibly delisted; no timezone found
$IPG: possibly delisted; no timezone found
$IPG: possibly delisted; no timezone found

1 Failed download:
['IPG']: possibly delisted; no timezone found
$INFO: Data doesn't exist for startDate = 1624248000, endDate = 1625198400

1 Failed download:
['INFO']: Data doesn't exist for startDate = 1624248000, endDate = 1625198400
$JNPR: possibly delisted; no timezone found
$JNPR: possibly delisted; no timezone found

1 Failed download:
['JNPR']: possibly delisted; no timezone found
$K: possibly delisted; no timezone found
$K: possibly delisted; no timezone found

1 Failed download:
['K']: possibly delisted; no timezone found
$KSU: possibly delisted; no timezone found
$KSU: possibly delisted; no timezone found

1 Failed download:
['KSU']: possibly delisted; no timezone found
$LB: Data doesn't exist for startDate = 1624248000, endDate = 1625198400

1 Failed download:
['LB']: Data doesn't exist for startDate = 1624248000, endDate = 1625198400
$LEG: Data doesn't exist for startDate = 1624248000, endDate = 1625198400

1 Failed download:
['LEG']: Data doesn't exist for startDate = 1624248000, endDate = 1625198400
$MMC: possibly delisted; no timezone found
$MMC: possibly delisted; no timezone found

1 Failed download:
['MMC']: possibly delisted; no timezone found
$MRO: possibly delisted; no timezone found
$MRO: possibly delisted; no timezone found

1 Failed download:
['MRO']: possibly delisted; no timezone found
$MXIM: possibly delisted; no timezone found
$MXIM: possibly delisted; no timezone found

1 Failed download:
['MXIM']: possibly delisted; no timezone found
$NLOK: possibly delisted; no timezone found
$NLOK: possibly delisted; no timezone found

1 Failed download:
['NLOK']: possibly delisted; no timezone found
$NLSN: possibly delisted; no timezone found
$NLSN: possibly delisted; no timezone found

1 Failed download:
['NLSN']: possibly delisted; no timezone found
$PBCT: possibly delisted; no timezone found
$PBCT: possibly delisted; no timezone found

1 Failed download:
['PBCT']: possibly delisted; no timezone found
$PEAK: possibly delisted; no timezone found
$PEAK: possibly delisted; no timezone found

1 Failed download:
['PEAK']: possibly delisted; no timezone found
$PKI: possibly delisted; no timezone found
$PKI: possibly delisted; no timezone found

1 Failed download:
['PKI']: possibly delisted; no timezone found
$PXD: possibly delisted; no timezone found
$PXD: possibly delisted; no timezone found

1 Failed download:
['PXD']: possibly delisted; no timezone found
$RE: possibly delisted; no timezone found
$RE: possibly delisted; no timezone found

1 Failed download:
['RE']: possibly delisted; no timezone found
$SEE: possibly delisted; no timezone found
$SEE: possibly delisted; no timezone found

1 Failed download:
['SEE']: possibly delisted; no timezone found
$SIVB: possibly delisted; no timezone found
$SIVB: possibly delisted; no timezone found

1 Failed download:
['SIVB']: possibly delisted; no timezone found
$TWTR: possibly delisted; no timezone found
$TWTR: possibly delisted; no timezone found

1 Failed download:
['TWTR']: possibly delisted; no timezone found
$VIAC: possibly delisted; no timezone found
$VIAC: possibly delisted; no timezone found

1 Failed download:
['VIAC']: possibly delisted; no timezone found
$WBA: possibly delisted; no timezone found
$WBA: possibly delisted; no timezone found

1 Failed download:
['WBA']: possibly delisted; no timezone found
$WLTW: possibly delisted; no timezone found
$WLTW: possibly delisted; no timezone found

1 Failed download:
['WLTW']: possibly delisted; no timezone found
$WRK: possibly delisted; no timezone found
$WRK: possibly delisted; no timezone found

1 Failed download:
['WRK']: possibly delisted; no timezone found
$XLNX: possibly delisted; no timezone found
$XLNX: possibly delisted; no timezone found

1 Failed download:
['XLNX']: possibly delisted; no timezone found
$ABMD: possibly delisted; no timezone found
$ABC: possibly delisted; no timezone found
$ABMD: possibly delisted; no timezone found

1 Failed download:
['ABMD']: possibly delisted; no timezone found
$ABC: possibly delisted; no timezone found

1 Failed download:
['ABC']: possibly delisted; no timezone found
$ANSS: possibly delisted; no timezone found
$ANSS: possibly delisted; no timezone found

1 Failed download:
['ANSS']: possibly delisted; no timezone found
$ANTM: possibly delisted; no timezone found
$ANTM: possibly delisted; no timezone found

1 Failed download:
['ANTM']: possibly delisted; no timezone found
$ATVI: possibly delisted; no timezone found
$ATVI: possibly delisted; no timezone found

1 Failed download:
['ATVI']: possibly delisted; no timezone found
$AVB: Data doesn't exist for startDate = 1640322000, endDate = 1641272400

1 Failed download:
['AVB']: Data doesn't exist for startDate = 1640322000, endDate = 1641272400
$BK: possibly delisted; no timezone found
$BK: possibly delisted; no timezone found

1 Failed download:
['BK']: possibly delisted; no timezone found
$BLL: possibly delisted; no timezone found
$BLL: possibly delisted; no timezone found

1 Failed download:
['BLL']: possibly delisted; no timezone found
$CERN: possibly delisted; no timezone found
$CDAY: possibly delisted; no timezone found
$CERN: possibly delisted; no timezone found

1 Failed download:
['CERN']: possibly delisted; no timezone found
$CDAY: possibly delisted; no timezone found

1 Failed download:
['CDAY']: possibly delisted; no timezone found
$CMA: possibly delisted; no timezone found
$CMA: possibly delisted; no timezone found

1 Failed download:
['CMA']: possibly delisted; no timezone found
$CTLT: possibly delisted; no timezone found
$CTLT: possibly delisted; no timezone found

1 Failed download:
['CTLT']: possibly delisted; no timezone found
$CTRA: possibly delisted; no timezone found
$CTRA: possibly delisted; no timezone found

1 Failed download:
['CTRA']: possibly delisted; no timezone found
$CTXS: possibly delisted; no timezone found
$CTXS: possibly delisted; no timezone found

1 Failed download:
['CTXS']: possibly delisted; no timezone found
$DFS: possibly delisted; no timezone found
$DFS: possibly delisted; no timezone found

1 Failed download:
['DFS']: possibly delisted; no timezone found
$DISCK: possibly delisted; no timezone found
$DISCA: possibly delisted; no timezone found
$DISCK: possibly delisted; no timezone found
$DISCA: possibly delisted; no timezone found

1 Failed download:
['DISCA']: possibly delisted; no timezone found

1 Failed download:
['DISCK']: possibly delisted; no timezone found
$DISH: possibly delisted; no timezone found
$DISH: possibly delisted; no timezone found

1 Failed download:
['DISH']: possibly delisted; no timezone found
$DRE: possibly delisted; no timezone found
$DRE: possibly delisted; no timezone found

1 Failed download:
['DRE']: possibly delisted; no timezone found
$EA: Data doesn't exist for startDate = 1640322000, endDate = 1641272400

1 Failed download:
['EA']: Data doesn't exist for startDate = 1640322000, endDate = 1641272400
$EQR: Data doesn't exist for startDate = 1640322000, endDate = 1641272400

1 Failed download:
['EQR']: Data doesn't exist for startDate = 1640322000, endDate = 1641272400
$FBHS: possibly delisted; no timezone found
$FBHS: possibly delisted; no timezone found

1 Failed download:
['FBHS']: possibly delisted; no timezone found
$FB: Data doesn't exist for startDate = 1640322000, endDate = 1641272400
$FLT: possibly delisted; no timezone found

1 Failed download:
['FB']: Data doesn't exist for startDate = 1640322000, endDate = 1641272400
$FLT: possibly delisted; no timezone found

1 Failed download:
['FLT']: possibly delisted; no timezone found
$FRC: possibly delisted; no timezone found
$FRC: possibly delisted; no timezone found

1 Failed download:
['FRC']: possibly delisted; no timezone found
$GPS: possibly delisted; no timezone found
$GPS: possibly delisted; no timezone found

1 Failed download:
['GPS']: possibly delisted; no timezone found
$HES: possibly delisted; no timezone found
$HES: possibly delisted; no timezone found

1 Failed download:
['HES']: possibly delisted; no timezone found
$HOLX: possibly delisted; no timezone found
$HOLX: possibly delisted; no timezone found

1 Failed download:
['HOLX']: possibly delisted; no timezone found
$IPG: possibly delisted; no timezone found
$IPG: possibly delisted; no timezone found

1 Failed download:
['IPG']: possibly delisted; no timezone found
$INFO: Data doesn't exist for startDate = 1640322000, endDate = 1641272400

1 Failed download:
['INFO']: Data doesn't exist for startDate = 1640322000, endDate = 1641272400
$JNPR: possibly delisted; no timezone found
$JNPR: possibly delisted; no timezone found

1 Failed download:
['JNPR']: possibly delisted; no timezone found
$K: possibly delisted; no timezone found
$K: possibly delisted; no timezone found

1 Failed download:
['K']: possibly delisted; no timezone found
$MMC: possibly delisted; no timezone found
$MMC: possibly delisted; no timezone found

1 Failed download:
['MMC']: possibly delisted; no timezone found
$MRO: possibly delisted; no timezone found
$MRO: possibly delisted; no timezone found

1 Failed download:
['MRO']: possibly delisted; no timezone found
$NLOK: possibly delisted; no timezone found
$NLOK: possibly delisted; no timezone found

1 Failed download:
['NLOK']: possibly delisted; no timezone found
$NLSN: possibly delisted; no timezone found
$NLSN: possibly delisted; no timezone found

1 Failed download:
['NLSN']: possibly delisted; no timezone found
$PEAK: possibly delisted; no timezone found
$PBCT: possibly delisted; no timezone found
$PEAK: possibly delisted; no timezone found

1 Failed download:
['PEAK']: possibly delisted; no timezone found
$PBCT: possibly delisted; no timezone found

1 Failed download:
['PBCT']: possibly delisted; no timezone found
$PKI: possibly delisted; no timezone found
$PKI: possibly delisted; no timezone found

1 Failed download:
['PKI']: possibly delisted; no timezone found
$PXD: possibly delisted; no timezone found
$PXD: possibly delisted; no timezone found

1 Failed download:
['PXD']: possibly delisted; no timezone found
$RE: possibly delisted; no timezone found
$RE: possibly delisted; no timezone found

1 Failed download:
['RE']: possibly delisted; no timezone found
$SEE: possibly delisted; no timezone found
$SEE: possibly delisted; no timezone found
$SIVB: possibly delisted; no timezone found

1 Failed download:
['SEE']: possibly delisted; no timezone found
$SIVB: possibly delisted; no timezone found

1 Failed download:
['SIVB']: possibly delisted; no timezone found
$SBNY: Data doesn't exist for startDate = 1640322000, endDate = 1641272400

1 Failed download:
['SBNY']: Data doesn't exist for startDate = 1640322000, endDate = 1641272400
$TWTR: possibly delisted; no timezone found
$TWTR: possibly delisted; no timezone found

1 Failed download:
['TWTR']: possibly delisted; no timezone found
$VIAC: possibly delisted; no timezone found
$VIAC: possibly delisted; no timezone found

1 Failed download:
['VIAC']: possibly delisted; no timezone found
$WBA: possibly delisted; no timezone found
$WBA: possibly delisted; no timezone found

1 Failed download:
['WBA']: possibly delisted; no timezone found
$WLTW: possibly delisted; no timezone found
$WLTW: possibly delisted; no timezone found

1 Failed download:
['WLTW']: possibly delisted; no timezone found
$WRK: possibly delisted; no timezone found
$WRK: possibly delisted; no timezone found

1 Failed download:
['WRK']: possibly delisted; no timezone found
$XLNX: possibly delisted; no timezone found
$XLNX: possibly delisted; no timezone found

1 Failed download:
['XLNX']: possibly delisted; no timezone found
$ABC: possibly delisted; no timezone found
$ABMD: possibly delisted; no timezone found
$ABC: possibly delisted; no timezone found

1 Failed download:
['ABC']: possibly delisted; no timezone found
$ABMD: possibly delisted; no timezone found

1 Failed download:
['ABMD']: possibly delisted; no timezone found
$ANSS: possibly delisted; no timezone found
$ANSS: possibly delisted; no timezone found

1 Failed download:
['ANSS']: possibly delisted; no timezone found
$ATVI: possibly delisted; no timezone found
$ATVI: possibly delisted; no timezone found

1 Failed download:
['ATVI']: possibly delisted; no timezone found
$AVB: Data doesn't exist for startDate = 1655784000, endDate = 1656734400

1 Failed download:
['AVB']: Data doesn't exist for startDate = 1655784000, endDate = 1656734400
$BK: possibly delisted; no timezone found
$BK: possibly delisted; no timezone found

1 Failed download:
['BK']: possibly delisted; no timezone found
$CDAY: possibly delisted; no timezone found
$CDAY: possibly delisted; no timezone found

1 Failed download:
['CDAY']: possibly delisted; no timezone found
$CMA: possibly delisted; no timezone found
$CMA: possibly delisted; no timezone found

1 Failed download:
['CMA']: possibly delisted; no timezone found
$CTLT: possibly delisted; no timezone found
$CTRA: possibly delisted; no timezone found
$CTLT: possibly delisted; no timezone found

1 Failed download:
['CTLT']: possibly delisted; no timezone found
$CTRA: possibly delisted; no timezone found

1 Failed download:
['CTRA']: possibly delisted; no timezone found
$CTXS: possibly delisted; no timezone found
$CTXS: possibly delisted; no timezone found

1 Failed download:
['CTXS']: possibly delisted; no timezone found
$DFS: possibly delisted; no timezone found
$DFS: possibly delisted; no timezone found

1 Failed download:
['DFS']: possibly delisted; no timezone found
$DISH: possibly delisted; no timezone found
$DISH: possibly delisted; no timezone found

1 Failed download:
['DISH']: possibly delisted; no timezone found
$DRE: possibly delisted; no timezone found
$DRE: possibly delisted; no timezone found

1 Failed download:
['DRE']: possibly delisted; no timezone found
$EA: Data doesn't exist for startDate = 1655784000, endDate = 1656734400

1 Failed download:
['EA']: Data doesn't exist for startDate = 1655784000, endDate = 1656734400
$EQR: Data doesn't exist for startDate = 1655784000, endDate = 1656734400

1 Failed download:
['EQR']: Data doesn't exist for startDate = 1655784000, endDate = 1656734400
$FBHS: possibly delisted; no timezone found
$FBHS: possibly delisted; no timezone found

1 Failed download:
['FBHS']: possibly delisted; no timezone found
$FLT: possibly delisted; no timezone found
$FLT: possibly delisted; no timezone found

1 Failed download:
['FLT']: possibly delisted; no timezone found
$FRC: possibly delisted; no timezone found
$FRC: possibly delisted; no timezone found

1 Failed download:
['FRC']: possibly delisted; no timezone found
$HES: possibly delisted; no timezone found
$HES: possibly delisted; no timezone found

1 Failed download:
['HES']: possibly delisted; no timezone found
$HOLX: possibly delisted; no timezone found
$HOLX: possibly delisted; no timezone found

1 Failed download:
['HOLX']: possibly delisted; no timezone found
$IPG: possibly delisted; no timezone found
$IPG: possibly delisted; no timezone found

1 Failed download:
['IPG']: possibly delisted; no timezone found
$JNPR: possibly delisted; no timezone found
$JNPR: possibly delisted; no timezone found

1 Failed download:
['JNPR']: possibly delisted; no timezone found
$K: possibly delisted; no timezone found
$K: possibly delisted; no timezone found

1 Failed download:
['K']: possibly delisted; no timezone found
$MMC: possibly delisted; no timezone found
$MMC: possibly delisted; no timezone found

1 Failed download:
['MMC']: possibly delisted; no timezone found
$MRO: possibly delisted; no timezone found
$MRO: possibly delisted; no timezone found

1 Failed download:
['MRO']: possibly delisted; no timezone found
$NLSN: possibly delisted; no timezone found
$NLOK: possibly delisted; no timezone found
$NLOK: possibly delisted; no timezone found

1 Failed download:
['NLOK']: possibly delisted; no timezone found
$NLSN: possibly delisted; no timezone found

1 Failed download:
['NLSN']: possibly delisted; no timezone found
$PEAK: possibly delisted; no timezone found
$PEAK: possibly delisted; no timezone found

1 Failed download:
['PEAK']: possibly delisted; no timezone found
$PKI: possibly delisted; no timezone found
$PKI: possibly delisted; no timezone found

1 Failed download:
['PKI']: possibly delisted; no timezone found
$PXD: possibly delisted; no timezone found
$PXD: possibly delisted; no timezone found

1 Failed download:
['PXD']: possibly delisted; no timezone found
$RE: possibly delisted; no timezone found
$RE: possibly delisted; no timezone found

1 Failed download:
['RE']: possibly delisted; no timezone found
$SBNY: Data doesn't exist for startDate = 1655784000, endDate = 1656734400

1 Failed download:
['SBNY']: Data doesn't exist for startDate = 1655784000, endDate = 1656734400
$SIVB: possibly delisted; no timezone found
$SIVB: possibly delisted; no timezone found
$SEE: possibly delisted; no timezone found

1 Failed download:
['SIVB']: possibly delisted; no timezone found
$SEE: possibly delisted; no timezone found

1 Failed download:
['SEE']: possibly delisted; no timezone found
$TWTR: possibly delisted; no timezone found
$TWTR: possibly delisted; no timezone found

1 Failed download:
['TWTR']: possibly delisted; no timezone found
$WBA: possibly delisted; no timezone found
$WBA: possibly delisted; no timezone found

1 Failed download:
['WBA']: possibly delisted; no timezone found
$WRK: possibly delisted; no timezone found
$WRK: possibly delisted; no timezone found

1 Failed download:
['WRK']: possibly delisted; no timezone found
$ABC: possibly delisted; no timezone found
$ABC: possibly delisted; no timezone found

1 Failed download:
['ABC']: possibly delisted; no timezone found
$ANSS: possibly delisted; no timezone found
$ANSS: possibly delisted; no timezone found

1 Failed download:
['ANSS']: possibly delisted; no timezone found
$ATVI: possibly delisted; no timezone found
$ATVI: possibly delisted; no timezone found

1 Failed download:
['ATVI']: possibly delisted; no timezone found
$AVB: Data doesn't exist for startDate = 1671858000, endDate = 1672808400

1 Failed download:
['AVB']: Data doesn't exist for startDate = 1671858000, endDate = 1672808400
$BK: possibly delisted; no timezone found
$BK: possibly delisted; no timezone found

1 Failed download:
['BK']: possibly delisted; no timezone found
$CDAY: possibly delisted; no timezone found
$CDAY: possibly delisted; no timezone found

1 Failed download:
['CDAY']: possibly delisted; no timezone found
$CMA: possibly delisted; no timezone found
$CMA: possibly delisted; no timezone found

1 Failed download:
['CMA']: possibly delisted; no timezone found
$CTRA: possibly delisted; no timezone found
$CTRA: possibly delisted; no timezone found
$CTLT: possibly delisted; no timezone found

1 Failed download:
['CTRA']: possibly delisted; no timezone found
$CTLT: possibly delisted; no timezone found

1 Failed download:
['CTLT']: possibly delisted; no timezone found
$DFS: possibly delisted; no timezone found
$DFS: possibly delisted; no timezone found

1 Failed download:
['DFS']: possibly delisted; no timezone found
$DISH: possibly delisted; no timezone found
$DISH: possibly delisted; no timezone found

1 Failed download:
['DISH']: possibly delisted; no timezone found
$EA: Data doesn't exist for startDate = 1671858000, endDate = 1672808400

1 Failed download:
['EA']: Data doesn't exist for startDate = 1671858000, endDate = 1672808400
$EQR: Data doesn't exist for startDate = 1671858000, endDate = 1672808400

1 Failed download:
['EQR']: Data doesn't exist for startDate = 1671858000, endDate = 1672808400
$FLT: possibly delisted; no timezone found
$FLT: possibly delisted; no timezone found

1 Failed download:
['FLT']: possibly delisted; no timezone found
$FRC: possibly delisted; no timezone found
$FRC: possibly delisted; no timezone found

1 Failed download:
['FRC']: possibly delisted; no timezone found
$HES: possibly delisted; no timezone found
$HES: possibly delisted; no timezone found

1 Failed download:
['HES']: possibly delisted; no timezone found
$HOLX: possibly delisted; no timezone found
$HOLX: possibly delisted; no timezone found

1 Failed download:
['HOLX']: possibly delisted; no timezone found
$IPG: possibly delisted; no timezone found
$IPG: possibly delisted; no timezone found

1 Failed download:
['IPG']: possibly delisted; no timezone found
$JNPR: possibly delisted; no timezone found
$K: possibly delisted; no timezone found
$JNPR: possibly delisted; no timezone found

1 Failed download:
['JNPR']: possibly delisted; no timezone found
$K: possibly delisted; no timezone found

1 Failed download:
['K']: possibly delisted; no timezone found
$MMC: possibly delisted; no timezone found
$MMC: possibly delisted; no timezone found

1 Failed download:
['MMC']: possibly delisted; no timezone found
$MRO: possibly delisted; no timezone found
$MRO: possibly delisted; no timezone found

1 Failed download:
['MRO']: possibly delisted; no timezone found
$PEAK: possibly delisted; no timezone found
$PEAK: possibly delisted; no timezone found

1 Failed download:
['PEAK']: possibly delisted; no timezone found
$PKI: possibly delisted; no timezone found
$PKI: possibly delisted; no timezone found

1 Failed download:
['PKI']: possibly delisted; no timezone found
$PXD: possibly delisted; no timezone found
$PXD: possibly delisted; no timezone found

1 Failed download:
['PXD']: possibly delisted; no timezone found
$RE: possibly delisted; no timezone found
$RE: possibly delisted; no timezone found

1 Failed download:
['RE']: possibly delisted; no timezone found
$SBNY: Data doesn't exist for startDate = 1671858000, endDate = 1672808400

1 Failed download:
['SBNY']: Data doesn't exist for startDate = 1671858000, endDate = 1672808400
$SEE: possibly delisted; no timezone found
$SEE: possibly delisted; no timezone found

1 Failed download:
['SEE']: possibly delisted; no timezone found
$SIVB: possibly delisted; no timezone found
$SIVB: possibly delisted; no timezone found

1 Failed download:
['SIVB']: possibly delisted; no timezone found
$WBA: possibly delisted; no timezone found
$WBA: possibly delisted; no timezone found

1 Failed download:
['WBA']: possibly delisted; no timezone found
$WRK: possibly delisted; no timezone found
$WRK: possibly delisted; no timezone found

1 Failed download:
['WRK']: possibly delisted; no timezone found
$ABC: possibly delisted; no timezone found
$ABC: possibly delisted; no timezone found

1 Failed download:
['ABC']: possibly delisted; no timezone found
$ANSS: possibly delisted; no timezone found
$ANSS: possibly delisted; no timezone found

1 Failed download:
['ANSS']: possibly delisted; no timezone found
$ATVI: possibly delisted; no timezone found
$ATVI: possibly delisted; no timezone found

1 Failed download:
['ATVI']: possibly delisted; no timezone found
$AVB: Data doesn't exist for startDate = 1687492800, endDate = 1688443200

1 Failed download:
['AVB']: Data doesn't exist for startDate = 1687492800, endDate = 1688443200
$BK: possibly delisted; no timezone found
$BK: possibly delisted; no timezone found

1 Failed download:
['BK']: possibly delisted; no timezone found
$CDAY: possibly delisted; no timezone found
$CDAY: possibly delisted; no timezone found

1 Failed download:
['CDAY']: possibly delisted; no timezone found
$CMA: possibly delisted; no timezone found
$CMA: possibly delisted; no timezone found

1 Failed download:
['CMA']: possibly delisted; no timezone found
$CTLT: possibly delisted; no timezone found
$CTRA: possibly delisted; no timezone found
$CTLT: possibly delisted; no timezone found

1 Failed download:
['CTLT']: possibly delisted; no timezone found
$CTRA: possibly delisted; no timezone found

1 Failed download:
['CTRA']: possibly delisted; no timezone found
$DFS: possibly delisted; no timezone found
$DFS: possibly delisted; no timezone found

1 Failed download:
['DFS']: possibly delisted; no timezone found
$EA: Data doesn't exist for startDate = 1687492800, endDate = 1688443200

1 Failed download:
['EA']: Data doesn't exist for startDate = 1687492800, endDate = 1688443200
$EQR: Data doesn't exist for startDate = 1687492800, endDate = 1688443200

1 Failed download:
['EQR']: Data doesn't exist for startDate = 1687492800, endDate = 1688443200
$FLT: possibly delisted; no timezone found
$FI: possibly delisted; no timezone found
$FI: possibly delisted; no timezone found

1 Failed download:
['FI']: possibly delisted; no timezone found
$FLT: possibly delisted; no timezone found

1 Failed download:
['FLT']: possibly delisted; no timezone found
$HES: possibly delisted; no timezone found
$HES: possibly delisted; no timezone found

1 Failed download:
['HES']: possibly delisted; no timezone found
$HOLX: possibly delisted; no timezone found
$HOLX: possibly delisted; no timezone found

1 Failed download:
['HOLX']: possibly delisted; no timezone found
$IPG: possibly delisted; no timezone found
$IPG: possibly delisted; no timezone found

1 Failed download:
['IPG']: possibly delisted; no timezone found
$JNPR: possibly delisted; no timezone found
$JNPR: possibly delisted; no timezone found

1 Failed download:
['JNPR']: possibly delisted; no timezone found
$K: possibly delisted; no timezone found
$K: possibly delisted; no timezone found

1 Failed download:
['K']: possibly delisted; no timezone found
$MMC: possibly delisted; no timezone found
$MMC: possibly delisted; no timezone found

1 Failed download:
['MMC']: possibly delisted; no timezone found
$MRO: possibly delisted; no timezone found
$MRO: possibly delisted; no timezone found

1 Failed download:
['MRO']: possibly delisted; no timezone found
$PEAK: possibly delisted; no timezone found
$PEAK: possibly delisted; no timezone found

1 Failed download:
['PEAK']: possibly delisted; no timezone found
$PXD: possibly delisted; no timezone found
$PXD: possibly delisted; no timezone found

1 Failed download:
['PXD']: possibly delisted; no timezone found
$RE: possibly delisted; no timezone found
$RE: possibly delisted; no timezone found

1 Failed download:
['RE']: possibly delisted; no timezone found
$SEE: possibly delisted; no timezone found
$SEE: possibly delisted; no timezone found

1 Failed download:
['SEE']: possibly delisted; no timezone found
$WBA: possibly delisted; no timezone found
$WBA: possibly delisted; no timezone found

1 Failed download:
['WBA']: possibly delisted; no timezone found
$WRK: possibly delisted; no timezone found
$WRK: possibly delisted; no timezone found

1 Failed download:
['WRK']: possibly delisted; no timezone found
$ANSS: possibly delisted; no timezone found
$ANSS: possibly delisted; no timezone found

1 Failed download:
['ANSS']: possibly delisted; no timezone found
$AVB: Data doesn't exist for startDate = 1703307600, endDate = 1704258000

1 Failed download:
['AVB']: Data doesn't exist for startDate = 1703307600, endDate = 1704258000
$BK: possibly delisted; no timezone found
$BK: possibly delisted; no timezone found

1 Failed download:
['BK']: possibly delisted; no timezone found
$CDAY: possibly delisted; no timezone found
$CDAY: possibly delisted; no timezone found

1 Failed download:
['CDAY']: possibly delisted; no timezone found
$CMA: possibly delisted; no timezone found
$CMA: possibly delisted; no timezone found

1 Failed download:
['CMA']: possibly delisted; no timezone found
$CTLT: possibly delisted; no timezone found
$CTRA: possibly delisted; no timezone found
$CTLT: possibly delisted; no timezone found
$CTRA: possibly delisted; no timezone found

1 Failed download:
['CTLT']: possibly delisted; no timezone found

1 Failed download:
['CTRA']: possibly delisted; no timezone found
$DFS: possibly delisted; no timezone found
$DFS: possibly delisted; no timezone found

1 Failed download:
['DFS']: possibly delisted; no timezone found
$EA: Data doesn't exist for startDate = 1703307600, endDate = 1704258000

1 Failed download:
['EA']: Data doesn't exist for startDate = 1703307600, endDate = 1704258000
$EQR: Data doesn't exist for startDate = 1703307600, endDate = 1704258000

1 Failed download:
['EQR']: Data doesn't exist for startDate = 1703307600, endDate = 1704258000
$FI: possibly delisted; no timezone found
$FI: possibly delisted; no timezone found

1 Failed download:
['FI']: possibly delisted; no timezone found
$FLT: possibly delisted; no timezone found
$FLT: possibly delisted; no timezone found

1 Failed download:
['FLT']: possibly delisted; no timezone found
$HES: possibly delisted; no timezone found
$HES: possibly delisted; no timezone found

1 Failed download:
['HES']: possibly delisted; no timezone found
$HOLX: possibly delisted; no timezone found
$HOLX: possibly delisted; no timezone found

1 Failed download:
['HOLX']: possibly delisted; no timezone found
$IPG: possibly delisted; no timezone found
$IPG: possibly delisted; no timezone found

1 Failed download:
['IPG']: possibly delisted; no timezone found
$K: possibly delisted; no timezone found
$JNPR: possibly delisted; no timezone found
$K: possibly delisted; no timezone found
$JNPR: possibly delisted; no timezone found

1 Failed download:
['K']: possibly delisted; no timezone found

1 Failed download:
['JNPR']: possibly delisted; no timezone found
$MMC: possibly delisted; no timezone found
$MMC: possibly delisted; no timezone found

1 Failed download:
['MMC']: possibly delisted; no timezone found
$MRO: possibly delisted; no timezone found
$MRO: possibly delisted; no timezone found

1 Failed download:
['MRO']: possibly delisted; no timezone found
$PEAK: possibly delisted; no timezone found
$PEAK: possibly delisted; no timezone found

1 Failed download:
['PEAK']: possibly delisted; no timezone found
$PXD: possibly delisted; no timezone found
$PXD: possibly delisted; no timezone found

1 Failed download:
['PXD']: possibly delisted; no timezone found
$WBA: possibly delisted; no timezone found
$WBA: possibly delisted; no timezone found

1 Failed download:
['WBA']: possibly delisted; no timezone found
$WRK: possibly delisted; no timezone found
$WRK: possibly delisted; no timezone found

1 Failed download:
['WRK']: possibly delisted; no timezone found
$ANSS: possibly delisted; no timezone found
$ANSS: possibly delisted; no timezone found

1 Failed download:
['ANSS']: possibly delisted; no timezone found
$AVB: Data doesn't exist for startDate = 1718942400, endDate = 1719892800

1 Failed download:
['AVB']: Data doesn't exist for startDate = 1718942400, endDate = 1719892800
$BK: possibly delisted; no timezone found
$BK: possibly delisted; no timezone found

1 Failed download:
['BK']: possibly delisted; no timezone found
$CTLT: possibly delisted; no timezone found
$CTRA: possibly delisted; no timezone found
$CTLT: possibly delisted; no timezone found
$CTRA: possibly delisted; no timezone found

1 Failed download:
['CTLT']: possibly delisted; no timezone found

1 Failed download:
['CTRA']: possibly delisted; no timezone found
$DAY: possibly delisted; no timezone found
$DAY: possibly delisted; no timezone found

1 Failed download:
['DAY']: possibly delisted; no timezone found
$DFS: possibly delisted; no timezone found
$DFS: possibly delisted; no timezone found

1 Failed download:
['DFS']: possibly delisted; no timezone found
$EA: Data doesn't exist for startDate = 1718942400, endDate = 1719892800

1 Failed download:
['EA']: Data doesn't exist for startDate = 1718942400, endDate = 1719892800
$EQR: Data doesn't exist for startDate = 1718942400, endDate = 1719892800

1 Failed download:
['EQR']: Data doesn't exist for startDate = 1718942400, endDate = 1719892800
$FI: possibly delisted; no timezone found
$FI: possibly delisted; no timezone found

1 Failed download:
['FI']: possibly delisted; no timezone found
$HES: possibly delisted; no timezone found
$HES: possibly delisted; no timezone found

1 Failed download:
['HES']: possibly delisted; no timezone found
$HOLX: possibly delisted; no timezone found
$HOLX: possibly delisted; no timezone found

1 Failed download:
['HOLX']: possibly delisted; no timezone found
$IPG: possibly delisted; no timezone found
$IPG: possibly delisted; no timezone found

1 Failed download:
['IPG']: possibly delisted; no timezone found
$JNPR: possibly delisted; no timezone found
$JNPR: possibly delisted; no timezone found

1 Failed download:
['JNPR']: possibly delisted; no timezone found
$K: possibly delisted; no timezone found
$K: possibly delisted; no timezone found

1 Failed download:
['K']: possibly delisted; no timezone found
$MMC: possibly delisted; no timezone found
$MMC: possibly delisted; no timezone found

1 Failed download:
['MMC']: possibly delisted; no timezone found
$MRO: possibly delisted; no timezone found
$MRO: possibly delisted; no timezone found

1 Failed download:
['MRO']: possibly delisted; no timezone found
$WBA: possibly delisted; no timezone found
$WBA: possibly delisted; no timezone found

1 Failed download:
['WBA']: possibly delisted; no timezone found
$WRK: possibly delisted; no timezone found
$WRK: possibly delisted; no timezone found

1 Failed download:
['WRK']: possibly delisted; no timezone found
$ANSS: possibly delisted; no timezone found
$ANSS: possibly delisted; no timezone found

1 Failed download:
['ANSS']: possibly delisted; no timezone found
$AVB: Data doesn't exist for startDate = 1734930000, endDate = 1735880400

1 Failed download:
['AVB']: Data doesn't exist for startDate = 1734930000, endDate = 1735880400
$BK: possibly delisted; no timezone found
$BK: possibly delisted; no timezone found

1 Failed download:
['BK']: possibly delisted; no timezone found
$CTRA: possibly delisted; no timezone found
$CTRA: possibly delisted; no timezone found

1 Failed download:
['CTRA']: possibly delisted; no timezone found
$DAY: possibly delisted; no timezone found
$DAY: possibly delisted; no timezone found

1 Failed download:
['DAY']: possibly delisted; no timezone found
$DFS: possibly delisted; no timezone found
$DFS: possibly delisted; no timezone found

1 Failed download:
['DFS']: possibly delisted; no timezone found
$EA: Data doesn't exist for startDate = 1734930000, endDate = 1735880400

1 Failed download:
['EA']: Data doesn't exist for startDate = 1734930000, endDate = 1735880400
$EQR: Data doesn't exist for startDate = 1734930000, endDate = 1735880400

1 Failed download:
['EQR']: Data doesn't exist for startDate = 1734930000, endDate = 1735880400
$FI: possibly delisted; no timezone found
$FI: possibly delisted; no timezone found

1 Failed download:
['FI']: possibly delisted; no timezone found
$HES: possibly delisted; no timezone found
$HES: possibly delisted; no timezone found

1 Failed download:
['HES']: possibly delisted; no timezone found
$HOLX: possibly delisted; no timezone found
$HOLX: possibly delisted; no timezone found

1 Failed download:
['HOLX']: possibly delisted; no timezone found
$IPG: possibly delisted; no timezone found
$IPG: possibly delisted; no timezone found

1 Failed download:
['IPG']: possibly delisted; no timezone found
$JNPR: possibly delisted; no timezone found
$JNPR: possibly delisted; no timezone found

1 Failed download:
['JNPR']: possibly delisted; no timezone found
$K: possibly delisted; no timezone found
$K: possibly delisted; no timezone found

1 Failed download:
['K']: possibly delisted; no timezone found
$MMC: possibly delisted; no timezone found
$MMC: possibly delisted; no timezone found

1 Failed download:
['MMC']: possibly delisted; no timezone found
$WBA: possibly delisted; no timezone found
$WBA: possibly delisted; no timezone found

1 Failed download:
['WBA']: possibly delisted; no timezone found
$ANSS: possibly delisted; no timezone found
$ANSS: possibly delisted; no timezone found

1 Failed download:
['ANSS']: possibly delisted; no timezone found
$AVB: Data doesn't exist for startDate = 1750478400, endDate = 1751428800

1 Failed download:
['AVB']: Data doesn't exist for startDate = 1750478400, endDate = 1751428800
$BK: possibly delisted; no timezone found
$BK: possibly delisted; no timezone found

1 Failed download:
['BK']: possibly delisted; no timezone found
$CTRA: possibly delisted; no timezone found
$CTRA: possibly delisted; no timezone found

1 Failed download:
['CTRA']: possibly delisted; no timezone found
$DAY: possibly delisted; no timezone found
$DAY: possibly delisted; no timezone found

1 Failed download:
['DAY']: possibly delisted; no timezone found
$EA: Data doesn't exist for startDate = 1750478400, endDate = 1751428800

1 Failed download:
['EA']: Data doesn't exist for startDate = 1750478400, endDate = 1751428800
$EQR: Data doesn't exist for startDate = 1750478400, endDate = 1751428800

1 Failed download:
['EQR']: Data doesn't exist for startDate = 1750478400, endDate = 1751428800
$FI: possibly delisted; no timezone found
$FI: possibly delisted; no timezone found

1 Failed download:
['FI']: possibly delisted; no timezone found
$HES: possibly delisted; no timezone found
$HES: possibly delisted; no timezone found

1 Failed download:
['HES']: possibly delisted; no timezone found
$HOLX: possibly delisted; no timezone found
$HOLX: possibly delisted; no timezone found

1 Failed download:
['HOLX']: possibly delisted; no timezone found
$IPG: possibly delisted; no timezone found
$IPG: possibly delisted; no timezone found

1 Failed download:
['IPG']: possibly delisted; no timezone found
$JNPR: possibly delisted; no timezone found
$JNPR: possibly delisted; no timezone found

1 Failed download:
['JNPR']: possibly delisted; no timezone found
$K: possibly delisted; no timezone found
$K: possibly delisted; no timezone found

1 Failed download:
['K']: possibly delisted; no timezone found
$MMC: possibly delisted; no timezone found
$MMC: possibly delisted; no timezone found

1 Failed download:
['MMC']: possibly delisted; no timezone found
$WBA: possibly delisted; no timezone found
$WBA: possibly delisted; no timezone found

1 Failed download:
['WBA']: possibly delisted; no timezone found
$AVB: Data doesn't exist for startDate = 1766466000, endDate = 1767416400

1 Failed download:
['AVB']: Data doesn't exist for startDate = 1766466000, endDate = 1767416400
$BK: possibly delisted; no timezone found
$BK: possibly delisted; no timezone found

1 Failed download:
['BK']: possibly delisted; no timezone found
$CTRA: possibly delisted; no timezone found
$CTRA: possibly delisted; no timezone found

1 Failed download:
['CTRA']: possibly delisted; no timezone found
$DAY: possibly delisted; no timezone found
$DAY: possibly delisted; no timezone found

1 Failed download:
['DAY']: possibly delisted; no timezone found
$EA: Data doesn't exist for startDate = 1766466000, endDate = 1767416400

1 Failed download:
['EA']: Data doesn't exist for startDate = 1766466000, endDate = 1767416400
$EQR: Data doesn't exist for startDate = 1766466000, endDate = 1767416400

1 Failed download:
['EQR']: Data doesn't exist for startDate = 1766466000, endDate = 1767416400
$HOLX: possibly delisted; no timezone found
$HOLX: possibly delisted; no timezone found

1 Failed download:
['HOLX']: possibly delisted; no timezone found
$MMC: possibly delisted; no timezone found
$MMC: possibly delisted; no timezone found

1 Failed download:
['MMC']: possibly delisted; no timezone found
$AVB: Data doesn't exist for startDate = 1782014400, endDate = 1782964800

1 Failed download:
['AVB']: Data doesn't exist for startDate = 1782014400, endDate = 1782964800
$EA: Data doesn't exist for startDate = 1782014400, endDate = 1782964800

1 Failed download:
['EA']: Data doesn't exist for startDate = 1782014400, endDate = 1782964800
$EQR: Data doesn't exist for startDate = 1782014400, endDate = 1782964800

1 Failed download:
['EQR']: Data doesn't exist for startDate = 1782014400, endDate = 1782964800
$EQR: Data doesn't exist for startDate = 1719806400, endDate = 1782878400

1 Failed download:
['EQR']: Data doesn't exist for startDate = 1719806400, endDate = 1782878400
$AVB: Data doesn't exist for startDate = 1719806400, endDate = 1782878400

1 Failed download:
['AVB']: Data doesn't exist for startDate = 1719806400, endDate = 1782878400
$EA: Data doesn't exist for startDate = 1719806400, endDate = 1782878400

1 Failed download:
['EA']: Data doesn't exist for startDate = 1719806400, endDate = 1782878400
[h1]   완료 (779.2s), n_days=1764, satellite_weight_applied=0.15
[h1] 그룹 gfc_2008 (gfc_2008 대표) 챔피언 백테스트 실행: 2007-01-01 ~ 2009-12-31
$XLC: Data doesn't exist for startDate = 1133067600, endDate = 1529294400

1 Failed download:
['XLC']: Data doesn't exist for startDate = 1133067600, endDate = 1529294400
$XLRE: Data doesn't exist for startDate = 1133067600, endDate = 1444190400

1 Failed download:
['XLRE']: Data doesn't exist for startDate = 1133067600, endDate = 1444190400
$ABC: possibly delisted; no timezone found
$AABA: possibly delisted; no timezone found
$ABC: possibly delisted; no timezone found
$AABA: possibly delisted; no timezone found

1 Failed download:
['ABC']: possibly delisted; no timezone found

1 Failed download:
['AABA']: possibly delisted; no timezone found
$ADCT: Data doesn't exist for startDate = 1166936400, endDate = 1167886800

1 Failed download:
['ADCT']: Data doesn't exist for startDate = 1166936400, endDate = 1167886800
$AGN: possibly delisted; no timezone found
$AGN: possibly delisted; no timezone found

1 Failed download:
['AGN']: possibly delisted; no timezone found
$ALTR: possibly delisted; no timezone found
$ALTR: possibly delisted; no timezone found

1 Failed download:
['ALTR']: possibly delisted; no timezone found
$ANTM: possibly delisted; no timezone found
$ANTM: possibly delisted; no timezone found

1 Failed download:
['ANTM']: possibly delisted; no timezone found
$ARNC: possibly delisted; no timezone found
$APOL: possibly delisted; no price data found  (1d 1927-10-10 -> 2026-09-15)
$APC: Data doesn't exist for startDate = 1166936400, endDate = 1167886800

1 Failed download:
['APC']: Data doesn't exist for startDate = 1166936400, endDate = 1167886800
$ARNC: possibly delisted; no timezone found
$AT: possibly delisted; no timezone found

1 Failed download:
['ARNC']: possibly delisted; no timezone found
$AVP: possibly delisted; no timezone found
$APOL: possibly delisted; no price data found  (1d 2006-12-24 -> 2007-01-04)

1 Failed download:
['APOL']: possibly delisted; no price data found  (1d 2006-12-24 -> 2007-01-04)
$AT: possibly delisted; no timezone found

1 Failed download:
['AT']: possibly delisted; no timezone found
$AVP: possibly delisted; no timezone found

1 Failed download:
['AVP']: possibly delisted; no timezone found
$BBBY: Data doesn't exist for startDate = 1166936400, endDate = 1167886800

1 Failed download:
['BBBY']: Data doesn't exist for startDate = 1166936400, endDate = 1167886800
$BCR: possibly delisted; no price data found  (1d 1927-10-10 -> 2026-09-15)
$BCR: possibly delisted; no price data found  (1d 2006-12-24 -> 2007-01-04)

1 Failed download:
['BCR']: possibly delisted; no price data found  (1d 2006-12-24 -> 2007-01-04)
$BHGE: possibly delisted; no timezone found
$BHGE: possibly delisted; no timezone found

1 Failed download:
['BHGE']: possibly delisted; no timezone found
$BK: possibly delisted; no timezone found
$BEAM: Data doesn't exist for startDate = 1166936400, endDate = 1167886800
$BLL: possibly delisted; no timezone found

1 Failed download:
['BEAM']: Data doesn't exist for startDate = 1166936400, endDate = 1167886800
$BIG: possibly delisted; no timezone found
$BK: possibly delisted; no timezone found

1 Failed download:
['BK']: possibly delisted; no timezone found
$BLL: possibly delisted; no timezone found

1 Failed download:
['BLL']: possibly delisted; no timezone found
$BIG: possibly delisted; no timezone found

1 Failed download:
['BIG']: possibly delisted; no timezone found
$BTUUQ: possibly delisted; no price data found  (1d 1927-10-10 -> 2026-09-15)
$BRCM: possibly delisted; no price data found  (1d 1927-10-10 -> 2026-09-15)
$BTUUQ: possibly delisted; no price data found  (1d 2006-12-24 -> 2007-01-04)

1 Failed download:
['BTUUQ']: possibly delisted; no price data found  (1d 2006-12-24 -> 2007-01-04)
$BRCM: possibly delisted; no price data found  (1d 2006-12-24 -> 2007-01-04)

1 Failed download:
['BRCM']: possibly delisted; no price data found  (1d 2006-12-24 -> 2007-01-04)
$CA: possibly delisted; no timezone found
$CA: possibly delisted; no timezone found

1 Failed download:
['CA']: possibly delisted; no timezone found
$CBS: possibly delisted; no timezone found
$BUD: Data doesn't exist for startDate = 1166936400, endDate = 1167886800

1 Failed download:
['BUD']: Data doesn't exist for startDate = 1166936400, endDate = 1167886800
$CBH: possibly delisted; no timezone found
$CCE: possibly delisted; no price data found  (1d 1927-10-10 -> 2026-09-15)
$CBS: possibly delisted; no timezone found

1 Failed download:
['CBS']: possibly delisted; no timezone found
$CBH: possibly delisted; no timezone found

1 Failed download:
['CBH']: possibly delisted; no timezone found
$CELG: possibly delisted; no timezone found
$CCE: possibly delisted; no price data found  (1d 2006-12-24 -> 2007-01-04)
$CELG: possibly delisted; no timezone found

1 Failed download:

1 Failed download:
['CCE']: possibly delisted; no price data found  (1d 2006-12-24 -> 2007-01-04)
['CELG']: possibly delisted; no timezone found
$CHK: possibly delisted; no timezone found
$CHK: possibly delisted; no timezone found

1 Failed download:
['CHK']: possibly delisted; no timezone found
$CMA: possibly delisted; no timezone found
$CMA: possibly delisted; no timezone found

1 Failed download:
['CMA']: possibly delisted; no timezone found
$CTL: possibly delisted; no timezone found
$CTL: possibly delisted; no timezone found

1 Failed download:
['CTL']: possibly delisted; no timezone found
$CTXS: possibly delisted; no timezone found
$CTXS: possibly delisted; no timezone found

1 Failed download:
['CTXS']: possibly delisted; no timezone found
$DF: possibly delisted; no timezone found
$DF: possibly delisted; no timezone found

1 Failed download:
['DF']: possibly delisted; no timezone found
$DTV: possibly delisted; no timezone found
$DOW: Data doesn't exist for startDate = 1166936400, endDate = 1552968000

1 Failed download:
['DOW']: Data doesn't exist for startDate = 1166936400, endDate = 1552968000
$DTV: possibly delisted; no timezone found

1 Failed download:
['DTV']: possibly delisted; no timezone found
$EA: Data doesn't exist for startDate = 1166936400, endDate = 1167886800

1 Failed download:
['EA']: Data doesn't exist for startDate = 1166936400, endDate = 1167886800
$DYN: Data doesn't exist for startDate = 1166936400, endDate = 1167886800

1 Failed download:
['DYN']: Data doesn't exist for startDate = 1166936400, endDate = 1167886800
$EMC: Data doesn't exist for startDate = 1166936400, endDate = 1167886800

1 Failed download:
['EMC']: Data doesn't exist for startDate = 1166936400, endDate = 1167886800
$ETFC: possibly delisted; no timezone found
$EQR: Data doesn't exist for startDate = 1166936400, endDate = 1167886800

1 Failed download:
['EQR']: Data doesn't exist for startDate = 1166936400, endDate = 1167886800
$ETFC: possibly delisted; no timezone found

1 Failed download:
['ETFC']: possibly delisted; no timezone found
$EQ: Data doesn't exist for startDate = 1166936400, endDate = 1167886800

1 Failed download:
['EQ']: Data doesn't exist for startDate = 1166936400, endDate = 1167886800
$FDC: possibly delisted; no timezone found
$FII: possibly delisted; no timezone found
$FDC: possibly delisted; no timezone found

1 Failed download:
['FDC']: possibly delisted; no timezone found
$FII: possibly delisted; no timezone found

1 Failed download:
['FII']: possibly delisted; no timezone found
$GAS: possibly delisted; no price data found  (1d 1927-10-10 -> 2026-09-15)
$FTR: possibly delisted; no timezone found
$FRX: possibly delisted; no timezone found
$FOXA: Data doesn't exist for startDate = 1166936400, endDate = 1552276800
$FTR: possibly delisted; no timezone found
$FRX: possibly delisted; no timezone found

1 Failed download:

1 Failed download:

1 Failed download:
['FOXA']: Data doesn't exist for startDate = 1166936400, endDate = 1552276800
['FRX']: possibly delisted; no timezone found
['FTR']: possibly delisted; no timezone found
$GAS: Data doesn't exist for startDate = 1166936400, endDate = 1167886800

1 Failed download:
['GAS']: Data doesn't exist for startDate = 1166936400, endDate = 1167886800
$GPS: possibly delisted; no timezone found
$GPS: possibly delisted; no timezone found

1 Failed download:
['GPS']: possibly delisted; no timezone found
$HAR: possibly delisted; no price data found  (1d 1927-10-10 -> 2026-09-15)
$HAR: Data doesn't exist for startDate = 1166936400, endDate = 1167886800

1 Failed download:
['HAR']: Data doesn't exist for startDate = 1166936400, endDate = 1167886800
$HES: possibly delisted; no timezone found
$HCR: possibly delisted; no timezone found
$H: Data doesn't exist for startDate = 1166936400, endDate = 1167886800

1 Failed download:
['H']: Data doesn't exist for startDate = 1166936400, endDate = 1167886800
$HES: possibly delisted; no timezone found

1 Failed download:
['HES']: possibly delisted; no timezone found
$HCR: possibly delisted; no timezone found

1 Failed download:
['HCR']: possibly delisted; no timezone found
$HMA: possibly delisted; no timezone found
$HMA: possibly delisted; no timezone found

1 Failed download:
['HMA']: possibly delisted; no timezone found
$HSP: possibly delisted; no price data found  (1d 1927-10-10 -> 2026-09-15)
$HOT: possibly delisted; no price data found  (1d 2006-12-24 -> 2015-01-01)

1 Failed download:
['HOT']: possibly delisted; no price data found  (1d 2006-12-24 -> 2015-01-01)
$HSP: possibly delisted; no price data found  (1d 2006-12-24 -> 2007-01-04)

1 Failed download:
['HSP']: possibly delisted; no price data found  (1d 2006-12-24 -> 2007-01-04)
$IAC: possibly delisted; no timezone found
$IGT: possibly delisted; no timezone found
$IAC: possibly delisted; no timezone found

1 Failed download:
['IAC']: possibly delisted; no timezone found
$IGT: possibly delisted; no timezone found

1 Failed download:
['IGT']: possibly delisted; no timezone found
$IPG: possibly delisted; no timezone found
$IPG: possibly delisted; no timezone found

1 Failed download:
['IPG']: possibly delisted; no timezone found
$JCP: possibly delisted; no timezone found
$IR: Data doesn't exist for startDate = 1166936400, endDate = 1494475200

1 Failed download:
['IR']: Data doesn't exist for startDate = 1166936400, endDate = 1494475200
$JNPR: possibly delisted; no timezone found
$JNS: possibly delisted; no price data found  (1d 1927-10-10 -> 2026-09-15)
$JCP: possibly delisted; no timezone found

1 Failed download:
['JCP']: possibly delisted; no timezone found
$JWN: possibly delisted; no timezone found
$JNPR: possibly delisted; no timezone found

1 Failed download:
['JNPR']: possibly delisted; no timezone found
$K: possibly delisted; no timezone found
$JWN: possibly delisted; no timezone found

1 Failed download:
['JWN']: possibly delisted; no timezone found
$JNS: possibly delisted; no price data found  (1d 2006-12-24 -> 2007-01-04)

1 Failed download:
['JNS']: possibly delisted; no price data found  (1d 2006-12-24 -> 2007-01-04)
$K: possibly delisted; no timezone found

1 Failed download:
['K']: possibly delisted; no timezone found
$KATE: possibly delisted; no price data found  (1d 1927-10-10 -> 2026-09-15)
$KATE: possibly delisted; no price data found  (1d 2006-12-24 -> 2007-01-04)

1 Failed download:
['KATE']: possibly delisted; no price data found  (1d 2006-12-24 -> 2007-01-04)
$KG: Data doesn't exist for startDate = 1166936400, endDate = 1167886800

1 Failed download:
['KG']: Data doesn't exist for startDate = 1166936400, endDate = 1167886800
$LLTC: possibly delisted; no price data found  (1d 1927-10-10 -> 2026-09-15)
$LLL: possibly delisted; no timezone found
$LM: possibly delisted; no timezone found
$LB: Data doesn't exist for startDate = 1166936400, endDate = 1167886800

1 Failed download:
['LB']: Data doesn't exist for startDate = 1166936400, endDate = 1167886800
$LEG: Data doesn't exist for startDate = 1166936400, endDate = 1167886800

1 Failed download:
['LEG']: Data doesn't exist for startDate = 1166936400, endDate = 1167886800
$LLTC: possibly delisted; no price data found  (1d 2006-12-24 -> 2007-01-04)
$LLL: possibly delisted; no timezone found

1 Failed download:
['LLTC']: possibly delisted; no price data found  (1d 2006-12-24 -> 2007-01-04)

1 Failed download:
['LLL']: possibly delisted; no timezone found
$LM: possibly delisted; no timezone found

1 Failed download:
['LM']: possibly delisted; no timezone found
$LSI: possibly delisted; no timezone found
$LXK: possibly delisted; no price data found  (1d 1927-10-10 -> 2026-09-15)
$LSI: possibly delisted; no timezone found

1 Failed download:
['LSI']: possibly delisted; no timezone found
$LXK: possibly delisted; no price data found  (1d 2006-12-24 -> 2007-01-04)

1 Failed download:
['LXK']: possibly delisted; no price data found  (1d 2006-12-24 -> 2007-01-04)
$MDP: possibly delisted; no timezone found
$MDP: possibly delisted; no timezone found

1 Failed download:
['MDP']: possibly delisted; no timezone found
$MMC: possibly delisted; no timezone found
$MIL: possibly delisted; no price data found  (1d 1927-10-10 -> 2026-09-15)
$MMC: possibly delisted; no timezone found

1 Failed download:
['MMC']: possibly delisted; no timezone found
$MIL: possibly delisted; no price data found  (1d 2006-12-24 -> 2007-01-04)

1 Failed download:
['MIL']: possibly delisted; no price data found  (1d 2006-12-24 -> 2007-01-04)
$MON: possibly delisted; no timezone found
$MRO: possibly delisted; no timezone found
$MI: Data doesn't exist for startDate = 1166936400, endDate = 1167886800

1 Failed download:
['MI']: Data doesn't exist for startDate = 1166936400, endDate = 1167886800
$MON: possibly delisted; no timezone found

1 Failed download:
['MON']: possibly delisted; no timezone found
$MRO: possibly delisted; no timezone found

1 Failed download:
['MRO']: possibly delisted; no timezone found
$MXIM: possibly delisted; no timezone found
$MWW: possibly delisted; no price data found  (1d 1927-10-10 -> 2026-09-15)
$MXIM: possibly delisted; no timezone found

1 Failed download:
['MXIM']: possibly delisted; no timezone found
$MYL: possibly delisted; no timezone found
$MWW: possibly delisted; no price data found  (1d 2006-12-24 -> 2007-01-04)

1 Failed download:
['MWW']: possibly delisted; no price data found  (1d 2006-12-24 -> 2007-01-04)
$MYL: possibly delisted; no timezone found

1 Failed download:
['MYL']: possibly delisted; no timezone found
$NCR: possibly delisted; no timezone found
$NCR: possibly delisted; no timezone found

1 Failed download:
['NCR']: possibly delisted; no timezone found
$NE: Data doesn't exist for startDate = 1166936400, endDate = 1167886800

1 Failed download:
['NE']: Data doesn't exist for startDate = 1166936400, endDate = 1167886800
$NVLS: possibly delisted; no price data found  (1d 1927-10-10 -> 2026-09-15)
$NSM: Data doesn't exist for startDate = 1166936400, endDate = 1167886800

1 Failed download:
['NSM']: Data doesn't exist for startDate = 1166936400, endDate = 1167886800
$NVLS: possibly delisted; no price data found  (1d 2006-12-24 -> 2007-01-04)

1 Failed download:
['NVLS']: possibly delisted; no price data found  (1d 2006-12-24 -> 2007-01-04)
$ODP: possibly delisted; no timezone found
$ODP: possibly delisted; no timezone found

1 Failed download:
['ODP']: possibly delisted; no timezone found
$PDCO: possibly delisted; no timezone found
$PCL: Data doesn't exist for startDate = 1166936400, endDate = 1167886800

1 Failed download:
['PCL']: Data doesn't exist for startDate = 1166936400, endDate = 1167886800
$PDCO: possibly delisted; no timezone found

1 Failed download:
['PDCO']: possibly delisted; no timezone found
$PD: Data doesn't exist for startDate = 1166936400, endDate = 1167886800

1 Failed download:
['PD']: Data doesn't exist for startDate = 1166936400, endDate = 1167886800
$PGN: possibly delisted; no price data found  (1d 1927-10-10 -> 2026-09-15)
$PKI: possibly delisted; no timezone found
$PLL: possibly delisted; no timezone found
$PMCS: possibly delisted; no price data found  (1d 1927-10-10 -> 2026-09-15)
$PGN: possibly delisted; no price data found  (1d 2006-12-24 -> 2007-01-04)
$PKI: possibly delisted; no timezone found

1 Failed download:
['PKI']: possibly delisted; no timezone found

1 Failed download:
['PGN']: possibly delisted; no price data found  (1d 2006-12-24 -> 2007-01-04)
$PLL: possibly delisted; no timezone found

1 Failed download:
['PLL']: possibly delisted; no timezone found
$PMCS: possibly delisted; no price data found  (1d 2006-12-24 -> 2007-01-04)

1 Failed download:
['PMCS']: possibly delisted; no price data found  (1d 2006-12-24 -> 2007-01-04)
$PX: possibly delisted; no timezone found
$RAI: possibly delisted; no price data found  (1d 1927-10-10 -> 2026-09-15)
$PX: possibly delisted; no timezone found

1 Failed download:
['PX']: possibly delisted; no timezone found
$QLGC: possibly delisted; no price data found  (1d 1927-10-10 -> 2026-09-15)
$RAI: possibly delisted; no price data found  (1d 2006-12-24 -> 2007-01-04)

1 Failed download:
['RAI']: possibly delisted; no price data found  (1d 2006-12-24 -> 2007-01-04)
$RDC: possibly delisted; no timezone found
$Q: Data doesn't exist for startDate = 1166936400, endDate = 1761451200

1 Failed download:
['Q']: Data doesn't exist for startDate = 1166936400, endDate = 1761451200
$QLGC: possibly delisted; no price data found  (1d 2006-12-24 -> 2007-01-04)

1 Failed download:
['QLGC']: possibly delisted; no price data found  (1d 2006-12-24 -> 2007-01-04)
$RDC: possibly delisted; no timezone found

1 Failed download:
['RDC']: possibly delisted; no timezone found
$RTN: possibly delisted; no timezone found
$RRD: possibly delisted; no timezone found
$RTN: possibly delisted; no timezone found

1 Failed download:
['RTN']: possibly delisted; no timezone found
$RRD: possibly delisted; no timezone found

1 Failed download:
['RRD']: possibly delisted; no timezone found
$SEE: possibly delisted; no timezone found
$SIAL: possibly delisted; no price data found  (1d 1927-10-10 -> 2026-09-15)
$S: Data doesn't exist for startDate = 1166936400, endDate = 1167886800
$SE: Data doesn't exist for startDate = 1166936400, endDate = 1167886800

1 Failed download:
['SE']: Data doesn't exist for startDate = 1166936400, endDate = 1167886800

1 Failed download:
['S']: Data doesn't exist for startDate = 1166936400, endDate = 1167886800
$SEE: possibly delisted; no timezone found

1 Failed download:
['SEE']: possibly delisted; no timezone found
$SIAL: possibly delisted; no price data found  (1d 2006-12-24 -> 2007-01-04)

1 Failed download:
['SIAL']: possibly delisted; no price data found  (1d 2006-12-24 -> 2007-01-04)
$SGP: Data doesn't exist for startDate = 1166936400, endDate = 1167886800

1 Failed download:
['SGP']: Data doesn't exist for startDate = 1166936400, endDate = 1167886800
$SHLD: Data doesn't exist for startDate = 1166936400, endDate = 1167886800

1 Failed download:
['SHLD']: Data doesn't exist for startDate = 1166936400, endDate = 1167886800
$SNV: possibly delisted; no timezone found
$SNDK: Data doesn't exist for startDate = 1166936400, endDate = 1739336400
$SNV: possibly delisted; no timezone found

1 Failed download:

1 Failed download:
['SNDK']: Data doesn't exist for startDate = 1166936400, endDate = 1739336400
['SNV']: possibly delisted; no timezone found
$SII: Data doesn't exist for startDate = 1166936400, endDate = 1167886800

1 Failed download:
['SII']: Data doesn't exist for startDate = 1166936400, endDate = 1167886800
$STJ: possibly delisted; no price data found  (1d 1927-10-10 -> 2026-09-15)
$SPLS: Data doesn't exist for startDate = 1166936400, endDate = 1167886800

1 Failed download:
['SPLS']: Data doesn't exist for startDate = 1166936400, endDate = 1167886800
$STI: Data doesn't exist for startDate = 1166936400, endDate = 1167886800

1 Failed download:
['STI']: Data doesn't exist for startDate = 1166936400, endDate = 1167886800
$STR: possibly delisted; no timezone found
$STJ: possibly delisted; no price data found  (1d 2006-12-24 -> 2007-01-04)

1 Failed download:
['STJ']: possibly delisted; no price data found  (1d 2006-12-24 -> 2007-01-04)
$SYMC: possibly delisted; no timezone found
$STR: possibly delisted; no timezone found

1 Failed download:
['STR']: possibly delisted; no timezone found
$SYMC: possibly delisted; no timezone found

1 Failed download:
['SYMC']: possibly delisted; no timezone found
$SUN: Data doesn't exist for startDate = 1166936400, endDate = 1167886800

1 Failed download:
['SUN']: Data doesn't exist for startDate = 1166936400, endDate = 1167886800
$TE: Data doesn't exist for startDate = 1166936400, endDate = 1167886800

1 Failed download:
['TE']: Data doesn't exist for startDate = 1166936400, endDate = 1167886800
$TGNA: possibly delisted; no timezone found
$TIF: possibly delisted; no timezone found
$TGNA: possibly delisted; no timezone found
$TIF: possibly delisted; no timezone found

1 Failed download:
['TIF']: possibly delisted; no timezone found

1 Failed download:
['TGNA']: possibly delisted; no timezone found
$TMK: possibly delisted; no timezone found
$TMK: possibly delisted; no timezone found

1 Failed download:
['TMK']: possibly delisted; no timezone found
$TSG: possibly delisted; no timezone found
$TSG: possibly delisted; no timezone found

1 Failed download:
['TSG']: possibly delisted; no timezone found
$UTX: possibly delisted; no timezone found
$UTX: possibly delisted; no timezone found

1 Failed download:
['UTX']: possibly delisted; no timezone found
$VIAB: possibly delisted; no timezone found
$VIAB: possibly delisted; no timezone found

1 Failed download:
['VIAB']: possibly delisted; no timezone found
$WBA: possibly delisted; no timezone found
$WFM: possibly delisted; no price data found  (1d 1927-10-10 -> 2026-09-15)
$WBA: possibly delisted; no timezone found

1 Failed download:
['WBA']: possibly delisted; no timezone found
$WIN: possibly delisted; no timezone found
$WB: Data doesn't exist for startDate = 1166936400, endDate = 1167886800
$WFT: possibly delisted; no timezone found

1 Failed download:
['WB']: Data doesn't exist for startDate = 1166936400, endDate = 1167886800
$WFM: possibly delisted; no price data found  (1d 2006-12-24 -> 2007-01-04)

1 Failed download:
['WFM']: possibly delisted; no price data found  (1d 2006-12-24 -> 2007-01-04)
$WIN: possibly delisted; no timezone found

1 Failed download:
['WIN']: possibly delisted; no timezone found
$WFT: possibly delisted; no timezone found

1 Failed download:
['WFT']: possibly delisted; no timezone found
$WYND: possibly delisted; no timezone found
$X: possibly delisted; no timezone found
$XL: possibly delisted; no timezone found
$XLNX: possibly delisted; no timezone found
$WYND: possibly delisted; no timezone found

1 Failed download:
['WYND']: possibly delisted; no timezone found
$X: possibly delisted; no timezone found

1 Failed download:
['X']: possibly delisted; no timezone found
$XL: possibly delisted; no timezone found

1 Failed download:
['XL']: possibly delisted; no timezone found
$XLNX: possibly delisted; no timezone found

1 Failed download:
['XLNX']: possibly delisted; no timezone found
$ABC: possibly delisted; no timezone found
$ABC: possibly delisted; no timezone found
$AABA: possibly delisted; no timezone found
$AABA: possibly delisted; no timezone found

1 Failed download:
['AABA']: possibly delisted; no timezone found

1 Failed download:
['ABC']: possibly delisted; no timezone found
$AGN: possibly delisted; no timezone found
$AGN: possibly delisted; no timezone found

1 Failed download:
['AGN']: possibly delisted; no timezone found
$ALTR: possibly delisted; no timezone found
$ALTR: possibly delisted; no timezone found

1 Failed download:
['ALTR']: possibly delisted; no timezone found
$APOL: possibly delisted; no price data found  (1d 1927-10-10 -> 2026-09-15)
$ANTM: possibly delisted; no timezone found
$ARNC: possibly delisted; no timezone found
$APOL: possibly delisted; no price data found  (1d 2007-06-22 -> 2007-07-03)

1 Failed download:
['APOL']: possibly delisted; no price data found  (1d 2007-06-22 -> 2007-07-03)
$ANTM: possibly delisted; no timezone found

1 Failed download:
['ANTM']: possibly delisted; no timezone found
$ARNC: possibly delisted; no timezone found

1 Failed download:
['ARNC']: possibly delisted; no timezone found
$AT: possibly delisted; no timezone found
$APC: Data doesn't exist for startDate = 1182484800, endDate = 1183435200
$AT: possibly delisted; no timezone found

1 Failed download:
['AT']: possibly delisted; no timezone found

1 Failed download:
['APC']: Data doesn't exist for startDate = 1182484800, endDate = 1183435200
$AVP: possibly delisted; no timezone found
$AVP: possibly delisted; no timezone found

1 Failed download:
['AVP']: possibly delisted; no timezone found
$AVB: Data doesn't exist for startDate = 1182484800, endDate = 1183435200

1 Failed download:
['AVB']: Data doesn't exist for startDate = 1182484800, endDate = 1183435200
$BBBY: Data doesn't exist for startDate = 1182484800, endDate = 1183435200

1 Failed download:
['BBBY']: Data doesn't exist for startDate = 1182484800, endDate = 1183435200
$BCR: possibly delisted; no price data found  (1d 1927-10-10 -> 2026-09-15)
$BCR: possibly delisted; no price data found  (1d 2007-06-22 -> 2007-07-03)

1 Failed download:
['BCR']: possibly delisted; no price data found  (1d 2007-06-22 -> 2007-07-03)
$BHGE: possibly delisted; no timezone found
$BHGE: possibly delisted; no timezone found

1 Failed download:
['BHGE']: possibly delisted; no timezone found
$BEAM: Data doesn't exist for startDate = 1182484800, endDate = 1183435200
$BK: possibly delisted; no timezone found

1 Failed download:
['BEAM']: Data doesn't exist for startDate = 1182484800, endDate = 1183435200
$BK: possibly delisted; no timezone found

1 Failed download:
['BK']: possibly delisted; no timezone found
$BLL: possibly delisted; no timezone found
$BLL: possibly delisted; no timezone found
$BIG: possibly delisted; no timezone found

1 Failed download:
['BLL']: possibly delisted; no timezone found
$BIG: possibly delisted; no timezone found

1 Failed download:
['BIG']: possibly delisted; no timezone found
$BRCM: possibly delisted; no price data found  (1d 1927-10-10 -> 2026-09-15)
$BTUUQ: possibly delisted; no price data found  (1d 1927-10-10 -> 2026-09-15)
$BRCM: possibly delisted; no price data found  (1d 2007-06-22 -> 2007-07-03)

1 Failed download:
['BRCM']: possibly delisted; no price data found  (1d 2007-06-22 -> 2007-07-03)
$BTUUQ: possibly delisted; no price data found  (1d 2007-06-22 -> 2007-07-03)

1 Failed download:
['BTUUQ']: possibly delisted; no price data found  (1d 2007-06-22 -> 2007-07-03)
$CA: possibly delisted; no timezone found
$CA: possibly delisted; no timezone found

1 Failed download:
['CA']: possibly delisted; no timezone found
$BUD: Data doesn't exist for startDate = 1182484800, endDate = 1183435200

1 Failed download:
['BUD']: Data doesn't exist for startDate = 1182484800, endDate = 1183435200
$CBH: possibly delisted; no timezone found
$CBH: possibly delisted; no timezone found

1 Failed download:
['CBH']: possibly delisted; no timezone found
$CCE: possibly delisted; no price data found  (1d 1927-10-10 -> 2026-09-15)
$CCE: possibly delisted; no price data found  (1d 2007-06-22 -> 2007-07-03)
$CBS: possibly delisted; no timezone found

1 Failed download:
['CCE']: possibly delisted; no price data found  (1d 2007-06-22 -> 2007-07-03)
$CBS: possibly delisted; no timezone found

1 Failed download:
['CBS']: possibly delisted; no timezone found
$CELG: possibly delisted; no timezone found
$CHK: possibly delisted; no timezone found
$CELG: possibly delisted; no timezone found

1 Failed download:
['CELG']: possibly delisted; no timezone found
$CHK: possibly delisted; no timezone found

1 Failed download:
['CHK']: possibly delisted; no timezone found
$CEG: Data doesn't exist for startDate = 1182484800, endDate = 1642482000

1 Failed download:
['CEG']: Data doesn't exist for startDate = 1182484800, endDate = 1642482000
$CMA: possibly delisted; no timezone found
$CMA: possibly delisted; no timezone found

1 Failed download:
['CMA']: possibly delisted; no timezone found
$COL: possibly delisted; no price data found  (1d 2007-06-22 -> 2012-08-01)

1 Failed download:
['COL']: possibly delisted; no price data found  (1d 2007-06-22 -> 2012-08-01)
$CTL: possibly delisted; no timezone found
$CTL: possibly delisted; no timezone found

1 Failed download:
['CTL']: possibly delisted; no timezone found
$CTXS: possibly delisted; no timezone found
$CTXS: possibly delisted; no timezone found

1 Failed download:
['CTXS']: possibly delisted; no timezone found
$DFS: possibly delisted; no timezone found
$DF: possibly delisted; no timezone found
$DFS: possibly delisted; no timezone found
$DDR: possibly delisted; no price data found  (1d 1927-10-10 -> 2026-09-15)

1 Failed download:
['DFS']: possibly delisted; no timezone found
$DDR: possibly delisted; no price data found  (1d 2007-06-22 -> 2007-07-03)

1 Failed download:
['DDR']: possibly delisted; no price data found  (1d 2007-06-22 -> 2007-07-03)
$DF: possibly delisted; no timezone found

1 Failed download:
['DF']: possibly delisted; no timezone found
$DELL: Data doesn't exist for startDate = 1182484800, endDate = 1471320000

1 Failed download:
['DELL']: Data doesn't exist for startDate = 1182484800, endDate = 1471320000
$DG: Data doesn't exist for startDate = 1182484800, endDate = 1258002000

1 Failed download:
['DG']: Data doesn't exist for startDate = 1182484800, endDate = 1258002000
$DTV: possibly delisted; no timezone found
$DTV: possibly delisted; no timezone found

1 Failed download:
['DTV']: possibly delisted; no timezone found
$DOW: Data doesn't exist for startDate = 1182484800, endDate = 1552968000

1 Failed download:
['DOW']: Data doesn't exist for startDate = 1182484800, endDate = 1552968000
$EA: Data doesn't exist for startDate = 1182484800, endDate = 1183435200

1 Failed download:
['EA']: Data doesn't exist for startDate = 1182484800, endDate = 1183435200
$DYN: Data doesn't exist for startDate = 1182484800, endDate = 1183435200

1 Failed download:
['DYN']: Data doesn't exist for startDate = 1182484800, endDate = 1183435200
$EMC: Data doesn't exist for startDate = 1182484800, endDate = 1183435200

1 Failed download:
['EMC']: Data doesn't exist for startDate = 1182484800, endDate = 1183435200
$ESV: possibly delisted; no timezone found
$ETFC: possibly delisted; no timezone found
$EQR: Data doesn't exist for startDate = 1182484800, endDate = 1183435200
$EQ: Data doesn't exist for startDate = 1182484800, endDate = 1183435200

1 Failed download:
['EQR']: Data doesn't exist for startDate = 1182484800, endDate = 1183435200

1 Failed download:
['EQ']: Data doesn't exist for startDate = 1182484800, endDate = 1183435200
$ESV: possibly delisted; no timezone found

1 Failed download:
['ESV']: possibly delisted; no timezone found
$ETFC: possibly delisted; no timezone found

1 Failed download:
['ETFC']: possibly delisted; no timezone found
$FDC: possibly delisted; no timezone found
$FDC: possibly delisted; no timezone found

1 Failed download:
['FDC']: possibly delisted; no timezone found
$FII: possibly delisted; no timezone found
$FII: possibly delisted; no timezone found

1 Failed download:
['FII']: possibly delisted; no timezone found
$FTR: possibly delisted; no timezone found
$GAS: possibly delisted; no price data found  (1d 1927-10-10 -> 2026-09-15)
$FRX: possibly delisted; no timezone found
$GGP: possibly delisted; no price data found  (1d 1927-10-10 -> 2026-09-15)
$FOXA: Data doesn't exist for startDate = 1182484800, endDate = 1552276800
$FTR: possibly delisted; no timezone found

1 Failed download:
['FOXA']: Data doesn't exist for startDate = 1182484800, endDate = 1552276800

1 Failed download:
['FTR']: possibly delisted; no timezone found
$FRX: possibly delisted; no timezone found

1 Failed download:
['FRX']: possibly delisted; no timezone found
$GAS: Data doesn't exist for startDate = 1182484800, endDate = 1183435200

1 Failed download:
['GAS']: Data doesn't exist for startDate = 1182484800, endDate = 1183435200
$GGP: possibly delisted; no price data found  (1d 2007-06-22 -> 2007-07-03)

1 Failed download:
['GGP']: possibly delisted; no price data found  (1d 2007-06-22 -> 2007-07-03)
$GPS: possibly delisted; no timezone found
$GPS: possibly delisted; no timezone found

1 Failed download:
['GPS']: possibly delisted; no timezone found
$HAR: possibly delisted; no price data found  (1d 1927-10-10 -> 2026-09-15)
$HCBK: possibly delisted; no price data found  (1d 1927-10-10 -> 2026-09-15)
$HAR: Data doesn't exist for startDate = 1182484800, endDate = 1183435200

1 Failed download:
['HAR']: Data doesn't exist for startDate = 1182484800, endDate = 1183435200
$HCR: possibly delisted; no timezone found
$HCR: possibly delisted; no timezone found

1 Failed download:
['HCR']: possibly delisted; no timezone found
$HCBK: possibly delisted; no price data found  (1d 2007-06-22 -> 2007-07-03)

1 Failed download:
['HCBK']: possibly delisted; no price data found  (1d 2007-06-22 -> 2007-07-03)
$HES: possibly delisted; no timezone found
$HES: possibly delisted; no timezone found

1 Failed download:
['HES']: possibly delisted; no timezone found
$HSP: possibly delisted; no price data found  (1d 1927-10-10 -> 2026-09-15)
$HOT: possibly delisted; no price data found  (1d 2007-06-22 -> 2015-01-01)

1 Failed download:
['HOT']: possibly delisted; no price data found  (1d 2007-06-22 -> 2015-01-01)
$HSP: possibly delisted; no price data found  (1d 2007-06-22 -> 2007-07-03)

1 Failed download:
['HSP']: possibly delisted; no price data found  (1d 2007-06-22 -> 2007-07-03)
$IAC: possibly delisted; no timezone found
$IAC: possibly delisted; no timezone found

1 Failed download:
['IAC']: possibly delisted; no timezone found
$HLT: Data doesn't exist for startDate = 1182484800, endDate = 1386738000
$IGT: possibly delisted; no timezone found

1 Failed download:
['HLT']: Data doesn't exist for startDate = 1182484800, endDate = 1386738000
$IGT: possibly delisted; no timezone found

1 Failed download:
['IGT']: possibly delisted; no timezone found
$IPG: possibly delisted; no timezone found
$IPG: possibly delisted; no timezone found

1 Failed download:
['IPG']: possibly delisted; no timezone found
$IR: Data doesn't exist for startDate = 1182484800, endDate = 1494475200

1 Failed download:
['IR']: Data doesn't exist for startDate = 1182484800, endDate = 1494475200
$JCP: possibly delisted; no timezone found
$JNS: possibly delisted; no price data found  (1d 1927-10-10 -> 2026-09-15)
$JCP: possibly delisted; no timezone found

1 Failed download:
['JCP']: possibly delisted; no timezone found
$JNPR: possibly delisted; no timezone found
$KATE: possibly delisted; no price data found  (1d 1927-10-10 -> 2026-09-15)
$JNS: possibly delisted; no price data found  (1d 2007-06-22 -> 2007-07-03)

1 Failed download:
['JNS']: possibly delisted; no price data found  (1d 2007-06-22 -> 2007-07-03)
$JNPR: possibly delisted; no timezone found

1 Failed download:
['JNPR']: possibly delisted; no timezone found
$JWN: possibly delisted; no timezone found
$KATE: possibly delisted; no price data found  (1d 2007-06-22 -> 2007-07-03)
$JWN: possibly delisted; no timezone found

1 Failed download:
['KATE']: possibly delisted; no price data found  (1d 2007-06-22 -> 2007-07-03)
$K: possibly delisted; no timezone found

1 Failed download:
['JWN']: possibly delisted; no timezone found
$K: possibly delisted; no timezone found

1 Failed download:
['K']: possibly delisted; no timezone found
$KG: Data doesn't exist for startDate = 1182484800, endDate = 1183435200

1 Failed download:
['KG']: Data doesn't exist for startDate = 1182484800, endDate = 1183435200
$LLTC: possibly delisted; no price data found  (1d 1927-10-10 -> 2026-09-15)
$LB: Data doesn't exist for startDate = 1182484800, endDate = 1183435200

1 Failed download:
['LB']: Data doesn't exist for startDate = 1182484800, endDate = 1183435200
$LLL: possibly delisted; no timezone found
$LEG: Data doesn't exist for startDate = 1182484800, endDate = 1183435200
$LLTC: possibly delisted; no price data found  (1d 2007-06-22 -> 2007-07-03)

1 Failed download:
['LEG']: Data doesn't exist for startDate = 1182484800, endDate = 1183435200

1 Failed download:
['LLTC']: possibly delisted; no price data found  (1d 2007-06-22 -> 2007-07-03)
$LLL: possibly delisted; no timezone found

1 Failed download:
['LLL']: possibly delisted; no timezone found
$LM: possibly delisted; no timezone found
$LM: possibly delisted; no timezone found

1 Failed download:
['LM']: possibly delisted; no timezone found
$LXK: possibly delisted; no price data found  (1d 1927-10-10 -> 2026-09-15)
$LSI: possibly delisted; no timezone found
$LXK: possibly delisted; no price data found  (1d 2007-06-22 -> 2007-07-03)

1 Failed download:
['LXK']: possibly delisted; no price data found  (1d 2007-06-22 -> 2007-07-03)
$LSI: possibly delisted; no timezone found

1 Failed download:
['LSI']: possibly delisted; no timezone found
$MDP: possibly delisted; no timezone found
$MDP: possibly delisted; no timezone found

1 Failed download:
['MDP']: possibly delisted; no timezone found
$MIL: possibly delisted; no price data found  (1d 1927-10-10 -> 2026-09-15)
$MIL: possibly delisted; no price data found  (1d 2007-06-22 -> 2007-07-03)

1 Failed download:
['MIL']: possibly delisted; no price data found  (1d 2007-06-22 -> 2007-07-03)
$MON: possibly delisted; no timezone found
$MMC: possibly delisted; no timezone found
$MON: possibly delisted; no timezone found

1 Failed download:
['MON']: possibly delisted; no timezone found
$MMC: possibly delisted; no timezone found

1 Failed download:
['MMC']: possibly delisted; no timezone found
$MRO: possibly delisted; no timezone found
$MRO: possibly delisted; no timezone found

1 Failed download:
['MRO']: possibly delisted; no timezone found
$MI: Data doesn't exist for startDate = 1182484800, endDate = 1183435200

1 Failed download:
['MI']: Data doesn't exist for startDate = 1182484800, endDate = 1183435200
$MWW: possibly delisted; no price data found  (1d 1927-10-10 -> 2026-09-15)
$MXIM: possibly delisted; no timezone found
$MXIM: possibly delisted; no timezone found

1 Failed download:
['MXIM']: possibly delisted; no timezone found
$MYL: possibly delisted; no timezone found
$MWW: possibly delisted; no price data found  (1d 2007-06-22 -> 2007-07-03)

1 Failed download:
['MWW']: possibly delisted; no price data found  (1d 2007-06-22 -> 2007-07-03)
$MYL: possibly delisted; no timezone found

1 Failed download:
['MYL']: possibly delisted; no timezone found
$NCR: possibly delisted; no timezone found
$NCR: possibly delisted; no timezone found

1 Failed download:
['NCR']: possibly delisted; no timezone found
$NE: Data doesn't exist for startDate = 1182484800, endDate = 1183435200

1 Failed download:
['NE']: Data doesn't exist for startDate = 1182484800, endDate = 1183435200
$NSM: Data doesn't exist for startDate = 1182484800, endDate = 1183435200

1 Failed download:
['NSM']: Data doesn't exist for startDate = 1182484800, endDate = 1183435200
$NVLS: possibly delisted; no price data found  (1d 1927-10-10 -> 2026-09-15)
$NVLS: possibly delisted; no price data found  (1d 2007-06-22 -> 2007-07-03)

1 Failed download:
['NVLS']: possibly delisted; no price data found  (1d 2007-06-22 -> 2007-07-03)
$ODP: possibly delisted; no timezone found
$ODP: possibly delisted; no timezone found

1 Failed download:
['ODP']: possibly delisted; no timezone found
$PCL: Data doesn't exist for startDate = 1182484800, endDate = 1183435200

1 Failed download:
['PCL']: Data doesn't exist for startDate = 1182484800, endDate = 1183435200
$PCP: possibly delisted; no price data found  (1d 1927-10-10 -> 2026-09-15)
$PGN: possibly delisted; no price data found  (1d 1927-10-10 -> 2026-09-15)
$PDCO: possibly delisted; no timezone found
$PGN: possibly delisted; no price data found  (1d 2007-06-22 -> 2007-07-03)

1 Failed download:
['PGN']: possibly delisted; no price data found  (1d 2007-06-22 -> 2007-07-03)
$PDCO: possibly delisted; no timezone found
$PCP: Data doesn't exist for startDate = 1182484800, endDate = 1183435200

1 Failed download:
['PDCO']: possibly delisted; no timezone found

1 Failed download:
['PCP']: Data doesn't exist for startDate = 1182484800, endDate = 1183435200
$PKI: possibly delisted; no timezone found
$PKI: possibly delisted; no timezone found

1 Failed download:
['PKI']: possibly delisted; no timezone found
$PLL: possibly delisted; no timezone found
$PLL: possibly delisted; no timezone found

1 Failed download:
['PLL']: possibly delisted; no timezone found
$PX: possibly delisted; no timezone found
$PX: possibly delisted; no timezone found
$RAI: possibly delisted; no price data found  (1d 1927-10-10 -> 2026-09-15)

1 Failed download:
['PX']: possibly delisted; no timezone found
$QLGC: possibly delisted; no price data found  (1d 1927-10-10 -> 2026-09-15)
$RAI: possibly delisted; no price data found  (1d 2007-06-22 -> 2007-07-03)

1 Failed download:
['RAI']: possibly delisted; no price data found  (1d 2007-06-22 -> 2007-07-03)
$RDC: possibly delisted; no timezone found
$QLGC: possibly delisted; no price data found  (1d 2007-06-22 -> 2007-07-03)
$RDC: possibly delisted; no timezone found

1 Failed download:
['QLGC']: possibly delisted; no price data found  (1d 2007-06-22 -> 2007-07-03)

1 Failed download:
['RDC']: possibly delisted; no timezone found
$Q: Data doesn't exist for startDate = 1182484800, endDate = 1761451200

1 Failed download:
['Q']: Data doesn't exist for startDate = 1182484800, endDate = 1761451200
$RTN: possibly delisted; no timezone found
$RRD: possibly delisted; no timezone found
$RTN: possibly delisted; no timezone found

1 Failed download:
['RTN']: possibly delisted; no timezone found
$RRD: possibly delisted; no timezone found

1 Failed download:
['RRD']: possibly delisted; no timezone found
$S: Data doesn't exist for startDate = 1182484800, endDate = 1183435200

1 Failed download:
['S']: Data doesn't exist for startDate = 1182484800, endDate = 1183435200
$SEE: possibly delisted; no timezone found
$SIAL: possibly delisted; no price data found  (1d 1927-10-10 -> 2026-09-15)
$SGP: Data doesn't exist for startDate = 1182484800, endDate = 1183435200

1 Failed download:
['SGP']: Data doesn't exist for startDate = 1182484800, endDate = 1183435200
$SE: Data doesn't exist for startDate = 1182484800, endDate = 1183435200

1 Failed download:
['SE']: Data doesn't exist for startDate = 1182484800, endDate = 1183435200
$SEE: possibly delisted; no timezone found

1 Failed download:
['SEE']: possibly delisted; no timezone found
$SIAL: possibly delisted; no price data found  (1d 2007-06-22 -> 2007-07-03)

1 Failed download:
['SIAL']: possibly delisted; no price data found  (1d 2007-06-22 -> 2007-07-03)
$SHLD: Data doesn't exist for startDate = 1182484800, endDate = 1183435200
$SNV: possibly delisted; no timezone found

1 Failed download:
['SHLD']: Data doesn't exist for startDate = 1182484800, endDate = 1183435200
$SII: Data doesn't exist for startDate = 1182484800, endDate = 1183435200

1 Failed download:
['SII']: Data doesn't exist for startDate = 1182484800, endDate = 1183435200
$STJ: possibly delisted; no price data found  (1d 1927-10-10 -> 2026-09-15)
$SNV: possibly delisted; no timezone found

1 Failed download:
['SNV']: possibly delisted; no timezone found
$SNDK: Data doesn't exist for startDate = 1182484800, endDate = 1739336400

1 Failed download:
['SNDK']: Data doesn't exist for startDate = 1182484800, endDate = 1739336400
$SPLS: Data doesn't exist for startDate = 1182484800, endDate = 1183435200

1 Failed download:
['SPLS']: Data doesn't exist for startDate = 1182484800, endDate = 1183435200
$STR: possibly delisted; no timezone found
$STJ: possibly delisted; no price data found  (1d 2007-06-22 -> 2007-07-03)

1 Failed download:
['STJ']: possibly delisted; no price data found  (1d 2007-06-22 -> 2007-07-03)
$STR: possibly delisted; no timezone found

1 Failed download:
['STR']: possibly delisted; no timezone found
$STI: Data doesn't exist for startDate = 1182484800, endDate = 1183435200
$SYMC: possibly delisted; no timezone found
$SYMC: possibly delisted; no timezone found

1 Failed download:
['STI']: Data doesn't exist for startDate = 1182484800, endDate = 1183435200

1 Failed download:
['SYMC']: possibly delisted; no timezone found
$SUNEQ: possibly delisted; no price data found  (1d 1927-10-10 -> 2026-09-15)
$SUNEQ: possibly delisted; no price data found  (1d 2007-06-22 -> 2007-07-03)

1 Failed download:
['SUNEQ']: possibly delisted; no price data found  (1d 2007-06-22 -> 2007-07-03)
$SUN: Data doesn't exist for startDate = 1182484800, endDate = 1183435200

1 Failed download:
['SUN']: Data doesn't exist for startDate = 1182484800, endDate = 1183435200
$TGNA: possibly delisted; no timezone found
$TE: Data doesn't exist for startDate = 1182484800, endDate = 1183435200
$TGNA: possibly delisted; no timezone found

1 Failed download:
['TE']: Data doesn't exist for startDate = 1182484800, endDate = 1183435200

1 Failed download:
['TGNA']: possibly delisted; no timezone found
$TIF: possibly delisted; no timezone found
$TIF: possibly delisted; no timezone found

1 Failed download:
['TIF']: possibly delisted; no timezone found
$TMK: possibly delisted; no timezone found
$TMK: possibly delisted; no timezone found

1 Failed download:
['TMK']: possibly delisted; no timezone found
$UTX: possibly delisted; no timezone found
$UTX: possibly delisted; no timezone found

1 Failed download:
['UTX']: possibly delisted; no timezone found
$VAR: possibly delisted; no timezone found
$VAR: possibly delisted; no timezone found

1 Failed download:
['VAR']: possibly delisted; no timezone found
$VIAB: possibly delisted; no timezone found
$VIAB: possibly delisted; no timezone found

1 Failed download:
['VIAB']: possibly delisted; no timezone found
$WBA: possibly delisted; no timezone found
$WBA: possibly delisted; no timezone found

1 Failed download:
['WBA']: possibly delisted; no timezone found
$WB: Data doesn't exist for startDate = 1182484800, endDate = 1183435200

1 Failed download:
['WB']: Data doesn't exist for startDate = 1182484800, endDate = 1183435200
$WFM: possibly delisted; no price data found  (1d 1927-10-10 -> 2026-09-15)
$WFT: possibly delisted; no timezone found
$WFT: possibly delisted; no timezone found
$WIN: possibly delisted; no timezone found
$WIN: possibly delisted; no timezone found

1 Failed download:
['WFT']: possibly delisted; no timezone found

1 Failed download:
['WIN']: possibly delisted; no timezone found
$WFM: possibly delisted; no price data found  (1d 2007-06-22 -> 2007-07-03)

1 Failed download:
['WFM']: possibly delisted; no price data found  (1d 2007-06-22 -> 2007-07-03)
$WYND: possibly delisted; no timezone found
$WYND: possibly delisted; no timezone found

1 Failed download:
['WYND']: possibly delisted; no timezone found
$X: possibly delisted; no timezone found
$X: possibly delisted; no timezone found

1 Failed download:
['X']: possibly delisted; no timezone found
$XL: possibly delisted; no timezone found
$XLNX: possibly delisted; no timezone found
$XL: possibly delisted; no timezone found

1 Failed download:
['XL']: possibly delisted; no timezone found
$XLNX: possibly delisted; no timezone found

1 Failed download:
['XLNX']: possibly delisted; no timezone found
$ABC: possibly delisted; no timezone found
$ABC: possibly delisted; no timezone found
$AABA: possibly delisted; no timezone found
$AABA: possibly delisted; no timezone found

1 Failed download:
['ABC']: possibly delisted; no timezone found

1 Failed download:
['AABA']: possibly delisted; no timezone found
$ACAS: possibly delisted; no price data found  (1d 1927-10-10 -> 2026-09-15)
$ACAS: possibly delisted; no price data found  (1d 2007-12-23 -> 2008-01-03)

1 Failed download:
['ACAS']: possibly delisted; no price data found  (1d 2007-12-23 -> 2008-01-03)
$AGN: possibly delisted; no timezone found
$AGN: possibly delisted; no timezone found

1 Failed download:
['AGN']: possibly delisted; no timezone found
$ALTR: possibly delisted; no timezone found
$ALTR: possibly delisted; no timezone found

1 Failed download:
['ALTR']: possibly delisted; no timezone found
$ANTM: possibly delisted; no timezone found
$ANTM: possibly delisted; no timezone found

1 Failed download:
['ANTM']: possibly delisted; no timezone found
$APOL: possibly delisted; no price data found  (1d 1927-10-10 -> 2026-09-15)
$APC: Data doesn't exist for startDate = 1198386000, endDate = 1199336400
$ARNC: possibly delisted; no timezone found

1 Failed download:
['APC']: Data doesn't exist for startDate = 1198386000, endDate = 1199336400
$APOL: possibly delisted; no price data found  (1d 2007-12-23 -> 2008-01-03)
$ARNC: possibly delisted; no timezone found

1 Failed download:
['APOL']: possibly delisted; no price data found  (1d 2007-12-23 -> 2008-01-03)

1 Failed download:
['ARNC']: possibly delisted; no timezone found
$AVP: possibly delisted; no timezone found
$AVP: possibly delisted; no timezone found

1 Failed download:
['AVP']: possibly delisted; no timezone found
$AVB: Data doesn't exist for startDate = 1198386000, endDate = 1199336400

1 Failed download:
['AVB']: Data doesn't exist for startDate = 1198386000, endDate = 1199336400
$BCR: possibly delisted; no price data found  (1d 1927-10-10 -> 2026-09-15)
$BBBY: Data doesn't exist for startDate = 1198386000, endDate = 1199336400

1 Failed download:
['BBBY']: Data doesn't exist for startDate = 1198386000, endDate = 1199336400
$BCR: possibly delisted; no price data found  (1d 2007-12-23 -> 2008-01-03)

1 Failed download:
['BCR']: possibly delisted; no price data found  (1d 2007-12-23 -> 2008-01-03)
$BIG: possibly delisted; no timezone found
$BHGE: possibly delisted; no timezone found
$BEAM: Data doesn't exist for startDate = 1198386000, endDate = 1199336400

1 Failed download:
['BEAM']: Data doesn't exist for startDate = 1198386000, endDate = 1199336400
$BHGE: possibly delisted; no timezone found

1 Failed download:
['BHGE']: possibly delisted; no timezone found
$BIG: possibly delisted; no timezone found

1 Failed download:
['BIG']: possibly delisted; no timezone found
$BLL: possibly delisted; no timezone found
$BK: possibly delisted; no timezone found
$BLL: possibly delisted; no timezone found
$BK: possibly delisted; no timezone found

1 Failed download:
['BLL']: possibly delisted; no timezone found

1 Failed download:
['BK']: possibly delisted; no timezone found
$BRCM: possibly delisted; no price data found  (1d 1927-10-10 -> 2026-09-15)
$BTUUQ: possibly delisted; no price data found  (1d 1927-10-10 -> 2026-09-15)
$BRCM: possibly delisted; no price data found  (1d 2007-12-23 -> 2008-01-03)

1 Failed download:
['BRCM']: possibly delisted; no price data found  (1d 2007-12-23 -> 2008-01-03)
$BTUUQ: possibly delisted; no price data found  (1d 2007-12-23 -> 2008-01-03)

1 Failed download:
['BTUUQ']: possibly delisted; no price data found  (1d 2007-12-23 -> 2008-01-03)
$CA: possibly delisted; no timezone found
$CA: possibly delisted; no timezone found

1 Failed download:
['CA']: possibly delisted; no timezone found
$BUD: Data doesn't exist for startDate = 1198386000, endDate = 1199336400
$CBH: possibly delisted; no timezone found

1 Failed download:
['BUD']: Data doesn't exist for startDate = 1198386000, endDate = 1199336400
$CBH: possibly delisted; no timezone found

1 Failed download:
['CBH']: possibly delisted; no timezone found
$CCE: possibly delisted; no price data found  (1d 1927-10-10 -> 2026-09-15)
$CCE: possibly delisted; no price data found  (1d 2007-12-23 -> 2008-01-03)

1 Failed download:
['CCE']: possibly delisted; no price data found  (1d 2007-12-23 -> 2008-01-03)
$CBS: possibly delisted; no timezone found
$CBS: possibly delisted; no timezone found

1 Failed download:
['CBS']: possibly delisted; no timezone found
$CHK: possibly delisted; no timezone found
$CELG: possibly delisted; no timezone found
$CHK: possibly delisted; no timezone found
$CELG: possibly delisted; no timezone found

1 Failed download:
['CHK']: possibly delisted; no timezone found

1 Failed download:
['CELG']: possibly delisted; no timezone found
$CMA: possibly delisted; no timezone found
$CEG: Data doesn't exist for startDate = 1198386000, endDate = 1642482000

1 Failed download:
['CEG']: Data doesn't exist for startDate = 1198386000, endDate = 1642482000
$CMA: possibly delisted; no timezone found

1 Failed download:
['CMA']: possibly delisted; no timezone found
$COL: possibly delisted; no price data found  (1d 2007-12-23 -> 2012-08-01)

1 Failed download:
['COL']: possibly delisted; no price data found  (1d 2007-12-23 -> 2012-08-01)
$CTL: possibly delisted; no timezone found
$CTL: possibly delisted; no timezone found

1 Failed download:
['CTL']: possibly delisted; no timezone found
$CTXS: possibly delisted; no timezone found
$CTXS: possibly delisted; no timezone found

1 Failed download:
['CTXS']: possibly delisted; no timezone found
$DDR: possibly delisted; no price data found  (1d 1927-10-10 -> 2026-09-15)
$DDR: possibly delisted; no price data found  (1d 2007-12-23 -> 2008-01-03)

1 Failed download:
['DDR']: possibly delisted; no price data found  (1d 2007-12-23 -> 2008-01-03)
$DF: possibly delisted; no timezone found
$DF: possibly delisted; no timezone found

1 Failed download:
$DFS: possibly delisted; no timezone found
['DF']: possibly delisted; no timezone found
$DFS: possibly delisted; no timezone found

1 Failed download:
['DFS']: possibly delisted; no timezone found
$DELL: Data doesn't exist for startDate = 1198386000, endDate = 1471320000

1 Failed download:
['DELL']: Data doesn't exist for startDate = 1198386000, endDate = 1471320000
$DTV: possibly delisted; no timezone found
$DTV: possibly delisted; no timezone found

1 Failed download:
['DTV']: possibly delisted; no timezone found
$DOW: Data doesn't exist for startDate = 1198386000, endDate = 1552968000

1 Failed download:
['DOW']: Data doesn't exist for startDate = 1198386000, endDate = 1552968000
$EA: Data doesn't exist for startDate = 1198386000, endDate = 1199336400

1 Failed download:
['EA']: Data doesn't exist for startDate = 1198386000, endDate = 1199336400
$DYN: Data doesn't exist for startDate = 1198386000, endDate = 1199336400

1 Failed download:
['DYN']: Data doesn't exist for startDate = 1198386000, endDate = 1199336400
$EMC: Data doesn't exist for startDate = 1198386000, endDate = 1199336400

1 Failed download:
['EMC']: Data doesn't exist for startDate = 1198386000, endDate = 1199336400
$ESV: possibly delisted; no timezone found
$ETFC: possibly delisted; no timezone found
$EQR: Data doesn't exist for startDate = 1198386000, endDate = 1199336400
$ESV: possibly delisted; no timezone found
$ETFC: possibly delisted; no timezone found

1 Failed download:
['EQR']: Data doesn't exist for startDate = 1198386000, endDate = 1199336400

1 Failed download:

1 Failed download:
['ESV']: possibly delisted; no timezone found
['ETFC']: possibly delisted; no timezone found
$EQ: Data doesn't exist for startDate = 1198386000, endDate = 1199336400

1 Failed download:
['EQ']: Data doesn't exist for startDate = 1198386000, endDate = 1199336400
$FII: possibly delisted; no timezone found
$FII: possibly delisted; no timezone found

1 Failed download:
['FII']: possibly delisted; no timezone found
$FTR: possibly delisted; no timezone found
$FRX: possibly delisted; no timezone found
$GAS: possibly delisted; no price data found  (1d 1927-10-10 -> 2026-09-15)
$GGP: possibly delisted; no price data found  (1d 1927-10-10 -> 2026-09-15)
$FTR: possibly delisted; no timezone found
$FRX: possibly delisted; no timezone found

1 Failed download:
['FRX']: possibly delisted; no timezone found

1 Failed download:
['FTR']: possibly delisted; no timezone found
$FOXA: Data doesn't exist for startDate = 1198386000, endDate = 1552276800

1 Failed download:
['FOXA']: Data doesn't exist for startDate = 1198386000, endDate = 1552276800
$GGP: possibly delisted; no price data found  (1d 2007-12-23 -> 2008-01-03)

1 Failed download:
['GGP']: possibly delisted; no price data found  (1d 2007-12-23 -> 2008-01-03)
$GAS: Data doesn't exist for startDate = 1198386000, endDate = 1199336400

1 Failed download:
['GAS']: Data doesn't exist for startDate = 1198386000, endDate = 1199336400
$GPS: possibly delisted; no timezone found
$GPS: possibly delisted; no timezone found

1 Failed download:
['GPS']: possibly delisted; no timezone found
$HAR: possibly delisted; no price data found  (1d 1927-10-10 -> 2026-09-15)
$HCBK: possibly delisted; no price data found  (1d 1927-10-10 -> 2026-09-15)
$HCBK: possibly delisted; no price data found  (1d 2007-12-23 -> 2008-01-03)

1 Failed download:
['HCBK']: possibly delisted; no price data found  (1d 2007-12-23 -> 2008-01-03)
$HAR: Data doesn't exist for startDate = 1198386000, endDate = 1199336400

1 Failed download:
['HAR']: Data doesn't exist for startDate = 1198386000, endDate = 1199336400
$HES: possibly delisted; no timezone found
$HES: possibly delisted; no timezone found

1 Failed download:
['HES']: possibly delisted; no timezone found
$HOT: possibly delisted; no price data found  (1d 2007-12-23 -> 2015-01-01)

1 Failed download:
['HOT']: possibly delisted; no price data found  (1d 2007-12-23 -> 2015-01-01)
$HSP: possibly delisted; no price data found  (1d 1927-10-10 -> 2026-09-15)
$IAC: possibly delisted; no timezone found
$IAC: possibly delisted; no timezone found

1 Failed download:
['IAC']: possibly delisted; no timezone found
$HSP: possibly delisted; no price data found  (1d 2007-12-23 -> 2008-01-03)

1 Failed download:
['HSP']: possibly delisted; no price data found  (1d 2007-12-23 -> 2008-01-03)
$IGT: possibly delisted; no timezone found
$IGT: possibly delisted; no timezone found

1 Failed download:
['IGT']: possibly delisted; no timezone found
$IPG: possibly delisted; no timezone found
$IPG: possibly delisted; no timezone found

1 Failed download:
['IPG']: possibly delisted; no timezone found
$IR: Data doesn't exist for startDate = 1198386000, endDate = 1494475200

1 Failed download:
['IR']: Data doesn't exist for startDate = 1198386000, endDate = 1494475200
$JEC: possibly delisted; no timezone found
$JCP: possibly delisted; no timezone found
$JEC: possibly delisted; no timezone found

1 Failed download:
['JEC']: possibly delisted; no timezone found
$JCP: possibly delisted; no timezone found

1 Failed download:
['JCP']: possibly delisted; no timezone found
$JNS: possibly delisted; no price data found  (1d 1927-10-10 -> 2026-09-15)
$JNPR: possibly delisted; no timezone found
$JNPR: possibly delisted; no timezone found
$JWN: possibly delisted; no timezone found

1 Failed download:
['JNPR']: possibly delisted; no timezone found
$JWN: possibly delisted; no timezone found

1 Failed download:
$K: possibly delisted; no timezone found
['JWN']: possibly delisted; no timezone found
$K: possibly delisted; no timezone found

1 Failed download:
$KATE: possibly delisted; no price data found  (1d 1927-10-10 -> 2026-09-15)
['K']: possibly delisted; no timezone found
$JNS: possibly delisted; no price data found  (1d 2007-12-23 -> 2008-01-03)

1 Failed download:
['JNS']: possibly delisted; no price data found  (1d 2007-12-23 -> 2008-01-03)
$KATE: possibly delisted; no price data found  (1d 2007-12-23 -> 2008-01-03)

1 Failed download:
['KATE']: possibly delisted; no price data found  (1d 2007-12-23 -> 2008-01-03)
$KG: Data doesn't exist for startDate = 1198386000, endDate = 1199336400

1 Failed download:
['KG']: Data doesn't exist for startDate = 1198386000, endDate = 1199336400
$LLTC: possibly delisted; no price data found  (1d 1927-10-10 -> 2026-09-15)
$LEG: Data doesn't exist for startDate = 1198386000, endDate = 1199336400

1 Failed download:
['LEG']: Data doesn't exist for startDate = 1198386000, endDate = 1199336400
$LLL: possibly delisted; no timezone found
$LB: Data doesn't exist for startDate = 1198386000, endDate = 1199336400

1 Failed download:
['LB']: Data doesn't exist for startDate = 1198386000, endDate = 1199336400
$LLL: possibly delisted; no timezone found

1 Failed download:
['LLL']: possibly delisted; no timezone found
$LM: possibly delisted; no timezone found
$LLTC: possibly delisted; no price data found  (1d 2007-12-23 -> 2008-01-03)
$LXK: possibly delisted; no price data found  (1d 1927-10-10 -> 2026-09-15)

1 Failed download:
['LLTC']: possibly delisted; no price data found  (1d 2007-12-23 -> 2008-01-03)
$LM: possibly delisted; no timezone found

1 Failed download:
['LM']: possibly delisted; no timezone found
$LSI: possibly delisted; no timezone found
$LSI: possibly delisted; no timezone found

1 Failed download:
['LSI']: possibly delisted; no timezone found
$LXK: possibly delisted; no price data found  (1d 2007-12-23 -> 2008-01-03)

1 Failed download:
['LXK']: possibly delisted; no price data found  (1d 2007-12-23 -> 2008-01-03)
$MDP: possibly delisted; no timezone found
$MDP: possibly delisted; no timezone found

1 Failed download:
['MDP']: possibly delisted; no timezone found
$MIL: possibly delisted; no price data found  (1d 1927-10-10 -> 2026-09-15)
$MMC: possibly delisted; no timezone found
$MIL: possibly delisted; no price data found  (1d 2007-12-23 -> 2008-01-03)
$MMC: possibly delisted; no timezone found

1 Failed download:
['MMC']: possibly delisted; no timezone found

1 Failed download:
['MIL']: possibly delisted; no price data found  (1d 2007-12-23 -> 2008-01-03)
$MI: Data doesn't exist for startDate = 1198386000, endDate = 1199336400

1 Failed download:
['MI']: Data doesn't exist for startDate = 1198386000, endDate = 1199336400
$MON: possibly delisted; no timezone found
$MRO: possibly delisted; no timezone found
$MON: possibly delisted; no timezone found
$MRO: possibly delisted; no timezone found

1 Failed download:
['MON']: possibly delisted; no timezone found

1 Failed download:
['MRO']: possibly delisted; no timezone found
$MWW: possibly delisted; no price data found  (1d 1927-10-10 -> 2026-09-15)
$MWW: possibly delisted; no price data found  (1d 2007-12-23 -> 2008-01-03)

1 Failed download:
['MWW']: possibly delisted; no price data found  (1d 2007-12-23 -> 2008-01-03)
$NBL: possibly delisted; no timezone found
$MYL: possibly delisted; no timezone found
$NBL: possibly delisted; no timezone found

1 Failed download:
['NBL']: possibly delisted; no timezone found
$MYL: possibly delisted; no timezone found

1 Failed download:
['MYL']: possibly delisted; no timezone found
$NE: Data doesn't exist for startDate = 1198386000, endDate = 1199336400

1 Failed download:
['NE']: Data doesn't exist for startDate = 1198386000, endDate = 1199336400
$NVLS: possibly delisted; no price data found  (1d 1927-10-10 -> 2026-09-15)
$NVLS: possibly delisted; no price data found  (1d 2007-12-23 -> 2008-01-03)

1 Failed download:
['NVLS']: possibly delisted; no price data found  (1d 2007-12-23 -> 2008-01-03)
$NSM: Data doesn't exist for startDate = 1198386000, endDate = 1199336400

1 Failed download:
['NSM']: Data doesn't exist for startDate = 1198386000, endDate = 1199336400
$ODP: possibly delisted; no timezone found
$ODP: possibly delisted; no timezone found

1 Failed download:
['ODP']: possibly delisted; no timezone found
$PCP: possibly delisted; no price data found  (1d 1927-10-10 -> 2026-09-15)
$PCP: Data doesn't exist for startDate = 1198386000, endDate = 1199336400

1 Failed download:
['PCP']: Data doesn't exist for startDate = 1198386000, endDate = 1199336400
$PCL: Data doesn't exist for startDate = 1198386000, endDate = 1199336400

1 Failed download:
['PCL']: Data doesn't exist for startDate = 1198386000, endDate = 1199336400
$PDCO: possibly delisted; no timezone found
$PDCO: possibly delisted; no timezone found

1 Failed download:
['PDCO']: possibly delisted; no timezone found
$PGN: possibly delisted; no price data found  (1d 1927-10-10 -> 2026-09-15)
$PGN: possibly delisted; no price data found  (1d 2007-12-23 -> 2008-01-03)

1 Failed download:
['PGN']: possibly delisted; no price data found  (1d 2007-12-23 -> 2008-01-03)
$PKI: possibly delisted; no timezone found
$PKI: possibly delisted; no timezone found

1 Failed download:
['PKI']: possibly delisted; no timezone found
$PLL: possibly delisted; no timezone found
$PLL: possibly delisted; no timezone found

1 Failed download:
['PLL']: possibly delisted; no timezone found
$QLGC: possibly delisted; no price data found  (1d 1927-10-10 -> 2026-09-15)
$PX: possibly delisted; no timezone found
$POM: Data doesn't exist for startDate = 1198386000, endDate = 1199336400

1 Failed download:
['POM']: Data doesn't exist for startDate = 1198386000, endDate = 1199336400
$Q: Data doesn't exist for startDate = 1198386000, endDate = 1761451200

1 Failed download:
['Q']: Data doesn't exist for startDate = 1198386000, endDate = 1761451200
$QLGC: possibly delisted; no price data found  (1d 2007-12-23 -> 2008-01-03)

1 Failed download:
['QLGC']: possibly delisted; no price data found  (1d 2007-12-23 -> 2008-01-03)
$PX: possibly delisted; no timezone found

1 Failed download:
['PX']: possibly delisted; no timezone found
$RAI: possibly delisted; no price data found  (1d 1927-10-10 -> 2026-09-15)
$RAI: possibly delisted; no price data found  (1d 2007-12-23 -> 2008-01-03)

1 Failed download:
['RAI']: possibly delisted; no price data found  (1d 2007-12-23 -> 2008-01-03)
$RDC: possibly delisted; no timezone found
$RDC: possibly delisted; no timezone found

1 Failed download:
['RDC']: possibly delisted; no timezone found
$RTN: possibly delisted; no timezone found
$RTN: possibly delisted; no timezone found

1 Failed download:
['RTN']: possibly delisted; no timezone found
$RRD: possibly delisted; no timezone found
$RRD: possibly delisted; no timezone found

1 Failed download:
['RRD']: possibly delisted; no timezone found
$SEE: possibly delisted; no timezone found
$SIAL: possibly delisted; no price data found  (1d 1927-10-10 -> 2026-09-15)
$S: Data doesn't exist for startDate = 1198386000, endDate = 1199336400
$SE: Data doesn't exist for startDate = 1198386000, endDate = 1199336400

1 Failed download:
['S']: Data doesn't exist for startDate = 1198386000, endDate = 1199336400

1 Failed download:
['SE']: Data doesn't exist for startDate = 1198386000, endDate = 1199336400
$SHLD: Data doesn't exist for startDate = 1198386000, endDate = 1199336400

1 Failed download:
['SHLD']: Data doesn't exist for startDate = 1198386000, endDate = 1199336400
$SEE: possibly delisted; no timezone found

1 Failed download:
['SEE']: possibly delisted; no timezone found
$SGP: Data doesn't exist for startDate = 1198386000, endDate = 1199336400

1 Failed download:
['SGP']: Data doesn't exist for startDate = 1198386000, endDate = 1199336400
$SIAL: possibly delisted; no price data found  (1d 2007-12-23 -> 2008-01-03)

1 Failed download:
['SIAL']: possibly delisted; no price data found  (1d 2007-12-23 -> 2008-01-03)
$SII: Data doesn't exist for startDate = 1198386000, endDate = 1199336400

1 Failed download:
['SII']: Data doesn't exist for startDate = 1198386000, endDate = 1199336400
$SNDK: Data doesn't exist for startDate = 1198386000, endDate = 1739336400

1 Failed download:
['SNDK']: Data doesn't exist for startDate = 1198386000, endDate = 1739336400
$STJ: possibly delisted; no price data found  (1d 1927-10-10 -> 2026-09-15)
$SPLS: Data doesn't exist for startDate = 1198386000, endDate = 1199336400

1 Failed download:
['SPLS']: Data doesn't exist for startDate = 1198386000, endDate = 1199336400
$STR: possibly delisted; no timezone found
$SUNEQ: possibly delisted; no price data found  (1d 1927-10-10 -> 2026-09-15)
$STJ: possibly delisted; no price data found  (1d 2007-12-23 -> 2008-01-03)

1 Failed download:
['STJ']: possibly delisted; no price data found  (1d 2007-12-23 -> 2008-01-03)
$STI: Data doesn't exist for startDate = 1198386000, endDate = 1199336400

1 Failed download:
$STR: possibly delisted; no timezone found
['STI']: Data doesn't exist for startDate = 1198386000, endDate = 1199336400

1 Failed download:
['STR']: possibly delisted; no timezone found
$SUNEQ: possibly delisted; no price data found  (1d 2007-12-23 -> 2008-01-03)

1 Failed download:
['SUNEQ']: possibly delisted; no price data found  (1d 2007-12-23 -> 2008-01-03)
$SYMC: possibly delisted; no timezone found
$SYMC: possibly delisted; no timezone found

1 Failed download:
['SYMC']: possibly delisted; no timezone found
$SUN: Data doesn't exist for startDate = 1198386000, endDate = 1199336400

1 Failed download:
['SUN']: Data doesn't exist for startDate = 1198386000, endDate = 1199336400
$TE: Data doesn't exist for startDate = 1198386000, endDate = 1199336400

1 Failed download:
['TE']: Data doesn't exist for startDate = 1198386000, endDate = 1199336400
$TGNA: possibly delisted; no timezone found
$TGNA: possibly delisted; no timezone found

1 Failed download:
['TGNA']: possibly delisted; no timezone found
$TIF: possibly delisted; no timezone found
$TMK: possibly delisted; no timezone found
$TMK: possibly delisted; no timezone found

1 Failed download:
['TMK']: possibly delisted; no timezone found
$TIF: possibly delisted; no timezone found

1 Failed download:
['TIF']: possibly delisted; no timezone found
$TSS: possibly delisted; no timezone found
$TSS: possibly delisted; no timezone found

1 Failed download:
['TSS']: possibly delisted; no timezone found
$VAR: possibly delisted; no timezone found
$VAR: possibly delisted; no timezone found
$UTX: possibly delisted; no timezone found

1 Failed download:
['VAR']: possibly delisted; no timezone found
$UTX: possibly delisted; no timezone found

1 Failed download:
['UTX']: possibly delisted; no timezone found
$VIAB: possibly delisted; no timezone found
$VIAB: possibly delisted; no timezone found

1 Failed download:
['VIAB']: possibly delisted; no timezone found
$WBA: possibly delisted; no timezone found
$WBA: possibly delisted; no timezone found

1 Failed download:
['WBA']: possibly delisted; no timezone found
$WFM: possibly delisted; no price data found  (1d 1927-10-10 -> 2026-09-15)
$WFM: possibly delisted; no price data found  (1d 2007-12-23 -> 2008-01-03)
$WB: Data doesn't exist for startDate = 1198386000, endDate = 1199336400

1 Failed download:

1 Failed download:
['WFM']: possibly delisted; no price data found  (1d 2007-12-23 -> 2008-01-03)
['WB']: Data doesn't exist for startDate = 1198386000, endDate = 1199336400
$WIN: possibly delisted; no timezone found
$WIN: possibly delisted; no timezone found

1 Failed download:
['WIN']: possibly delisted; no timezone found
$WFT: possibly delisted; no timezone found
$WFT: possibly delisted; no timezone found

1 Failed download:
['WFT']: possibly delisted; no timezone found
$WYND: possibly delisted; no timezone found
$WYND: possibly delisted; no timezone found

1 Failed download:
['WYND']: possibly delisted; no timezone found
$XLNX: possibly delisted; no timezone found
$XL: possibly delisted; no timezone found
$X: possibly delisted; no timezone found
$XLNX: possibly delisted; no timezone found
$XL: possibly delisted; no timezone found
$X: possibly delisted; no timezone found

1 Failed download:
['XLNX']: possibly delisted; no timezone found

1 Failed download:
['X']: possibly delisted; no timezone found

1 Failed download:
['XL']: possibly delisted; no timezone found
$ACAS: possibly delisted; no price data found  (1d 1927-10-10 -> 2026-09-15)
$AABA: possibly delisted; no timezone found
$ABC: possibly delisted; no timezone found
$ACAS: possibly delisted; no price data found  (1d 2008-06-21 -> 2008-07-02)
$AABA: possibly delisted; no timezone found

1 Failed download:
['AABA']: possibly delisted; no timezone found
$ABC: possibly delisted; no timezone found

1 Failed download:
['ACAS']: possibly delisted; no price data found  (1d 2008-06-21 -> 2008-07-02)

1 Failed download:
['ABC']: possibly delisted; no timezone found
$AGN: possibly delisted; no timezone found
$AGN: possibly delisted; no timezone found

1 Failed download:
['AGN']: possibly delisted; no timezone found
$ALTR: possibly delisted; no timezone found
$ALTR: possibly delisted; no timezone found

1 Failed download:
['ALTR']: possibly delisted; no timezone found
$AKS: possibly delisted; no timezone found
$AKS: possibly delisted; no timezone found

1 Failed download:
['AKS']: possibly delisted; no timezone found
$ANTM: possibly delisted; no timezone found
$ANTM: possibly delisted; no timezone found

1 Failed download:
['ANTM']: possibly delisted; no timezone found
$APOL: possibly delisted; no price data found  (1d 1927-10-10 -> 2026-09-15)
$APOL: possibly delisted; no price data found  (1d 2008-06-21 -> 2008-07-02)

1 Failed download:
['APOL']: possibly delisted; no price data found  (1d 2008-06-21 -> 2008-07-02)
$ARNC: possibly delisted; no timezone found
$ARNC: possibly delisted; no timezone found

1 Failed download:
['ARNC']: possibly delisted; no timezone found
$AVP: possibly delisted; no timezone found
$APC: Data doesn't exist for startDate = 1214020800, endDate = 1214971200

1 Failed download:
['APC']: Data doesn't exist for startDate = 1214020800, endDate = 1214971200
$AVP: possibly delisted; no timezone found

1 Failed download:
['AVP']: possibly delisted; no timezone found
$AVB: Data doesn't exist for startDate = 1214020800, endDate = 1214971200

1 Failed download:
['AVB']: Data doesn't exist for startDate = 1214020800, endDate = 1214971200
$BCR: possibly delisted; no price data found  (1d 1927-10-10 -> 2026-09-15)
$BCR: possibly delisted; no price data found  (1d 2008-06-21 -> 2008-07-02)

1 Failed download:
['BCR']: possibly delisted; no price data found  (1d 2008-06-21 -> 2008-07-02)
$BBBY: Data doesn't exist for startDate = 1214020800, endDate = 1214971200

1 Failed download:
['BBBY']: Data doesn't exist for startDate = 1214020800, endDate = 1214971200
$BIG: possibly delisted; no timezone found
$BHGE: possibly delisted; no timezone found
$BIG: possibly delisted; no timezone found

1 Failed download:
['BIG']: possibly delisted; no timezone found
$BHGE: possibly delisted; no timezone found

1 Failed download:
['BHGE']: possibly delisted; no timezone found
$BEAM: Data doesn't exist for startDate = 1214020800, endDate = 1214971200
$BK: possibly delisted; no timezone found
$BLL: possibly delisted; no timezone found

1 Failed download:
['BEAM']: Data doesn't exist for startDate = 1214020800, endDate = 1214971200
$BK: possibly delisted; no timezone found
$BLL: possibly delisted; no timezone found

1 Failed download:
['BK']: possibly delisted; no timezone found

1 Failed download:
['BLL']: possibly delisted; no timezone found
$BRCM: possibly delisted; no price data found  (1d 1927-10-10 -> 2026-09-15)
$BTUUQ: possibly delisted; no price data found  (1d 1927-10-10 -> 2026-09-15)
$BRCM: possibly delisted; no price data found  (1d 2008-06-21 -> 2008-07-02)

1 Failed download:
['BRCM']: possibly delisted; no price data found  (1d 2008-06-21 -> 2008-07-02)
$BTUUQ: possibly delisted; no price data found  (1d 2008-06-21 -> 2008-07-02)

1 Failed download:
['BTUUQ']: possibly delisted; no price data found  (1d 2008-06-21 -> 2008-07-02)
$CA: possibly delisted; no timezone found
$CA: possibly delisted; no timezone found

1 Failed download:
['CA']: possibly delisted; no timezone found
$BUD: Data doesn't exist for startDate = 1214020800, endDate = 1214971200

1 Failed download:
['BUD']: Data doesn't exist for startDate = 1214020800, endDate = 1214971200
$CCE: possibly delisted; no price data found  (1d 1927-10-10 -> 2026-09-15)
$CAM: Data doesn't exist for startDate = 1214020800, endDate = 1214971200
$CCE: possibly delisted; no price data found  (1d 2008-06-21 -> 2008-07-02)
$CHK: possibly delisted; no timezone found

1 Failed download:
$CBS: possibly delisted; no timezone found

1 Failed download:
['CCE']: possibly delisted; no price data found  (1d 2008-06-21 -> 2008-07-02)
['CAM']: Data doesn't exist for startDate = 1214020800, endDate = 1214971200
$CHK: possibly delisted; no timezone found
$CELG: possibly delisted; no timezone found

1 Failed download:
['CHK']: possibly delisted; no timezone found
$CBS: possibly delisted; no timezone found

1 Failed download:
['CBS']: possibly delisted; no timezone found
$CELG: possibly delisted; no timezone found

1 Failed download:
['CELG']: possibly delisted; no timezone found
$CEG: Data doesn't exist for startDate = 1214020800, endDate = 1642482000

1 Failed download:
['CEG']: Data doesn't exist for startDate = 1214020800, endDate = 1642482000
$CMA: possibly delisted; no timezone found
$CMA: possibly delisted; no timezone found

1 Failed download:
['CMA']: possibly delisted; no timezone found
$COG: possibly delisted; no timezone found
$COG: possibly delisted; no timezone found

1 Failed download:
['COG']: possibly delisted; no timezone found
$COL: possibly delisted; no price data found  (1d 2008-06-21 -> 2012-08-01)

1 Failed download:
['COL']: possibly delisted; no price data found  (1d 2008-06-21 -> 2012-08-01)
$CTL: possibly delisted; no timezone found
$CTL: possibly delisted; no timezone found

1 Failed download:
['CTL']: possibly delisted; no timezone found
$CTXS: possibly delisted; no timezone found
$CTXS: possibly delisted; no timezone found

1 Failed download:
$DDR: possibly delisted; no price data found  (1d 1927-10-10 -> 2026-09-15)
['CTXS']: possibly delisted; no timezone found
$DDR: possibly delisted; no price data found  (1d 2008-06-21 -> 2008-07-02)

1 Failed download:
['DDR']: possibly delisted; no price data found  (1d 2008-06-21 -> 2008-07-02)
$DFS: possibly delisted; no timezone found
$DFS: possibly delisted; no timezone found

1 Failed download:
['DFS']: possibly delisted; no timezone found
$DF: possibly delisted; no timezone found
$DF: possibly delisted; no timezone found

1 Failed download:
['DF']: possibly delisted; no timezone found
$DELL: Data doesn't exist for startDate = 1214020800, endDate = 1471320000

1 Failed download:
['DELL']: Data doesn't exist for startDate = 1214020800, endDate = 1471320000
$DTV: possibly delisted; no timezone found
$DTV: possibly delisted; no timezone found

1 Failed download:
['DTV']: possibly delisted; no timezone found
$DOW: Data doesn't exist for startDate = 1214020800, endDate = 1552968000

1 Failed download:
['DOW']: Data doesn't exist for startDate = 1214020800, endDate = 1552968000
$DYN: Data doesn't exist for startDate = 1214020800, endDate = 1214971200

1 Failed download:
['DYN']: Data doesn't exist for startDate = 1214020800, endDate = 1214971200
$EA: Data doesn't exist for startDate = 1214020800, endDate = 1214971200

1 Failed download:
['EA']: Data doesn't exist for startDate = 1214020800, endDate = 1214971200
$ESV: possibly delisted; no timezone found
$EMC: Data doesn't exist for startDate = 1214020800, endDate = 1214971200

1 Failed download:
['EMC']: Data doesn't exist for startDate = 1214020800, endDate = 1214971200
$EQR: Data doesn't exist for startDate = 1214020800, endDate = 1214971200
$ESV: possibly delisted; no timezone found

1 Failed download:
['ESV']: possibly delisted; no timezone found

1 Failed download:
['EQR']: Data doesn't exist for startDate = 1214020800, endDate = 1214971200
$ETFC: possibly delisted; no timezone found
$ETFC: possibly delisted; no timezone found

1 Failed download:
['ETFC']: possibly delisted; no timezone found
$EQ: Data doesn't exist for startDate = 1214020800, endDate = 1214971200

1 Failed download:
['EQ']: Data doesn't exist for startDate = 1214020800, endDate = 1214971200
$FII: possibly delisted; no timezone found
$FII: possibly delisted; no timezone found

1 Failed download:
['FII']: possibly delisted; no timezone found
$FRX: possibly delisted; no timezone found
$GAS: possibly delisted; no price data found  (1d 1927-10-10 -> 2026-09-15)
$FRX: possibly delisted; no timezone found

1 Failed download:
['FRX']: possibly delisted; no timezone found
$FTR: possibly delisted; no timezone found
$GGP: possibly delisted; no price data found  (1d 1927-10-10 -> 2026-09-15)
$FOXA: Data doesn't exist for startDate = 1214020800, endDate = 1552276800
$GAS: Data doesn't exist for startDate = 1214020800, endDate = 1214971200

1 Failed download:

1 Failed download:
['GAS']: Data doesn't exist for startDate = 1214020800, endDate = 1214971200
['FOXA']: Data doesn't exist for startDate = 1214020800, endDate = 1552276800
$FTR: possibly delisted; no timezone found

1 Failed download:
['FTR']: possibly delisted; no timezone found
$GGP: possibly delisted; no price data found  (1d 2008-06-21 -> 2008-07-02)

1 Failed download:
['GGP']: possibly delisted; no price data found  (1d 2008-06-21 -> 2008-07-02)
$GPS: possibly delisted; no timezone found
$GPS: possibly delisted; no timezone found

1 Failed download:
['GPS']: possibly delisted; no timezone found
$HAR: possibly delisted; no price data found  (1d 1927-10-10 -> 2026-09-15)
$HCBK: possibly delisted; no price data found  (1d 1927-10-10 -> 2026-09-15)
$HCBK: possibly delisted; no price data found  (1d 2008-06-21 -> 2008-07-02)

1 Failed download:
['HCBK']: possibly delisted; no price data found  (1d 2008-06-21 -> 2008-07-02)
$HAR: Data doesn't exist for startDate = 1214020800, endDate = 1214971200

1 Failed download:
['HAR']: Data doesn't exist for startDate = 1214020800, endDate = 1214971200
$HCP: possibly delisted; no timezone found
$HCP: possibly delisted; no timezone found

1 Failed download:
['HCP']: possibly delisted; no timezone found
$HES: possibly delisted; no timezone found
$HES: possibly delisted; no timezone found

1 Failed download:
['HES']: possibly delisted; no timezone found
$HSP: possibly delisted; no price data found  (1d 1927-10-10 -> 2026-09-15)
$HOT: possibly delisted; no price data found  (1d 2008-06-21 -> 2015-01-01)

1 Failed download:
['HOT']: possibly delisted; no price data found  (1d 2008-06-21 -> 2015-01-01)
$HSP: possibly delisted; no price data found  (1d 2008-06-21 -> 2008-07-02)

1 Failed download:
['HSP']: possibly delisted; no price data found  (1d 2008-06-21 -> 2008-07-02)
$IAC: possibly delisted; no timezone found
$IAC: possibly delisted; no timezone found

1 Failed download:
['IAC']: possibly delisted; no timezone found
$IGT: possibly delisted; no timezone found
$IGT: possibly delisted; no timezone found

1 Failed download:
['IGT']: possibly delisted; no timezone found
$IPG: possibly delisted; no timezone found
$IPG: possibly delisted; no timezone found

1 Failed download:
['IPG']: possibly delisted; no timezone found
$JCP: possibly delisted; no timezone found
$JEC: possibly delisted; no timezone found
$IR: Data doesn't exist for startDate = 1214020800, endDate = 1494475200

1 Failed download:
['IR']: Data doesn't exist for startDate = 1214020800, endDate = 1494475200
$JCP: possibly delisted; no timezone found

1 Failed download:
['JCP']: possibly delisted; no timezone found
$JEC: possibly delisted; no timezone found

1 Failed download:
['JEC']: possibly delisted; no timezone found
$JNS: possibly delisted; no price data found  (1d 1927-10-10 -> 2026-09-15)
$JNPR: possibly delisted; no timezone found
$JNPR: possibly delisted; no timezone found

1 Failed download:
['JNPR']: possibly delisted; no timezone found
$KATE: possibly delisted; no price data found  (1d 1927-10-10 -> 2026-09-15)
$JWN: possibly delisted; no timezone found
$JNS: possibly delisted; no price data found  (1d 2008-06-21 -> 2008-07-02)

1 Failed download:
['JNS']: possibly delisted; no price data found  (1d 2008-06-21 -> 2008-07-02)
$JWN: possibly delisted; no timezone found

1 Failed download:
['JWN']: possibly delisted; no timezone found
$K: possibly delisted; no timezone found
$KATE: possibly delisted; no price data found  (1d 2008-06-21 -> 2008-07-02)

1 Failed download:
['KATE']: possibly delisted; no price data found  (1d 2008-06-21 -> 2008-07-02)
$K: possibly delisted; no timezone found

1 Failed download:
['K']: possibly delisted; no timezone found
$LB: Data doesn't exist for startDate = 1214020800, endDate = 1214971200

1 Failed download:
['LB']: Data doesn't exist for startDate = 1214020800, endDate = 1214971200
$LEG: Data doesn't exist for startDate = 1214020800, endDate = 1214971200

1 Failed download:
['LEG']: Data doesn't exist for startDate = 1214020800, endDate = 1214971200
$LLTC: possibly delisted; no price data found  (1d 1927-10-10 -> 2026-09-15)
$LLTC: possibly delisted; no price data found  (1d 2008-06-21 -> 2008-07-02)

1 Failed download:
['LLTC']: possibly delisted; no price data found  (1d 2008-06-21 -> 2008-07-02)
$LLL: possibly delisted; no timezone found
$LLL: possibly delisted; no timezone found
$LM: possibly delisted; no timezone found

1 Failed download:
['LLL']: possibly delisted; no timezone found
$LM: possibly delisted; no timezone found

1 Failed download:
['LM']: possibly delisted; no timezone found
$LXK: possibly delisted; no price data found  (1d 1927-10-10 -> 2026-09-15)
$LSI: possibly delisted; no timezone found
$LSI: possibly delisted; no timezone found
$LXK: possibly delisted; no price data found  (1d 2008-06-21 -> 2008-07-02)

1 Failed download:
['LSI']: possibly delisted; no timezone found

1 Failed download:
['LXK']: possibly delisted; no price data found  (1d 2008-06-21 -> 2008-07-02)
$MDP: possibly delisted; no timezone found
$MDP: possibly delisted; no timezone found

1 Failed download:
['MDP']: possibly delisted; no timezone found
$MIL: possibly delisted; no price data found  (1d 1927-10-10 -> 2026-09-15)
$MIL: possibly delisted; no price data found  (1d 2008-06-21 -> 2008-07-02)

1 Failed download:
['MIL']: possibly delisted; no price data found  (1d 2008-06-21 -> 2008-07-02)
$MMC: possibly delisted; no timezone found
$MMC: possibly delisted; no timezone found
$MON: possibly delisted; no timezone found
$MON: possibly delisted; no timezone found

1 Failed download:
['MMC']: possibly delisted; no timezone found

1 Failed download:
['MON']: possibly delisted; no timezone found
$MRO: possibly delisted; no timezone found
$MI: Data doesn't exist for startDate = 1214020800, endDate = 1214971200

1 Failed download:
['MI']: Data doesn't exist for startDate = 1214020800, endDate = 1214971200
$MRO: possibly delisted; no timezone found

1 Failed download:
['MRO']: possibly delisted; no timezone found
$MWW: possibly delisted; no price data found  (1d 1927-10-10 -> 2026-09-15)
$MYL: possibly delisted; no timezone found
$MWW: possibly delisted; no price data found  (1d 2008-06-21 -> 2008-07-02)

1 Failed download:
['MWW']: possibly delisted; no price data found  (1d 2008-06-21 -> 2008-07-02)
$MYL: possibly delisted; no timezone found

1 Failed download:
['MYL']: possibly delisted; no timezone found
$NBL: possibly delisted; no timezone found
$NBL: possibly delisted; no timezone found

1 Failed download:
['NBL']: possibly delisted; no timezone found
$NE: Data doesn't exist for startDate = 1214020800, endDate = 1214971200

1 Failed download:
['NE']: Data doesn't exist for startDate = 1214020800, endDate = 1214971200
$NSM: Data doesn't exist for startDate = 1214020800, endDate = 1214971200

1 Failed download:
['NSM']: Data doesn't exist for startDate = 1214020800, endDate = 1214971200
$NVLS: possibly delisted; no price data found  (1d 1927-10-10 -> 2026-09-15)
$NVLS: possibly delisted; no price data found  (1d 2008-06-21 -> 2008-07-02)

1 Failed download:
['NVLS']: possibly delisted; no price data found  (1d 2008-06-21 -> 2008-07-02)
$ODP: possibly delisted; no timezone found
$ODP: possibly delisted; no timezone found

1 Failed download:
['ODP']: possibly delisted; no timezone found
$PCP: possibly delisted; no price data found  (1d 1927-10-10 -> 2026-09-15)
$PDCO: possibly delisted; no timezone found
$PCP: Data doesn't exist for startDate = 1214020800, endDate = 1214971200
$PDCO: possibly delisted; no timezone found

1 Failed download:

1 Failed download:
['PDCO']: possibly delisted; no timezone found
['PCP']: Data doesn't exist for startDate = 1214020800, endDate = 1214971200
$PGN: possibly delisted; no price data found  (1d 1927-10-10 -> 2026-09-15)
$PCL: Data doesn't exist for startDate = 1214020800, endDate = 1214971200

1 Failed download:
['PCL']: Data doesn't exist for startDate = 1214020800, endDate = 1214971200
$PGN: possibly delisted; no price data found  (1d 2008-06-21 -> 2008-07-02)

1 Failed download:
['PGN']: possibly delisted; no price data found  (1d 2008-06-21 -> 2008-07-02)
$PKI: possibly delisted; no timezone found
$PKI: possibly delisted; no timezone found

1 Failed download:
['PKI']: possibly delisted; no timezone found
$PLL: possibly delisted; no timezone found
$PLL: possibly delisted; no timezone found

1 Failed download:
['PLL']: possibly delisted; no timezone found
$POM: Data doesn't exist for startDate = 1214020800, endDate = 1214971200

1 Failed download:
['POM']: Data doesn't exist for startDate = 1214020800, endDate = 1214971200
$PX: possibly delisted; no timezone found
$PX: possibly delisted; no timezone found

1 Failed download:
['PX']: possibly delisted; no timezone found
$Q: Data doesn't exist for startDate = 1214020800, endDate = 1761451200

1 Failed download:
['Q']: Data doesn't exist for startDate = 1214020800, endDate = 1761451200
$RAI: possibly delisted; no price data found  (1d 1927-10-10 -> 2026-09-15)
$QLGC: possibly delisted; no price data found  (1d 1927-10-10 -> 2026-09-15)
$RAI: possibly delisted; no price data found  (1d 2008-06-21 -> 2008-07-02)

1 Failed download:
['RAI']: possibly delisted; no price data found  (1d 2008-06-21 -> 2008-07-02)
$QLGC: possibly delisted; no price data found  (1d 2008-06-21 -> 2008-07-02)

1 Failed download:
['QLGC']: possibly delisted; no price data found  (1d 2008-06-21 -> 2008-07-02)
$RDC: possibly delisted; no timezone found
$RDC: possibly delisted; no timezone found

1 Failed download:
['RDC']: possibly delisted; no timezone found
$RRD: possibly delisted; no timezone found
$RRD: possibly delisted; no timezone found
$RTN: possibly delisted; no timezone found

1 Failed download:
['RRD']: possibly delisted; no timezone found
$RTN: possibly delisted; no timezone found

1 Failed download:
['RTN']: possibly delisted; no timezone found
$S: Data doesn't exist for startDate = 1214020800, endDate = 1214971200

1 Failed download:
['S']: Data doesn't exist for startDate = 1214020800, endDate = 1214971200
$SEE: possibly delisted; no timezone found
$SIAL: possibly delisted; no price data found  (1d 1927-10-10 -> 2026-09-15)
$SE: Data doesn't exist for startDate = 1214020800, endDate = 1214971200
$SGP: Data doesn't exist for startDate = 1214020800, endDate = 1214971200
$SEE: possibly delisted; no timezone found

1 Failed download:

1 Failed download:

1 Failed download:
['SEE']: possibly delisted; no timezone found
['SGP']: Data doesn't exist for startDate = 1214020800, endDate = 1214971200
['SE']: Data doesn't exist for startDate = 1214020800, endDate = 1214971200
$SIAL: possibly delisted; no price data found  (1d 2008-06-21 -> 2008-07-02)

1 Failed download:
['SIAL']: possibly delisted; no price data found  (1d 2008-06-21 -> 2008-07-02)
$SNI: possibly delisted; no price data found  (1d 1927-10-10 -> 2026-09-15)
$SHLD: Data doesn't exist for startDate = 1214020800, endDate = 1214971200
$SII: Data doesn't exist for startDate = 1214020800, endDate = 1214971200

1 Failed download:
['SHLD']: Data doesn't exist for startDate = 1214020800, endDate = 1214971200

1 Failed download:
['SII']: Data doesn't exist for startDate = 1214020800, endDate = 1214971200
$SNI: possibly delisted; no price data found  (1d 2008-06-21 -> 2008-07-02)

1 Failed download:
['SNI']: possibly delisted; no price data found  (1d 2008-06-21 -> 2008-07-02)
$SNDK: Data doesn't exist for startDate = 1214020800, endDate = 1739336400

1 Failed download:
['SNDK']: Data doesn't exist for startDate = 1214020800, endDate = 1739336400
$STJ: possibly delisted; no price data found  (1d 1927-10-10 -> 2026-09-15)
$SPLS: Data doesn't exist for startDate = 1214020800, endDate = 1214971200

1 Failed download:
['SPLS']: Data doesn't exist for startDate = 1214020800, endDate = 1214971200
$STJ: possibly delisted; no price data found  (1d 2008-06-21 -> 2008-07-02)

1 Failed download:
['STJ']: possibly delisted; no price data found  (1d 2008-06-21 -> 2008-07-02)
$STR: possibly delisted; no timezone found
$SUNEQ: possibly delisted; no price data found  (1d 1927-10-10 -> 2026-09-15)
$STI: Data doesn't exist for startDate = 1214020800, endDate = 1214971200

1 Failed download:
['STI']: Data doesn't exist for startDate = 1214020800, endDate = 1214971200
$STR: possibly delisted; no timezone found

1 Failed download:
['STR']: possibly delisted; no timezone found
$SWN: possibly delisted; no timezone found
$SUN: Data doesn't exist for startDate = 1214020800, endDate = 1214971200

1 Failed download:
['SUN']: Data doesn't exist for startDate = 1214020800, endDate = 1214971200
$SUNEQ: possibly delisted; no price data found  (1d 2008-06-21 -> 2008-07-02)

1 Failed download:
['SUNEQ']: possibly delisted; no price data found  (1d 2008-06-21 -> 2008-07-02)
$SWN: possibly delisted; no timezone found

1 Failed download:
['SWN']: possibly delisted; no timezone found
$SYMC: possibly delisted; no timezone found
$SYMC: possibly delisted; no timezone found

1 Failed download:
['SYMC']: possibly delisted; no timezone found
$TGNA: possibly delisted; no timezone found
$TGNA: possibly delisted; no timezone found

1 Failed download:
['TGNA']: possibly delisted; no timezone found
$TE: Data doesn't exist for startDate = 1214020800, endDate = 1214971200

1 Failed download:
['TE']: Data doesn't exist for startDate = 1214020800, endDate = 1214971200
$TIF: possibly delisted; no timezone found
$TIF: possibly delisted; no timezone found

1 Failed download:
['TIF']: possibly delisted; no timezone found
$TMK: possibly delisted; no timezone found
$TMK: possibly delisted; no timezone found

1 Failed download:
['TMK']: possibly delisted; no timezone found
$TSS: possibly delisted; no timezone found
$TSS: possibly delisted; no timezone found

1 Failed download:
['TSS']: possibly delisted; no timezone found
$UTX: possibly delisted; no timezone found
$VIAB: possibly delisted; no timezone found
$VAR: possibly delisted; no timezone found
$UTX: possibly delisted; no timezone found
$VIAB: possibly delisted; no timezone found

1 Failed download:
['UTX']: possibly delisted; no timezone found

1 Failed download:
['VIAB']: possibly delisted; no timezone found
$VAR: possibly delisted; no timezone found

1 Failed download:
['VAR']: possibly delisted; no timezone found
$WBA: possibly delisted; no timezone found
$WBA: possibly delisted; no timezone found

1 Failed download:
['WBA']: possibly delisted; no timezone found
$WFM: possibly delisted; no price data found  (1d 1927-10-10 -> 2026-09-15)
$WFM: possibly delisted; no price data found  (1d 2008-06-21 -> 2008-07-02)

1 Failed download:
['WFM']: possibly delisted; no price data found  (1d 2008-06-21 -> 2008-07-02)
$WFT: possibly delisted; no timezone found
$WB: Data doesn't exist for startDate = 1214020800, endDate = 1214971200

1 Failed download:
['WB']: Data doesn't exist for startDate = 1214020800, endDate = 1214971200
$WFT: possibly delisted; no timezone found
$WIN: possibly delisted; no timezone found

1 Failed download:
['WFT']: possibly delisted; no timezone found
$WIN: possibly delisted; no timezone found

1 Failed download:
['WIN']: possibly delisted; no timezone found
$X: possibly delisted; no timezone found
$WYND: possibly delisted; no timezone found
$X: possibly delisted; no timezone found

1 Failed download:
$WYND: possibly delisted; no timezone found
['X']: possibly delisted; no timezone found

1 Failed download:
['WYND']: possibly delisted; no timezone found
$XL: possibly delisted; no timezone found
$XL: possibly delisted; no timezone found

1 Failed download:
['XL']: possibly delisted; no timezone found
$XLNX: possibly delisted; no timezone found
$XLNX: possibly delisted; no timezone found

1 Failed download:
['XLNX']: possibly delisted; no timezone found
$ACAS: possibly delisted; no price data found  (1d 1927-10-10 -> 2026-09-15)
$AABA: possibly delisted; no timezone found
$ABC: possibly delisted; no timezone found
$AABA: possibly delisted; no timezone found

1 Failed download:
['AABA']: possibly delisted; no timezone found
$ACAS: possibly delisted; no price data found  (1d 2008-12-23 -> 2009-01-03)

1 Failed download:
['ACAS']: possibly delisted; no price data found  (1d 2008-12-23 -> 2009-01-03)
$ABC: possibly delisted; no timezone found

1 Failed download:
['ABC']: possibly delisted; no timezone found
$AGN: possibly delisted; no timezone found
$AGN: possibly delisted; no timezone found

1 Failed download:
['AGN']: possibly delisted; no timezone found
$AKS: possibly delisted; no timezone found
$ALTR: possibly delisted; no timezone found
$AKS: possibly delisted; no timezone found

1 Failed download:
['AKS']: possibly delisted; no timezone found
$ALTR: possibly delisted; no timezone found

1 Failed download:
['ALTR']: possibly delisted; no timezone found
$ANTM: possibly delisted; no timezone found
$APOL: possibly delisted; no price data found  (1d 1927-10-10 -> 2026-09-15)
$ANTM: possibly delisted; no timezone found

1 Failed download:
['ANTM']: possibly delisted; no timezone found
$APC: Data doesn't exist for startDate = 1230008400, endDate = 1230958800

1 Failed download:
['APC']: Data doesn't exist for startDate = 1230008400, endDate = 1230958800
$APOL: possibly delisted; no price data found  (1d 2008-12-23 -> 2009-01-03)

1 Failed download:
['APOL']: possibly delisted; no price data found  (1d 2008-12-23 -> 2009-01-03)
$ARNC: possibly delisted; no timezone found
$ARNC: possibly delisted; no timezone found

1 Failed download:
['ARNC']: possibly delisted; no timezone found
$AVP: possibly delisted; no timezone found
$AVP: possibly delisted; no timezone found

1 Failed download:
['AVP']: possibly delisted; no timezone found
$AVB: Data doesn't exist for startDate = 1230008400, endDate = 1230958800

1 Failed download:
['AVB']: Data doesn't exist for startDate = 1230008400, endDate = 1230958800
$BBBY: Data doesn't exist for startDate = 1230008400, endDate = 1230958800

1 Failed download:
['BBBY']: Data doesn't exist for startDate = 1230008400, endDate = 1230958800
$BCR: possibly delisted; no price data found  (1d 1927-10-10 -> 2026-09-15)
$BCR: possibly delisted; no price data found  (1d 2008-12-23 -> 2009-01-03)

1 Failed download:
['BCR']: possibly delisted; no price data found  (1d 2008-12-23 -> 2009-01-03)
$BHGE: possibly delisted; no timezone found
$BHGE: possibly delisted; no timezone found
$BEAM: Data doesn't exist for startDate = 1230008400, endDate = 1230958800

1 Failed download:
['BEAM']: Data doesn't exist for startDate = 1230008400, endDate = 1230958800
$BIG: possibly delisted; no timezone found
$BIG: possibly delisted; no timezone found

1 Failed download:
['BHGE']: possibly delisted; no timezone found

1 Failed download:
['BIG']: possibly delisted; no timezone found
$BRCM: possibly delisted; no price data found  (1d 1927-10-10 -> 2026-09-15)
$BTUUQ: possibly delisted; no price data found  (1d 1927-10-10 -> 2026-09-15)
$BTUUQ: possibly delisted; no price data found  (1d 2008-12-23 -> 2009-01-03)
$BLL: possibly delisted; no timezone found
$BRCM: possibly delisted; no price data found  (1d 2008-12-23 -> 2009-01-03)

1 Failed download:

1 Failed download:
['BRCM']: possibly delisted; no price data found  (1d 2008-12-23 -> 2009-01-03)
['BTUUQ']: possibly delisted; no price data found  (1d 2008-12-23 -> 2009-01-03)
$BLL: possibly delisted; no timezone found

1 Failed download:
['BLL']: possibly delisted; no timezone found
$BK: possibly delisted; no timezone found
$BK: possibly delisted; no timezone found

1 Failed download:
['BK']: possibly delisted; no timezone found
$CA: possibly delisted; no timezone found
$CA: possibly delisted; no timezone found
$CCE: possibly delisted; no price data found  (1d 1927-10-10 -> 2026-09-15)

1 Failed download:
['CA']: possibly delisted; no timezone found
$CBS: possibly delisted; no timezone found
$CCE: possibly delisted; no price data found  (1d 2008-12-23 -> 2009-01-03)

1 Failed download:
['CCE']: possibly delisted; no price data found  (1d 2008-12-23 -> 2009-01-03)
$CBS: possibly delisted; no timezone found

1 Failed download:
['CBS']: possibly delisted; no timezone found
$CELG: possibly delisted; no timezone found
$CAM: Data doesn't exist for startDate = 1230008400, endDate = 1230958800

1 Failed download:
['CAM']: Data doesn't exist for startDate = 1230008400, endDate = 1230958800
$CELG: possibly delisted; no timezone found

1 Failed download:
['CELG']: possibly delisted; no timezone found
$CHK: possibly delisted; no timezone found
$CEG: Data doesn't exist for startDate = 1230008400, endDate = 1642482000
$CHK: possibly delisted; no timezone found

1 Failed download:
['CHK']: possibly delisted; no timezone found

1 Failed download:
['CEG']: Data doesn't exist for startDate = 1230008400, endDate = 1642482000
$CMA: possibly delisted; no timezone found
$CMA: possibly delisted; no timezone found

1 Failed download:
['CMA']: possibly delisted; no timezone found
$COG: possibly delisted; no timezone found
$COG: possibly delisted; no timezone found

1 Failed download:
['COG']: possibly delisted; no timezone found
$COL: possibly delisted; no price data found  (1d 2008-12-23 -> 2012-08-01)

1 Failed download:
['COL']: possibly delisted; no price data found  (1d 2008-12-23 -> 2012-08-01)
$CTXS: possibly delisted; no timezone found
$CTL: possibly delisted; no timezone found
$CTXS: possibly delisted; no timezone found

1 Failed download:
['CTXS']: possibly delisted; no timezone found
$CTL: possibly delisted; no timezone found

1 Failed download:
['CTL']: possibly delisted; no timezone found
$DDR: possibly delisted; no price data found  (1d 1927-10-10 -> 2026-09-15)
$DDR: possibly delisted; no price data found  (1d 2008-12-23 -> 2009-01-03)

1 Failed download:
['DDR']: possibly delisted; no price data found  (1d 2008-12-23 -> 2009-01-03)
$DF: possibly delisted; no timezone found
$DF: possibly delisted; no timezone found
$DFS: possibly delisted; no timezone found

1 Failed download:
['DF']: possibly delisted; no timezone found
$DFS: possibly delisted; no timezone found

1 Failed download:
['DFS']: possibly delisted; no timezone found
$DELL: Data doesn't exist for startDate = 1230008400, endDate = 1471320000

1 Failed download:
['DELL']: Data doesn't exist for startDate = 1230008400, endDate = 1471320000
$DNB: possibly delisted; no timezone found
$DNB: possibly delisted; no timezone found

1 Failed download:
['DNB']: possibly delisted; no timezone found
$DTV: possibly delisted; no timezone found
$DTV: possibly delisted; no timezone found

1 Failed download:
['DTV']: possibly delisted; no timezone found
$DOW: Data doesn't exist for startDate = 1230008400, endDate = 1552968000

1 Failed download:
['DOW']: Data doesn't exist for startDate = 1230008400, endDate = 1552968000
$EA: Data doesn't exist for startDate = 1230008400, endDate = 1230958800

1 Failed download:
['EA']: Data doesn't exist for startDate = 1230008400, endDate = 1230958800
$DYN: Data doesn't exist for startDate = 1230008400, endDate = 1230958800

1 Failed download:
['DYN']: Data doesn't exist for startDate = 1230008400, endDate = 1230958800
$EMC: Data doesn't exist for startDate = 1230008400, endDate = 1230958800

1 Failed download:
['EMC']: Data doesn't exist for startDate = 1230008400, endDate = 1230958800
$EQ: Data doesn't exist for startDate = 1230008400, endDate = 1230958800

1 Failed download:
['EQ']: Data doesn't exist for startDate = 1230008400, endDate = 1230958800
$ESV: possibly delisted; no timezone found
$ESV: possibly delisted; no timezone found
$ETFC: possibly delisted; no timezone found

1 Failed download:
['ESV']: possibly delisted; no timezone found
$ETFC: possibly delisted; no timezone found

1 Failed download:
['ETFC']: possibly delisted; no timezone found
$EQR: Data doesn't exist for startDate = 1230008400, endDate = 1230958800

1 Failed download:
['EQR']: Data doesn't exist for startDate = 1230008400, endDate = 1230958800
$FII: possibly delisted; no timezone found
$FII: possibly delisted; no timezone found

1 Failed download:
['FII']: possibly delisted; no timezone found
$FLIR: possibly delisted; no timezone found
$GAS: possibly delisted; no price data found  (1d 1927-10-10 -> 2026-09-15)
$FLIR: possibly delisted; no timezone found

1 Failed download:
['FLIR']: possibly delisted; no timezone found
$FOXA: Data doesn't exist for startDate = 1230008400, endDate = 1552276800

1 Failed download:
['FOXA']: Data doesn't exist for startDate = 1230008400, endDate = 1552276800
$FRX: possibly delisted; no timezone found
$FTR: possibly delisted; no timezone found
$GAS: Data doesn't exist for startDate = 1230008400, endDate = 1230958800
$FRX: possibly delisted; no timezone found

1 Failed download:
['GAS']: Data doesn't exist for startDate = 1230008400, endDate = 1230958800
$FTR: possibly delisted; no timezone found

1 Failed download:
['FRX']: possibly delisted; no timezone found

1 Failed download:
['FTR']: possibly delisted; no timezone found
$GPS: possibly delisted; no timezone found
$GPS: possibly delisted; no timezone found

1 Failed download:
['GPS']: possibly delisted; no timezone found
$HAR: possibly delisted; no price data found  (1d 1927-10-10 -> 2026-09-15)
$HCBK: possibly delisted; no price data found  (1d 1927-10-10 -> 2026-09-15)
$HCBK: possibly delisted; no price data found  (1d 2008-12-23 -> 2009-01-03)

1 Failed download:
['HCBK']: possibly delisted; no price data found  (1d 2008-12-23 -> 2009-01-03)
$HAR: Data doesn't exist for startDate = 1230008400, endDate = 1230958800

1 Failed download:
['HAR']: Data doesn't exist for startDate = 1230008400, endDate = 1230958800
$HCP: possibly delisted; no timezone found
$HCP: possibly delisted; no timezone found

1 Failed download:
['HCP']: possibly delisted; no timezone found
$HES: possibly delisted; no timezone found
$HES: possibly delisted; no timezone found

1 Failed download:
['HES']: possibly delisted; no timezone found
$HOT: possibly delisted; no price data found  (1d 2008-12-23 -> 2015-01-01)

1 Failed download:
['HOT']: possibly delisted; no price data found  (1d 2008-12-23 -> 2015-01-01)
$HSP: possibly delisted; no price data found  (1d 1927-10-10 -> 2026-09-15)
$HRS: possibly delisted; no timezone found
$HRS: possibly delisted; no timezone found

1 Failed download:
['HRS']: possibly delisted; no timezone found
$HSP: possibly delisted; no price data found  (1d 2008-12-23 -> 2009-01-03)

1 Failed download:
['HSP']: possibly delisted; no price data found  (1d 2008-12-23 -> 2009-01-03)
$IGT: possibly delisted; no timezone found
$IGT: possibly delisted; no timezone found

1 Failed download:
['IGT']: possibly delisted; no timezone found
$IPG: possibly delisted; no timezone found
$IPG: possibly delisted; no timezone found

1 Failed download:
['IPG']: possibly delisted; no timezone found
$IR: Data doesn't exist for startDate = 1230008400, endDate = 1494475200

1 Failed download:
['IR']: Data doesn't exist for startDate = 1230008400, endDate = 1494475200
$JEC: possibly delisted; no timezone found
$JCP: possibly delisted; no timezone found
$JNS: possibly delisted; no price data found  (1d 1927-10-10 -> 2026-09-15)
$JEC: possibly delisted; no timezone found
$JCP: possibly delisted; no timezone found

1 Failed download:
['JEC']: possibly delisted; no timezone found

1 Failed download:
['JCP']: possibly delisted; no timezone found
$JWN: possibly delisted; no timezone found
$JNPR: possibly delisted; no timezone found
$JWN: possibly delisted; no timezone found
$JNPR: possibly delisted; no timezone found

1 Failed download:
['JWN']: possibly delisted; no timezone found

1 Failed download:
['JNPR']: possibly delisted; no timezone found
$JNS: possibly delisted; no price data found  (1d 2008-12-23 -> 2009-01-03)

1 Failed download:
['JNS']: possibly delisted; no price data found  (1d 2008-12-23 -> 2009-01-03)
$K: possibly delisted; no timezone found
$K: possibly delisted; no timezone found

1 Failed download:
['K']: possibly delisted; no timezone found
$LLTC: possibly delisted; no price data found  (1d 1927-10-10 -> 2026-09-15)
$LEG: Data doesn't exist for startDate = 1230008400, endDate = 1230958800
$LLL: possibly delisted; no timezone found

1 Failed download:
['LEG']: Data doesn't exist for startDate = 1230008400, endDate = 1230958800
$LB: Data doesn't exist for startDate = 1230008400, endDate = 1230958800

1 Failed download:
['LB']: Data doesn't exist for startDate = 1230008400, endDate = 1230958800
$LLL: possibly delisted; no timezone found

1 Failed download:
['LLL']: possibly delisted; no timezone found
$LLTC: possibly delisted; no price data found  (1d 2008-12-23 -> 2009-01-03)

1 Failed download:
['LLTC']: possibly delisted; no price data found  (1d 2008-12-23 -> 2009-01-03)
$LSI: possibly delisted; no timezone found
$LSI: possibly delisted; no timezone found
$LXK: possibly delisted; no price data found  (1d 1927-10-10 -> 2026-09-15)

1 Failed download:
['LSI']: possibly delisted; no timezone found
$LM: possibly delisted; no timezone found
$LXK: possibly delisted; no price data found  (1d 2008-12-23 -> 2009-01-03)

1 Failed download:
['LXK']: possibly delisted; no price data found  (1d 2008-12-23 -> 2009-01-03)
$LM: possibly delisted; no timezone found

1 Failed download:
['LM']: possibly delisted; no timezone found
$LIFE: Data doesn't exist for startDate = 1230008400, endDate = 1230958800

1 Failed download:
['LIFE']: Data doesn't exist for startDate = 1230008400, endDate = 1230958800
$MDP: possibly delisted; no timezone found
$MDP: possibly delisted; no timezone found

1 Failed download:
['MDP']: possibly delisted; no timezone found
$MIL: possibly delisted; no price data found  (1d 1927-10-10 -> 2026-09-15)
$MIL: possibly delisted; no price data found  (1d 2008-12-23 -> 2009-01-03)

1 Failed download:
['MIL']: possibly delisted; no price data found  (1d 2008-12-23 -> 2009-01-03)
$MMC: possibly delisted; no timezone found
$MMC: possibly delisted; no timezone found

1 Failed download:
['MMC']: possibly delisted; no timezone found
$MRO: possibly delisted; no timezone found
$MON: possibly delisted; no timezone found
$MRO: possibly delisted; no timezone found
$MI: Data doesn't exist for startDate = 1230008400, endDate = 1230958800

1 Failed download:
['MRO']: possibly delisted; no timezone found

1 Failed download:
['MI']: Data doesn't exist for startDate = 1230008400, endDate = 1230958800
$MON: possibly delisted; no timezone found

1 Failed download:
['MON']: possibly delisted; no timezone found
$MWW: possibly delisted; no price data found  (1d 1927-10-10 -> 2026-09-15)
$MWW: possibly delisted; no price data found  (1d 2008-12-23 -> 2009-01-03)

1 Failed download:
['MWW']: possibly delisted; no price data found  (1d 2008-12-23 -> 2009-01-03)
$MYL: possibly delisted; no timezone found
$MYL: possibly delisted; no timezone found

1 Failed download:
['MYL']: possibly delisted; no timezone found
$NBL: possibly delisted; no timezone found
$NBL: possibly delisted; no timezone found

1 Failed download:
['NBL']: possibly delisted; no timezone found
$NE: Data doesn't exist for startDate = 1230008400, endDate = 1230958800

1 Failed download:
['NE']: Data doesn't exist for startDate = 1230008400, endDate = 1230958800
$NVLS: possibly delisted; no price data found  (1d 1927-10-10 -> 2026-09-15)
$NSM: Data doesn't exist for startDate = 1230008400, endDate = 1230958800

1 Failed download:
['NSM']: Data doesn't exist for startDate = 1230008400, endDate = 1230958800
$NVLS: possibly delisted; no price data found  (1d 2008-12-23 -> 2009-01-03)

1 Failed download:
['NVLS']: possibly delisted; no price data found  (1d 2008-12-23 -> 2009-01-03)
$ODP: possibly delisted; no timezone found
$ODP: possibly delisted; no timezone found

1 Failed download:
['ODP']: possibly delisted; no timezone found
$PBCT: possibly delisted; no timezone found
$PBCT: possibly delisted; no timezone found

1 Failed download:
['PBCT']: possibly delisted; no timezone found
$PCP: possibly delisted; no price data found  (1d 1927-10-10 -> 2026-09-15)
$PCP: Data doesn't exist for startDate = 1230008400, endDate = 1230958800
$PDCO: possibly delisted; no timezone found

1 Failed download:
['PCP']: Data doesn't exist for startDate = 1230008400, endDate = 1230958800
$PCL: Data doesn't exist for startDate = 1230008400, endDate = 1230958800
$PDCO: possibly delisted; no timezone found

1 Failed download:
['PCL']: Data doesn't exist for startDate = 1230008400, endDate = 1230958800

1 Failed download:
['PDCO']: possibly delisted; no timezone found
$PGN: possibly delisted; no price data found  (1d 1927-10-10 -> 2026-09-15)
$PLL: possibly delisted; no timezone found
$PLL: possibly delisted; no timezone found

1 Failed download:
['PLL']: possibly delisted; no timezone found
$PKI: possibly delisted; no timezone found
$PKI: possibly delisted; no timezone found

1 Failed download:
['PKI']: possibly delisted; no timezone found
$PGN: possibly delisted; no price data found  (1d 2008-12-23 -> 2009-01-03)

1 Failed download:
['PGN']: possibly delisted; no price data found  (1d 2008-12-23 -> 2009-01-03)
$POM: Data doesn't exist for startDate = 1230008400, endDate = 1230958800
$PX: possibly delisted; no timezone found

1 Failed download:
['POM']: Data doesn't exist for startDate = 1230008400, endDate = 1230958800
$PX: possibly delisted; no timezone found

1 Failed download:
['PX']: possibly delisted; no timezone found
$PXD: possibly delisted; no timezone found
$PXD: possibly delisted; no timezone found

1 Failed download:
['PXD']: possibly delisted; no timezone found
$QLGC: possibly delisted; no price data found  (1d 1927-10-10 -> 2026-09-15)
$RAI: possibly delisted; no price data found  (1d 1927-10-10 -> 2026-09-15)
$Q: Data doesn't exist for startDate = 1230008400, endDate = 1761451200

1 Failed download:
['Q']: Data doesn't exist for startDate = 1230008400, endDate = 1761451200
$QLGC: possibly delisted; no price data found  (1d 2008-12-23 -> 2009-01-03)

1 Failed download:
['QLGC']: possibly delisted; no price data found  (1d 2008-12-23 -> 2009-01-03)
$RDC: possibly delisted; no timezone found
$RAI: possibly delisted; no price data found  (1d 2008-12-23 -> 2009-01-03)

1 Failed download:
['RAI']: possibly delisted; no price data found  (1d 2008-12-23 -> 2009-01-03)
$RDC: possibly delisted; no timezone found

1 Failed download:
['RDC']: possibly delisted; no timezone found
$RRD: possibly delisted; no timezone found
$RRD: possibly delisted; no timezone found
$RTN: possibly delisted; no timezone found
$RTN: possibly delisted; no timezone found

1 Failed download:
['RRD']: possibly delisted; no timezone found

1 Failed download:
['RTN']: possibly delisted; no timezone found
$SIAL: possibly delisted; no price data found  (1d 1927-10-10 -> 2026-09-15)
$SEE: possibly delisted; no timezone found
$SGP: Data doesn't exist for startDate = 1230008400, endDate = 1230958800

1 Failed download:
['SGP']: Data doesn't exist for startDate = 1230008400, endDate = 1230958800
$S: Data doesn't exist for startDate = 1230008400, endDate = 1230958800

1 Failed download:
['S']: Data doesn't exist for startDate = 1230008400, endDate = 1230958800
$SE: Data doesn't exist for startDate = 1230008400, endDate = 1230958800

1 Failed download:
$SCG: Data doesn't exist for startDate = 1230008400, endDate = 1436932800
['SE']: Data doesn't exist for startDate = 1230008400, endDate = 1230958800

1 Failed download:
['SCG']: Data doesn't exist for startDate = 1230008400, endDate = 1436932800
$SNI: possibly delisted; no price data found  (1d 1927-10-10 -> 2026-09-15)
$SIAL: possibly delisted; no price data found  (1d 2008-12-23 -> 2009-01-03)

1 Failed download:
['SIAL']: possibly delisted; no price data found  (1d 2008-12-23 -> 2009-01-03)
$SEE: possibly delisted; no timezone found

1 Failed download:
['SEE']: possibly delisted; no timezone found
$SHLD: Data doesn't exist for startDate = 1230008400, endDate = 1230958800

1 Failed download:
['SHLD']: Data doesn't exist for startDate = 1230008400, endDate = 1230958800
$SII: Data doesn't exist for startDate = 1230008400, endDate = 1230958800

1 Failed download:
['SII']: Data doesn't exist for startDate = 1230008400, endDate = 1230958800
$SRCL: possibly delisted; no timezone found
$SNI: possibly delisted; no price data found  (1d 2008-12-23 -> 2009-01-03)

1 Failed download:
['SNI']: possibly delisted; no price data found  (1d 2008-12-23 -> 2009-01-03)
$STJ: possibly delisted; no price data found  (1d 1927-10-10 -> 2026-09-15)
$SNDK: Data doesn't exist for startDate = 1230008400, endDate = 1739336400
$SRCL: possibly delisted; no timezone found

1 Failed download:
['SNDK']: Data doesn't exist for startDate = 1230008400, endDate = 1739336400

1 Failed download:
['SRCL']: possibly delisted; no timezone found
$STR: possibly delisted; no timezone found
$SUNEQ: possibly delisted; no price data found  (1d 1927-10-10 -> 2026-09-15)
$STJ: possibly delisted; no price data found  (1d 2008-12-23 -> 2009-01-03)

1 Failed download:
['STJ']: possibly delisted; no price data found  (1d 2008-12-23 -> 2009-01-03)
$SPLS: Data doesn't exist for startDate = 1230008400, endDate = 1230958800

1 Failed download:
['SPLS']: Data doesn't exist for startDate = 1230008400, endDate = 1230958800
$STR: possibly delisted; no timezone found

1 Failed download:
['STR']: possibly delisted; no timezone found
$STI: Data doesn't exist for startDate = 1230008400, endDate = 1230958800

1 Failed download:
['STI']: Data doesn't exist for startDate = 1230008400, endDate = 1230958800
$SWN: possibly delisted; no timezone found
$SWN: possibly delisted; no timezone found

1 Failed download:
['SWN']: possibly delisted; no timezone found
$SUNEQ: possibly delisted; no price data found  (1d 2008-12-23 -> 2009-01-03)

1 Failed download:
['SUNEQ']: possibly delisted; no price data found  (1d 2008-12-23 -> 2009-01-03)
$SYMC: possibly delisted; no timezone found
$SYMC: possibly delisted; no timezone found

1 Failed download:
['SYMC']: possibly delisted; no timezone found
$SUN: Data doesn't exist for startDate = 1230008400, endDate = 1230958800

1 Failed download:
['SUN']: Data doesn't exist for startDate = 1230008400, endDate = 1230958800
$TGNA: possibly delisted; no timezone found
$TGNA: possibly delisted; no timezone found
$TE: Data doesn't exist for startDate = 1230008400, endDate = 1230958800

1 Failed download:
['TE']: Data doesn't exist for startDate = 1230008400, endDate = 1230958800

1 Failed download:
['TGNA']: possibly delisted; no timezone found
$TIF: possibly delisted; no timezone found
$TIF: possibly delisted; no timezone found

1 Failed download:
['TIF']: possibly delisted; no timezone found
$TMK: possibly delisted; no timezone found
$TMK: possibly delisted; no timezone found

1 Failed download:
['TMK']: possibly delisted; no timezone found
$TSS: possibly delisted; no timezone found
$TSS: possibly delisted; no timezone found

1 Failed download:
['TSS']: possibly delisted; no timezone found
$UTX: possibly delisted; no timezone found
$VAR: possibly delisted; no timezone found
$UTX: possibly delisted; no timezone found

1 Failed download:
$VAR: possibly delisted; no timezone found
['UTX']: possibly delisted; no timezone found

1 Failed download:
['VAR']: possibly delisted; no timezone found
$VIAB: possibly delisted; no timezone found
$VIAB: possibly delisted; no timezone found

1 Failed download:
['VIAB']: possibly delisted; no timezone found
$WBA: possibly delisted; no timezone found
$WFM: possibly delisted; no price data found  (1d 1927-10-10 -> 2026-09-15)
$WBA: possibly delisted; no timezone found

1 Failed download:
['WBA']: possibly delisted; no timezone found
$WFM: possibly delisted; no price data found  (1d 2008-12-23 -> 2009-01-03)

1 Failed download:
['WFM']: possibly delisted; no price data found  (1d 2008-12-23 -> 2009-01-03)
$WIN: possibly delisted; no timezone found
$WIN: possibly delisted; no timezone found

1 Failed download:
['WIN']: possibly delisted; no timezone found
$WFT: possibly delisted; no timezone found
$WFT: possibly delisted; no timezone found

1 Failed download:
['WFT']: possibly delisted; no timezone found
$WYND: possibly delisted; no timezone found
$X: possibly delisted; no timezone found
$WYND: possibly delisted; no timezone found
$X: possibly delisted; no timezone found

1 Failed download:
['WYND']: possibly delisted; no timezone found

1 Failed download:
['X']: possibly delisted; no timezone found
$XLNX: possibly delisted; no timezone found
$XL: possibly delisted; no timezone found
$XLNX: possibly delisted; no timezone found

1 Failed download:
$XL: possibly delisted; no timezone found
['XLNX']: possibly delisted; no timezone found

1 Failed download:
['XL']: possibly delisted; no timezone found
$ABC: possibly delisted; no timezone found
$ABC: possibly delisted; no timezone found
$AABA: possibly delisted; no timezone found
$AABA: possibly delisted; no timezone found

1 Failed download:
['ABC']: possibly delisted; no timezone found

1 Failed download:
['AABA']: possibly delisted; no timezone found
$AGN: possibly delisted; no timezone found
$AGN: possibly delisted; no timezone found

1 Failed download:
['AGN']: possibly delisted; no timezone found
$AKS: possibly delisted; no timezone found
$ALTR: possibly delisted; no timezone found
$ALTR: possibly delisted; no timezone found
$AKS: possibly delisted; no timezone found

1 Failed download:
['ALTR']: possibly delisted; no timezone found

1 Failed download:
['AKS']: possibly delisted; no timezone found
$ANTM: possibly delisted; no timezone found
$ANTM: possibly delisted; no timezone found

1 Failed download:
['ANTM']: possibly delisted; no timezone found
$APOL: possibly delisted; no price data found  (1d 1927-10-10 -> 2026-09-15)
$APOL: possibly delisted; no price data found  (1d 2009-06-21 -> 2009-07-02)
$ARNC: possibly delisted; no timezone found

1 Failed download:
['APOL']: possibly delisted; no price data found  (1d 2009-06-21 -> 2009-07-02)
$APC: Data doesn't exist for startDate = 1245556800, endDate = 1246507200

1 Failed download:
['APC']: Data doesn't exist for startDate = 1245556800, endDate = 1246507200
$ARNC: possibly delisted; no timezone found

1 Failed download:
['ARNC']: possibly delisted; no timezone found
$ATGE: possibly delisted; no timezone found
$ATGE: possibly delisted; no timezone found

1 Failed download:
['ATGE']: possibly delisted; no timezone found
$AVP: possibly delisted; no timezone found
$AVP: possibly delisted; no timezone found
$AVB: Data doesn't exist for startDate = 1245556800, endDate = 1246507200

1 Failed download:
['AVP']: possibly delisted; no timezone found

1 Failed download:
['AVB']: Data doesn't exist for startDate = 1245556800, endDate = 1246507200
$BCR: possibly delisted; no price data found  (1d 1927-10-10 -> 2026-09-15)
$BCR: possibly delisted; no price data found  (1d 2009-06-21 -> 2009-07-02)

1 Failed download:
['BCR']: possibly delisted; no price data found  (1d 2009-06-21 -> 2009-07-02)
$BBBY: Data doesn't exist for startDate = 1245556800, endDate = 1246507200

1 Failed download:
['BBBY']: Data doesn't exist for startDate = 1245556800, endDate = 1246507200
$BIG: possibly delisted; no timezone found
$BIG: possibly delisted; no timezone found

1 Failed download:
['BIG']: possibly delisted; no timezone found
$BHGE: possibly delisted; no timezone found
$BHGE: possibly delisted; no timezone found

1 Failed download:
['BHGE']: possibly delisted; no timezone found
$BEAM: Data doesn't exist for startDate = 1245556800, endDate = 1246507200
$BK: possibly delisted; no timezone found

1 Failed download:
['BEAM']: Data doesn't exist for startDate = 1245556800, endDate = 1246507200
$BLL: possibly delisted; no timezone found
$BK: possibly delisted; no timezone found
$BLL: possibly delisted; no timezone found

1 Failed download:
['BK']: possibly delisted; no timezone found
$BRCM: possibly delisted; no price data found  (1d 1927-10-10 -> 2026-09-15)

1 Failed download:
['BLL']: possibly delisted; no timezone found
$BTUUQ: possibly delisted; no price data found  (1d 1927-10-10 -> 2026-09-15)
$BRCM: possibly delisted; no price data found  (1d 2009-06-21 -> 2009-07-02)
$BTUUQ: possibly delisted; no price data found  (1d 2009-06-21 -> 2009-07-02)

1 Failed download:

1 Failed download:
['BRCM']: possibly delisted; no price data found  (1d 2009-06-21 -> 2009-07-02)
['BTUUQ']: possibly delisted; no price data found  (1d 2009-06-21 -> 2009-07-02)
$CA: possibly delisted; no timezone found
$CA: possibly delisted; no timezone found

1 Failed download:
['CA']: possibly delisted; no timezone found
$CCE: possibly delisted; no price data found  (1d 1927-10-10 -> 2026-09-15)
$CAM: Data doesn't exist for startDate = 1245556800, endDate = 1246507200

1 Failed download:
['CAM']: Data doesn't exist for startDate = 1245556800, endDate = 1246507200
$CBS: possibly delisted; no timezone found
$CBS: possibly delisted; no timezone found
$CCE: possibly delisted; no price data found  (1d 2009-06-21 -> 2009-07-02)

1 Failed download:
['CBS']: possibly delisted; no timezone found

1 Failed download:
['CCE']: possibly delisted; no price data found  (1d 2009-06-21 -> 2009-07-02)
$CHK: possibly delisted; no timezone found
$CELG: possibly delisted; no timezone found
$CHK: possibly delisted; no timezone found
$CELG: possibly delisted; no timezone found

1 Failed download:

1 Failed download:
['CELG']: possibly delisted; no timezone found
['CHK']: possibly delisted; no timezone found
$CEG: Data doesn't exist for startDate = 1245556800, endDate = 1642482000

1 Failed download:
['CEG']: Data doesn't exist for startDate = 1245556800, endDate = 1642482000
$CMA: possibly delisted; no timezone found
$CMA: possibly delisted; no timezone found

1 Failed download:
['CMA']: possibly delisted; no timezone found
$COG: possibly delisted; no timezone found
$COG: possibly delisted; no timezone found

1 Failed download:
['COG']: possibly delisted; no timezone found
$COL: possibly delisted; no price data found  (1d 2009-06-21 -> 2012-08-01)

1 Failed download:
['COL']: possibly delisted; no price data found  (1d 2009-06-21 -> 2012-08-01)
$CTL: possibly delisted; no timezone found
$CTL: possibly delisted; no timezone found

1 Failed download:
['CTL']: possibly delisted; no timezone found
$CTXS: possibly delisted; no timezone found
$CTXS: possibly delisted; no timezone found

1 Failed download:
['CTXS']: possibly delisted; no timezone found
$DF: possibly delisted; no timezone found
$DF: possibly delisted; no timezone found

1 Failed download:
['DF']: possibly delisted; no timezone found
$DFS: possibly delisted; no timezone found
$DFS: possibly delisted; no timezone found

1 Failed download:
['DFS']: possibly delisted; no timezone found
$DNB: possibly delisted; no timezone found
$DNB: possibly delisted; no timezone found

1 Failed download:
['DNB']: possibly delisted; no timezone found
$DNR: possibly delisted; no timezone found
$DELL: Data doesn't exist for startDate = 1245556800, endDate = 1471320000

1 Failed download:
['DELL']: Data doesn't exist for startDate = 1245556800, endDate = 1471320000
$DNR: possibly delisted; no timezone found

1 Failed download:
['DNR']: possibly delisted; no timezone found
$DO: possibly delisted; no timezone found
$DO: possibly delisted; no timezone found

1 Failed download:
['DO']: possibly delisted; no timezone found
$DOW: Data doesn't exist for startDate = 1245556800, endDate = 1552968000

1 Failed download:
$DTV: possibly delisted; no timezone found
['DOW']: Data doesn't exist for startDate = 1245556800, endDate = 1552968000
$DTV: possibly delisted; no timezone found

1 Failed download:
['DTV']: possibly delisted; no timezone found
$EA: Data doesn't exist for startDate = 1245556800, endDate = 1246507200

1 Failed download:
['EA']: Data doesn't exist for startDate = 1245556800, endDate = 1246507200
$DYN: Data doesn't exist for startDate = 1245556800, endDate = 1246507200

1 Failed download:
['DYN']: Data doesn't exist for startDate = 1245556800, endDate = 1246507200
$EMC: Data doesn't exist for startDate = 1245556800, endDate = 1246507200

1 Failed download:
['EMC']: Data doesn't exist for startDate = 1245556800, endDate = 1246507200
$ESV: possibly delisted; no timezone found
$ESV: possibly delisted; no timezone found
$ETFC: possibly delisted; no timezone found
$ETFC: possibly delisted; no timezone found

1 Failed download:
['ESV']: possibly delisted; no timezone found

1 Failed download:
['ETFC']: possibly delisted; no timezone found
$EQR: Data doesn't exist for startDate = 1245556800, endDate = 1246507200

1 Failed download:
['EQR']: Data doesn't exist for startDate = 1245556800, endDate = 1246507200
$FII: possibly delisted; no timezone found
$FII: possibly delisted; no timezone found

1 Failed download:
['FII']: possibly delisted; no timezone found
$FRX: possibly delisted; no timezone found
$FLIR: possibly delisted; no timezone found
$GAS: possibly delisted; no price data found  (1d 1927-10-10 -> 2026-09-15)
$FRX: possibly delisted; no timezone found

1 Failed download:
['FRX']: possibly delisted; no timezone found
$FOXA: Data doesn't exist for startDate = 1245556800, endDate = 1552276800

1 Failed download:
['FOXA']: Data doesn't exist for startDate = 1245556800, endDate = 1552276800
$FLIR: possibly delisted; no timezone found
$FTR: possibly delisted; no timezone found

1 Failed download:
['FLIR']: possibly delisted; no timezone found
$GAS: Data doesn't exist for startDate = 1245556800, endDate = 1246507200
$FTR: possibly delisted; no timezone found

1 Failed download:
['GAS']: Data doesn't exist for startDate = 1245556800, endDate = 1246507200

1 Failed download:
['FTR']: possibly delisted; no timezone found
$GPS: possibly delisted; no timezone found
$GPS: possibly delisted; no timezone found

1 Failed download:
['GPS']: possibly delisted; no timezone found
$HAR: possibly delisted; no price data found  (1d 1927-10-10 -> 2026-09-15)
$HCBK: possibly delisted; no price data found  (1d 1927-10-10 -> 2026-09-15)
$HAR: Data doesn't exist for startDate = 1245556800, endDate = 1246507200

1 Failed download:
['HAR']: Data doesn't exist for startDate = 1245556800, endDate = 1246507200
$HCBK: possibly delisted; no price data found  (1d 2009-06-21 -> 2009-07-02)

1 Failed download:
['HCBK']: possibly delisted; no price data found  (1d 2009-06-21 -> 2009-07-02)
$HCP: possibly delisted; no timezone found
$HES: possibly delisted; no timezone found
$HCP: possibly delisted; no timezone found

1 Failed download:
['HCP']: possibly delisted; no timezone found
$HES: possibly delisted; no timezone found

1 Failed download:
['HES']: possibly delisted; no timezone found
$HSP: possibly delisted; no price data found  (1d 1927-10-10 -> 2026-09-15)
$HOT: possibly delisted; no price data found  (1d 2009-06-21 -> 2015-01-01)

1 Failed download:
['HOT']: possibly delisted; no price data found  (1d 2009-06-21 -> 2015-01-01)
$HRS: possibly delisted; no timezone found
$HRS: possibly delisted; no timezone found

1 Failed download:
['HRS']: possibly delisted; no timezone found
$HSP: possibly delisted; no price data found  (1d 2009-06-21 -> 2009-07-02)

1 Failed download:
['HSP']: possibly delisted; no price data found  (1d 2009-06-21 -> 2009-07-02)
$IGT: possibly delisted; no timezone found
$IGT: possibly delisted; no timezone found

1 Failed download:
['IGT']: possibly delisted; no timezone found
$IPG: possibly delisted; no timezone found
$IPG: possibly delisted; no timezone found

1 Failed download:
['IPG']: possibly delisted; no timezone found
$JCP: possibly delisted; no timezone found
$JEC: possibly delisted; no timezone found
$JCP: possibly delisted; no timezone found

1 Failed download:
['JCP']: possibly delisted; no timezone found
$JEC: possibly delisted; no timezone found

1 Failed download:
['JEC']: possibly delisted; no timezone found
$JNS: possibly delisted; no price data found  (1d 1927-10-10 -> 2026-09-15)
$JWN: possibly delisted; no timezone found
$JNPR: possibly delisted; no timezone found
$K: possibly delisted; no timezone found
$JWN: possibly delisted; no timezone found

1 Failed download:
['JWN']: possibly delisted; no timezone found
$JNS: possibly delisted; no price data found  (1d 2009-06-21 -> 2009-07-02)

1 Failed download:
['JNS']: possibly delisted; no price data found  (1d 2009-06-21 -> 2009-07-02)
$JNPR: possibly delisted; no timezone found

1 Failed download:
['JNPR']: possibly delisted; no timezone found
$K: possibly delisted; no timezone found

1 Failed download:
['K']: possibly delisted; no timezone found
$LLTC: possibly delisted; no price data found  (1d 1927-10-10 -> 2026-09-15)
$LEG: Data doesn't exist for startDate = 1245556800, endDate = 1246507200

1 Failed download:
['LEG']: Data doesn't exist for startDate = 1245556800, endDate = 1246507200
$LB: Data doesn't exist for startDate = 1245556800, endDate = 1246507200
$LLL: possibly delisted; no timezone found

1 Failed download:
['LB']: Data doesn't exist for startDate = 1245556800, endDate = 1246507200
$LM: possibly delisted; no timezone found
$LLTC: possibly delisted; no price data found  (1d 2009-06-21 -> 2009-07-02)

1 Failed download:
['LLTC']: possibly delisted; no price data found  (1d 2009-06-21 -> 2009-07-02)
$LLL: possibly delisted; no timezone found

1 Failed download:
['LLL']: possibly delisted; no timezone found
$LM: possibly delisted; no timezone found

1 Failed download:
['LM']: possibly delisted; no timezone found
$LIFE: Data doesn't exist for startDate = 1245556800, endDate = 1246507200

1 Failed download:
$LSI: possibly delisted; no timezone found
['LIFE']: Data doesn't exist for startDate = 1245556800, endDate = 1246507200
$LSI: possibly delisted; no timezone found

1 Failed download:
['LSI']: possibly delisted; no timezone found
$LXK: possibly delisted; no price data found  (1d 1927-10-10 -> 2026-09-15)
$LXK: possibly delisted; no price data found  (1d 2009-06-21 -> 2009-07-02)

1 Failed download:
['LXK']: possibly delisted; no price data found  (1d 2009-06-21 -> 2009-07-02)
$MDP: possibly delisted; no timezone found
$MDP: possibly delisted; no timezone found

1 Failed download:
['MDP']: possibly delisted; no timezone found
$MIL: possibly delisted; no price data found  (1d 1927-10-10 -> 2026-09-15)
$MIL: possibly delisted; no price data found  (1d 2009-06-21 -> 2009-07-02)

1 Failed download:
['MIL']: possibly delisted; no price data found  (1d 2009-06-21 -> 2009-07-02)
$MON: possibly delisted; no timezone found
$MON: possibly delisted; no timezone found

1 Failed download:
['MON']: possibly delisted; no timezone found
$MMC: possibly delisted; no timezone found
$MMC: possibly delisted; no timezone found

1 Failed download:
['MMC']: possibly delisted; no timezone found
$MI: Data doesn't exist for startDate = 1245556800, endDate = 1246507200
$MRO: possibly delisted; no timezone found

1 Failed download:
['MI']: Data doesn't exist for startDate = 1245556800, endDate = 1246507200
$MRO: possibly delisted; no timezone found

1 Failed download:
['MRO']: possibly delisted; no timezone found
$MWW: possibly delisted; no price data found  (1d 1927-10-10 -> 2026-09-15)
$MWW: possibly delisted; no price data found  (1d 2009-06-21 -> 2009-07-02)

1 Failed download:
['MWW']: possibly delisted; no price data found  (1d 2009-06-21 -> 2009-07-02)
$MYL: possibly delisted; no timezone found
$MYL: possibly delisted; no timezone found

1 Failed download:
['MYL']: possibly delisted; no timezone found
$NBL: possibly delisted; no timezone found
$NBL: possibly delisted; no timezone found

1 Failed download:
['NBL']: possibly delisted; no timezone found
$NVLS: possibly delisted; no price data found  (1d 1927-10-10 -> 2026-09-15)
$NSM: Data doesn't exist for startDate = 1245556800, endDate = 1246507200

1 Failed download:
['NSM']: Data doesn't exist for startDate = 1245556800, endDate = 1246507200
$NVLS: possibly delisted; no price data found  (1d 2009-06-21 -> 2009-07-02)

1 Failed download:
['NVLS']: possibly delisted; no price data found  (1d 2009-06-21 -> 2009-07-02)
$ODP: possibly delisted; no timezone found
$ODP: possibly delisted; no timezone found

1 Failed download:
['ODP']: possibly delisted; no timezone found
$PBCT: possibly delisted; no timezone found
$PBCT: possibly delisted; no timezone found

1 Failed download:
['PBCT']: possibly delisted; no timezone found
$PCP: possibly delisted; no price data found  (1d 1927-10-10 -> 2026-09-15)
$PCL: Data doesn't exist for startDate = 1245556800, endDate = 1246507200
$PCP: Data doesn't exist for startDate = 1245556800, endDate = 1246507200

1 Failed download:
['PCL']: Data doesn't exist for startDate = 1245556800, endDate = 1246507200

1 Failed download:
$PDCO: possibly delisted; no timezone found
['PCP']: Data doesn't exist for startDate = 1245556800, endDate = 1246507200
$PDCO: possibly delisted; no timezone found

1 Failed download:
['PDCO']: possibly delisted; no timezone found
$PGN: possibly delisted; no price data found  (1d 1927-10-10 -> 2026-09-15)
$PGN: possibly delisted; no price data found  (1d 2009-06-21 -> 2009-07-02)

1 Failed download:
['PGN']: possibly delisted; no price data found  (1d 2009-06-21 -> 2009-07-02)
$PLL: possibly delisted; no timezone found
$PLL: possibly delisted; no timezone found

1 Failed download:
['PLL']: possibly delisted; no timezone found
$PKI: possibly delisted; no timezone found
$PKI: possibly delisted; no timezone found

1 Failed download:
['PKI']: possibly delisted; no timezone found
$PXD: possibly delisted; no timezone found
$PX: possibly delisted; no timezone found
$POM: Data doesn't exist for startDate = 1245556800, endDate = 1246507200

1 Failed download:
['POM']: Data doesn't exist for startDate = 1245556800, endDate = 1246507200
$PXD: possibly delisted; no timezone found

1 Failed download:
['PXD']: possibly delisted; no timezone found
$PX: possibly delisted; no timezone found

1 Failed download:
['PX']: possibly delisted; no timezone found
$QLGC: possibly delisted; no price data found  (1d 1927-10-10 -> 2026-09-15)
$Q: Data doesn't exist for startDate = 1245556800, endDate = 1761451200
$RAI: possibly delisted; no price data found  (1d 1927-10-10 -> 2026-09-15)

1 Failed download:
['Q']: Data doesn't exist for startDate = 1245556800, endDate = 1761451200
$QLGC: possibly delisted; no price data found  (1d 2009-06-21 -> 2009-07-02)

1 Failed download:
['QLGC']: possibly delisted; no price data found  (1d 2009-06-21 -> 2009-07-02)
$RAI: possibly delisted; no price data found  (1d 2009-06-21 -> 2009-07-02)

1 Failed download:
['RAI']: possibly delisted; no price data found  (1d 2009-06-21 -> 2009-07-02)
$RDC: possibly delisted; no timezone found
$RDC: possibly delisted; no timezone found

1 Failed download:
['RDC']: possibly delisted; no timezone found
$RRD: possibly delisted; no timezone found
$RTN: possibly delisted; no timezone found
$RRD: possibly delisted; no timezone found
$RTN: possibly delisted; no timezone found

1 Failed download:
['RRD']: possibly delisted; no timezone found

1 Failed download:
['RTN']: possibly delisted; no timezone found
$S: Data doesn't exist for startDate = 1245556800, endDate = 1246507200

1 Failed download:
['S']: Data doesn't exist for startDate = 1245556800, endDate = 1246507200
$SEE: possibly delisted; no timezone found
$SCG: Data doesn't exist for startDate = 1245556800, endDate = 1436932800

1 Failed download:
['SCG']: Data doesn't exist for startDate = 1245556800, endDate = 1436932800
$SIAL: possibly delisted; no price data found  (1d 1927-10-10 -> 2026-09-15)
$SE: Data doesn't exist for startDate = 1245556800, endDate = 1246507200
$SGP: Data doesn't exist for startDate = 1245556800, endDate = 1246507200

1 Failed download:
['SGP']: Data doesn't exist for startDate = 1245556800, endDate = 1246507200

1 Failed download:
['SE']: Data doesn't exist for startDate = 1245556800, endDate = 1246507200
$SEE: possibly delisted; no timezone found

1 Failed download:
['SEE']: possibly delisted; no timezone found
$SNI: possibly delisted; no price data found  (1d 1927-10-10 -> 2026-09-15)
$SIAL: possibly delisted; no price data found  (1d 2009-06-21 -> 2009-07-02)

1 Failed download:
['SIAL']: possibly delisted; no price data found  (1d 2009-06-21 -> 2009-07-02)
$SHLD: Data doesn't exist for startDate = 1245556800, endDate = 1246507200

1 Failed download:
['SHLD']: Data doesn't exist for startDate = 1245556800, endDate = 1246507200
$SNI: possibly delisted; no price data found  (1d 2009-06-21 -> 2009-07-02)

1 Failed download:
['SNI']: possibly delisted; no price data found  (1d 2009-06-21 -> 2009-07-02)
$SII: Data doesn't exist for startDate = 1245556800, endDate = 1246507200

1 Failed download:
['SII']: Data doesn't exist for startDate = 1245556800, endDate = 1246507200
$SRCL: possibly delisted; no timezone found
$STJ: possibly delisted; no price data found  (1d 1927-10-10 -> 2026-09-15)
$SPLS: Data doesn't exist for startDate = 1245556800, endDate = 1246507200
$SNDK: Data doesn't exist for startDate = 1245556800, endDate = 1739336400
$SRCL: possibly delisted; no timezone found

1 Failed download:
['SRCL']: possibly delisted; no timezone found

1 Failed download:

1 Failed download:
['SNDK']: Data doesn't exist for startDate = 1245556800, endDate = 1739336400
['SPLS']: Data doesn't exist for startDate = 1245556800, endDate = 1246507200
$SUNEQ: possibly delisted; no price data found  (1d 1927-10-10 -> 2026-09-15)
$STJ: possibly delisted; no price data found  (1d 2009-06-21 -> 2009-07-02)

1 Failed download:
['STJ']: possibly delisted; no price data found  (1d 2009-06-21 -> 2009-07-02)
$STR: possibly delisted; no timezone found
$STI: Data doesn't exist for startDate = 1245556800, endDate = 1246507200
$STR: possibly delisted; no timezone found

1 Failed download:
['STI']: Data doesn't exist for startDate = 1245556800, endDate = 1246507200

1 Failed download:
['STR']: possibly delisted; no timezone found
$SUNEQ: possibly delisted; no price data found  (1d 2009-06-21 -> 2009-07-02)

1 Failed download:
['SUNEQ']: possibly delisted; no price data found  (1d 2009-06-21 -> 2009-07-02)
$SWN: possibly delisted; no timezone found
$SWN: possibly delisted; no timezone found

1 Failed download:
['SWN']: possibly delisted; no timezone found
$SYMC: possibly delisted; no timezone found
$SYMC: possibly delisted; no timezone found

1 Failed download:
['SYMC']: possibly delisted; no timezone found
$SUN: Data doesn't exist for startDate = 1245556800, endDate = 1246507200

1 Failed download:
['SUN']: Data doesn't exist for startDate = 1245556800, endDate = 1246507200
$TGNA: possibly delisted; no timezone found
$TGNA: possibly delisted; no timezone found
$TIF: possibly delisted; no timezone found
$TIF: possibly delisted; no timezone found

1 Failed download:
['TGNA']: possibly delisted; no timezone found

1 Failed download:
['TIF']: possibly delisted; no timezone found
$TE: Data doesn't exist for startDate = 1245556800, endDate = 1246507200

1 Failed download:
['TE']: Data doesn't exist for startDate = 1245556800, endDate = 1246507200
$TMK: possibly delisted; no timezone found
$TMK: possibly delisted; no timezone found

1 Failed download:
['TMK']: possibly delisted; no timezone found
$TSS: possibly delisted; no timezone found
$TWC: possibly delisted; no price data found  (1d 1927-10-10 -> 2026-09-15)
$TSS: possibly delisted; no timezone found

1 Failed download:
['TSS']: possibly delisted; no timezone found
$TWC: possibly delisted; no price data found  (1d 2009-06-21 -> 2009-07-02)

1 Failed download:
['TWC']: possibly delisted; no price data found  (1d 2009-06-21 -> 2009-07-02)
$UTX: possibly delisted; no timezone found
$VAR: possibly delisted; no timezone found
$VAR: possibly delisted; no timezone found
$UTX: possibly delisted; no timezone found

1 Failed download:
['UTX']: possibly delisted; no timezone found

1 Failed download:
['VAR']: possibly delisted; no timezone found
$VIAB: possibly delisted; no timezone found
$VIAB: possibly delisted; no timezone found

1 Failed download:
['VIAB']: possibly delisted; no timezone found
$WBA: possibly delisted; no timezone found
$WBA: possibly delisted; no timezone found

1 Failed download:
['WBA']: possibly delisted; no timezone found
$WFM: possibly delisted; no price data found  (1d 1927-10-10 -> 2026-09-15)
$WFM: possibly delisted; no price data found  (1d 2009-06-21 -> 2009-07-02)

1 Failed download:
['WFM']: possibly delisted; no price data found  (1d 2009-06-21 -> 2009-07-02)
$WIN: possibly delisted; no timezone found
$WIN: possibly delisted; no timezone found

1 Failed download:
['WIN']: possibly delisted; no timezone found
$WYND: possibly delisted; no timezone found
$X: possibly delisted; no timezone found
$WYND: possibly delisted; no timezone found
$X: possibly delisted; no timezone found

1 Failed download:
['X']: possibly delisted; no timezone found

1 Failed download:
['WYND']: possibly delisted; no timezone found
$XLNX: possibly delisted; no timezone found
$XL: possibly delisted; no timezone found
$XLNX: possibly delisted; no timezone found

1 Failed download:
['XLNX']: possibly delisted; no timezone found
$XL: possibly delisted; no timezone found

1 Failed download:
['XL']: possibly delisted; no timezone found
$CSCO: possibly delisted; no price data found  (1d 2005-01-01 -> 2005-01-02)

1 Failed download:
['CSCO']: possibly delisted; no price data found  (1d 2005-01-01 -> 2005-01-02)
$AAPL: possibly delisted; no price data found  (1d 2005-01-01 -> 2005-01-02)

1 Failed download:
['AAPL']: possibly delisted; no price data found  (1d 2005-01-01 -> 2005-01-02)
$CME: possibly delisted; no price data found  (1d 2005-01-01 -> 2005-01-02)

1 Failed download:
['CME']: possibly delisted; no price data found  (1d 2005-01-01 -> 2005-01-02)
$ESRX: possibly delisted; no price data found  (1d 2005-01-01 -> 2005-01-02)

1 Failed download:
['ESRX']: possibly delisted; no price data found  (1d 2005-01-01 -> 2005-01-02)
$FCX: possibly delisted; no price data found  (1d 2005-01-01 -> 2005-01-02)

1 Failed download:
['FCX']: possibly delisted; no price data found  (1d 2005-01-01 -> 2005-01-02)
$T: possibly delisted; no price data found  (1d 2005-01-01 -> 2005-01-02)

1 Failed download:
['T']: possibly delisted; no price data found  (1d 2005-01-01 -> 2005-01-02)
[h1]   완료 (325.5s), n_days=755, satellite_weight_applied=0.15
[h1] 그룹 selloff_2018 (selloff_2018 대표) 챔피언 백테스트 실행: 2017-06-01 ~ 2019-06-30
$XLC: Data doesn't exist for startDate = 1461729600, endDate = 1529294400

1 Failed download:
['XLC']: Data doesn't exist for startDate = 1461729600, endDate = 1529294400
$ABC: possibly delisted; no timezone found
$ABC: possibly delisted; no timezone found

1 Failed download:
['ABC']: possibly delisted; no timezone found
$ADS: possibly delisted; no timezone found
$ADS: possibly delisted; no timezone found

1 Failed download:
['ADS']: possibly delisted; no timezone found
$AGN: possibly delisted; no timezone found
$AGN: possibly delisted; no timezone found

1 Failed download:
['AGN']: possibly delisted; no timezone found
$ALXN: possibly delisted; no timezone found
$ALXN: possibly delisted; no timezone found

1 Failed download:
['ALXN']: possibly delisted; no timezone found
$ANTM: possibly delisted; no timezone found
$ANTM: possibly delisted; no timezone found

1 Failed download:
['ANTM']: possibly delisted; no timezone found
$ANSS: possibly delisted; no timezone found
$ANSS: possibly delisted; no timezone found

1 Failed download:
['ANSS']: possibly delisted; no timezone found
$ARNC: possibly delisted; no timezone found
$APC: Data doesn't exist for startDate = 1498190400, endDate = 1499140800

1 Failed download:
['APC']: Data doesn't exist for startDate = 1498190400, endDate = 1499140800
$ATVI: possibly delisted; no timezone found
$ARNC: possibly delisted; no timezone found
$ATVI: possibly delisted; no timezone found

1 Failed download:
['ARNC']: possibly delisted; no timezone found

1 Failed download:
['ATVI']: possibly delisted; no timezone found
$AVB: Data doesn't exist for startDate = 1498190400, endDate = 1499140800

1 Failed download:
['AVB']: Data doesn't exist for startDate = 1498190400, endDate = 1499140800
$BCR: possibly delisted; no price data found  (1d 1927-10-10 -> 2026-09-15)
$BCR: possibly delisted; no price data found  (1d 2017-06-23 -> 2017-07-04)

1 Failed download:
['BCR']: possibly delisted; no price data found  (1d 2017-06-23 -> 2017-07-04)
$BBBY: Data doesn't exist for startDate = 1498190400, endDate = 1499140800

1 Failed download:
['BBBY']: Data doesn't exist for startDate = 1498190400, endDate = 1499140800
$BHGE: possibly delisted; no timezone found
$BHGE: possibly delisted; no timezone found

1 Failed download:
['BHGE']: possibly delisted; no timezone found
$BK: possibly delisted; no timezone found
$BK: possibly delisted; no timezone found

1 Failed download:
['BK']: possibly delisted; no timezone found
$BLL: possibly delisted; no timezone found
$BLL: possibly delisted; no timezone found

1 Failed download:
['BLL']: possibly delisted; no timezone found
$CA: possibly delisted; no timezone found
$CA: possibly delisted; no timezone found

1 Failed download:
['CA']: possibly delisted; no timezone found
$CBS: possibly delisted; no timezone found
$CBS: possibly delisted; no timezone found

1 Failed download:
['CBS']: possibly delisted; no timezone found
$CELG: possibly delisted; no timezone found
$CELG: possibly delisted; no timezone found

1 Failed download:
['CELG']: possibly delisted; no timezone found
$CERN: possibly delisted; no timezone found
$CERN: possibly delisted; no timezone found

1 Failed download:
['CERN']: possibly delisted; no timezone found
$CHK: possibly delisted; no timezone found
$CHK: possibly delisted; no timezone found

1 Failed download:
['CHK']: possibly delisted; no timezone found
$CMA: possibly delisted; no timezone found
$CMA: possibly delisted; no timezone found

1 Failed download:
['CMA']: possibly delisted; no timezone found
$COG: possibly delisted; no timezone found
$COG: possibly delisted; no timezone found

1 Failed download:
['COG']: possibly delisted; no timezone found
$CSRA: Data doesn't exist for startDate = 1498190400, endDate = 1499140800

1 Failed download:
['CSRA']: Data doesn't exist for startDate = 1498190400, endDate = 1499140800
$CTL: possibly delisted; no timezone found
$CTL: possibly delisted; no timezone found

1 Failed download:
['CTL']: possibly delisted; no timezone found
$CTXS: possibly delisted; no timezone found
$CTXS: possibly delisted; no timezone found

1 Failed download:
['CTXS']: possibly delisted; no timezone found
$CXO: possibly delisted; no timezone found
$CXO: possibly delisted; no timezone found

1 Failed download:
['CXO']: possibly delisted; no timezone found
$DFS: possibly delisted; no timezone found
$DFS: possibly delisted; no timezone found

1 Failed download:
['DFS']: possibly delisted; no timezone found
$DISCA: possibly delisted; no timezone found
$DISCK: possibly delisted; no timezone found
$DISCA: possibly delisted; no timezone found

1 Failed download:
['DISCA']: possibly delisted; no timezone found
$DISCK: possibly delisted; no timezone found

1 Failed download:
['DISCK']: possibly delisted; no timezone found
$DISH: possibly delisted; no timezone found
$DISH: possibly delisted; no timezone found

1 Failed download:
['DISH']: possibly delisted; no timezone found
$DOW: Data doesn't exist for startDate = 1498190400, endDate = 1552968000

1 Failed download:
['DOW']: Data doesn't exist for startDate = 1498190400, endDate = 1552968000
$EA: Data doesn't exist for startDate = 1498190400, endDate = 1499140800

1 Failed download:
['EA']: Data doesn't exist for startDate = 1498190400, endDate = 1499140800
$EQR: Data doesn't exist for startDate = 1498190400, endDate = 1499140800

1 Failed download:
['EQR']: Data doesn't exist for startDate = 1498190400, endDate = 1499140800
$ETFC: possibly delisted; no timezone found
$ETFC: possibly delisted; no timezone found

1 Failed download:
['ETFC']: possibly delisted; no timezone found
$FB: Data doesn't exist for startDate = 1498190400, endDate = 1499140800
$FBHS: possibly delisted; no timezone found

1 Failed download:
['FB']: Data doesn't exist for startDate = 1498190400, endDate = 1499140800
$FBHS: possibly delisted; no timezone found

1 Failed download:
['FBHS']: possibly delisted; no timezone found
$FLIR: possibly delisted; no timezone found
$FL: possibly delisted; no timezone found
$FLIR: possibly delisted; no timezone found

1 Failed download:
['FLIR']: possibly delisted; no timezone found
$FL: possibly delisted; no timezone found

1 Failed download:
['FL']: possibly delisted; no timezone found
$GGP: possibly delisted; no price data found  (1d 1927-10-10 -> 2026-09-15)
$FOX: Data doesn't exist for startDate = 1498190400, endDate = 1552363200

1 Failed download:
['FOX']: Data doesn't exist for startDate = 1498190400, endDate = 1552363200
$FOXA: Data doesn't exist for startDate = 1498190400, endDate = 1552276800

1 Failed download:
['FOXA']: Data doesn't exist for startDate = 1498190400, endDate = 1552276800
$GGP: possibly delisted; no price data found  (1d 2017-06-23 -> 2017-07-04)

1 Failed download:
['GGP']: possibly delisted; no price data found  (1d 2017-06-23 -> 2017-07-04)
$GPS: possibly delisted; no timezone found
$GPS: possibly delisted; no timezone found

1 Failed download:
['GPS']: possibly delisted; no timezone found
$HBI: possibly delisted; no timezone found
$HCP: possibly delisted; no timezone found
$HCP: possibly delisted; no timezone found

1 Failed download:
['HCP']: possibly delisted; no timezone found
$HBI: possibly delisted; no timezone found

1 Failed download:
['HBI']: possibly delisted; no timezone found
$HES: possibly delisted; no timezone found
$HES: possibly delisted; no timezone found

1 Failed download:
['HES']: possibly delisted; no timezone found
$HRS: possibly delisted; no timezone found
$HRS: possibly delisted; no timezone found
$HOLX: possibly delisted; no timezone found

1 Failed download:
['HRS']: possibly delisted; no timezone found
$HOLX: possibly delisted; no timezone found

1 Failed download:
['HOLX']: possibly delisted; no timezone found
$IPG: possibly delisted; no timezone found
$IPG: possibly delisted; no timezone found

1 Failed download:
['IPG']: possibly delisted; no timezone found
$INFO: Data doesn't exist for startDate = 1498190400, endDate = 1499140800

1 Failed download:
['INFO']: Data doesn't exist for startDate = 1498190400, endDate = 1499140800
$JNPR: possibly delisted; no timezone found
$JNPR: possibly delisted; no timezone found

1 Failed download:
$JEC: possibly delisted; no timezone found
['JNPR']: possibly delisted; no timezone found
$JEC: possibly delisted; no timezone found

1 Failed download:
['JEC']: possibly delisted; no timezone found
$JWN: possibly delisted; no timezone found
$JWN: possibly delisted; no timezone found
$K: possibly delisted; no timezone found

1 Failed download:
['JWN']: possibly delisted; no timezone found
$K: possibly delisted; no timezone found

1 Failed download:
['K']: possibly delisted; no timezone found
$KORS: possibly delisted; no price data found  (1d 1927-10-10 -> 2026-09-15)
$KORS: possibly delisted; no price data found  (1d 2017-06-23 -> 2017-07-04)

1 Failed download:
['KORS']: possibly delisted; no price data found  (1d 2017-06-23 -> 2017-07-04)
$KSU: possibly delisted; no timezone found
$KSU: possibly delisted; no timezone found

1 Failed download:
['KSU']: possibly delisted; no timezone found
$LB: Data doesn't exist for startDate = 1498190400, endDate = 1499140800

1 Failed download:
['LB']: Data doesn't exist for startDate = 1498190400, endDate = 1499140800
$LEG: Data doesn't exist for startDate = 1498190400, endDate = 1499140800
$LLL: possibly delisted; no timezone found

1 Failed download:
['LEG']: Data doesn't exist for startDate = 1498190400, endDate = 1499140800
$LLL: possibly delisted; no timezone found

1 Failed download:
['LLL']: possibly delisted; no timezone found
$LVLT: possibly delisted; no price data found  (1d 1927-10-10 -> 2026-09-15)
$LVLT: possibly delisted; no price data found  (1d 2017-06-23 -> 2017-07-04)

1 Failed download:
['LVLT']: possibly delisted; no price data found  (1d 2017-06-23 -> 2017-07-04)
$MMC: possibly delisted; no timezone found
$MMC: possibly delisted; no timezone found

1 Failed download:
['MMC']: possibly delisted; no timezone found
$MON: possibly delisted; no timezone found
$MON: possibly delisted; no timezone found

1 Failed download:
['MON']: possibly delisted; no timezone found
$MNK: possibly delisted; no timezone found
$MNK: possibly delisted; no timezone found

1 Failed download:
['MNK']: possibly delisted; no timezone found
$MRO: possibly delisted; no timezone found
$MRO: possibly delisted; no timezone found

1 Failed download:
['MRO']: possibly delisted; no timezone found
$MYL: possibly delisted; no timezone found
$MYL: possibly delisted; no timezone found

1 Failed download:
['MYL']: possibly delisted; no timezone found
$NBL: possibly delisted; no timezone found
$NBL: possibly delisted; no timezone found

1 Failed download:
['NBL']: possibly delisted; no timezone found
$NLSN: possibly delisted; no timezone found
$NFX: Data doesn't exist for startDate = 1498190400, endDate = 1499140800

1 Failed download:
['NFX']: Data doesn't exist for startDate = 1498190400, endDate = 1499140800
$NLSN: possibly delisted; no timezone found

1 Failed download:
['NLSN']: possibly delisted; no timezone found
$PBCT: possibly delisted; no timezone found
$PBCT: possibly delisted; no timezone found

1 Failed download:
['PBCT']: possibly delisted; no timezone found
$PDCO: possibly delisted; no timezone found
$PDCO: possibly delisted; no timezone found

1 Failed download:
['PDCO']: possibly delisted; no timezone found
$PKI: possibly delisted; no timezone found
$PKI: possibly delisted; no timezone found

1 Failed download:
['PKI']: possibly delisted; no timezone found
$PX: possibly delisted; no timezone found
$RAI: possibly delisted; no price data found  (1d 1927-10-10 -> 2026-09-15)
$PX: possibly delisted; no timezone found

1 Failed download:
['PX']: possibly delisted; no timezone found
$RE: possibly delisted; no timezone found
$RE: possibly delisted; no timezone found

1 Failed download:
['RE']: possibly delisted; no timezone found
$RAI: possibly delisted; no price data found  (1d 2017-06-23 -> 2017-07-04)

1 Failed download:
['RAI']: possibly delisted; no price data found  (1d 2017-06-23 -> 2017-07-04)
$PXD: possibly delisted; no timezone found
$PXD: possibly delisted; no timezone found

1 Failed download:
['PXD']: possibly delisted; no timezone found
$RHT: possibly delisted; no timezone found
$RHT: possibly delisted; no timezone found

1 Failed download:
['RHT']: possibly delisted; no timezone found
$RTN: possibly delisted; no timezone found
$RTN: possibly delisted; no timezone found

1 Failed download:
['RTN']: possibly delisted; no timezone found
$SEE: possibly delisted; no timezone found
$SEE: possibly delisted; no timezone found

1 Failed download:
['SEE']: possibly delisted; no timezone found
$SNI: possibly delisted; no price data found  (1d 1927-10-10 -> 2026-09-15)
$SNI: possibly delisted; no price data found  (1d 2017-06-23 -> 2017-07-04)

1 Failed download:
['SNI']: possibly delisted; no price data found  (1d 2017-06-23 -> 2017-07-04)
$SRCL: possibly delisted; no timezone found
$SRCL: possibly delisted; no timezone found

1 Failed download:
['SRCL']: possibly delisted; no timezone found
$SPLS: Data doesn't exist for startDate = 1498190400, endDate = 1499140800

1 Failed download:
['SPLS']: Data doesn't exist for startDate = 1498190400, endDate = 1499140800
$STI: Data doesn't exist for startDate = 1498190400, endDate = 1499140800
$SYMC: possibly delisted; no timezone found

1 Failed download:
['STI']: Data doesn't exist for startDate = 1498190400, endDate = 1499140800
$SYMC: possibly delisted; no timezone found

1 Failed download:
['SYMC']: possibly delisted; no timezone found
$TIF: possibly delisted; no timezone found
$TIF: possibly delisted; no timezone found

1 Failed download:
['TIF']: possibly delisted; no timezone found
$TMK: possibly delisted; no timezone found
$TMK: possibly delisted; no timezone found

1 Failed download:
['TMK']: possibly delisted; no timezone found
$TSS: possibly delisted; no timezone found
$TSS: possibly delisted; no timezone found

1 Failed download:
['TSS']: possibly delisted; no timezone found
$UTX: possibly delisted; no timezone found
$UTX: possibly delisted; no timezone found

1 Failed download:
['UTX']: possibly delisted; no timezone found
$VAR: possibly delisted; no timezone found
$VAR: possibly delisted; no timezone found

1 Failed download:
['VAR']: possibly delisted; no timezone found
$VIAB: possibly delisted; no timezone found
$VIAB: possibly delisted; no timezone found

1 Failed download:
['VIAB']: possibly delisted; no timezone found
$WBA: possibly delisted; no timezone found
$WBA: possibly delisted; no timezone found

1 Failed download:
['WBA']: possibly delisted; no timezone found
$WFM: possibly delisted; no price data found  (1d 1927-10-10 -> 2026-09-15)
$WFM: possibly delisted; no price data found  (1d 2017-06-23 -> 2017-07-04)

1 Failed download:
['WFM']: possibly delisted; no price data found  (1d 2017-06-23 -> 2017-07-04)
$WLTW: possibly delisted; no timezone found
$WLTW: possibly delisted; no timezone found

1 Failed download:
['WLTW']: possibly delisted; no timezone found
$WRK: possibly delisted; no timezone found
$WRK: possibly delisted; no timezone found

1 Failed download:
['WRK']: possibly delisted; no timezone found
$WYND: possibly delisted; no timezone found
$XEC: possibly delisted; no timezone found
$WYND: possibly delisted; no timezone found
$XEC: possibly delisted; no timezone found

1 Failed download:

1 Failed download:
['XEC']: possibly delisted; no timezone found
['WYND']: possibly delisted; no timezone found
$XL: possibly delisted; no timezone found
$XLNX: possibly delisted; no timezone found
$XL: possibly delisted; no timezone found

1 Failed download:
['XL']: possibly delisted; no timezone found
$XLNX: possibly delisted; no timezone found

1 Failed download:
['XLNX']: possibly delisted; no timezone found
$ABC: possibly delisted; no timezone found
$ABC: possibly delisted; no timezone found

1 Failed download:
['ABC']: possibly delisted; no timezone found
$ADS: possibly delisted; no timezone found
$ADS: possibly delisted; no timezone found

1 Failed download:
['ADS']: possibly delisted; no timezone found
$AGN: possibly delisted; no timezone found
$AGN: possibly delisted; no timezone found

1 Failed download:
['AGN']: possibly delisted; no timezone found
$ALXN: possibly delisted; no timezone found
$ALXN: possibly delisted; no timezone found

1 Failed download:
['ALXN']: possibly delisted; no timezone found
$ANSS: possibly delisted; no timezone found
$ANTM: possibly delisted; no timezone found
$ANSS: possibly delisted; no timezone found

1 Failed download:
['ANSS']: possibly delisted; no timezone found
$ANTM: possibly delisted; no timezone found

1 Failed download:
['ANTM']: possibly delisted; no timezone found
$APC: Data doesn't exist for startDate = 1514005200, endDate = 1514955600

1 Failed download:
['APC']: Data doesn't exist for startDate = 1514005200, endDate = 1514955600
$ARNC: possibly delisted; no timezone found
$ARNC: possibly delisted; no timezone found

1 Failed download:
['ARNC']: possibly delisted; no timezone found
$ATVI: possibly delisted; no timezone found
$ATVI: possibly delisted; no timezone found

1 Failed download:
['ATVI']: possibly delisted; no timezone found
$AVB: Data doesn't exist for startDate = 1514005200, endDate = 1514955600

1 Failed download:
['AVB']: Data doesn't exist for startDate = 1514005200, endDate = 1514955600
$BHGE: possibly delisted; no timezone found
$BHGE: possibly delisted; no timezone found

1 Failed download:
['BHGE']: possibly delisted; no timezone found
$BK: possibly delisted; no timezone found
$BK: possibly delisted; no timezone found

1 Failed download:
['BK']: possibly delisted; no timezone found
$BLL: possibly delisted; no timezone found
$BLL: possibly delisted; no timezone found

1 Failed download:
['BLL']: possibly delisted; no timezone found
$CA: possibly delisted; no timezone found
$CA: possibly delisted; no timezone found

1 Failed download:
['CA']: possibly delisted; no timezone found
$CBS: possibly delisted; no timezone found
$CBS: possibly delisted; no timezone found

1 Failed download:
['CBS']: possibly delisted; no timezone found
$CELG: possibly delisted; no timezone found
$CELG: possibly delisted; no timezone found
$CERN: possibly delisted; no timezone found
$CERN: possibly delisted; no timezone found

1 Failed download:
['CERN']: possibly delisted; no timezone found

1 Failed download:
['CELG']: possibly delisted; no timezone found
$CHK: possibly delisted; no timezone found
$CHK: possibly delisted; no timezone found

1 Failed download:
['CHK']: possibly delisted; no timezone found
$CMA: possibly delisted; no timezone found
$CMA: possibly delisted; no timezone found

1 Failed download:
['CMA']: possibly delisted; no timezone found
$COG: possibly delisted; no timezone found
$COG: possibly delisted; no timezone found

1 Failed download:
['COG']: possibly delisted; no timezone found
$CSRA: Data doesn't exist for startDate = 1514005200, endDate = 1514955600

1 Failed download:
['CSRA']: Data doesn't exist for startDate = 1514005200, endDate = 1514955600
$CTXS: possibly delisted; no timezone found
$CTL: possibly delisted; no timezone found
$CTXS: possibly delisted; no timezone found
$CTL: possibly delisted; no timezone found

1 Failed download:
['CTXS']: possibly delisted; no timezone found

1 Failed download:
['CTL']: possibly delisted; no timezone found
$CXO: possibly delisted; no timezone found
$CXO: possibly delisted; no timezone found

1 Failed download:
['CXO']: possibly delisted; no timezone found
$DFS: possibly delisted; no timezone found
$DFS: possibly delisted; no timezone found

1 Failed download:
['DFS']: possibly delisted; no timezone found
$DISCA: possibly delisted; no timezone found
$DISCA: possibly delisted; no timezone found

1 Failed download:
['DISCA']: possibly delisted; no timezone found
$DISCK: possibly delisted; no timezone found
$DISCK: possibly delisted; no timezone found

1 Failed download:
['DISCK']: possibly delisted; no timezone found
$DRE: possibly delisted; no timezone found
$DISH: possibly delisted; no timezone found
$DRE: possibly delisted; no timezone found

1 Failed download:
['DRE']: possibly delisted; no timezone found
$DISH: possibly delisted; no timezone found

1 Failed download:
['DISH']: possibly delisted; no timezone found
$DWDP: possibly delisted; no timezone found
$DWDP: possibly delisted; no timezone found

1 Failed download:
['DWDP']: possibly delisted; no timezone found
$EA: Data doesn't exist for startDate = 1514005200, endDate = 1514955600

1 Failed download:
['EA']: Data doesn't exist for startDate = 1514005200, endDate = 1514955600
$EQR: Data doesn't exist for startDate = 1514005200, endDate = 1514955600

1 Failed download:
['EQR']: Data doesn't exist for startDate = 1514005200, endDate = 1514955600
$ETFC: possibly delisted; no timezone found
$ETFC: possibly delisted; no timezone found

1 Failed download:
['ETFC']: possibly delisted; no timezone found
$FBHS: possibly delisted; no timezone found
$FBHS: possibly delisted; no timezone found

1 Failed download:
['FBHS']: possibly delisted; no timezone found
$FB: Data doesn't exist for startDate = 1514005200, endDate = 1514955600

1 Failed download:
['FB']: Data doesn't exist for startDate = 1514005200, endDate = 1514955600
$FLIR: possibly delisted; no timezone found
$FLIR: possibly delisted; no timezone found
$FL: possibly delisted; no timezone found

1 Failed download:
['FLIR']: possibly delisted; no timezone found
$FL: possibly delisted; no timezone found

1 Failed download:
['FL']: possibly delisted; no timezone found
$GGP: possibly delisted; no price data found  (1d 1927-10-10 -> 2026-09-15)
$GGP: possibly delisted; no price data found  (1d 2017-12-23 -> 2018-01-03)

1 Failed download:
['GGP']: possibly delisted; no price data found  (1d 2017-12-23 -> 2018-01-03)
$FOX: Data doesn't exist for startDate = 1514005200, endDate = 1552363200

1 Failed download:
['FOX']: Data doesn't exist for startDate = 1514005200, endDate = 1552363200
$FOXA: Data doesn't exist for startDate = 1514005200, endDate = 1552276800

1 Failed download:
['FOXA']: Data doesn't exist for startDate = 1514005200, endDate = 1552276800
$GPS: possibly delisted; no timezone found
$GPS: possibly delisted; no timezone found

1 Failed download:
['GPS']: possibly delisted; no timezone found
$HBI: possibly delisted; no timezone found
$HBI: possibly delisted; no timezone found

1 Failed download:
['HBI']: possibly delisted; no timezone found
$HCP: possibly delisted; no timezone found
$HCP: possibly delisted; no timezone found

1 Failed download:
['HCP']: possibly delisted; no timezone found
$HES: possibly delisted; no timezone found
$HES: possibly delisted; no timezone found

1 Failed download:
['HES']: possibly delisted; no timezone found
$HOLX: possibly delisted; no timezone found
$HOLX: possibly delisted; no timezone found

1 Failed download:
['HOLX']: possibly delisted; no timezone found
$HRS: possibly delisted; no timezone found
$HRS: possibly delisted; no timezone found

1 Failed download:
['HRS']: possibly delisted; no timezone found
$IPG: possibly delisted; no timezone found
$IPG: possibly delisted; no timezone found
$INFO: Data doesn't exist for startDate = 1514005200, endDate = 1514955600

1 Failed download:
['IPG']: possibly delisted; no timezone found

1 Failed download:
['INFO']: Data doesn't exist for startDate = 1514005200, endDate = 1514955600
$JEC: possibly delisted; no timezone found
$JEC: possibly delisted; no timezone found

1 Failed download:
['JEC']: possibly delisted; no timezone found
$JNPR: possibly delisted; no timezone found
$JNPR: possibly delisted; no timezone found

1 Failed download:
['JNPR']: possibly delisted; no timezone found
$JWN: possibly delisted; no timezone found
$JWN: possibly delisted; no timezone found

1 Failed download:
['JWN']: possibly delisted; no timezone found
$K: possibly delisted; no timezone found
$K: possibly delisted; no timezone found

1 Failed download:
['K']: possibly delisted; no timezone found
$KORS: possibly delisted; no price data found  (1d 1927-10-10 -> 2026-09-15)
$KORS: possibly delisted; no price data found  (1d 2017-12-23 -> 2018-01-03)

1 Failed download:
['KORS']: possibly delisted; no price data found  (1d 2017-12-23 -> 2018-01-03)
$KSU: possibly delisted; no timezone found
$KSU: possibly delisted; no timezone found

1 Failed download:
['KSU']: possibly delisted; no timezone found
$LEG: Data doesn't exist for startDate = 1514005200, endDate = 1514955600
$LLL: possibly delisted; no timezone found

1 Failed download:
['LEG']: Data doesn't exist for startDate = 1514005200, endDate = 1514955600
$LLL: possibly delisted; no timezone found

1 Failed download:
['LLL']: possibly delisted; no timezone found
$LB: Data doesn't exist for startDate = 1514005200, endDate = 1514955600

1 Failed download:
['LB']: Data doesn't exist for startDate = 1514005200, endDate = 1514955600
$MMC: possibly delisted; no timezone found
$MMC: possibly delisted; no timezone found

1 Failed download:
['MMC']: possibly delisted; no timezone found
$MRO: possibly delisted; no timezone found
$MON: possibly delisted; no timezone found
$MRO: possibly delisted; no timezone found
$MON: possibly delisted; no timezone found

1 Failed download:
['MRO']: possibly delisted; no timezone found

1 Failed download:
['MON']: possibly delisted; no timezone found
$MYL: possibly delisted; no timezone found
$MYL: possibly delisted; no timezone found

1 Failed download:
['MYL']: possibly delisted; no timezone found
$NBL: possibly delisted; no timezone found
$NBL: possibly delisted; no timezone found

1 Failed download:
['NBL']: possibly delisted; no timezone found
$NLSN: possibly delisted; no timezone found
$NFX: Data doesn't exist for startDate = 1514005200, endDate = 1514955600

1 Failed download:
['NFX']: Data doesn't exist for startDate = 1514005200, endDate = 1514955600
$NLSN: possibly delisted; no timezone found

1 Failed download:
['NLSN']: possibly delisted; no timezone found
$PBCT: possibly delisted; no timezone found
$PBCT: possibly delisted; no timezone found

1 Failed download:
['PBCT']: possibly delisted; no timezone found
$PDCO: possibly delisted; no timezone found
$PDCO: possibly delisted; no timezone found

1 Failed download:
['PDCO']: possibly delisted; no timezone found
$PKI: possibly delisted; no timezone found
$PKI: possibly delisted; no timezone found

1 Failed download:
['PKI']: possibly delisted; no timezone found
$PX: possibly delisted; no timezone found
$PX: possibly delisted; no timezone found

1 Failed download:
['PX']: possibly delisted; no timezone found
$PXD: possibly delisted; no timezone found
$PXD: possibly delisted; no timezone found

1 Failed download:
['PXD']: possibly delisted; no timezone found
$RE: possibly delisted; no timezone found
$RE: possibly delisted; no timezone found

1 Failed download:
['RE']: possibly delisted; no timezone found
$RHT: possibly delisted; no timezone found
$RHT: possibly delisted; no timezone found

1 Failed download:
['RHT']: possibly delisted; no timezone found
$RTN: possibly delisted; no timezone found
$RTN: possibly delisted; no timezone found

1 Failed download:
['RTN']: possibly delisted; no timezone found
$SEE: possibly delisted; no timezone found
$SNI: possibly delisted; no price data found  (1d 1927-10-10 -> 2026-09-15)
$SEE: possibly delisted; no timezone found

1 Failed download:
['SEE']: possibly delisted; no timezone found
$SNI: possibly delisted; no price data found  (1d 2017-12-23 -> 2018-01-03)

1 Failed download:
['SNI']: possibly delisted; no price data found  (1d 2017-12-23 -> 2018-01-03)
$SRCL: possibly delisted; no timezone found
$SRCL: possibly delisted; no timezone found

1 Failed download:
['SRCL']: possibly delisted; no timezone found
$SYMC: possibly delisted; no timezone found
$SYMC: possibly delisted; no timezone found

1 Failed download:
['SYMC']: possibly delisted; no timezone found
$STI: Data doesn't exist for startDate = 1514005200, endDate = 1514955600

1 Failed download:
['STI']: Data doesn't exist for startDate = 1514005200, endDate = 1514955600
$TIF: possibly delisted; no timezone found
$TIF: possibly delisted; no timezone found
$TMK: possibly delisted; no timezone found

1 Failed download:
['TIF']: possibly delisted; no timezone found
$TMK: possibly delisted; no timezone found

1 Failed download:
['TMK']: possibly delisted; no timezone found
$TSS: possibly delisted; no timezone found
$TSS: possibly delisted; no timezone found

1 Failed download:
['TSS']: possibly delisted; no timezone found
$UTX: possibly delisted; no timezone found
$UTX: possibly delisted; no timezone found

1 Failed download:
['UTX']: possibly delisted; no timezone found
$VAR: possibly delisted; no timezone found
$VAR: possibly delisted; no timezone found

1 Failed download:
['VAR']: possibly delisted; no timezone found
$VIAB: possibly delisted; no timezone found
$VIAB: possibly delisted; no timezone found

1 Failed download:
['VIAB']: possibly delisted; no timezone found
$WBA: possibly delisted; no timezone found
$WBA: possibly delisted; no timezone found

1 Failed download:
['WBA']: possibly delisted; no timezone found
$WLTW: possibly delisted; no timezone found
$WLTW: possibly delisted; no timezone found

1 Failed download:
['WLTW']: possibly delisted; no timezone found
$WRK: possibly delisted; no timezone found
$WRK: possibly delisted; no timezone found

1 Failed download:
['WRK']: possibly delisted; no timezone found
$WYND: possibly delisted; no timezone found
$WYND: possibly delisted; no timezone found

1 Failed download:
['WYND']: possibly delisted; no timezone found
$XLNX: possibly delisted; no timezone found
$XL: possibly delisted; no timezone found
$XLNX: possibly delisted; no timezone found
$XL: possibly delisted; no timezone found

1 Failed download:
['XLNX']: possibly delisted; no timezone found

1 Failed download:
['XL']: possibly delisted; no timezone found
$XEC: possibly delisted; no timezone found
$XEC: possibly delisted; no timezone found

1 Failed download:
['XEC']: possibly delisted; no timezone found
$ABMD: possibly delisted; no timezone found
$ABC: possibly delisted; no timezone found
$ABMD: possibly delisted; no timezone found
$ABC: possibly delisted; no timezone found

1 Failed download:
['ABMD']: possibly delisted; no timezone found

1 Failed download:
['ABC']: possibly delisted; no timezone found
$ADS: possibly delisted; no timezone found
$ADS: possibly delisted; no timezone found

1 Failed download:
['ADS']: possibly delisted; no timezone found
$AGN: possibly delisted; no timezone found
$AGN: possibly delisted; no timezone found

1 Failed download:
['AGN']: possibly delisted; no timezone found
$ALXN: possibly delisted; no timezone found
$ALXN: possibly delisted; no timezone found

1 Failed download:
['ALXN']: possibly delisted; no timezone found
$ANSS: possibly delisted; no timezone found
$ANSS: possibly delisted; no timezone found

1 Failed download:
['ANSS']: possibly delisted; no timezone found
$ANTM: possibly delisted; no timezone found
$ANTM: possibly delisted; no timezone found

1 Failed download:
['ANTM']: possibly delisted; no timezone found
$APC: Data doesn't exist for startDate = 1529640000, endDate = 1530590400

1 Failed download:
['APC']: Data doesn't exist for startDate = 1529640000, endDate = 1530590400
$ARNC: possibly delisted; no timezone found
$ARNC: possibly delisted; no timezone found

1 Failed download:
['ARNC']: possibly delisted; no timezone found
$ATVI: possibly delisted; no timezone found
$ATVI: possibly delisted; no timezone found

1 Failed download:
['ATVI']: possibly delisted; no timezone found
$AVB: Data doesn't exist for startDate = 1529640000, endDate = 1530590400

1 Failed download:
['AVB']: Data doesn't exist for startDate = 1529640000, endDate = 1530590400
$BHGE: possibly delisted; no timezone found
$BHGE: possibly delisted; no timezone found

1 Failed download:
['BHGE']: possibly delisted; no timezone found
$BK: possibly delisted; no timezone found
$BK: possibly delisted; no timezone found

1 Failed download:
['BK']: possibly delisted; no timezone found
$BLL: possibly delisted; no timezone found
$BLL: possibly delisted; no timezone found

1 Failed download:
['BLL']: possibly delisted; no timezone found
$CA: possibly delisted; no timezone found
$CA: possibly delisted; no timezone found

1 Failed download:
['CA']: possibly delisted; no timezone found
$CBS: possibly delisted; no timezone found
$CBS: possibly delisted; no timezone found

1 Failed download:
['CBS']: possibly delisted; no timezone found
$CERN: possibly delisted; no timezone found
$CERN: possibly delisted; no timezone found

1 Failed download:
['CERN']: possibly delisted; no timezone found
$CELG: possibly delisted; no timezone found
$CELG: possibly delisted; no timezone found

1 Failed download:
['CELG']: possibly delisted; no timezone found
$CMA: possibly delisted; no timezone found
$CMA: possibly delisted; no timezone found

1 Failed download:
['CMA']: possibly delisted; no timezone found
$COG: possibly delisted; no timezone found
$COG: possibly delisted; no timezone found

1 Failed download:
['COG']: possibly delisted; no timezone found
$CTL: possibly delisted; no timezone found
$CTL: possibly delisted; no timezone found

1 Failed download:
['CTL']: possibly delisted; no timezone found
$CTXS: possibly delisted; no timezone found
$CXO: possibly delisted; no timezone found
$CXO: possibly delisted; no timezone found
$CTXS: possibly delisted; no timezone found

1 Failed download:

1 Failed download:
['CTXS']: possibly delisted; no timezone found
['CXO']: possibly delisted; no timezone found
$DFS: possibly delisted; no timezone found
$DFS: possibly delisted; no timezone found

1 Failed download:
['DFS']: possibly delisted; no timezone found
$DISCA: possibly delisted; no timezone found
$DISCK: possibly delisted; no timezone found
$DISCA: possibly delisted; no timezone found
$DISCK: possibly delisted; no timezone found

1 Failed download:
['DISCA']: possibly delisted; no timezone found

1 Failed download:
['DISCK']: possibly delisted; no timezone found
$DISH: possibly delisted; no timezone found
$DISH: possibly delisted; no timezone found

1 Failed download:
['DISH']: possibly delisted; no timezone found
$DRE: possibly delisted; no timezone found
$DWDP: possibly delisted; no timezone found
$DRE: possibly delisted; no timezone found

1 Failed download:
['DRE']: possibly delisted; no timezone found
$DWDP: possibly delisted; no timezone found

1 Failed download:
['DWDP']: possibly delisted; no timezone found
$EA: Data doesn't exist for startDate = 1529640000, endDate = 1530590400

1 Failed download:
['EA']: Data doesn't exist for startDate = 1529640000, endDate = 1530590400
$EQR: Data doesn't exist for startDate = 1529640000, endDate = 1530590400

1 Failed download:
['EQR']: Data doesn't exist for startDate = 1529640000, endDate = 1530590400
$ETFC: possibly delisted; no timezone found
$ETFC: possibly delisted; no timezone found

1 Failed download:
['ETFC']: possibly delisted; no timezone found
$FBHS: possibly delisted; no timezone found
$FBHS: possibly delisted; no timezone found

1 Failed download:
['FBHS']: possibly delisted; no timezone found
$FB: Data doesn't exist for startDate = 1529640000, endDate = 1530590400

1 Failed download:
['FB']: Data doesn't exist for startDate = 1529640000, endDate = 1530590400
$FL: possibly delisted; no timezone found
$FL: possibly delisted; no timezone found

1 Failed download:
['FL']: possibly delisted; no timezone found
$FLIR: possibly delisted; no timezone found
$FLIR: possibly delisted; no timezone found

1 Failed download:
['FLIR']: possibly delisted; no timezone found
$FLT: possibly delisted; no timezone found
$GGP: possibly delisted; no price data found  (1d 1927-10-10 -> 2026-09-15)
$FOXA: Data doesn't exist for startDate = 1529640000, endDate = 1552276800
$FOX: Data doesn't exist for startDate = 1529640000, endDate = 1552363200
$FLT: possibly delisted; no timezone found

1 Failed download:
['FOXA']: Data doesn't exist for startDate = 1529640000, endDate = 1552276800

1 Failed download:
['FLT']: possibly delisted; no timezone found

1 Failed download:
['FOX']: Data doesn't exist for startDate = 1529640000, endDate = 1552363200
$GGP: possibly delisted; no price data found  (1d 2018-06-22 -> 2018-07-03)

1 Failed download:
['GGP']: possibly delisted; no price data found  (1d 2018-06-22 -> 2018-07-03)
$GPS: possibly delisted; no timezone found
$GPS: possibly delisted; no timezone found

1 Failed download:
['GPS']: possibly delisted; no timezone found
$HBI: possibly delisted; no timezone found
$HBI: possibly delisted; no timezone found

1 Failed download:
['HBI']: possibly delisted; no timezone found
$HCP: possibly delisted; no timezone found
$HCP: possibly delisted; no timezone found

1 Failed download:
['HCP']: possibly delisted; no timezone found
$HFC: possibly delisted; no timezone found
$HFC: possibly delisted; no timezone found

1 Failed download:
['HFC']: possibly delisted; no timezone found
$HES: possibly delisted; no timezone found
$HES: possibly delisted; no timezone found

1 Failed download:
['HES']: possibly delisted; no timezone found
$HOLX: possibly delisted; no timezone found
$HOLX: possibly delisted; no timezone found

1 Failed download:
['HOLX']: possibly delisted; no timezone found
$HRS: possibly delisted; no timezone found
$HRS: possibly delisted; no timezone found

1 Failed download:
['HRS']: possibly delisted; no timezone found
$IPG: possibly delisted; no timezone found
$IPG: possibly delisted; no timezone found
$INFO: Data doesn't exist for startDate = 1529640000, endDate = 1530590400

1 Failed download:
['IPG']: possibly delisted; no timezone found

1 Failed download:
['INFO']: Data doesn't exist for startDate = 1529640000, endDate = 1530590400
$JEC: possibly delisted; no timezone found
$JEC: possibly delisted; no timezone found

1 Failed download:
['JEC']: possibly delisted; no timezone found
$JNPR: possibly delisted; no timezone found
$JWN: possibly delisted; no timezone found
$JNPR: possibly delisted; no timezone found

1 Failed download:
['JNPR']: possibly delisted; no timezone found
$JWN: possibly delisted; no timezone found

1 Failed download:
['JWN']: possibly delisted; no timezone found
$K: possibly delisted; no timezone found
$K: possibly delisted; no timezone found

1 Failed download:
['K']: possibly delisted; no timezone found
$KORS: possibly delisted; no price data found  (1d 1927-10-10 -> 2026-09-15)
$KORS: possibly delisted; no price data found  (1d 2018-06-22 -> 2018-07-03)

1 Failed download:
['KORS']: possibly delisted; no price data found  (1d 2018-06-22 -> 2018-07-03)
$KSU: possibly delisted; no timezone found
$LB: Data doesn't exist for startDate = 1529640000, endDate = 1530590400
$LEG: Data doesn't exist for startDate = 1529640000, endDate = 1530590400

1 Failed download:
['LB']: Data doesn't exist for startDate = 1529640000, endDate = 1530590400

1 Failed download:
['LEG']: Data doesn't exist for startDate = 1529640000, endDate = 1530590400
$KSU: possibly delisted; no timezone found

1 Failed download:
['KSU']: possibly delisted; no timezone found
$LLL: possibly delisted; no timezone found
$LLL: possibly delisted; no timezone found

1 Failed download:
['LLL']: possibly delisted; no timezone found
$MMC: possibly delisted; no timezone found
$MMC: possibly delisted; no timezone found

1 Failed download:
['MMC']: possibly delisted; no timezone found
$MRO: possibly delisted; no timezone found
$MRO: possibly delisted; no timezone found

1 Failed download:
['MRO']: possibly delisted; no timezone found
$NBL: possibly delisted; no timezone found
$MYL: possibly delisted; no timezone found
$MYL: possibly delisted; no timezone found
$NBL: possibly delisted; no timezone found

1 Failed download:

1 Failed download:
['NBL']: possibly delisted; no timezone found
['MYL']: possibly delisted; no timezone found
$NFX: Data doesn't exist for startDate = 1529640000, endDate = 1530590400

1 Failed download:
['NFX']: Data doesn't exist for startDate = 1529640000, endDate = 1530590400
$NLSN: possibly delisted; no timezone found
$NLSN: possibly delisted; no timezone found

1 Failed download:
['NLSN']: possibly delisted; no timezone found
$PBCT: possibly delisted; no timezone found
$PBCT: possibly delisted; no timezone found

1 Failed download:
['PBCT']: possibly delisted; no timezone found
$PKI: possibly delisted; no timezone found
$PKI: possibly delisted; no timezone found

1 Failed download:
['PKI']: possibly delisted; no timezone found
$PX: possibly delisted; no timezone found
$PX: possibly delisted; no timezone found

1 Failed download:
['PX']: possibly delisted; no timezone found
$RE: possibly delisted; no timezone found
$PXD: possibly delisted; no timezone found
$RE: possibly delisted; no timezone found
$PXD: possibly delisted; no timezone found

1 Failed download:
['RE']: possibly delisted; no timezone found

1 Failed download:
['PXD']: possibly delisted; no timezone found
$RHT: possibly delisted; no timezone found
$RHT: possibly delisted; no timezone found

1 Failed download:
['RHT']: possibly delisted; no timezone found
$RTN: possibly delisted; no timezone found
$RTN: possibly delisted; no timezone found

1 Failed download:
['RTN']: possibly delisted; no timezone found
$SEE: possibly delisted; no timezone found
$SEE: possibly delisted; no timezone found

1 Failed download:
['SEE']: possibly delisted; no timezone found
$SIVB: possibly delisted; no timezone found
$SIVB: possibly delisted; no timezone found

1 Failed download:
['SIVB']: possibly delisted; no timezone found
$SRCL: possibly delisted; no timezone found
$SRCL: possibly delisted; no timezone found

1 Failed download:
['SRCL']: possibly delisted; no timezone found
$STI: Data doesn't exist for startDate = 1529640000, endDate = 1530590400

1 Failed download:
['STI']: Data doesn't exist for startDate = 1529640000, endDate = 1530590400
$SYMC: possibly delisted; no timezone found
$SYMC: possibly delisted; no timezone found

1 Failed download:
['SYMC']: possibly delisted; no timezone found
$TIF: possibly delisted; no timezone found
$TMK: possibly delisted; no timezone found
$TIF: possibly delisted; no timezone found
$TMK: possibly delisted; no timezone found

1 Failed download:
['TIF']: possibly delisted; no timezone found

1 Failed download:
['TMK']: possibly delisted; no timezone found
$TSS: possibly delisted; no timezone found
$TSS: possibly delisted; no timezone found

1 Failed download:
['TSS']: possibly delisted; no timezone found
$TWTR: possibly delisted; no timezone found
$TWTR: possibly delisted; no timezone found

1 Failed download:
['TWTR']: possibly delisted; no timezone found
$UTX: possibly delisted; no timezone found
$UTX: possibly delisted; no timezone found

1 Failed download:
['UTX']: possibly delisted; no timezone found
$VIAB: possibly delisted; no timezone found
$VIAB: possibly delisted; no timezone found

1 Failed download:
['VIAB']: possibly delisted; no timezone found
$VAR: possibly delisted; no timezone found
$VAR: possibly delisted; no timezone found

1 Failed download:
['VAR']: possibly delisted; no timezone found
$WBA: possibly delisted; no timezone found
$WBA: possibly delisted; no timezone found

1 Failed download:
['WBA']: possibly delisted; no timezone found
$WRK: possibly delisted; no timezone found
$WLTW: possibly delisted; no timezone found
$WRK: possibly delisted; no timezone found

1 Failed download:
['WRK']: possibly delisted; no timezone found
$WLTW: possibly delisted; no timezone found

1 Failed download:
['WLTW']: possibly delisted; no timezone found
$XEC: possibly delisted; no timezone found
$XEC: possibly delisted; no timezone found

1 Failed download:
['XEC']: possibly delisted; no timezone found
$XL: possibly delisted; no timezone found
$XL: possibly delisted; no timezone found
$XLNX: possibly delisted; no timezone found
$XLNX: possibly delisted; no timezone found

1 Failed download:
['XL']: possibly delisted; no timezone found

1 Failed download:
['XLNX']: possibly delisted; no timezone found
$ABMD: possibly delisted; no timezone found
$ABC: possibly delisted; no timezone found
$ABMD: possibly delisted; no timezone found

1 Failed download:
['ABMD']: possibly delisted; no timezone found
$ABC: possibly delisted; no timezone found

1 Failed download:
['ABC']: possibly delisted; no timezone found
$ADS: possibly delisted; no timezone found
$ADS: possibly delisted; no timezone found

1 Failed download:
['ADS']: possibly delisted; no timezone found
$AGN: possibly delisted; no timezone found
$AGN: possibly delisted; no timezone found

1 Failed download:
['AGN']: possibly delisted; no timezone found
$ALXN: possibly delisted; no timezone found
$ALXN: possibly delisted; no timezone found

1 Failed download:
['ALXN']: possibly delisted; no timezone found
$ANSS: possibly delisted; no timezone found
$ANSS: possibly delisted; no timezone found

1 Failed download:
['ANSS']: possibly delisted; no timezone found
$ANET: possibly delisted; no price data found  (1d 2018-12-23 -> 2018-12-23)

1 Failed download:
['ANET']: possibly delisted; no price data found  (1d 2018-12-23 -> 2018-12-23)
$ANTM: possibly delisted; no timezone found
$ANTM: possibly delisted; no timezone found

1 Failed download:
['ANTM']: possibly delisted; no timezone found
$ARNC: possibly delisted; no timezone found
$APC: Data doesn't exist for startDate = 1545541200, endDate = 1546491600

1 Failed download:
['APC']: Data doesn't exist for startDate = 1545541200, endDate = 1546491600
$ARNC: possibly delisted; no timezone found

1 Failed download:
['ARNC']: possibly delisted; no timezone found
$ATVI: possibly delisted; no timezone found
$ATVI: possibly delisted; no timezone found

1 Failed download:
['ATVI']: possibly delisted; no timezone found
$AVB: Data doesn't exist for startDate = 1545541200, endDate = 1546491600

1 Failed download:
['AVB']: Data doesn't exist for startDate = 1545541200, endDate = 1546491600
$BHGE: possibly delisted; no timezone found
$BHGE: possibly delisted; no timezone found

1 Failed download:
['BHGE']: possibly delisted; no timezone found
$BK: possibly delisted; no timezone found
$BLL: possibly delisted; no timezone found
$BK: possibly delisted; no timezone found
$BLL: possibly delisted; no timezone found

1 Failed download:
['BK']: possibly delisted; no timezone found

1 Failed download:
['BLL']: possibly delisted; no timezone found
$CBS: possibly delisted; no timezone found
$CBS: possibly delisted; no timezone found

1 Failed download:
['CBS']: possibly delisted; no timezone found
$CELG: possibly delisted; no timezone found
$CERN: possibly delisted; no timezone found
$CELG: possibly delisted; no timezone found
$CERN: possibly delisted; no timezone found

1 Failed download:
['CERN']: possibly delisted; no timezone found

1 Failed download:
['CELG']: possibly delisted; no timezone found
$CE: possibly delisted; no price data found  (1d 2018-12-23 -> 2018-12-23)

1 Failed download:
['CE']: possibly delisted; no price data found  (1d 2018-12-23 -> 2018-12-23)
$CMA: possibly delisted; no timezone found
$CMA: possibly delisted; no timezone found

1 Failed download:
['CMA']: possibly delisted; no timezone found
$COG: possibly delisted; no timezone found
$COG: possibly delisted; no timezone found

1 Failed download:
['COG']: possibly delisted; no timezone found
$CTL: possibly delisted; no timezone found
$CTL: possibly delisted; no timezone found

1 Failed download:
['CTL']: possibly delisted; no timezone found
$CTXS: possibly delisted; no timezone found
$CTXS: possibly delisted; no timezone found

1 Failed download:
['CTXS']: possibly delisted; no timezone found
$CXO: possibly delisted; no timezone found
$CXO: possibly delisted; no timezone found

1 Failed download:
['CXO']: possibly delisted; no timezone found
$DFS: possibly delisted; no timezone found
$DFS: possibly delisted; no timezone found

1 Failed download:
['DFS']: possibly delisted; no timezone found
$DISCA: possibly delisted; no timezone found
$DISCA: possibly delisted; no timezone found

1 Failed download:
['DISCA']: possibly delisted; no timezone found
$DISH: possibly delisted; no timezone found
$DISH: possibly delisted; no timezone found
$DISCK: possibly delisted; no timezone found
$DISCK: possibly delisted; no timezone found

1 Failed download:
['DISH']: possibly delisted; no timezone found

1 Failed download:
['DISCK']: possibly delisted; no timezone found
$DWDP: possibly delisted; no timezone found
$DRE: possibly delisted; no timezone found
$DWDP: possibly delisted; no timezone found

1 Failed download:
['DWDP']: possibly delisted; no timezone found
$DRE: possibly delisted; no timezone found

1 Failed download:
['DRE']: possibly delisted; no timezone found
$EA: Data doesn't exist for startDate = 1545541200, endDate = 1546491600

1 Failed download:
['EA']: Data doesn't exist for startDate = 1545541200, endDate = 1546491600
$EQR: Data doesn't exist for startDate = 1545541200, endDate = 1546491600

1 Failed download:
['EQR']: Data doesn't exist for startDate = 1545541200, endDate = 1546491600
$ETFC: possibly delisted; no timezone found
$ETFC: possibly delisted; no timezone found

1 Failed download:
['ETFC']: possibly delisted; no timezone found
$FANG: possibly delisted; no price data found  (1d 2018-12-23 -> 2018-12-23)
$FBHS: possibly delisted; no timezone found

1 Failed download:
['FANG']: possibly delisted; no price data found  (1d 2018-12-23 -> 2018-12-23)
$FBHS: possibly delisted; no timezone found

1 Failed download:
['FBHS']: possibly delisted; no timezone found
$FB: Data doesn't exist for startDate = 1545541200, endDate = 1546491600

1 Failed download:
['FB']: Data doesn't exist for startDate = 1545541200, endDate = 1546491600
$FLT: possibly delisted; no timezone found
$FLT: possibly delisted; no timezone found
$FLIR: possibly delisted; no timezone found

1 Failed download:
['FLT']: possibly delisted; no timezone found
$FLIR: possibly delisted; no timezone found

1 Failed download:
['FLIR']: possibly delisted; no timezone found
$FL: possibly delisted; no timezone found
$FL: possibly delisted; no timezone found

1 Failed download:
['FL']: possibly delisted; no timezone found
$FRC: possibly delisted; no timezone found
$FRC: possibly delisted; no timezone found

1 Failed download:
['FRC']: possibly delisted; no timezone found
$FOX: Data doesn't exist for startDate = 1545541200, endDate = 1552363200

1 Failed download:
['FOX']: Data doesn't exist for startDate = 1545541200, endDate = 1552363200
$FOXA: Data doesn't exist for startDate = 1545541200, endDate = 1552276800

1 Failed download:
['FOXA']: Data doesn't exist for startDate = 1545541200, endDate = 1552276800
$FTNT: possibly delisted; no price data found  (1d 2018-12-23 -> 2018-12-23)

1 Failed download:
['FTNT']: possibly delisted; no price data found  (1d 2018-12-23 -> 2018-12-23)
$GPS: possibly delisted; no timezone found
$GPS: possibly delisted; no timezone found

1 Failed download:
['GPS']: possibly delisted; no timezone found
$HCP: possibly delisted; no timezone found
$HBI: possibly delisted; no timezone found
$HBI: possibly delisted; no timezone found

1 Failed download:
['HBI']: possibly delisted; no timezone found
$HCP: possibly delisted; no timezone found

1 Failed download:
['HCP']: possibly delisted; no timezone found
$HES: possibly delisted; no timezone found
$HES: possibly delisted; no timezone found

1 Failed download:
['HES']: possibly delisted; no timezone found
$HFC: possibly delisted; no timezone found
$HFC: possibly delisted; no timezone found

1 Failed download:
['HFC']: possibly delisted; no timezone found
$HOLX: possibly delisted; no timezone found
$HOLX: possibly delisted; no timezone found

1 Failed download:
['HOLX']: possibly delisted; no timezone found
$HRS: possibly delisted; no timezone found
$HRS: possibly delisted; no timezone found

1 Failed download:
['HRS']: possibly delisted; no timezone found
$IPG: possibly delisted; no timezone found
$IPG: possibly delisted; no timezone found

1 Failed download:
['IPG']: possibly delisted; no timezone found
$INFO: Data doesn't exist for startDate = 1545541200, endDate = 1546491600

1 Failed download:
['INFO']: Data doesn't exist for startDate = 1545541200, endDate = 1546491600
$JEC: possibly delisted; no timezone found
$JEC: possibly delisted; no timezone found

1 Failed download:
['JEC']: possibly delisted; no timezone found
$JNPR: possibly delisted; no timezone found
$JNPR: possibly delisted; no timezone found

1 Failed download:
['JNPR']: possibly delisted; no timezone found
$JWN: possibly delisted; no timezone found
$K: possibly delisted; no timezone found
$JWN: possibly delisted; no timezone found
$K: possibly delisted; no timezone found

1 Failed download:
['JWN']: possibly delisted; no timezone found

1 Failed download:
['K']: possibly delisted; no timezone found
$JKHY: possibly delisted; no price data found  (1d 2018-12-23 -> 2018-12-23)

1 Failed download:
['JKHY']: possibly delisted; no price data found  (1d 2018-12-23 -> 2018-12-23)
$KEYS: possibly delisted; no price data found  (1d 2018-12-23 -> 2018-12-23)

1 Failed download:
['KEYS']: possibly delisted; no price data found  (1d 2018-12-23 -> 2018-12-23)
$KSU: possibly delisted; no timezone found
$KSU: possibly delisted; no timezone found

1 Failed download:
['KSU']: possibly delisted; no timezone found
$LEG: Data doesn't exist for startDate = 1545541200, endDate = 1546491600

1 Failed download:
['LEG']: Data doesn't exist for startDate = 1545541200, endDate = 1546491600
$LB: Data doesn't exist for startDate = 1545541200, endDate = 1546491600

1 Failed download:
['LB']: Data doesn't exist for startDate = 1545541200, endDate = 1546491600
$LLL: possibly delisted; no timezone found
$LLL: possibly delisted; no timezone found

1 Failed download:
['LLL']: possibly delisted; no timezone found
$LW: possibly delisted; no price data found  (1d 2018-12-23 -> 2018-12-23)

1 Failed download:
['LW']: possibly delisted; no price data found  (1d 2018-12-23 -> 2018-12-23)
$MMC: possibly delisted; no timezone found
$MMC: possibly delisted; no timezone found

1 Failed download:
['MMC']: possibly delisted; no timezone found
$MRO: possibly delisted; no timezone found
$MRO: possibly delisted; no timezone found

1 Failed download:
['MRO']: possibly delisted; no timezone found
$MXIM: possibly delisted; no timezone found
$MXIM: possibly delisted; no timezone found

1 Failed download:
['MXIM']: possibly delisted; no timezone found
$NBL: possibly delisted; no timezone found
$NBL: possibly delisted; no timezone found

1 Failed download:
['NBL']: possibly delisted; no timezone found
$MYL: possibly delisted; no timezone found
$MYL: possibly delisted; no timezone found

1 Failed download:
['MYL']: possibly delisted; no timezone found
$NFX: Data doesn't exist for startDate = 1545541200, endDate = 1546491600

1 Failed download:
['NFX']: Data doesn't exist for startDate = 1545541200, endDate = 1546491600
$NLSN: possibly delisted; no timezone found
$NLSN: possibly delisted; no timezone found

1 Failed download:
['NLSN']: possibly delisted; no timezone found
$PBCT: possibly delisted; no timezone found
$PBCT: possibly delisted; no timezone found

1 Failed download:
['PBCT']: possibly delisted; no timezone found
$PKI: possibly delisted; no timezone found
$PKI: possibly delisted; no timezone found

1 Failed download:
['PKI']: possibly delisted; no timezone found
$PXD: possibly delisted; no timezone found
$PXD: possibly delisted; no timezone found

1 Failed download:
['PXD']: possibly delisted; no timezone found
$RHT: possibly delisted; no timezone found
$RE: possibly delisted; no timezone found
$RHT: possibly delisted; no timezone found

1 Failed download:
['RHT']: possibly delisted; no timezone found
$RE: possibly delisted; no timezone found

1 Failed download:
['RE']: possibly delisted; no timezone found
$RTN: possibly delisted; no timezone found
$RTN: possibly delisted; no timezone found

1 Failed download:
['RTN']: possibly delisted; no timezone found
$SEE: possibly delisted; no timezone found
$SEE: possibly delisted; no timezone found

1 Failed download:
['SEE']: possibly delisted; no timezone found
$SIVB: possibly delisted; no timezone found
$SIVB: possibly delisted; no timezone found

1 Failed download:
['SIVB']: possibly delisted; no timezone found
$ROL: possibly delisted; no price data found  (1d 2018-12-23 -> 2018-12-23)

1 Failed download:
['ROL']: possibly delisted; no price data found  (1d 2018-12-23 -> 2018-12-23)
$STI: Data doesn't exist for startDate = 1545541200, endDate = 1546491600

1 Failed download:
['STI']: Data doesn't exist for startDate = 1545541200, endDate = 1546491600
$SYMC: possibly delisted; no timezone found
$SYMC: possibly delisted; no timezone found

1 Failed download:
['SYMC']: possibly delisted; no timezone found
$TIF: possibly delisted; no timezone found
$TIF: possibly delisted; no timezone found

1 Failed download:
['TIF']: possibly delisted; no timezone found
$TMK: possibly delisted; no timezone found
$TMK: possibly delisted; no timezone found

1 Failed download:
['TMK']: possibly delisted; no timezone found
$TSS: possibly delisted; no timezone found
$TSS: possibly delisted; no timezone found

1 Failed download:
['TSS']: possibly delisted; no timezone found
$TWTR: possibly delisted; no timezone found
$TWTR: possibly delisted; no timezone found

1 Failed download:
['TWTR']: possibly delisted; no timezone found
$UTX: possibly delisted; no timezone found
$UTX: possibly delisted; no timezone found

1 Failed download:
['UTX']: possibly delisted; no timezone found
$VAR: possibly delisted; no timezone found
$VAR: possibly delisted; no timezone found

1 Failed download:
['VAR']: possibly delisted; no timezone found
$VIAB: possibly delisted; no timezone found
$VIAB: possibly delisted; no timezone found

1 Failed download:
['VIAB']: possibly delisted; no timezone found
$WBA: possibly delisted; no timezone found
$WBA: possibly delisted; no timezone found

1 Failed download:
['WBA']: possibly delisted; no timezone found
$WCG: possibly delisted; no timezone found
$WCG: possibly delisted; no timezone found

1 Failed download:
['WCG']: possibly delisted; no timezone found
$WLTW: possibly delisted; no timezone found
$WLTW: possibly delisted; no timezone found

1 Failed download:
['WLTW']: possibly delisted; no timezone found
$WRK: possibly delisted; no timezone found
$WRK: possibly delisted; no timezone found

1 Failed download:
['WRK']: possibly delisted; no timezone found
$XEC: possibly delisted; no timezone found
$XEC: possibly delisted; no timezone found

1 Failed download:
['XEC']: possibly delisted; no timezone found
$XLNX: possibly delisted; no timezone found
$XLNX: possibly delisted; no timezone found

1 Failed download:
['XLNX']: possibly delisted; no timezone found
[h1]   완료 (221.5s), n_days=523, satellite_weight_applied=0.15
[h1] 전체 완료 (1782.9s)
[h1] 저장 완료: h1_meta.json + *_core_ret.csv / *_sat_ret.csv / *_unhedged_blend_ret.csv
