[h33]   correction_2015_2016: 신규 코어+새틀라이트 백테스트 2014-06-01~2016-06-30
$XLC: possibly delisted; no price data found  (1d 2013-04-27 -> 2018-06-18) (Yahoo error = "Data doesn't exist for startDate = 1367035200, endDate = 1529294400")
$XLRE: possibly delisted; no price data found  (1d 2013-04-27 -> 2015-10-07) (Yahoo error = "Data doesn't exist for startDate = 1367035200, endDate = 1444190400")

1 Failed download:

1 Failed download:
['XLRE']: possibly delisted; no price data found  (1d 2013-04-27 -> 2015-10-07) (Yahoo error = "Data doesn't exist for startDate = 1367035200, endDate = 1444190400")
['XLC']: possibly delisted; no price data found  (1d 2013-04-27 -> 2018-06-18) (Yahoo error = "Data doesn't exist for startDate = 1367035200, endDate = 1529294400")
[h11]   반기 리밸런싱 4회(trend_following): ['2014-07-01', '2015-01-02', '2015-07-01', '2016-01-04']
$AABA: possibly delisted; no timezone found
$AABA: possibly delisted; no timezone found

1 Failed download:
['AABA']: possibly delisted; no timezone found
$ABC: possibly delisted; no timezone found
$ABC: possibly delisted; no timezone found

1 Failed download:
['ABC']: possibly delisted; no timezone found
$ADS: possibly delisted; no timezone found
$ADS: possibly delisted; no timezone found
$ACN: possibly delisted; no price data found  (1d 2014-06-21 -> 2014-06-22)

1 Failed download:
['ACN']: possibly delisted; no price data found  (1d 2014-06-21 -> 2014-06-22)

1 Failed download:
['ADS']: possibly delisted; no timezone found
$AGN: possibly delisted; no timezone found
$ADT: possibly delisted; no price data found  (1d 2014-06-21 -> 2018-01-18) (Yahoo error = "Data doesn't exist for startDate = 1403323200, endDate = 1516251600")

1 Failed download:
['ADT']: possibly delisted; no price data found  (1d 2014-06-21 -> 2018-01-18) (Yahoo error = "Data doesn't exist for startDate = 1403323200, endDate = 1516251600")
$AGN: possibly delisted; no timezone found

1 Failed download:
['AGN']: possibly delisted; no timezone found
$ALTR: possibly delisted; no timezone found
$ALTR: possibly delisted; no timezone found

1 Failed download:
['ALTR']: possibly delisted; no timezone found
$ALXN: possibly delisted; no timezone found
$ALXN: possibly delisted; no timezone found

1 Failed download:
['ALXN']: possibly delisted; no timezone found
$ALLE: possibly delisted; no price data found  (1d 2014-06-21 -> 2014-06-22)

1 Failed download:
['ALLE']: possibly delisted; no price data found  (1d 2014-06-21 -> 2014-06-22)
$ANTM: possibly delisted; no timezone found
$ANTM: possibly delisted; no timezone found

1 Failed download:
['ANTM']: possibly delisted; no timezone found
$AMG: possibly delisted; no price data found  (1d 2014-06-21 -> 2014-06-22)

1 Failed download:
['AMG']: possibly delisted; no price data found  (1d 2014-06-21 -> 2014-06-22)
$ARG: possibly delisted; no price data found  (1d 1927-09-17 -> 2026-08-23)
$AME: possibly delisted; no price data found  (1d 2014-06-21 -> 2014-06-22)

1 Failed download:
['AME']: possibly delisted; no price data found  (1d 2014-06-21 -> 2014-06-22)
$APC: possibly delisted; no price data found  (1d 2014-06-21 -> 2026-02-11) (Yahoo error = "Data doesn't exist for startDate = 1403323200, endDate = 1770786000")

1 Failed download:
['APC']: possibly delisted; no price data found  (1d 2014-06-21 -> 2026-02-11) (Yahoo error = "Data doesn't exist for startDate = 1403323200, endDate = 1770786000")
$ARNC: possibly delisted; no timezone found
$ARG: possibly delisted; no price data found  (1d 2014-06-21 -> 2014-07-02) (Yahoo error = "Data doesn't exist for startDate = 1403323200, endDate = 1404273600")

1 Failed download:
['ARG']: possibly delisted; no price data found  (1d 2014-06-21 -> 2014-07-02) (Yahoo error = "Data doesn't exist for startDate = 1403323200, endDate = 1404273600")
$ARNC: possibly delisted; no timezone found

1 Failed download:
['ARNC']: possibly delisted; no timezone found
$APTV: possibly delisted; no price data found  (1d 2014-06-21 -> 2014-06-22)

1 Failed download:
['APTV']: possibly delisted; no price data found  (1d 2014-06-21 -> 2014-06-22)
$AVP: possibly delisted; no timezone found
$AVP: possibly delisted; no timezone found

1 Failed download:
['AVP']: possibly delisted; no timezone found
$BCR: possibly delisted; no price data found  (1d 1927-09-17 -> 2026-08-23)
$BCR: possibly delisted; no price data found  (1d 2014-06-21 -> 2014-07-02)

1 Failed download:
['BCR']: possibly delisted; no price data found  (1d 2014-06-21 -> 2014-07-02)
$BHGE: possibly delisted; no timezone found
$BK: possibly delisted; no timezone found
$BHGE: possibly delisted; no timezone found
$BK: possibly delisted; no timezone found

1 Failed download:
['BHGE']: possibly delisted; no timezone found

1 Failed download:
['BK']: possibly delisted; no timezone found
$BRCM: possibly delisted; no price data found  (1d 1927-09-17 -> 2026-08-23)
$BLL: possibly delisted; no timezone found
$BLL: possibly delisted; no timezone found

1 Failed download:
['BLL']: possibly delisted; no timezone found
$BRCM: possibly delisted; no price data found  (1d 2014-06-21 -> 2014-07-02)

1 Failed download:
['BRCM']: possibly delisted; no price data found  (1d 2014-06-21 -> 2014-07-02)
$BTUUQ: possibly delisted; no price data found  (1d 1927-09-17 -> 2026-08-23)
$BKNG: possibly delisted; no price data found  (1d 2014-06-21 -> 2014-06-22)

1 Failed download:
['BKNG']: possibly delisted; no price data found  (1d 2014-06-21 -> 2014-06-22)
$BTUUQ: possibly delisted; no price data found  (1d 2014-06-21 -> 2014-07-02)

1 Failed download:
['BTUUQ']: possibly delisted; no price data found  (1d 2014-06-21 -> 2014-07-02)
$BLK: possibly delisted; no price data found  (1d 2014-06-21 -> 2014-06-22)

1 Failed download:
['BLK']: possibly delisted; no price data found  (1d 2014-06-21 -> 2014-06-22)
$CA: possibly delisted; no timezone found
$CA: possibly delisted; no timezone found

1 Failed download:
['CA']: possibly delisted; no timezone found
$CBS: possibly delisted; no timezone found
$CAM: possibly delisted; no price data found  (1d 2014-06-21 -> 2025-10-05) (Yahoo error = "Data doesn't exist for startDate = 1403323200, endDate = 1759636800")

1 Failed download:
['CAM']: possibly delisted; no price data found  (1d 2014-06-21 -> 2025-10-05) (Yahoo error = "Data doesn't exist for startDate = 1403323200, endDate = 1759636800")
$CBS: possibly delisted; no timezone found

1 Failed download:
['CBS']: possibly delisted; no timezone found
$CCE: possibly delisted; no price data found  (1d 1927-09-17 -> 2026-08-23)
$BWA: possibly delisted; no price data found  (1d 2014-06-21 -> 2014-06-22)

1 Failed download:
['BWA']: possibly delisted; no price data found  (1d 2014-06-21 -> 2014-06-22)
$CELG: possibly delisted; no timezone found
$CHK: possibly delisted; no timezone found
$CELG: possibly delisted; no timezone found
$CERN: possibly delisted; no timezone found

1 Failed download:
['CELG']: possibly delisted; no timezone found
$CHK: possibly delisted; no timezone found

1 Failed download:
['CHK']: possibly delisted; no timezone found
$CERN: possibly delisted; no timezone found
$CCE: possibly delisted; no price data found  (1d 2014-06-21 -> 2014-07-02)

1 Failed download:
['CCE']: possibly delisted; no price data found  (1d 2014-06-21 -> 2014-07-02)

1 Failed download:
['CERN']: possibly delisted; no timezone found
$CMA: possibly delisted; no timezone found
$CMA: possibly delisted; no timezone found

1 Failed download:
['CMA']: possibly delisted; no timezone found
$CCI: possibly delisted; no price data found  (1d 2014-06-21 -> 2014-06-22)

1 Failed download:
['CCI']: possibly delisted; no price data found  (1d 2014-06-21 -> 2014-06-22)
$CMG: possibly delisted; no price data found  (1d 2014-06-21 -> 2014-06-22)

1 Failed download:
['CMG']: possibly delisted; no price data found  (1d 2014-06-21 -> 2014-06-22)
$COG: possibly delisted; no timezone found
$COG: possibly delisted; no timezone found

1 Failed download:
['COG']: possibly delisted; no timezone found
$CTL: possibly delisted; no timezone found
$CTXS: possibly delisted; no timezone found
$CTL: possibly delisted; no timezone found
$CTXS: possibly delisted; no timezone found

1 Failed download:
['CTL']: possibly delisted; no timezone found

1 Failed download:
['CTXS']: possibly delisted; no timezone found
$CVC: possibly delisted; no price data found  (1d 1927-09-17 -> 2026-08-23)
$CVC: possibly delisted; no price data found  (1d 2014-06-21 -> 2014-07-02)

1 Failed download:
['CVC']: possibly delisted; no price data found  (1d 2014-06-21 -> 2014-07-02)
$DFS: possibly delisted; no timezone found
$DFS: possibly delisted; no timezone found

1 Failed download:
['DFS']: possibly delisted; no timezone found
$DAL: possibly delisted; no price data found  (1d 2014-06-21 -> 2014-06-22)

1 Failed download:
['DAL']: possibly delisted; no price data found  (1d 2014-06-21 -> 2014-06-22)
$DISCA: possibly delisted; no timezone found
$DISCA: possibly delisted; no timezone found

1 Failed download:
['DISCA']: possibly delisted; no timezone found
$DO: possibly delisted; no timezone found
$DNR: possibly delisted; no timezone found
$DNB: possibly delisted; no timezone found
$DNB: possibly delisted; no timezone found
$DO: possibly delisted; no timezone found
$DNR: possibly delisted; no timezone found

1 Failed download:
['DNB']: possibly delisted; no timezone found

1 Failed download:
['DNR']: possibly delisted; no timezone found

1 Failed download:
['DO']: possibly delisted; no timezone found
$DTV: possibly delisted; no timezone found
$DLTR: possibly delisted; no price data found  (1d 2014-06-21 -> 2014-06-22)

1 Failed download:
['DLTR']: possibly delisted; no price data found  (1d 2014-06-21 -> 2014-06-22)
$DTV: possibly delisted; no timezone found

1 Failed download:
['DTV']: possibly delisted; no timezone found
$DOW: possibly delisted; no price data found  (1d 2014-06-21 -> 2019-03-19) (Yahoo error = "Data doesn't exist for startDate = 1403323200, endDate = 1552968000")

1 Failed download:
['DOW']: possibly delisted; no price data found  (1d 2014-06-21 -> 2019-03-19) (Yahoo error = "Data doesn't exist for startDate = 1403323200, endDate = 1552968000")
$EA: possibly delisted; no price data found  (1d 2014-06-21 -> 2016-07-18) (Yahoo error = "Data doesn't exist for startDate = 1403323200, endDate = 1468814400")

1 Failed download:
['EA']: possibly delisted; no price data found  (1d 2014-06-21 -> 2016-07-18) (Yahoo error = "Data doesn't exist for startDate = 1403323200, endDate = 1468814400")
$EMC: possibly delisted; no price data found  (1d 2014-06-21 -> 2014-07-02) (Yahoo error = "Data doesn't exist for startDate = 1403323200, endDate = 1404273600")

1 Failed download:
['EMC']: possibly delisted; no price data found  (1d 2014-06-21 -> 2014-07-02) (Yahoo error = "Data doesn't exist for startDate = 1403323200, endDate = 1404273600")
$ETFC: possibly delisted; no timezone found
$ESV: possibly delisted; no timezone found
$ETFC: possibly delisted; no timezone found

1 Failed download:
['ETFC']: possibly delisted; no timezone found
$ESV: possibly delisted; no timezone found

1 Failed download:
['ESV']: possibly delisted; no timezone found
$ESS: possibly delisted; no price data found  (1d 2014-06-21 -> 2014-06-22)

1 Failed download:
['ESS']: possibly delisted; no price data found  (1d 2014-06-21 -> 2014-06-22)
$FB: possibly delisted; no price data found  (1d 2014-06-21 -> 2014-07-02) (Yahoo error = "Data doesn't exist for startDate = 1403323200, endDate = 1404273600")

1 Failed download:
['FB']: possibly delisted; no price data found  (1d 2014-06-21 -> 2014-07-02) (Yahoo error = "Data doesn't exist for startDate = 1403323200, endDate = 1404273600")
$EW: possibly delisted; no price data found  (1d 2014-06-21 -> 2014-06-22)

1 Failed download:
['EW']: possibly delisted; no price data found  (1d 2014-06-21 -> 2014-06-22)
$FLIR: possibly delisted; no timezone found
$FLIR: possibly delisted; no timezone found

1 Failed download:
['FLIR']: possibly delisted; no timezone found
$FFIV: possibly delisted; no price data found  (1d 2014-06-21 -> 2014-06-22)

1 Failed download:
['FFIV']: possibly delisted; no price data found  (1d 2014-06-21 -> 2014-06-22)
$FTR: possibly delisted; no timezone found
$GAS: possibly delisted; no price data found  (1d 1927-09-17 -> 2026-08-23)
$FTR: possibly delisted; no timezone found

1 Failed download:
['FTR']: possibly delisted; no timezone found
$GGP: possibly delisted; no price data found  (1d 1927-09-17 -> 2026-08-23)
$FSLR: possibly delisted; no price data found  (1d 2014-06-21 -> 2014-06-22)

1 Failed download:
['FSLR']: possibly delisted; no price data found  (1d 2014-06-21 -> 2014-06-22)
$GAS: possibly delisted; no price data found  (1d 2014-06-21 -> 2014-07-02)

1 Failed download:
['GAS']: possibly delisted; no price data found  (1d 2014-06-21 -> 2014-07-02)
$FOXA: possibly delisted; no price data found  (1d 2014-06-21 -> 2019-03-11) (Yahoo error = "Data doesn't exist for startDate = 1403323200, endDate = 1552276800")
$GGP: possibly delisted; no price data found  (1d 2014-06-21 -> 2014-07-02)
$GMCR: possibly delisted; no price data found  (1d 1927-09-17 -> 2026-08-23)

1 Failed download:

1 Failed download:
['GGP']: possibly delisted; no price data found  (1d 2014-06-21 -> 2014-07-02)
['FOXA']: possibly delisted; no price data found  (1d 2014-06-21 -> 2019-03-11) (Yahoo error = "Data doesn't exist for startDate = 1403323200, endDate = 1552276800")
$GMCR: possibly delisted; no price data found  (1d 2014-06-21 -> 2014-07-02)

1 Failed download:
['GMCR']: possibly delisted; no price data found  (1d 2014-06-21 -> 2014-07-02)
$GM: possibly delisted; no price data found  (1d 2014-06-21 -> 2014-06-22)

1 Failed download:
['GM']: possibly delisted; no price data found  (1d 2014-06-21 -> 2014-06-22)
$HAR: possibly delisted; no price data found  (1d 1927-09-17 -> 2026-08-23)
$GPS: possibly delisted; no timezone found
$GPS: possibly delisted; no timezone found

1 Failed download:
['GPS']: possibly delisted; no timezone found
$HAR: possibly delisted; no price data found  (1d 2014-06-21 -> 2014-07-02)

1 Failed download:
['HAR']: possibly delisted; no price data found  (1d 2014-06-21 -> 2014-07-02)
$HCBK: possibly delisted; no price data found  (1d 1927-09-17 -> 2026-08-23)
$HCBK: possibly delisted; no price data found  (1d 2014-06-21 -> 2014-07-02)

1 Failed download:
['HCBK']: possibly delisted; no price data found  (1d 2014-06-21 -> 2014-07-02)
$HCP: possibly delisted; no timezone found
$HCP: possibly delisted; no timezone found

1 Failed download:
['HCP']: possibly delisted; no timezone found
$GRMN: possibly delisted; no price data found  (1d 2014-06-21 -> 2014-06-22)

1 Failed download:
['GRMN']: possibly delisted; no price data found  (1d 2014-06-21 -> 2014-06-22)
$HES: possibly delisted; no timezone found
$HES: possibly delisted; no timezone found

1 Failed download:
['HES']: possibly delisted; no timezone found
$HSP: possibly delisted; no price data found  (1d 1927-09-17 -> 2026-08-23)
$HOT: possibly delisted; no price data found  (1d 2014-06-21 -> 2015-01-01)

1 Failed download:
['HOT']: possibly delisted; no price data found  (1d 2014-06-21 -> 2015-01-01)
$HSP: possibly delisted; no price data found  (1d 2014-06-21 -> 2014-07-02)

1 Failed download:
['HSP']: possibly delisted; no price data found  (1d 2014-06-21 -> 2014-07-02)
$HP: possibly delisted; no price data found  (1d 2014-06-21 -> 2014-06-22)

1 Failed download:
['HP']: possibly delisted; no price data found  (1d 2014-06-21 -> 2014-06-22)
$IPG: possibly delisted; no timezone found
$IPG: possibly delisted; no timezone found

1 Failed download:
['IPG']: possibly delisted; no timezone found
$IR: possibly delisted; no price data found  (1d 2014-06-21 -> 2017-05-11) (Yahoo error = "Data doesn't exist for startDate = 1403323200, endDate = 1494475200")

1 Failed download:
['IR']: possibly delisted; no price data found  (1d 2014-06-21 -> 2017-05-11) (Yahoo error = "Data doesn't exist for startDate = 1403323200, endDate = 1494475200")
$JEC: possibly delisted; no timezone found
$JOY: possibly delisted; no price data found  (1d 1927-09-17 -> 2026-08-23)
$JEC: possibly delisted; no timezone found

1 Failed download:
['JEC']: possibly delisted; no timezone found
$JOY: possibly delisted; no price data found  (1d 2014-06-21 -> 2014-07-02)

1 Failed download:
['JOY']: possibly delisted; no price data found  (1d 2014-06-21 -> 2014-07-02)
$JNPR: possibly delisted; no timezone found
$K: possibly delisted; no timezone found
$JNPR: possibly delisted; no timezone found
$JWN: possibly delisted; no timezone found

1 Failed download:
['JNPR']: possibly delisted; no timezone found
$K: possibly delisted; no timezone found

1 Failed download:
$JWN: possibly delisted; no timezone found
['K']: possibly delisted; no timezone found

1 Failed download:
['JWN']: possibly delisted; no timezone found
$KORS: possibly delisted; no price data found  (1d 1927-09-17 -> 2026-08-23)
$KORS: possibly delisted; no price data found  (1d 2014-06-21 -> 2014-07-02)

1 Failed download:
['KORS']: possibly delisted; no price data found  (1d 2014-06-21 -> 2014-07-02)
$KSU: possibly delisted; no timezone found
$KSU: possibly delisted; no timezone found

1 Failed download:
['KSU']: possibly delisted; no timezone found
$LLTC: possibly delisted; no price data found  (1d 1927-09-17 -> 2026-08-23)
$LLTC: possibly delisted; no price data found  (1d 2014-06-21 -> 2014-07-02)

1 Failed download:
['LLTC']: possibly delisted; no price data found  (1d 2014-06-21 -> 2014-07-02)
$LLL: possibly delisted; no timezone found
$LB: possibly delisted; no price data found  (1d 2014-06-21 -> 2014-07-02) (Yahoo error = "Data doesn't exist for startDate = 1403323200, endDate = 1404273600")

1 Failed download:
['LB']: possibly delisted; no price data found  (1d 2014-06-21 -> 2014-07-02) (Yahoo error = "Data doesn't exist for startDate = 1403323200, endDate = 1404273600")
$LLL: possibly delisted; no timezone found

1 Failed download:
['LLL']: possibly delisted; no timezone found
$LM: possibly delisted; no timezone found
$LM: possibly delisted; no timezone found

1 Failed download:
['LM']: possibly delisted; no timezone found
$LRCX: possibly delisted; no price data found  (1d 2014-06-21 -> 2014-06-22)

1 Failed download:
['LRCX']: possibly delisted; no price data found  (1d 2014-06-21 -> 2014-06-22)
$MAC: possibly delisted; no price data found  (1d 2014-06-21 -> 2014-06-22)

1 Failed download:
['MAC']: possibly delisted; no price data found  (1d 2014-06-21 -> 2014-06-22)
$MJN: possibly delisted; no price data found  (1d 1927-09-17 -> 2026-08-23)
$MJN: possibly delisted; no price data found  (1d 2014-06-21 -> 2014-07-02)

1 Failed download:
['MJN']: possibly delisted; no price data found  (1d 2014-06-21 -> 2014-07-02)
$MMC: possibly delisted; no timezone found
$MMC: possibly delisted; no timezone found

1 Failed download:
['MMC']: possibly delisted; no timezone found
$MON: possibly delisted; no timezone found
$MRO: possibly delisted; no timezone found
$MON: possibly delisted; no timezone found

1 Failed download:
['MON']: possibly delisted; no timezone found
$MRO: possibly delisted; no timezone found

1 Failed download:
['MRO']: possibly delisted; no timezone found
$MPC: possibly delisted; no price data found  (1d 2014-06-21 -> 2014-06-22)

1 Failed download:
['MPC']: possibly delisted; no price data found  (1d 2014-06-21 -> 2014-06-22)
$MOS: possibly delisted; no price data found  (1d 2014-06-21 -> 2014-06-22)

1 Failed download:
['MOS']: possibly delisted; no price data found  (1d 2014-06-21 -> 2014-06-22)
$MYL: possibly delisted; no timezone found
$MYL: possibly delisted; no timezone found

1 Failed download:
['MYL']: possibly delisted; no timezone found
$NBL: possibly delisted; no timezone found
$NBL: possibly delisted; no timezone found

1 Failed download:
['NBL']: possibly delisted; no timezone found
$NAVI: possibly delisted; no price data found  (1d 2014-06-21 -> 2014-06-22)

1 Failed download:
['NAVI']: possibly delisted; no price data found  (1d 2014-06-21 -> 2014-06-22)
$NLSN: possibly delisted; no timezone found
$NE: possibly delisted; no price data found  (1d 2014-06-21 -> 2021-06-08) (Yahoo error = "Data doesn't exist for startDate = 1403323200, endDate = 1623124800")
$NFX: possibly delisted; no price data found  (1d 2014-06-21 -> 2026-07-06) (Yahoo error = "Data doesn't exist for startDate = 1403323200, endDate = 1783310400")

1 Failed download:
['NFX']: possibly delisted; no price data found  (1d 2014-06-21 -> 2026-07-06) (Yahoo error = "Data doesn't exist for startDate = 1403323200, endDate = 1783310400")

1 Failed download:
['NE']: possibly delisted; no price data found  (1d 2014-06-21 -> 2021-06-08) (Yahoo error = "Data doesn't exist for startDate = 1403323200, endDate = 1623124800")
$NLSN: possibly delisted; no timezone found

1 Failed download:
['NLSN']: possibly delisted; no timezone found
$PBCT: possibly delisted; no timezone found
$PBCT: possibly delisted; no timezone found

1 Failed download:
['PBCT']: possibly delisted; no timezone found
$PCP: possibly delisted; no price data found  (1d 1927-09-17 -> 2026-08-23)
$OKE: possibly delisted; no price data found  (1d 2014-06-21 -> 2014-06-22)

1 Failed download:
['OKE']: possibly delisted; no price data found  (1d 2014-06-21 -> 2014-06-22)
$PDCO: possibly delisted; no timezone found
$PCP: possibly delisted; no price data found  (1d 2014-06-21 -> 2014-07-02) (Yahoo error = "Data doesn't exist for startDate = 1403323200, endDate = 1404273600")
$PCL: possibly delisted; no price data found  (1d 2014-06-21 -> 2014-07-02) (Yahoo error = "Data doesn't exist for startDate = 1403323200, endDate = 1404273600")

1 Failed download:
['PCP']: possibly delisted; no price data found  (1d 2014-06-21 -> 2014-07-02) (Yahoo error = "Data doesn't exist for startDate = 1403323200, endDate = 1404273600")
$PDCO: possibly delisted; no timezone found

1 Failed download:
['PCL']: possibly delisted; no price data found  (1d 2014-06-21 -> 2014-07-02) (Yahoo error = "Data doesn't exist for startDate = 1403323200, endDate = 1404273600")

1 Failed download:
['PDCO']: possibly delisted; no timezone found
$PKI: possibly delisted; no timezone found
$PKI: possibly delisted; no timezone found

1 Failed download:
['PKI']: possibly delisted; no timezone found
$PLL: possibly delisted; no timezone found
$PLL: possibly delisted; no timezone found

1 Failed download:
['PLL']: possibly delisted; no timezone found
$POM: possibly delisted; no price data found  (1d 2014-06-21 -> 2014-07-02) (Yahoo error = "Data doesn't exist for startDate = 1403323200, endDate = 1404273600")

1 Failed download:
['POM']: possibly delisted; no price data found  (1d 2014-06-21 -> 2014-07-02) (Yahoo error = "Data doesn't exist for startDate = 1403323200, endDate = 1404273600")
$PX: possibly delisted; no timezone found
$PSX: possibly delisted; no price data found  (1d 2014-06-21 -> 2014-06-22)

1 Failed download:
['PSX']: possibly delisted; no price data found  (1d 2014-06-21 -> 2014-06-22)
$RAI: possibly delisted; no price data found  (1d 1927-09-17 -> 2026-08-23)
$PXD: possibly delisted; no timezone found
$PNR: possibly delisted; no price data found  (1d 2014-06-21 -> 2014-06-22)

1 Failed download:
['PNR']: possibly delisted; no price data found  (1d 2014-06-21 -> 2014-06-22)
$PRGO: possibly delisted; no price data found  (1d 2014-06-21 -> 2014-06-22)

1 Failed download:
['PRGO']: possibly delisted; no price data found  (1d 2014-06-21 -> 2014-06-22)
$PX: possibly delisted; no timezone found

1 Failed download:
['PX']: possibly delisted; no timezone found
$RDC: possibly delisted; no timezone found
$QEP: possibly delisted; no timezone found
$PVH: possibly delisted; no price data found  (1d 2014-06-21 -> 2014-06-22)

1 Failed download:
['PVH']: possibly delisted; no price data found  (1d 2014-06-21 -> 2014-06-22)
$RAI: possibly delisted; no price data found  (1d 2014-06-21 -> 2014-07-02)

1 Failed download:
['RAI']: possibly delisted; no price data found  (1d 2014-06-21 -> 2014-07-02)
$PXD: possibly delisted; no timezone found
$RDC: possibly delisted; no timezone found

1 Failed download:
['PXD']: possibly delisted; no timezone found
$QEP: possibly delisted; no timezone found

1 Failed download:
['RDC']: possibly delisted; no timezone found

1 Failed download:
['QEP']: possibly delisted; no timezone found
$RHT: possibly delisted; no timezone found
$RHT: possibly delisted; no timezone found

1 Failed download:
['RHT']: possibly delisted; no timezone found
$REGN: possibly delisted; no price data found  (1d 2014-06-21 -> 2014-06-22)

1 Failed download:
['REGN']: possibly delisted; no price data found  (1d 2014-06-21 -> 2014-06-22)
$RTN: possibly delisted; no timezone found
$RTN: possibly delisted; no timezone found

1 Failed download:
['RTN']: possibly delisted; no timezone found
$ROP: possibly delisted; no price data found  (1d 2014-06-21 -> 2014-06-22)

1 Failed download:
['ROP']: possibly delisted; no price data found  (1d 2014-06-21 -> 2014-06-22)
$ROST: possibly delisted; no price data found  (1d 2014-06-21 -> 2014-06-22)

1 Failed download:
['ROST']: possibly delisted; no price data found  (1d 2014-06-21 -> 2014-06-22)
$SEE: possibly delisted; no timezone found
$SIAL: possibly delisted; no price data found  (1d 1927-09-17 -> 2026-08-23)
$SEE: possibly delisted; no timezone found

1 Failed download:
['SEE']: possibly delisted; no timezone found
$SE: possibly delisted; no price data found  (1d 2014-06-21 -> 2014-07-02) (Yahoo error = "Data doesn't exist for startDate = 1403323200, endDate = 1404273600")

1 Failed download:
['SE']: possibly delisted; no price data found  (1d 2014-06-21 -> 2014-07-02) (Yahoo error = "Data doesn't exist for startDate = 1403323200, endDate = 1404273600")
$SIAL: possibly delisted; no price data found  (1d 2014-06-21 -> 2014-07-02)

1 Failed download:
['SIAL']: possibly delisted; no price data found  (1d 2014-06-21 -> 2014-07-02)
$SCG: possibly delisted; no price data found  (1d 2014-06-21 -> 2015-07-15) (Yahoo error = "Data doesn't exist for startDate = 1403323200, endDate = 1436932800")
$SNI: possibly delisted; no price data found  (1d 1927-09-17 -> 2026-08-23)

1 Failed download:
['SCG']: possibly delisted; no price data found  (1d 2014-06-21 -> 2015-07-15) (Yahoo error = "Data doesn't exist for startDate = 1403323200, endDate = 1436932800")
$SNI: possibly delisted; no price data found  (1d 2014-06-21 -> 2014-07-02)

1 Failed download:
['SNI']: possibly delisted; no price data found  (1d 2014-06-21 -> 2014-07-02)
$SNDK: possibly delisted; no price data found  (1d 2014-06-21 -> 2025-02-12) (Yahoo error = "Data doesn't exist for startDate = 1403323200, endDate = 1739336400")

1 Failed download:
['SNDK']: possibly delisted; no price data found  (1d 2014-06-21 -> 2025-02-12) (Yahoo error = "Data doesn't exist for startDate = 1403323200, endDate = 1739336400")
$STJ: possibly delisted; no price data found  (1d 1927-09-17 -> 2026-08-23)
$SRCL: possibly delisted; no timezone found
$STJ: possibly delisted; no price data found  (1d 2014-06-21 -> 2014-07-02)

1 Failed download:
['STJ']: possibly delisted; no price data found  (1d 2014-06-21 -> 2014-07-02)
$SRCL: possibly delisted; no timezone found

1 Failed download:
['SRCL']: possibly delisted; no timezone found
$SPLS: possibly delisted; no price data found  (1d 2014-06-21 -> 2026-01-15) (Yahoo error = "Data doesn't exist for startDate = 1403323200, endDate = 1768453200")

1 Failed download:
['SPLS']: possibly delisted; no price data found  (1d 2014-06-21 -> 2026-01-15) (Yahoo error = "Data doesn't exist for startDate = 1403323200, endDate = 1768453200")
$STI: possibly delisted; no price data found  (1d 2014-06-21 -> 2014-07-02) (Yahoo error = "Data doesn't exist for startDate = 1403323200, endDate = 1404273600")

1 Failed download:
['STI']: possibly delisted; no price data found  (1d 2014-06-21 -> 2014-07-02) (Yahoo error = "Data doesn't exist for startDate = 1403323200, endDate = 1404273600")
$SYMC: possibly delisted; no timezone found
$SYMC: possibly delisted; no timezone found

1 Failed download:
['SYMC']: possibly delisted; no timezone found
$STX: possibly delisted; no price data found  (1d 2014-06-21 -> 2014-06-22)

1 Failed download:
['STX']: possibly delisted; no price data found  (1d 2014-06-21 -> 2014-06-22)
$TGNA: possibly delisted; no timezone found
$TGNA: possibly delisted; no timezone found

1 Failed download:
['TGNA']: possibly delisted; no timezone found
$TE: possibly delisted; no price data found  (1d 2014-06-21 -> 2014-07-02) (Yahoo error = "Data doesn't exist for startDate = 1403323200, endDate = 1404273600")

1 Failed download:
['TE']: possibly delisted; no price data found  (1d 2014-06-21 -> 2014-07-02) (Yahoo error = "Data doesn't exist for startDate = 1403323200, endDate = 1404273600")
$TMK: possibly delisted; no timezone found
$TIF: possibly delisted; no timezone found
$TMK: possibly delisted; no timezone found

1 Failed download:
['TMK']: possibly delisted; no timezone found
$TIF: possibly delisted; no timezone found

1 Failed download:
['TIF']: possibly delisted; no timezone found
$TSS: possibly delisted; no timezone found
$TSS: possibly delisted; no timezone found

1 Failed download:
['TSS']: possibly delisted; no timezone found
$TWC: possibly delisted; no price data found  (1d 1927-09-17 -> 2026-08-23)
$TRIP: possibly delisted; no price data found  (1d 2014-06-21 -> 2014-06-22)

1 Failed download:
['TRIP']: possibly delisted; no price data found  (1d 2014-06-21 -> 2014-06-22)
$TWC: possibly delisted; no price data found  (1d 2014-06-21 -> 2014-07-02)

1 Failed download:
['TWC']: possibly delisted; no price data found  (1d 2014-06-21 -> 2014-07-02)
$TSCO: possibly delisted; no price data found  (1d 2014-06-21 -> 2014-06-22)

1 Failed download:
['TSCO']: possibly delisted; no price data found  (1d 2014-06-21 -> 2014-06-22)
$UAA: possibly delisted; no price data found  (1d 2014-06-21 -> 2014-06-22)

1 Failed download:
['UAA']: possibly delisted; no price data found  (1d 2014-06-21 -> 2014-06-22)
$UTX: possibly delisted; no timezone found
$UTX: possibly delisted; no timezone found

1 Failed download:
['UTX']: possibly delisted; no timezone found
$VAR: possibly delisted; no timezone found
$VAR: possibly delisted; no timezone found

1 Failed download:
['VAR']: possibly delisted; no timezone found
$VIAB: possibly delisted; no timezone found
$VIAB: possibly delisted; no timezone found

1 Failed download:
['VIAB']: possibly delisted; no timezone found
$WBA: possibly delisted; no timezone found
$WBA: possibly delisted; no timezone found

1 Failed download:
['WBA']: possibly delisted; no timezone found
$VRTX: possibly delisted; no price data found  (1d 2014-06-21 -> 2014-06-22)

1 Failed download:
['VRTX']: possibly delisted; no price data found  (1d 2014-06-21 -> 2014-06-22)
$WFM: possibly delisted; no price data found  (1d 1927-09-17 -> 2026-08-23)
$WIN: possibly delisted; no timezone found
$WFM: possibly delisted; no price data found  (1d 2014-06-21 -> 2014-07-02)
$WIN: possibly delisted; no timezone found

1 Failed download:
['WFM']: possibly delisted; no price data found  (1d 2014-06-21 -> 2014-07-02)

1 Failed download:
['WIN']: possibly delisted; no timezone found
$WYND: possibly delisted; no timezone found
$WYND: possibly delisted; no timezone found

1 Failed download:
['WYND']: possibly delisted; no timezone found
$XEC: possibly delisted; no timezone found
$X: possibly delisted; no timezone found
$X: possibly delisted; no timezone found

1 Failed download:
['X']: possibly delisted; no timezone found
$XEC: possibly delisted; no timezone found

1 Failed download:
['XEC']: possibly delisted; no timezone found
$XLNX: possibly delisted; no timezone found
$XL: possibly delisted; no timezone found
$XL: possibly delisted; no timezone found
$XLNX: possibly delisted; no timezone found

1 Failed download:
['XL']: possibly delisted; no timezone found

1 Failed download:
['XLNX']: possibly delisted; no timezone found
$XYL: possibly delisted; no price data found  (1d 2014-06-21 -> 2014-06-22)

1 Failed download:
['XYL']: possibly delisted; no price data found  (1d 2014-06-21 -> 2014-06-22)
$ZTS: possibly delisted; no price data found  (1d 2014-06-21 -> 2014-06-22)

1 Failed download:
['ZTS']: possibly delisted; no price data found  (1d 2014-06-21 -> 2014-06-22)
$V: possibly delisted; no price data found  (1d 2012-07-01 -> 2012-07-01)

1 Failed download:
['V']: possibly delisted; no price data found  (1d 2012-07-01 -> 2012-07-01)
$GOOG: possibly delisted; no price data found  (1d 2012-07-01 -> 2012-07-01)

1 Failed download:
['GOOG']: possibly delisted; no price data found  (1d 2012-07-01 -> 2012-07-01)
$BRK-B: possibly delisted; no price data found  (1d 2012-07-01 -> 2012-07-01)

1 Failed download:
['BRK-B']: possibly delisted; no price data found  (1d 2012-07-01 -> 2012-07-01)
$NFLX: possibly delisted; no price data found  (1d 2012-07-01 -> 2012-07-01)

1 Failed download:
['NFLX']: possibly delisted; no price data found  (1d 2012-07-01 -> 2012-07-01)
$LYB: possibly delisted; no price data found  (1d 2012-07-01 -> 2012-07-01)

1 Failed download:
['LYB']: possibly delisted; no price data found  (1d 2012-07-01 -> 2012-07-01)
[h11]     [1/4] 2014-07-01: picks=['NFLX', 'SLB', 'AAPL'] (pool=40, 후보=40, 114.3s)
$AABA: possibly delisted; no timezone found
$ABC: possibly delisted; no timezone found
$AABA: possibly delisted; no timezone found
$ABC: possibly delisted; no timezone found

1 Failed download:
['AABA']: possibly delisted; no timezone found

1 Failed download:
['ABC']: possibly delisted; no timezone found
$ADS: possibly delisted; no timezone found
$ADS: possibly delisted; no timezone found

1 Failed download:
['ADS']: possibly delisted; no timezone found
$ADT: possibly delisted; no price data found  (1d 2014-12-23 -> 2018-01-18) (Yahoo error = "Data doesn't exist for startDate = 1419310800, endDate = 1516251600")

1 Failed download:
['ADT']: possibly delisted; no price data found  (1d 2014-12-23 -> 2018-01-18) (Yahoo error = "Data doesn't exist for startDate = 1419310800, endDate = 1516251600")
$AGN: possibly delisted; no timezone found
$AGN: possibly delisted; no timezone found

1 Failed download:
['AGN']: possibly delisted; no timezone found
$ALTR: possibly delisted; no timezone found
$ALTR: possibly delisted; no timezone found

1 Failed download:
['ALTR']: possibly delisted; no timezone found
$ALXN: possibly delisted; no timezone found
$ALXN: possibly delisted; no timezone found

1 Failed download:
['ALXN']: possibly delisted; no timezone found
$ANTM: possibly delisted; no timezone found
$ANTM: possibly delisted; no timezone found

1 Failed download:
['ANTM']: possibly delisted; no timezone found
$ARG: possibly delisted; no price data found  (1d 1927-09-17 -> 2026-08-23)
$ARNC: possibly delisted; no timezone found
$ARG: possibly delisted; no price data found  (1d 2014-12-23 -> 2015-01-03) (Yahoo error = "Data doesn't exist for startDate = 1419310800, endDate = 1420261200")

1 Failed download:
['ARG']: possibly delisted; no price data found  (1d 2014-12-23 -> 2015-01-03) (Yahoo error = "Data doesn't exist for startDate = 1419310800, endDate = 1420261200")
$APC: possibly delisted; no price data found  (1d 2014-12-23 -> 2026-02-11) (Yahoo error = "Data doesn't exist for startDate = 1419310800, endDate = 1770786000")

1 Failed download:
['APC']: possibly delisted; no price data found  (1d 2014-12-23 -> 2026-02-11) (Yahoo error = "Data doesn't exist for startDate = 1419310800, endDate = 1770786000")
$ARNC: possibly delisted; no timezone found

1 Failed download:
['ARNC']: possibly delisted; no timezone found
$AVP: possibly delisted; no timezone found
$AVP: possibly delisted; no timezone found

1 Failed download:
['AVP']: possibly delisted; no timezone found
$BCR: possibly delisted; no price data found  (1d 1927-09-17 -> 2026-08-23)
$BCR: possibly delisted; no price data found  (1d 2014-12-23 -> 2015-01-03)

1 Failed download:
['BCR']: possibly delisted; no price data found  (1d 2014-12-23 -> 2015-01-03)
$BHGE: possibly delisted; no timezone found
$BHGE: possibly delisted; no timezone found

1 Failed download:
['BHGE']: possibly delisted; no timezone found
$BK: possibly delisted; no timezone found
$BK: possibly delisted; no timezone found

1 Failed download:
['BK']: possibly delisted; no timezone found
$BLL: possibly delisted; no timezone found
$BLL: possibly delisted; no timezone found

1 Failed download:
['BLL']: possibly delisted; no timezone found
$BRCM: possibly delisted; no price data found  (1d 1927-09-17 -> 2026-08-23)
$BRCM: possibly delisted; no price data found  (1d 2014-12-23 -> 2015-01-03)

1 Failed download:
['BRCM']: possibly delisted; no price data found  (1d 2014-12-23 -> 2015-01-03)
$CA: possibly delisted; no timezone found
$CA: possibly delisted; no timezone found

1 Failed download:
['CA']: possibly delisted; no timezone found
$CAM: possibly delisted; no price data found  (1d 2014-12-23 -> 2025-10-05) (Yahoo error = "Data doesn't exist for startDate = 1419310800, endDate = 1759636800")

1 Failed download:
['CAM']: possibly delisted; no price data found  (1d 2014-12-23 -> 2025-10-05) (Yahoo error = "Data doesn't exist for startDate = 1419310800, endDate = 1759636800")
$CBS: possibly delisted; no timezone found
$CCE: possibly delisted; no price data found  (1d 1927-09-17 -> 2026-08-23)
$CBS: possibly delisted; no timezone found

1 Failed download:
['CBS']: possibly delisted; no timezone found
$CELG: possibly delisted; no timezone found
$CCE: possibly delisted; no price data found  (1d 2014-12-23 -> 2015-01-03)

1 Failed download:
['CCE']: possibly delisted; no price data found  (1d 2014-12-23 -> 2015-01-03)
$CELG: possibly delisted; no timezone found

1 Failed download:
['CELG']: possibly delisted; no timezone found
$CERN: possibly delisted; no timezone found
$CERN: possibly delisted; no timezone found

1 Failed download:
['CERN']: possibly delisted; no timezone found
$CHK: possibly delisted; no timezone found
$CHK: possibly delisted; no timezone found

1 Failed download:
['CHK']: possibly delisted; no timezone found
$CMA: possibly delisted; no timezone found
$CMA: possibly delisted; no timezone found

1 Failed download:
['CMA']: possibly delisted; no timezone found
$COG: possibly delisted; no timezone found
$COG: possibly delisted; no timezone found

1 Failed download:
['COG']: possibly delisted; no timezone found
$CTL: possibly delisted; no timezone found
$CTL: possibly delisted; no timezone found

1 Failed download:
['CTL']: possibly delisted; no timezone found
$CVC: possibly delisted; no price data found  (1d 1927-09-17 -> 2026-08-23)
$CTXS: possibly delisted; no timezone found
$CTXS: possibly delisted; no timezone found

1 Failed download:
['CTXS']: possibly delisted; no timezone found
$CVC: possibly delisted; no price data found  (1d 2014-12-23 -> 2015-01-03)

1 Failed download:
['CVC']: possibly delisted; no price data found  (1d 2014-12-23 -> 2015-01-03)
$DFS: possibly delisted; no timezone found
$DFS: possibly delisted; no timezone found

1 Failed download:
['DFS']: possibly delisted; no timezone found
$DISCA: possibly delisted; no timezone found
$DISCA: possibly delisted; no timezone found

1 Failed download:
['DISCA']: possibly delisted; no timezone found
$DISCK: possibly delisted; no timezone found
$DNR: possibly delisted; no timezone found
$DNR: possibly delisted; no timezone found

1 Failed download:
['DNR']: possibly delisted; no timezone found
$DNB: possibly delisted; no timezone found
$DISCK: possibly delisted; no timezone found
$DO: possibly delisted; no timezone found

1 Failed download:
['DISCK']: possibly delisted; no timezone found
$DNB: possibly delisted; no timezone found
$DO: possibly delisted; no timezone found

1 Failed download:
['DNB']: possibly delisted; no timezone found

1 Failed download:
['DO']: possibly delisted; no timezone found
$DTV: possibly delisted; no timezone found
$EA: possibly delisted; no price data found  (1d 2014-12-23 -> 2016-07-18) (Yahoo error = "Data doesn't exist for startDate = 1419310800, endDate = 1468814400")
$DOW: possibly delisted; no price data found  (1d 2014-12-23 -> 2019-03-19) (Yahoo error = "Data doesn't exist for startDate = 1419310800, endDate = 1552968000")

1 Failed download:
['DOW']: possibly delisted; no price data found  (1d 2014-12-23 -> 2019-03-19) (Yahoo error = "Data doesn't exist for startDate = 1419310800, endDate = 1552968000")

1 Failed download:
['EA']: possibly delisted; no price data found  (1d 2014-12-23 -> 2016-07-18) (Yahoo error = "Data doesn't exist for startDate = 1419310800, endDate = 1468814400")
$DTV: possibly delisted; no timezone found

1 Failed download:
['DTV']: possibly delisted; no timezone found
$EMC: possibly delisted; no price data found  (1d 2014-12-23 -> 2015-01-03) (Yahoo error = "Data doesn't exist for startDate = 1419310800, endDate = 1420261200")

1 Failed download:
['EMC']: possibly delisted; no price data found  (1d 2014-12-23 -> 2015-01-03) (Yahoo error = "Data doesn't exist for startDate = 1419310800, endDate = 1420261200")
$ETFC: possibly delisted; no timezone found
$ETFC: possibly delisted; no timezone found

1 Failed download:
['ETFC']: possibly delisted; no timezone found
$ESV: possibly delisted; no timezone found
$ESV: possibly delisted; no timezone found

1 Failed download:
['ESV']: possibly delisted; no timezone found
$FB: possibly delisted; no price data found  (1d 2014-12-23 -> 2015-01-03) (Yahoo error = "Data doesn't exist for startDate = 1419310800, endDate = 1420261200")

1 Failed download:
['FB']: possibly delisted; no price data found  (1d 2014-12-23 -> 2015-01-03) (Yahoo error = "Data doesn't exist for startDate = 1419310800, endDate = 1420261200")
$FLIR: possibly delisted; no timezone found
$FLIR: possibly delisted; no timezone found

1 Failed download:
['FLIR']: possibly delisted; no timezone found
$FTR: possibly delisted; no timezone found
$FTR: possibly delisted; no timezone found

1 Failed download:
['FTR']: possibly delisted; no timezone found
$GAS: possibly delisted; no price data found  (1d 1927-09-17 -> 2026-08-23)
$GGP: possibly delisted; no price data found  (1d 1927-09-17 -> 2026-08-23)
$FOXA: possibly delisted; no price data found  (1d 2014-12-23 -> 2019-03-11) (Yahoo error = "Data doesn't exist for startDate = 1419310800, endDate = 1552276800")

1 Failed download:
['FOXA']: possibly delisted; no price data found  (1d 2014-12-23 -> 2019-03-11) (Yahoo error = "Data doesn't exist for startDate = 1419310800, endDate = 1552276800")
$GMCR: possibly delisted; no price data found  (1d 1927-09-17 -> 2026-08-23)
$GAS: possibly delisted; no price data found  (1d 2014-12-23 -> 2015-01-03)

1 Failed download:
['GAS']: possibly delisted; no price data found  (1d 2014-12-23 -> 2015-01-03)
$GGP: possibly delisted; no price data found  (1d 2014-12-23 -> 2015-01-03)

1 Failed download:
['GGP']: possibly delisted; no price data found  (1d 2014-12-23 -> 2015-01-03)
$GMCR: possibly delisted; no price data found  (1d 2014-12-23 -> 2015-01-03)

1 Failed download:
['GMCR']: possibly delisted; no price data found  (1d 2014-12-23 -> 2015-01-03)
$GPS: possibly delisted; no timezone found
$GPS: possibly delisted; no timezone found

1 Failed download:
['GPS']: possibly delisted; no timezone found
$HAR: possibly delisted; no price data found  (1d 1927-09-17 -> 2026-08-23)
$HCBK: possibly delisted; no price data found  (1d 1927-09-17 -> 2026-08-23)
$HAR: possibly delisted; no price data found  (1d 2014-12-23 -> 2015-01-03)

1 Failed download:
['HAR']: possibly delisted; no price data found  (1d 2014-12-23 -> 2015-01-03)
$HCBK: possibly delisted; no price data found  (1d 2014-12-23 -> 2015-01-03)

1 Failed download:
['HCBK']: possibly delisted; no price data found  (1d 2014-12-23 -> 2015-01-03)
$HCP: possibly delisted; no timezone found
$HES: possibly delisted; no timezone found
$HES: possibly delisted; no timezone found

1 Failed download:
['HES']: possibly delisted; no timezone found
$HCP: possibly delisted; no timezone found

1 Failed download:
['HCP']: possibly delisted; no timezone found
$HOT: possibly delisted; no price data found  (1d 2014-12-23 -> 2015-01-01)

1 Failed download:
['HOT']: possibly delisted; no price data found  (1d 2014-12-23 -> 2015-01-01)
$HSP: possibly delisted; no price data found  (1d 1927-09-17 -> 2026-08-23)
$HSP: possibly delisted; no price data found  (1d 2014-12-23 -> 2015-01-03)

1 Failed download:
['HSP']: possibly delisted; no price data found  (1d 2014-12-23 -> 2015-01-03)
$IPG: possibly delisted; no timezone found
$IPG: possibly delisted; no timezone found

1 Failed download:
['IPG']: possibly delisted; no timezone found
$IR: possibly delisted; no price data found  (1d 2014-12-23 -> 2017-05-11) (Yahoo error = "Data doesn't exist for startDate = 1419310800, endDate = 1494475200")

1 Failed download:
['IR']: possibly delisted; no price data found  (1d 2014-12-23 -> 2017-05-11) (Yahoo error = "Data doesn't exist for startDate = 1419310800, endDate = 1494475200")
$JEC: possibly delisted; no timezone found
$JEC: possibly delisted; no timezone found

1 Failed download:
['JEC']: possibly delisted; no timezone found
$JOY: possibly delisted; no price data found  (1d 1927-09-17 -> 2026-08-23)
$JNPR: possibly delisted; no timezone found
$JNPR: possibly delisted; no timezone found

1 Failed download:
['JNPR']: possibly delisted; no timezone found
$JOY: possibly delisted; no price data found  (1d 2014-12-23 -> 2015-01-03)

1 Failed download:
['JOY']: possibly delisted; no price data found  (1d 2014-12-23 -> 2015-01-03)
$JWN: possibly delisted; no timezone found
$K: possibly delisted; no timezone found
$JWN: possibly delisted; no timezone found
$K: possibly delisted; no timezone found

1 Failed download:
['JWN']: possibly delisted; no timezone found

1 Failed download:
['K']: possibly delisted; no timezone found
$KORS: possibly delisted; no price data found  (1d 1927-09-17 -> 2026-08-23)
$KORS: possibly delisted; no price data found  (1d 2014-12-23 -> 2015-01-03)

1 Failed download:
['KORS']: possibly delisted; no price data found  (1d 2014-12-23 -> 2015-01-03)
$KSU: possibly delisted; no timezone found
$KSU: possibly delisted; no timezone found

1 Failed download:
['KSU']: possibly delisted; no timezone found
$LLTC: possibly delisted; no price data found  (1d 1927-09-17 -> 2026-08-23)
$LLL: possibly delisted; no timezone found
$LLTC: possibly delisted; no price data found  (1d 2014-12-23 -> 2015-01-03)

1 Failed download:
['LLTC']: possibly delisted; no price data found  (1d 2014-12-23 -> 2015-01-03)
$LLL: possibly delisted; no timezone found

1 Failed download:
['LLL']: possibly delisted; no timezone found
$LB: possibly delisted; no price data found  (1d 2014-12-23 -> 2015-01-03) (Yahoo error = "Data doesn't exist for startDate = 1419310800, endDate = 1420261200")

1 Failed download:
['LB']: possibly delisted; no price data found  (1d 2014-12-23 -> 2015-01-03) (Yahoo error = "Data doesn't exist for startDate = 1419310800, endDate = 1420261200")
$LVLT: possibly delisted; no price data found  (1d 1927-09-17 -> 2026-08-23)
$LM: possibly delisted; no timezone found
$LM: possibly delisted; no timezone found

1 Failed download:
['LM']: possibly delisted; no timezone found
$LVLT: possibly delisted; no price data found  (1d 2014-12-23 -> 2015-01-03)

1 Failed download:
['LVLT']: possibly delisted; no price data found  (1d 2014-12-23 -> 2015-01-03)
$MJN: possibly delisted; no price data found  (1d 1927-09-17 -> 2026-08-23)
$MJN: possibly delisted; no price data found  (1d 2014-12-23 -> 2015-01-03)

1 Failed download:
['MJN']: possibly delisted; no price data found  (1d 2014-12-23 -> 2015-01-03)
$MNK: possibly delisted; no timezone found
$MMC: possibly delisted; no timezone found
$MMC: possibly delisted; no timezone found

1 Failed download:
['MMC']: possibly delisted; no timezone found
$MNK: possibly delisted; no timezone found

1 Failed download:
['MNK']: possibly delisted; no timezone found
$MON: possibly delisted; no timezone found
$MON: possibly delisted; no timezone found

1 Failed download:
['MON']: possibly delisted; no timezone found
$MRO: possibly delisted; no timezone found
$MRO: possibly delisted; no timezone found

1 Failed download:
['MRO']: possibly delisted; no timezone found
$MYL: possibly delisted; no timezone found
$MYL: possibly delisted; no timezone found

1 Failed download:
['MYL']: possibly delisted; no timezone found
$NBL: possibly delisted; no timezone found
$NBL: possibly delisted; no timezone found

1 Failed download:
['NBL']: possibly delisted; no timezone found
$NFX: possibly delisted; no price data found  (1d 2014-12-23 -> 2026-07-06) (Yahoo error = "Data doesn't exist for startDate = 1419310800, endDate = 1783310400")

1 Failed download:
['NFX']: possibly delisted; no price data found  (1d 2014-12-23 -> 2026-07-06) (Yahoo error = "Data doesn't exist for startDate = 1419310800, endDate = 1783310400")
$NLSN: possibly delisted; no timezone found
$NE: possibly delisted; no price data found  (1d 2014-12-23 -> 2021-06-08) (Yahoo error = "Data doesn't exist for startDate = 1419310800, endDate = 1623124800")
$NLSN: possibly delisted; no timezone found

1 Failed download:

1 Failed download:
['NLSN']: possibly delisted; no timezone found
['NE']: possibly delisted; no price data found  (1d 2014-12-23 -> 2021-06-08) (Yahoo error = "Data doesn't exist for startDate = 1419310800, endDate = 1623124800")
$PBCT: possibly delisted; no timezone found
$PBCT: possibly delisted; no timezone found

1 Failed download:
['PBCT']: possibly delisted; no timezone found
$PCP: possibly delisted; no price data found  (1d 1927-09-17 -> 2026-08-23)
$PDCO: possibly delisted; no timezone found
$PCL: possibly delisted; no price data found  (1d 2014-12-23 -> 2015-01-03) (Yahoo error = "Data doesn't exist for startDate = 1419310800, endDate = 1420261200")

1 Failed download:
['PCL']: possibly delisted; no price data found  (1d 2014-12-23 -> 2015-01-03) (Yahoo error = "Data doesn't exist for startDate = 1419310800, endDate = 1420261200")
$PCP: possibly delisted; no price data found  (1d 2014-12-23 -> 2015-01-03) (Yahoo error = "Data doesn't exist for startDate = 1419310800, endDate = 1420261200")
$PDCO: possibly delisted; no timezone found

1 Failed download:
['PCP']: possibly delisted; no price data found  (1d 2014-12-23 -> 2015-01-03) (Yahoo error = "Data doesn't exist for startDate = 1419310800, endDate = 1420261200")

1 Failed download:
['PDCO']: possibly delisted; no timezone found
$PKI: possibly delisted; no timezone found
$PKI: possibly delisted; no timezone found

1 Failed download:
['PKI']: possibly delisted; no timezone found
$PLL: possibly delisted; no timezone found
$PLL: possibly delisted; no timezone found

1 Failed download:
['PLL']: possibly delisted; no timezone found
$POM: possibly delisted; no price data found  (1d 2014-12-23 -> 2015-01-03) (Yahoo error = "Data doesn't exist for startDate = 1419310800, endDate = 1420261200")

1 Failed download:
['POM']: possibly delisted; no price data found  (1d 2014-12-23 -> 2015-01-03) (Yahoo error = "Data doesn't exist for startDate = 1419310800, endDate = 1420261200")
$PX: possibly delisted; no timezone found
$PX: possibly delisted; no timezone found

1 Failed download:
['PX']: possibly delisted; no timezone found
$RAI: possibly delisted; no price data found  (1d 1927-09-17 -> 2026-08-23)
$PXD: possibly delisted; no timezone found
$QEP: possibly delisted; no timezone found
$RAI: possibly delisted; no price data found  (1d 2014-12-23 -> 2015-01-03)
$PXD: possibly delisted; no timezone found

1 Failed download:
['RAI']: possibly delisted; no price data found  (1d 2014-12-23 -> 2015-01-03)

1 Failed download:
['PXD']: possibly delisted; no timezone found
$QEP: possibly delisted; no timezone found

1 Failed download:
['QEP']: possibly delisted; no timezone found
$RHT: possibly delisted; no timezone found
$RHT: possibly delisted; no timezone found

1 Failed download:
['RHT']: possibly delisted; no timezone found
$RTN: possibly delisted; no timezone found
$RTN: possibly delisted; no timezone found

1 Failed download:
['RTN']: possibly delisted; no timezone found
$SIAL: possibly delisted; no price data found  (1d 1927-09-17 -> 2026-08-23)
$SEE: possibly delisted; no timezone found
$SIAL: possibly delisted; no price data found  (1d 2014-12-23 -> 2015-01-03)
$SEE: possibly delisted; no timezone found

1 Failed download:
['SEE']: possibly delisted; no timezone found

1 Failed download:
['SIAL']: possibly delisted; no price data found  (1d 2014-12-23 -> 2015-01-03)
$SE: possibly delisted; no price data found  (1d 2014-12-23 -> 2015-01-03) (Yahoo error = "Data doesn't exist for startDate = 1419310800, endDate = 1420261200")

1 Failed download:
['SE']: possibly delisted; no price data found  (1d 2014-12-23 -> 2015-01-03) (Yahoo error = "Data doesn't exist for startDate = 1419310800, endDate = 1420261200")
$SNI: possibly delisted; no price data found  (1d 1927-09-17 -> 2026-08-23)
$SCG: possibly delisted; no price data found  (1d 2014-12-23 -> 2015-07-15) (Yahoo error = "Data doesn't exist for startDate = 1419310800, endDate = 1436932800")

1 Failed download:
['SCG']: possibly delisted; no price data found  (1d 2014-12-23 -> 2015-07-15) (Yahoo error = "Data doesn't exist for startDate = 1419310800, endDate = 1436932800")
$SNDK: possibly delisted; no price data found  (1d 2014-12-23 -> 2025-02-12) (Yahoo error = "Data doesn't exist for startDate = 1419310800, endDate = 1739336400")

1 Failed download:
['SNDK']: possibly delisted; no price data found  (1d 2014-12-23 -> 2025-02-12) (Yahoo error = "Data doesn't exist for startDate = 1419310800, endDate = 1739336400")
$SNI: possibly delisted; no price data found  (1d 2014-12-23 -> 2015-01-03)

1 Failed download:
['SNI']: possibly delisted; no price data found  (1d 2014-12-23 -> 2015-01-03)
$SRCL: possibly delisted; no timezone found
$STJ: possibly delisted; no price data found  (1d 1927-09-17 -> 2026-08-23)
$SRCL: possibly delisted; no timezone found

1 Failed download:
['SRCL']: possibly delisted; no timezone found
$STJ: possibly delisted; no price data found  (1d 2014-12-23 -> 2015-01-03)

1 Failed download:
['STJ']: possibly delisted; no price data found  (1d 2014-12-23 -> 2015-01-03)
$SPLS: possibly delisted; no price data found  (1d 2014-12-23 -> 2026-01-15) (Yahoo error = "Data doesn't exist for startDate = 1419310800, endDate = 1768453200")

1 Failed download:
['SPLS']: possibly delisted; no price data found  (1d 2014-12-23 -> 2026-01-15) (Yahoo error = "Data doesn't exist for startDate = 1419310800, endDate = 1768453200")
$STI: possibly delisted; no price data found  (1d 2014-12-23 -> 2015-01-03) (Yahoo error = "Data doesn't exist for startDate = 1419310800, endDate = 1420261200")

1 Failed download:
['STI']: possibly delisted; no price data found  (1d 2014-12-23 -> 2015-01-03) (Yahoo error = "Data doesn't exist for startDate = 1419310800, endDate = 1420261200")
$SYMC: possibly delisted; no timezone found
$SYMC: possibly delisted; no timezone found

1 Failed download:
['SYMC']: possibly delisted; no timezone found
$TE: possibly delisted; no price data found  (1d 2014-12-23 -> 2015-01-03) (Yahoo error = "Data doesn't exist for startDate = 1419310800, endDate = 1420261200")

1 Failed download:
['TE']: possibly delisted; no price data found  (1d 2014-12-23 -> 2015-01-03) (Yahoo error = "Data doesn't exist for startDate = 1419310800, endDate = 1420261200")
$TGNA: possibly delisted; no timezone found
$TGNA: possibly delisted; no timezone found

1 Failed download:
['TGNA']: possibly delisted; no timezone found
$TIF: possibly delisted; no timezone found
$TMK: possibly delisted; no timezone found
$TMK: possibly delisted; no timezone found
$TIF: possibly delisted; no timezone found

1 Failed download:
['TMK']: possibly delisted; no timezone found

1 Failed download:
['TIF']: possibly delisted; no timezone found
$TWC: possibly delisted; no price data found  (1d 1927-09-17 -> 2026-08-23)
$TSS: possibly delisted; no timezone found
$TWC: possibly delisted; no price data found  (1d 2014-12-23 -> 2015-01-03)

1 Failed download:
['TWC']: possibly delisted; no price data found  (1d 2014-12-23 -> 2015-01-03)
$TSS: possibly delisted; no timezone found

1 Failed download:
['TSS']: possibly delisted; no timezone found
$UTX: possibly delisted; no timezone found
$VAR: possibly delisted; no timezone found
$UTX: possibly delisted; no timezone found

1 Failed download:
['UTX']: possibly delisted; no timezone found
$VIAB: possibly delisted; no timezone found
$VAR: possibly delisted; no timezone found

1 Failed download:
['VAR']: possibly delisted; no timezone found
$VIAB: possibly delisted; no timezone found

1 Failed download:
['VIAB']: possibly delisted; no timezone found
$WBA: possibly delisted; no timezone found
$WFM: possibly delisted; no price data found  (1d 1927-09-17 -> 2026-08-23)
$WIN: possibly delisted; no timezone found
$WBA: possibly delisted; no timezone found
$WFM: possibly delisted; no price data found  (1d 2014-12-23 -> 2015-01-03)

1 Failed download:
['WBA']: possibly delisted; no timezone found
$WIN: possibly delisted; no timezone found

1 Failed download:
['WFM']: possibly delisted; no price data found  (1d 2014-12-23 -> 2015-01-03)

1 Failed download:
['WIN']: possibly delisted; no timezone found
$WYND: possibly delisted; no timezone found
$XL: possibly delisted; no timezone found
$XEC: possibly delisted; no timezone found
$XL: possibly delisted; no timezone found
$XLNX: possibly delisted; no timezone found

1 Failed download:
['XL']: possibly delisted; no timezone found
$WYND: possibly delisted; no timezone found
$XEC: possibly delisted; no timezone found

1 Failed download:
['XEC']: possibly delisted; no timezone found

1 Failed download:
['WYND']: possibly delisted; no timezone found
$XLNX: possibly delisted; no timezone found

1 Failed download:
['XLNX']: possibly delisted; no timezone found
[h11]     [2/4] 2015-01-02: picks=['UNP', 'INTC', 'AVB'] (pool=40, 후보=33, 112.6s)
$ABC: possibly delisted; no timezone found
$AABA: possibly delisted; no timezone found
$ABC: possibly delisted; no timezone found

1 Failed download:
['ABC']: possibly delisted; no timezone found
$AABA: possibly delisted; no timezone found

1 Failed download:
['AABA']: possibly delisted; no timezone found
$ADS: possibly delisted; no timezone found
$ADS: possibly delisted; no timezone found

1 Failed download:
['ADS']: possibly delisted; no timezone found
$AAL: possibly delisted; no price data found  (1d 2015-06-21 -> 2015-06-21)

1 Failed download:
['AAL']: possibly delisted; no price data found  (1d 2015-06-21 -> 2015-06-21)
$AGN: possibly delisted; no timezone found
$AGN: possibly delisted; no timezone found

1 Failed download:
['AGN']: possibly delisted; no timezone found
$ADT: possibly delisted; no price data found  (1d 2015-06-21 -> 2018-01-18) (Yahoo error = "Data doesn't exist for startDate = 1434859200, endDate = 1516251600")

1 Failed download:
['ADT']: possibly delisted; no price data found  (1d 2015-06-21 -> 2018-01-18) (Yahoo error = "Data doesn't exist for startDate = 1434859200, endDate = 1516251600")
$ALTR: possibly delisted; no timezone found
$ALXN: possibly delisted; no timezone found
$ALTR: possibly delisted; no timezone found

1 Failed download:
['ALTR']: possibly delisted; no timezone found
$ALXN: possibly delisted; no timezone found

1 Failed download:
['ALXN']: possibly delisted; no timezone found
$ANTM: possibly delisted; no timezone found
$ANTM: possibly delisted; no timezone found

1 Failed download:
['ANTM']: possibly delisted; no timezone found
$ARG: possibly delisted; no price data found  (1d 1927-09-17 -> 2026-08-23)
$ARNC: possibly delisted; no timezone found
$ARG: possibly delisted; no price data found  (1d 2015-06-21 -> 2015-07-02) (Yahoo error = "Data doesn't exist for startDate = 1434859200, endDate = 1435809600")
$APC: possibly delisted; no price data found  (1d 2015-06-21 -> 2026-02-11) (Yahoo error = "Data doesn't exist for startDate = 1434859200, endDate = 1770786000")

1 Failed download:
['ARG']: possibly delisted; no price data found  (1d 2015-06-21 -> 2015-07-02) (Yahoo error = "Data doesn't exist for startDate = 1434859200, endDate = 1435809600")
$ARNC: possibly delisted; no timezone found

1 Failed download:
['ARNC']: possibly delisted; no timezone found

1 Failed download:
['APC']: possibly delisted; no price data found  (1d 2015-06-21 -> 2026-02-11) (Yahoo error = "Data doesn't exist for startDate = 1434859200, endDate = 1770786000")
$BCR: possibly delisted; no price data found  (1d 1927-09-17 -> 2026-08-23)
$BCR: possibly delisted; no price data found  (1d 2015-06-21 -> 2015-07-02)

1 Failed download:
['BCR']: possibly delisted; no price data found  (1d 2015-06-21 -> 2015-07-02)
$BHGE: possibly delisted; no timezone found
$BHGE: possibly delisted; no timezone found
$BK: possibly delisted; no timezone found

1 Failed download:
['BHGE']: possibly delisted; no timezone found
$BK: possibly delisted; no timezone found

1 Failed download:
['BK']: possibly delisted; no timezone found
$BLL: possibly delisted; no timezone found
$BLL: possibly delisted; no timezone found

1 Failed download:
['BLL']: possibly delisted; no timezone found
$BXLT: possibly delisted; no price data found  (1d 1927-09-17 -> 2026-08-23)
$BXLT: possibly delisted; no price data found  (1d 2015-06-21 -> 2015-07-02)

1 Failed download:
['BXLT']: possibly delisted; no price data found  (1d 2015-06-21 -> 2015-07-02)
$CA: possibly delisted; no timezone found
$CA: possibly delisted; no timezone found

1 Failed download:
['CA']: possibly delisted; no timezone found
$BRCM: possibly delisted; no price data found  (1d 1927-09-17 -> 2026-08-23)
$CAM: possibly delisted; no price data found  (1d 2015-06-21 -> 2025-10-05) (Yahoo error = "Data doesn't exist for startDate = 1434859200, endDate = 1759636800")
$CCE: possibly delisted; no price data found  (1d 1927-09-17 -> 2026-08-23)

1 Failed download:
['CAM']: possibly delisted; no price data found  (1d 2015-06-21 -> 2025-10-05) (Yahoo error = "Data doesn't exist for startDate = 1434859200, endDate = 1759636800")
$BRCM: possibly delisted; no price data found  (1d 2015-06-21 -> 2015-07-02)

1 Failed download:
['BRCM']: possibly delisted; no price data found  (1d 2015-06-21 -> 2015-07-02)
$CBS: possibly delisted; no timezone found
$CCE: possibly delisted; no price data found  (1d 2015-06-21 -> 2015-07-02)

1 Failed download:
['CCE']: possibly delisted; no price data found  (1d 2015-06-21 -> 2015-07-02)
$CBS: possibly delisted; no timezone found
$CERN: possibly delisted; no timezone found
$CELG: possibly delisted; no timezone found
$CERN: possibly delisted; no timezone found

1 Failed download:
['CBS']: possibly delisted; no timezone found

1 Failed download:
['CERN']: possibly delisted; no timezone found
$CELG: possibly delisted; no timezone found

1 Failed download:
['CELG']: possibly delisted; no timezone found
$CHK: possibly delisted; no timezone found
$CHK: possibly delisted; no timezone found

1 Failed download:
['CHK']: possibly delisted; no timezone found
$CMA: possibly delisted; no timezone found
$CMA: possibly delisted; no timezone found

1 Failed download:
['CMA']: possibly delisted; no timezone found
$COG: possibly delisted; no timezone found
$COG: possibly delisted; no timezone found

1 Failed download:
['COG']: possibly delisted; no timezone found
$CTL: possibly delisted; no timezone found
$CTL: possibly delisted; no timezone found

1 Failed download:
['CTL']: possibly delisted; no timezone found
$CTXS: possibly delisted; no timezone found
$CVC: possibly delisted; no price data found  (1d 1927-09-17 -> 2026-08-23)
$CTXS: possibly delisted; no timezone found

1 Failed download:
['CTXS']: possibly delisted; no timezone found
$CVC: possibly delisted; no price data found  (1d 2015-06-21 -> 2015-07-02)

1 Failed download:
['CVC']: possibly delisted; no price data found  (1d 2015-06-21 -> 2015-07-02)
$DFS: possibly delisted; no timezone found
$DFS: possibly delisted; no timezone found

1 Failed download:
['DFS']: possibly delisted; no timezone found
$DISCA: possibly delisted; no timezone found
$DISCA: possibly delisted; no timezone found

1 Failed download:
['DISCA']: possibly delisted; no timezone found
$DISCK: possibly delisted; no timezone found
$DISCK: possibly delisted; no timezone found

1 Failed download:
['DISCK']: possibly delisted; no timezone found
$DNB: possibly delisted; no timezone found
$DNB: possibly delisted; no timezone found

1 Failed download:
['DNB']: possibly delisted; no timezone found
$DO: possibly delisted; no timezone found
$DTV: possibly delisted; no timezone found
$DO: possibly delisted; no timezone found

1 Failed download:
['DO']: possibly delisted; no timezone found
$DTV: possibly delisted; no timezone found

1 Failed download:
['DTV']: possibly delisted; no timezone found
$DOW: possibly delisted; no price data found  (1d 2015-06-21 -> 2019-03-19) (Yahoo error = "Data doesn't exist for startDate = 1434859200, endDate = 1552968000")

1 Failed download:
['DOW']: possibly delisted; no price data found  (1d 2015-06-21 -> 2019-03-19) (Yahoo error = "Data doesn't exist for startDate = 1434859200, endDate = 1552968000")
$EA: possibly delisted; no price data found  (1d 2015-06-21 -> 2016-07-18) (Yahoo error = "Data doesn't exist for startDate = 1434859200, endDate = 1468814400")

1 Failed download:
['EA']: possibly delisted; no price data found  (1d 2015-06-21 -> 2016-07-18) (Yahoo error = "Data doesn't exist for startDate = 1434859200, endDate = 1468814400")
$EMC: possibly delisted; no price data found  (1d 2015-06-21 -> 2015-07-02) (Yahoo error = "Data doesn't exist for startDate = 1434859200, endDate = 1435809600")

1 Failed download:
['EMC']: possibly delisted; no price data found  (1d 2015-06-21 -> 2015-07-02) (Yahoo error = "Data doesn't exist for startDate = 1434859200, endDate = 1435809600")
$ETFC: possibly delisted; no timezone found
$ESV: possibly delisted; no timezone found
$ETFC: possibly delisted; no timezone found
$ESV: possibly delisted; no timezone found

1 Failed download:
['ETFC']: possibly delisted; no timezone found

1 Failed download:
['ESV']: possibly delisted; no timezone found
$FB: possibly delisted; no price data found  (1d 2015-06-21 -> 2015-07-02) (Yahoo error = "Data doesn't exist for startDate = 1434859200, endDate = 1435809600")

1 Failed download:
['FB']: possibly delisted; no price data found  (1d 2015-06-21 -> 2015-07-02) (Yahoo error = "Data doesn't exist for startDate = 1434859200, endDate = 1435809600")
$FLIR: possibly delisted; no timezone found
$FLIR: possibly delisted; no timezone found

1 Failed download:
['FLIR']: possibly delisted; no timezone found
$GAS: possibly delisted; no price data found  (1d 1927-09-17 -> 2026-08-23)
$FOXA: possibly delisted; no price data found  (1d 2015-06-21 -> 2019-03-11) (Yahoo error = "Data doesn't exist for startDate = 1434859200, endDate = 1552276800")

1 Failed download:
['FOXA']: possibly delisted; no price data found  (1d 2015-06-21 -> 2019-03-11) (Yahoo error = "Data doesn't exist for startDate = 1434859200, endDate = 1552276800")
$GGP: possibly delisted; no price data found  (1d 1927-09-17 -> 2026-08-23)
$FTR: possibly delisted; no timezone found
$GAS: possibly delisted; no price data found  (1d 2015-06-21 -> 2015-07-02)

1 Failed download:
['GAS']: possibly delisted; no price data found  (1d 2015-06-21 -> 2015-07-02)
$FTR: possibly delisted; no timezone found

1 Failed download:
['FTR']: possibly delisted; no timezone found
$GGP: possibly delisted; no price data found  (1d 2015-06-21 -> 2015-07-02)

1 Failed download:
['GGP']: possibly delisted; no price data found  (1d 2015-06-21 -> 2015-07-02)
$GMCR: possibly delisted; no price data found  (1d 1927-09-17 -> 2026-08-23)
$GMCR: possibly delisted; no price data found  (1d 2015-06-21 -> 2015-07-02)

1 Failed download:
['GMCR']: possibly delisted; no price data found  (1d 2015-06-21 -> 2015-07-02)
$GPS: possibly delisted; no timezone found
$HAR: possibly delisted; no price data found  (1d 1927-09-17 -> 2026-08-23)
$GPS: possibly delisted; no timezone found

1 Failed download:
['GPS']: possibly delisted; no timezone found
$HAR: possibly delisted; no price data found  (1d 2015-06-21 -> 2015-07-02)

1 Failed download:
['HAR']: possibly delisted; no price data found  (1d 2015-06-21 -> 2015-07-02)
$HBI: possibly delisted; no timezone found
$HCBK: possibly delisted; no price data found  (1d 1927-09-17 -> 2026-08-23)
$HBI: possibly delisted; no timezone found

1 Failed download:
['HBI']: possibly delisted; no timezone found
$HCP: possibly delisted; no timezone found
$HCP: possibly delisted; no timezone found

1 Failed download:
['HCP']: possibly delisted; no timezone found
$HCBK: possibly delisted; no price data found  (1d 2015-06-21 -> 2015-07-02)

1 Failed download:
['HCBK']: possibly delisted; no price data found  (1d 2015-06-21 -> 2015-07-02)
$HES: possibly delisted; no timezone found
$HES: possibly delisted; no timezone found

1 Failed download:
['HES']: possibly delisted; no timezone found
$HCA: possibly delisted; no price data found  (1d 2015-06-21 -> 2015-06-21)

1 Failed download:
['HCA']: possibly delisted; no price data found  (1d 2015-06-21 -> 2015-06-21)
$HSP: possibly delisted; no price data found  (1d 1927-09-17 -> 2026-08-23)
$HSP: possibly delisted; no price data found  (1d 2015-06-21 -> 2015-07-02)

1 Failed download:
['HSP']: possibly delisted; no price data found  (1d 2015-06-21 -> 2015-07-02)
$IPG: possibly delisted; no timezone found
$IPG: possibly delisted; no timezone found

1 Failed download:
['IPG']: possibly delisted; no timezone found
$IR: possibly delisted; no price data found  (1d 2015-06-21 -> 2017-05-11) (Yahoo error = "Data doesn't exist for startDate = 1434859200, endDate = 1494475200")
$JEC: possibly delisted; no timezone found

1 Failed download:
['IR']: possibly delisted; no price data found  (1d 2015-06-21 -> 2017-05-11) (Yahoo error = "Data doesn't exist for startDate = 1434859200, endDate = 1494475200")
$JEC: possibly delisted; no timezone found

1 Failed download:
['JEC']: possibly delisted; no timezone found
$JNPR: possibly delisted; no timezone found
$JOY: possibly delisted; no price data found  (1d 1927-09-17 -> 2026-08-23)
$JNPR: possibly delisted; no timezone found

1 Failed download:
['JNPR']: possibly delisted; no timezone found
$JOY: possibly delisted; no price data found  (1d 2015-06-21 -> 2015-07-02)

1 Failed download:
['JOY']: possibly delisted; no price data found  (1d 2015-06-21 -> 2015-07-02)
$JWN: possibly delisted; no timezone found
$K: possibly delisted; no timezone found
$JWN: possibly delisted; no timezone found

1 Failed download:
['JWN']: possibly delisted; no timezone found
$JBHT: possibly delisted; no price data found  (1d 2015-06-21 -> 2015-06-21)

1 Failed download:
['JBHT']: possibly delisted; no price data found  (1d 2015-06-21 -> 2015-06-21)
$K: possibly delisted; no timezone found

1 Failed download:
['K']: possibly delisted; no timezone found
$KORS: possibly delisted; no price data found  (1d 1927-09-17 -> 2026-08-23)
$KORS: possibly delisted; no price data found  (1d 2015-06-21 -> 2015-07-02)

1 Failed download:
['KORS']: possibly delisted; no price data found  (1d 2015-06-21 -> 2015-07-02)
$KSU: possibly delisted; no timezone found
$KSU: possibly delisted; no timezone found

1 Failed download:
['KSU']: possibly delisted; no timezone found
$LLL: possibly delisted; no timezone found
$LLTC: possibly delisted; no price data found  (1d 1927-09-17 -> 2026-08-23)
$LLL: possibly delisted; no timezone found

1 Failed download:
['LLL']: possibly delisted; no timezone found
$LB: possibly delisted; no price data found  (1d 2015-06-21 -> 2015-07-02) (Yahoo error = "Data doesn't exist for startDate = 1434859200, endDate = 1435809600")

1 Failed download:
['LB']: possibly delisted; no price data found  (1d 2015-06-21 -> 2015-07-02) (Yahoo error = "Data doesn't exist for startDate = 1434859200, endDate = 1435809600")
$LLTC: possibly delisted; no price data found  (1d 2015-06-21 -> 2015-07-02)

1 Failed download:
['LLTC']: possibly delisted; no price data found  (1d 2015-06-21 -> 2015-07-02)
$LM: possibly delisted; no timezone found
$LM: possibly delisted; no timezone found

1 Failed download:
['LM']: possibly delisted; no timezone found
$LVLT: possibly delisted; no price data found  (1d 1927-09-17 -> 2026-08-23)
$LVLT: possibly delisted; no price data found  (1d 2015-06-21 -> 2015-07-02)

1 Failed download:
['LVLT']: possibly delisted; no price data found  (1d 2015-06-21 -> 2015-07-02)
$MJN: possibly delisted; no price data found  (1d 1927-09-17 -> 2026-08-23)
$MJN: possibly delisted; no price data found  (1d 2015-06-21 -> 2015-07-02)

1 Failed download:
['MJN']: possibly delisted; no price data found  (1d 2015-06-21 -> 2015-07-02)
$MMC: possibly delisted; no timezone found
$MNK: possibly delisted; no timezone found
$MMC: possibly delisted; no timezone found
$MON: possibly delisted; no timezone found

1 Failed download:
['MMC']: possibly delisted; no timezone found
$MNK: possibly delisted; no timezone found

1 Failed download:
['MNK']: possibly delisted; no timezone found
$MON: possibly delisted; no timezone found

1 Failed download:
['MON']: possibly delisted; no timezone found
$MRO: possibly delisted; no timezone found
$MRO: possibly delisted; no timezone found

1 Failed download:
['MRO']: possibly delisted; no timezone found
$MYL: possibly delisted; no timezone found
$NBL: possibly delisted; no timezone found
$MYL: possibly delisted; no timezone found

1 Failed download:
['MYL']: possibly delisted; no timezone found
$NBL: possibly delisted; no timezone found

1 Failed download:
['NBL']: possibly delisted; no timezone found
$NE: possibly delisted; no price data found  (1d 2015-06-21 -> 2021-06-08) (Yahoo error = "Data doesn't exist for startDate = 1434859200, endDate = 1623124800")

1 Failed download:
['NE']: possibly delisted; no price data found  (1d 2015-06-21 -> 2021-06-08) (Yahoo error = "Data doesn't exist for startDate = 1434859200, endDate = 1623124800")
$NLSN: possibly delisted; no timezone found
$NFX: possibly delisted; no price data found  (1d 2015-06-21 -> 2026-07-06) (Yahoo error = "Data doesn't exist for startDate = 1434859200, endDate = 1783310400")

1 Failed download:
['NFX']: possibly delisted; no price data found  (1d 2015-06-21 -> 2026-07-06) (Yahoo error = "Data doesn't exist for startDate = 1434859200, endDate = 1783310400")
$NLSN: possibly delisted; no timezone found

1 Failed download:
['NLSN']: possibly delisted; no timezone found
$PBCT: possibly delisted; no timezone found
$PBCT: possibly delisted; no timezone found

1 Failed download:
['PBCT']: possibly delisted; no timezone found
$PCP: possibly delisted; no price data found  (1d 1927-09-17 -> 2026-08-23)
$PCP: possibly delisted; no price data found  (1d 2015-06-21 -> 2015-07-02) (Yahoo error = "Data doesn't exist for startDate = 1434859200, endDate = 1435809600")
$PDCO: possibly delisted; no timezone found

1 Failed download:
['PCP']: possibly delisted; no price data found  (1d 2015-06-21 -> 2015-07-02) (Yahoo error = "Data doesn't exist for startDate = 1434859200, endDate = 1435809600")
$PDCO: possibly delisted; no timezone found

1 Failed download:
['PDCO']: possibly delisted; no timezone found
$PCL: possibly delisted; no price data found  (1d 2015-06-21 -> 2015-07-02) (Yahoo error = "Data doesn't exist for startDate = 1434859200, endDate = 1435809600")

1 Failed download:
['PCL']: possibly delisted; no price data found  (1d 2015-06-21 -> 2015-07-02) (Yahoo error = "Data doesn't exist for startDate = 1434859200, endDate = 1435809600")
$PLL: possibly delisted; no timezone found
$PKI: possibly delisted; no timezone found
$PLL: possibly delisted; no timezone found
$PKI: possibly delisted; no timezone found

1 Failed download:

1 Failed download:
['PKI']: possibly delisted; no timezone found
['PLL']: possibly delisted; no timezone found
$POM: possibly delisted; no price data found  (1d 2015-06-21 -> 2015-07-02) (Yahoo error = "Data doesn't exist for startDate = 1434859200, endDate = 1435809600")

1 Failed download:
['POM']: possibly delisted; no price data found  (1d 2015-06-21 -> 2015-07-02) (Yahoo error = "Data doesn't exist for startDate = 1434859200, endDate = 1435809600")
$PXD: possibly delisted; no timezone found
$PX: possibly delisted; no timezone found
$PXD: possibly delisted; no timezone found

1 Failed download:
['PXD']: possibly delisted; no timezone found
$PX: possibly delisted; no timezone found

1 Failed download:
['PX']: possibly delisted; no timezone found
$RAI: possibly delisted; no price data found  (1d 1927-09-17 -> 2026-08-23)
$QRVO: possibly delisted; no price data found  (1d 2015-06-21 -> 2015-06-21)

1 Failed download:
['QRVO']: possibly delisted; no price data found  (1d 2015-06-21 -> 2015-06-21)
$RAI: possibly delisted; no price data found  (1d 2015-06-21 -> 2015-07-02)

1 Failed download:
['RAI']: possibly delisted; no price data found  (1d 2015-06-21 -> 2015-07-02)
$RHT: possibly delisted; no timezone found
$RHT: possibly delisted; no timezone found

1 Failed download:
['RHT']: possibly delisted; no timezone found
$RTN: possibly delisted; no timezone found
$RTN: possibly delisted; no timezone found

1 Failed download:
['RTN']: possibly delisted; no timezone found
$SIAL: possibly delisted; no price data found  (1d 1927-09-17 -> 2026-08-23)
$SEE: possibly delisted; no timezone found
$SEE: possibly delisted; no timezone found

1 Failed download:
['SEE']: possibly delisted; no timezone found
$SIAL: possibly delisted; no price data found  (1d 2015-06-21 -> 2015-07-02)

1 Failed download:
['SIAL']: possibly delisted; no price data found  (1d 2015-06-21 -> 2015-07-02)
$SE: possibly delisted; no price data found  (1d 2015-06-21 -> 2015-07-02) (Yahoo error = "Data doesn't exist for startDate = 1434859200, endDate = 1435809600")

1 Failed download:
['SE']: possibly delisted; no price data found  (1d 2015-06-21 -> 2015-07-02) (Yahoo error = "Data doesn't exist for startDate = 1434859200, endDate = 1435809600")
$SNI: possibly delisted; no price data found  (1d 1927-09-17 -> 2026-08-23)
$SCG: possibly delisted; no price data found  (1d 2015-06-21 -> 2015-07-15) (Yahoo error = "Data doesn't exist for startDate = 1434859200, endDate = 1436932800")

1 Failed download:
['SCG']: possibly delisted; no price data found  (1d 2015-06-21 -> 2015-07-15) (Yahoo error = "Data doesn't exist for startDate = 1434859200, endDate = 1436932800")
$SNI: possibly delisted; no price data found  (1d 2015-06-21 -> 2015-07-02)

1 Failed download:
['SNI']: possibly delisted; no price data found  (1d 2015-06-21 -> 2015-07-02)
$SNDK: possibly delisted; no price data found  (1d 2015-06-21 -> 2025-02-12) (Yahoo error = "Data doesn't exist for startDate = 1434859200, endDate = 1739336400")

1 Failed download:
['SNDK']: possibly delisted; no price data found  (1d 2015-06-21 -> 2025-02-12) (Yahoo error = "Data doesn't exist for startDate = 1434859200, endDate = 1739336400")
$SLG: possibly delisted; no price data found  (1d 2015-06-21 -> 2015-06-21)

1 Failed download:
['SLG']: possibly delisted; no price data found  (1d 2015-06-21 -> 2015-06-21)
$SRCL: possibly delisted; no timezone found
$SRCL: possibly delisted; no timezone found

1 Failed download:
['SRCL']: possibly delisted; no timezone found
$STJ: possibly delisted; no price data found  (1d 1927-09-17 -> 2026-08-23)
$SPLS: possibly delisted; no price data found  (1d 2015-06-21 -> 2026-01-15) (Yahoo error = "Data doesn't exist for startDate = 1434859200, endDate = 1768453200")

1 Failed download:
['SPLS']: possibly delisted; no price data found  (1d 2015-06-21 -> 2026-01-15) (Yahoo error = "Data doesn't exist for startDate = 1434859200, endDate = 1768453200")
$STJ: possibly delisted; no price data found  (1d 2015-06-21 -> 2015-07-02)

1 Failed download:
['STJ']: possibly delisted; no price data found  (1d 2015-06-21 -> 2015-07-02)
$STI: possibly delisted; no price data found  (1d 2015-06-21 -> 2015-07-02) (Yahoo error = "Data doesn't exist for startDate = 1434859200, endDate = 1435809600")

1 Failed download:
['STI']: possibly delisted; no price data found  (1d 2015-06-21 -> 2015-07-02) (Yahoo error = "Data doesn't exist for startDate = 1434859200, endDate = 1435809600")
$SYMC: possibly delisted; no timezone found
$SYMC: possibly delisted; no timezone found

1 Failed download:
['SYMC']: possibly delisted; no timezone found
$TGNA: possibly delisted; no timezone found
$TGNA: possibly delisted; no timezone found

1 Failed download:
['TGNA']: possibly delisted; no timezone found
$SWKS: possibly delisted; no price data found  (1d 2015-06-21 -> 2015-06-21)

1 Failed download:
['SWKS']: possibly delisted; no price data found  (1d 2015-06-21 -> 2015-06-21)
$TE: possibly delisted; no price data found  (1d 2015-06-21 -> 2015-07-02) (Yahoo error = "Data doesn't exist for startDate = 1434859200, endDate = 1435809600")

1 Failed download:
['TE']: possibly delisted; no price data found  (1d 2015-06-21 -> 2015-07-02) (Yahoo error = "Data doesn't exist for startDate = 1434859200, endDate = 1435809600")
$TMK: possibly delisted; no timezone found
$TIF: possibly delisted; no timezone found
$TIF: possibly delisted; no timezone found

1 Failed download:
['TIF']: possibly delisted; no timezone found
$TMK: possibly delisted; no timezone found

1 Failed download:
['TMK']: possibly delisted; no timezone found
$TSS: possibly delisted; no timezone found
$TSS: possibly delisted; no timezone found

1 Failed download:
['TSS']: possibly delisted; no timezone found
$TWC: possibly delisted; no price data found  (1d 1927-09-17 -> 2026-08-23)
$TWC: possibly delisted; no price data found  (1d 2015-06-21 -> 2015-07-02)

1 Failed download:
['TWC']: possibly delisted; no price data found  (1d 2015-06-21 -> 2015-07-02)
$UTX: possibly delisted; no timezone found
$VAR: possibly delisted; no timezone found
$VIAB: possibly delisted; no timezone found
$UTX: possibly delisted; no timezone found

1 Failed download:
['UTX']: possibly delisted; no timezone found
$VIAB: possibly delisted; no timezone found

1 Failed download:
['VIAB']: possibly delisted; no timezone found
$VAR: possibly delisted; no timezone found

1 Failed download:
['VAR']: possibly delisted; no timezone found
$WBA: possibly delisted; no timezone found
$WBA: possibly delisted; no timezone found

1 Failed download:
['WBA']: possibly delisted; no timezone found
$WFM: possibly delisted; no price data found  (1d 1927-09-17 -> 2026-08-23)
$WFM: possibly delisted; no price data found  (1d 2015-06-21 -> 2015-07-02)

1 Failed download:
['WFM']: possibly delisted; no price data found  (1d 2015-06-21 -> 2015-07-02)
$WYND: possibly delisted; no timezone found
$WYND: possibly delisted; no timezone found

1 Failed download:
['WYND']: possibly delisted; no timezone found
$XEC: possibly delisted; no timezone found
$XEC: possibly delisted; no timezone found

1 Failed download:
['XEC']: possibly delisted; no timezone found
$XLNX: possibly delisted; no timezone found
$XL: possibly delisted; no timezone found
$XLNX: possibly delisted; no timezone found

1 Failed download:
['XLNX']: possibly delisted; no timezone found
$XL: possibly delisted; no timezone found

1 Failed download:
['XL']: possibly delisted; no timezone found
[h11]     [3/4] 2015-07-01: picks=['NFLX', 'GILD', 'NKE'] (pool=40, 후보=37, 112.8s)
$AABA: possibly delisted; no timezone found
$AABA: possibly delisted; no timezone found
$ABC: possibly delisted; no timezone found

1 Failed download:
['AABA']: possibly delisted; no timezone found
$ABC: possibly delisted; no timezone found

1 Failed download:
['ABC']: possibly delisted; no timezone found
$ADS: possibly delisted; no timezone found
$ADS: possibly delisted; no timezone found

1 Failed download:
['ADS']: possibly delisted; no timezone found
$AAP: possibly delisted; no price data found  (1d 2015-12-25 -> 2015-12-27)

1 Failed download:
['AAP']: possibly delisted; no price data found  (1d 2015-12-25 -> 2015-12-27)
$ADT: possibly delisted; no price data found  (1d 2015-12-25 -> 2018-01-18) (Yahoo error = "Data doesn't exist for startDate = 1451019600, endDate = 1516251600")

1 Failed download:
['ADT']: possibly delisted; no price data found  (1d 2015-12-25 -> 2018-01-18) (Yahoo error = "Data doesn't exist for startDate = 1451019600, endDate = 1516251600")
$AGN: possibly delisted; no timezone found
$AGN: possibly delisted; no timezone found

1 Failed download:
['AGN']: possibly delisted; no timezone found
$ALXN: possibly delisted; no timezone found
$ALXN: possibly delisted; no timezone found

1 Failed download:
['ALXN']: possibly delisted; no timezone found
$ANTM: possibly delisted; no timezone found
$ANTM: possibly delisted; no timezone found

1 Failed download:
['ANTM']: possibly delisted; no timezone found
$ARG: possibly delisted; no price data found  (1d 1927-09-17 -> 2026-08-23)
$ARNC: possibly delisted; no timezone found
$ATVI: possibly delisted; no timezone found
$ARG: possibly delisted; no price data found  (1d 2015-12-25 -> 2016-01-05) (Yahoo error = "Data doesn't exist for startDate = 1451019600, endDate = 1451970000")

1 Failed download:
['ARG']: possibly delisted; no price data found  (1d 2015-12-25 -> 2016-01-05) (Yahoo error = "Data doesn't exist for startDate = 1451019600, endDate = 1451970000")
$ARNC: possibly delisted; no timezone found
$APC: possibly delisted; no price data found  (1d 2015-12-25 -> 2026-02-11) (Yahoo error = "Data doesn't exist for startDate = 1451019600, endDate = 1770786000")

1 Failed download:
['APC']: possibly delisted; no price data found  (1d 2015-12-25 -> 2026-02-11) (Yahoo error = "Data doesn't exist for startDate = 1451019600, endDate = 1770786000")

1 Failed download:
['ARNC']: possibly delisted; no timezone found
$ATVI: possibly delisted; no timezone found

1 Failed download:
['ATVI']: possibly delisted; no timezone found
$BCR: possibly delisted; no price data found  (1d 1927-09-17 -> 2026-08-23)
$BCR: possibly delisted; no price data found  (1d 2015-12-25 -> 2016-01-05)

1 Failed download:
['BCR']: possibly delisted; no price data found  (1d 2015-12-25 -> 2016-01-05)
$BHGE: possibly delisted; no timezone found
$BHGE: possibly delisted; no timezone found

1 Failed download:
['BHGE']: possibly delisted; no timezone found
$BLL: possibly delisted; no timezone found
$BK: possibly delisted; no timezone found
$BLL: possibly delisted; no timezone found
$BRCM: possibly delisted; no price data found  (1d 1927-09-17 -> 2026-08-23)

1 Failed download:
['BLL']: possibly delisted; no timezone found
$BK: possibly delisted; no timezone found

1 Failed download:
['BK']: possibly delisted; no timezone found
$BRCM: possibly delisted; no price data found  (1d 2015-12-25 -> 2016-01-05)

1 Failed download:
['BRCM']: possibly delisted; no price data found  (1d 2015-12-25 -> 2016-01-05)
$BXLT: possibly delisted; no price data found  (1d 1927-09-17 -> 2026-08-23)
$BXLT: possibly delisted; no price data found  (1d 2015-12-25 -> 2016-01-05)

1 Failed download:
['BXLT']: possibly delisted; no price data found  (1d 2015-12-25 -> 2016-01-05)
$CA: possibly delisted; no timezone found
$CA: possibly delisted; no timezone found

1 Failed download:
['CA']: possibly delisted; no timezone found
$CCE: possibly delisted; no price data found  (1d 1927-09-17 -> 2026-08-23)
$CBS: possibly delisted; no timezone found
$CAM: possibly delisted; no price data found  (1d 2015-12-25 -> 2025-10-05) (Yahoo error = "Data doesn't exist for startDate = 1451019600, endDate = 1759636800")

1 Failed download:
['CAM']: possibly delisted; no price data found  (1d 2015-12-25 -> 2025-10-05) (Yahoo error = "Data doesn't exist for startDate = 1451019600, endDate = 1759636800")
$CBS: possibly delisted; no timezone found

1 Failed download:
['CBS']: possibly delisted; no timezone found
$CCE: possibly delisted; no price data found  (1d 2015-12-25 -> 2016-01-05)

1 Failed download:
['CCE']: possibly delisted; no price data found  (1d 2015-12-25 -> 2016-01-05)
$CERN: possibly delisted; no timezone found
$CELG: possibly delisted; no timezone found
$CERN: possibly delisted; no timezone found

1 Failed download:
['CERN']: possibly delisted; no timezone found
$CELG: possibly delisted; no timezone found
$CHK: possibly delisted; no timezone found

1 Failed download:
['CELG']: possibly delisted; no timezone found
$CHK: possibly delisted; no timezone found

1 Failed download:
['CHK']: possibly delisted; no timezone found
$CMA: possibly delisted; no timezone found
$CMA: possibly delisted; no timezone found

1 Failed download:
['CMA']: possibly delisted; no timezone found
$CCEP: possibly delisted; no price data found  (1d 2015-12-25 -> 2015-12-27)

1 Failed download:
['CCEP']: possibly delisted; no price data found  (1d 2015-12-25 -> 2015-12-27)
$CHD: possibly delisted; no price data found  (1d 2015-12-25 -> 2015-12-27)

1 Failed download:
['CHD']: possibly delisted; no price data found  (1d 2015-12-25 -> 2015-12-27)
$COG: possibly delisted; no timezone found
$COG: possibly delisted; no timezone found

1 Failed download:
['COG']: possibly delisted; no timezone found
$CPGX: possibly delisted; no price data found  (1d 1927-09-17 -> 2026-08-23)
$CPGX: possibly delisted; no price data found  (1d 2015-12-25 -> 2016-01-05)

1 Failed download:
['CPGX']: possibly delisted; no price data found  (1d 2015-12-25 -> 2016-01-05)
$CPRI: possibly delisted; no price data found  (1d 2015-12-25 -> 2015-12-27)

1 Failed download:
['CPRI']: possibly delisted; no price data found  (1d 2015-12-25 -> 2015-12-27)
$CSRA: possibly delisted; no price data found  (1d 2015-12-25 -> 2016-01-05) (Yahoo error = "Data doesn't exist for startDate = 1451019600, endDate = 1451970000")

1 Failed download:
['CSRA']: possibly delisted; no price data found  (1d 2015-12-25 -> 2016-01-05) (Yahoo error = "Data doesn't exist for startDate = 1451019600, endDate = 1451970000")
$CTXS: possibly delisted; no timezone found
$CTL: possibly delisted; no timezone found
$CVC: possibly delisted; no price data found  (1d 1927-09-17 -> 2026-08-23)
$CTXS: possibly delisted; no timezone found
$CTL: possibly delisted; no timezone found

1 Failed download:
['CTXS']: possibly delisted; no timezone found

1 Failed download:
['CTL']: possibly delisted; no timezone found
$CVC: possibly delisted; no price data found  (1d 2015-12-25 -> 2016-01-05)

1 Failed download:
['CVC']: possibly delisted; no price data found  (1d 2015-12-25 -> 2016-01-05)
$DFS: possibly delisted; no timezone found
$DFS: possibly delisted; no timezone found

1 Failed download:
['DFS']: possibly delisted; no timezone found
$DISCA: possibly delisted; no timezone found
$DISCA: possibly delisted; no timezone found
$DISCK: possibly delisted; no timezone found

1 Failed download:
['DISCA']: possibly delisted; no timezone found
$DNB: possibly delisted; no timezone found
$DO: possibly delisted; no timezone found
$DISCK: possibly delisted; no timezone found

1 Failed download:
['DISCK']: possibly delisted; no timezone found
$DO: possibly delisted; no timezone found

1 Failed download:
['DO']: possibly delisted; no timezone found
$DNB: possibly delisted; no timezone found

1 Failed download:
['DNB']: possibly delisted; no timezone found
$DOW: possibly delisted; no price data found  (1d 2015-12-25 -> 2019-03-19) (Yahoo error = "Data doesn't exist for startDate = 1451019600, endDate = 1552968000")

1 Failed download:
['DOW']: possibly delisted; no price data found  (1d 2015-12-25 -> 2019-03-19) (Yahoo error = "Data doesn't exist for startDate = 1451019600, endDate = 1552968000")
$EA: possibly delisted; no price data found  (1d 2015-12-25 -> 2016-07-18) (Yahoo error = "Data doesn't exist for startDate = 1451019600, endDate = 1468814400")

1 Failed download:
['EA']: possibly delisted; no price data found  (1d 2015-12-25 -> 2016-07-18) (Yahoo error = "Data doesn't exist for startDate = 1451019600, endDate = 1468814400")
$EMC: possibly delisted; no price data found  (1d 2015-12-25 -> 2016-01-05) (Yahoo error = "Data doesn't exist for startDate = 1451019600, endDate = 1451970000")

1 Failed download:
['EMC']: possibly delisted; no price data found  (1d 2015-12-25 -> 2016-01-05) (Yahoo error = "Data doesn't exist for startDate = 1451019600, endDate = 1451970000")
$ESV: possibly delisted; no timezone found
$ESV: possibly delisted; no timezone found

1 Failed download:
['ESV']: possibly delisted; no timezone found
$ETFC: possibly delisted; no timezone found
$ETFC: possibly delisted; no timezone found

1 Failed download:
['ETFC']: possibly delisted; no timezone found
$FB: possibly delisted; no price data found  (1d 2015-12-25 -> 2016-01-05) (Yahoo error = "Data doesn't exist for startDate = 1451019600, endDate = 1451970000")

1 Failed download:
['FB']: possibly delisted; no price data found  (1d 2015-12-25 -> 2016-01-05) (Yahoo error = "Data doesn't exist for startDate = 1451019600, endDate = 1451970000")
$FLIR: possibly delisted; no timezone found
$FLIR: possibly delisted; no timezone found

1 Failed download:
['FLIR']: possibly delisted; no timezone found
$GAS: possibly delisted; no price data found  (1d 1927-09-17 -> 2026-08-23)
$FTR: possibly delisted; no timezone found
$GAS: possibly delisted; no price data found  (1d 2015-12-25 -> 2016-01-05)

1 Failed download:
['GAS']: possibly delisted; no price data found  (1d 2015-12-25 -> 2016-01-05)
$FOX: possibly delisted; no price data found  (1d 2015-12-25 -> 2019-03-12) (Yahoo error = "Data doesn't exist for startDate = 1451019600, endDate = 1552363200")
$FTR: possibly delisted; no timezone found

1 Failed download:
['FOX']: possibly delisted; no price data found  (1d 2015-12-25 -> 2019-03-12) (Yahoo error = "Data doesn't exist for startDate = 1451019600, endDate = 1552363200")

1 Failed download:
['FTR']: possibly delisted; no timezone found
$GGP: possibly delisted; no price data found  (1d 1927-09-17 -> 2026-08-23)
$FOXA: possibly delisted; no price data found  (1d 2015-12-25 -> 2019-03-11) (Yahoo error = "Data doesn't exist for startDate = 1451019600, endDate = 1552276800")

1 Failed download:
['FOXA']: possibly delisted; no price data found  (1d 2015-12-25 -> 2019-03-11) (Yahoo error = "Data doesn't exist for startDate = 1451019600, endDate = 1552276800")
$GMCR: possibly delisted; no price data found  (1d 1927-09-17 -> 2026-08-23)
$GGP: possibly delisted; no price data found  (1d 2015-12-25 -> 2016-01-05)

1 Failed download:
['GGP']: possibly delisted; no price data found  (1d 2015-12-25 -> 2016-01-05)
$GMCR: possibly delisted; no price data found  (1d 2015-12-25 -> 2016-01-05)

1 Failed download:
['GMCR']: possibly delisted; no price data found  (1d 2015-12-25 -> 2016-01-05)
$GPS: possibly delisted; no timezone found
$GPS: possibly delisted; no timezone found

1 Failed download:
['GPS']: possibly delisted; no timezone found
$HAR: possibly delisted; no price data found  (1d 1927-09-17 -> 2026-08-23)
$HAR: possibly delisted; no price data found  (1d 2015-12-25 -> 2016-01-05)

1 Failed download:
['HAR']: possibly delisted; no price data found  (1d 2015-12-25 -> 2016-01-05)
$HBI: possibly delisted; no timezone found
$HBI: possibly delisted; no timezone found

1 Failed download:
['HBI']: possibly delisted; no timezone found
$HCP: possibly delisted; no timezone found
$HCP: possibly delisted; no timezone found

1 Failed download:
['HCP']: possibly delisted; no timezone found
$HES: possibly delisted; no timezone found
$HES: possibly delisted; no timezone found

1 Failed download:
['HES']: possibly delisted; no timezone found
$HPE: possibly delisted; no price data found  (1d 2015-12-25 -> 2015-12-27)

1 Failed download:
['HPE']: possibly delisted; no price data found  (1d 2015-12-25 -> 2015-12-27)
$ILMN: possibly delisted; no price data found  (1d 2015-12-25 -> 2015-12-27)

1 Failed download:
['ILMN']: possibly delisted; no price data found  (1d 2015-12-25 -> 2015-12-27)
$IPG: possibly delisted; no timezone found
$IPG: possibly delisted; no timezone found

1 Failed download:
['IPG']: possibly delisted; no timezone found
$JEC: possibly delisted; no timezone found
$JEC: possibly delisted; no timezone found

1 Failed download:
['JEC']: possibly delisted; no timezone found
$IR: possibly delisted; no price data found  (1d 2015-12-25 -> 2017-05-11) (Yahoo error = "Data doesn't exist for startDate = 1451019600, endDate = 1494475200")

1 Failed download:
['IR']: possibly delisted; no price data found  (1d 2015-12-25 -> 2017-05-11) (Yahoo error = "Data doesn't exist for startDate = 1451019600, endDate = 1494475200")
$JNPR: possibly delisted; no timezone found
$K: possibly delisted; no timezone found
$JWN: possibly delisted; no timezone found
$JNPR: possibly delisted; no timezone found

1 Failed download:
['JNPR']: possibly delisted; no timezone found
$K: possibly delisted; no timezone found

1 Failed download:
['K']: possibly delisted; no timezone found
$JWN: possibly delisted; no timezone found

1 Failed download:
['JWN']: possibly delisted; no timezone found
$KHC: possibly delisted; no price data found  (1d 2015-12-25 -> 2015-12-27)

1 Failed download:
['KHC']: possibly delisted; no price data found  (1d 2015-12-25 -> 2015-12-27)
$KORS: possibly delisted; no price data found  (1d 1927-09-17 -> 2026-08-23)
$KORS: possibly delisted; no price data found  (1d 2015-12-25 -> 2016-01-05)

1 Failed download:
['KORS']: possibly delisted; no price data found  (1d 2015-12-25 -> 2016-01-05)
$KSU: possibly delisted; no timezone found
$LLL: possibly delisted; no timezone found
$KSU: possibly delisted; no timezone found
$LLL: possibly delisted; no timezone found

1 Failed download:
['KSU']: possibly delisted; no timezone found
$LB: possibly delisted; no price data found  (1d 2015-12-25 -> 2016-01-05) (Yahoo error = "Data doesn't exist for startDate = 1451019600, endDate = 1451970000")

1 Failed download:
['LLL']: possibly delisted; no timezone found

1 Failed download:
['LB']: possibly delisted; no price data found  (1d 2015-12-25 -> 2016-01-05) (Yahoo error = "Data doesn't exist for startDate = 1451019600, endDate = 1451970000")
$LLTC: possibly delisted; no price data found  (1d 1927-09-17 -> 2026-08-23)
$LM: possibly delisted; no timezone found
$LLTC: possibly delisted; no price data found  (1d 2015-12-25 -> 2016-01-05)

1 Failed download:
['LLTC']: possibly delisted; no price data found  (1d 2015-12-25 -> 2016-01-05)
$LM: possibly delisted; no timezone found

1 Failed download:
['LM']: possibly delisted; no timezone found
$LVLT: possibly delisted; no price data found  (1d 1927-09-17 -> 2026-08-23)
$LVLT: possibly delisted; no price data found  (1d 2015-12-25 -> 2016-01-05)

1 Failed download:
['LVLT']: possibly delisted; no price data found  (1d 2015-12-25 -> 2016-01-05)
$MJN: possibly delisted; no price data found  (1d 1927-09-17 -> 2026-08-23)
$MJN: possibly delisted; no price data found  (1d 2015-12-25 -> 2016-01-05)

1 Failed download:
['MJN']: possibly delisted; no price data found  (1d 2015-12-25 -> 2016-01-05)
$MMC: possibly delisted; no timezone found
$MNK: possibly delisted; no timezone found
$MMC: possibly delisted; no timezone found

1 Failed download:
['MMC']: possibly delisted; no timezone found
$MNK: possibly delisted; no timezone found

1 Failed download:
['MNK']: possibly delisted; no timezone found
$MON: possibly delisted; no timezone found
$MON: possibly delisted; no timezone found

1 Failed download:
['MON']: possibly delisted; no timezone found
$MRO: possibly delisted; no timezone found
$MRO: possibly delisted; no timezone found

1 Failed download:
['MRO']: possibly delisted; no timezone found
$MYL: possibly delisted; no timezone found
$MYL: possibly delisted; no timezone found

1 Failed download:
['MYL']: possibly delisted; no timezone found
$NBL: possibly delisted; no timezone found
$NBL: possibly delisted; no timezone found

1 Failed download:
['NBL']: possibly delisted; no timezone found
$NFX: possibly delisted; no price data found  (1d 2015-12-25 -> 2026-07-06) (Yahoo error = "Data doesn't exist for startDate = 1451019600, endDate = 1783310400")

1 Failed download:
['NFX']: possibly delisted; no price data found  (1d 2015-12-25 -> 2026-07-06) (Yahoo error = "Data doesn't exist for startDate = 1451019600, endDate = 1783310400")
$NLSN: possibly delisted; no timezone found
$NLSN: possibly delisted; no timezone found

1 Failed download:
['NLSN']: possibly delisted; no timezone found
$NWS: possibly delisted; no price data found  (1d 2015-12-25 -> 2015-12-27)

1 Failed download:
['NWS']: possibly delisted; no price data found  (1d 2015-12-25 -> 2015-12-27)
$PBCT: possibly delisted; no timezone found
$PBCT: possibly delisted; no timezone found

1 Failed download:
['PBCT']: possibly delisted; no timezone found
$PCP: possibly delisted; no price data found  (1d 1927-09-17 -> 2026-08-23)
$PCP: possibly delisted; no price data found  (1d 2015-12-25 -> 2016-01-05) (Yahoo error = "Data doesn't exist for startDate = 1451019600, endDate = 1451970000")
$PDCO: possibly delisted; no timezone found

1 Failed download:
['PCP']: possibly delisted; no price data found  (1d 2015-12-25 -> 2016-01-05) (Yahoo error = "Data doesn't exist for startDate = 1451019600, endDate = 1451970000")
$PCL: possibly delisted; no price data found  (1d 2015-12-25 -> 2016-01-05) (Yahoo error = "Data doesn't exist for startDate = 1451019600, endDate = 1451970000")
$PDCO: possibly delisted; no timezone found

1 Failed download:

1 Failed download:
['PDCO']: possibly delisted; no timezone found
['PCL']: possibly delisted; no price data found  (1d 2015-12-25 -> 2016-01-05) (Yahoo error = "Data doesn't exist for startDate = 1451019600, endDate = 1451970000")
$PKI: possibly delisted; no timezone found
$PKI: possibly delisted; no timezone found

1 Failed download:
['PKI']: possibly delisted; no timezone found
$POM: possibly delisted; no price data found  (1d 2015-12-25 -> 2016-01-05) (Yahoo error = "Data doesn't exist for startDate = 1451019600, endDate = 1451970000")

1 Failed download:
['POM']: possibly delisted; no price data found  (1d 2015-12-25 -> 2016-01-05) (Yahoo error = "Data doesn't exist for startDate = 1451019600, endDate = 1451970000")
$PXD: possibly delisted; no timezone found
$PXD: possibly delisted; no timezone found

1 Failed download:
['PXD']: possibly delisted; no timezone found
$RAI: possibly delisted; no price data found  (1d 1927-09-17 -> 2026-08-23)
$RAI: possibly delisted; no price data found  (1d 2015-12-25 -> 2016-01-05)

1 Failed download:
['RAI']: possibly delisted; no price data found  (1d 2015-12-25 -> 2016-01-05)
$PX: possibly delisted; no timezone found
$PX: possibly delisted; no timezone found

1 Failed download:
['PX']: possibly delisted; no timezone found
$RHT: possibly delisted; no timezone found
$RHT: possibly delisted; no timezone found

1 Failed download:
['RHT']: possibly delisted; no timezone found
$RTN: possibly delisted; no timezone found
$RTN: possibly delisted; no timezone found

1 Failed download:
['RTN']: possibly delisted; no timezone found
$SEE: possibly delisted; no timezone found
$SEE: possibly delisted; no timezone found
$SE: possibly delisted; no price data found  (1d 2015-12-25 -> 2016-01-05) (Yahoo error = "Data doesn't exist for startDate = 1451019600, endDate = 1451970000")

1 Failed download:
['SE']: possibly delisted; no price data found  (1d 2015-12-25 -> 2016-01-05) (Yahoo error = "Data doesn't exist for startDate = 1451019600, endDate = 1451970000")

1 Failed download:
['SEE']: possibly delisted; no timezone found
$SNI: possibly delisted; no price data found  (1d 1927-09-17 -> 2026-08-23)
$SNI: possibly delisted; no price data found  (1d 2015-12-25 -> 2016-01-05)

1 Failed download:
['SNI']: possibly delisted; no price data found  (1d 2015-12-25 -> 2016-01-05)
$SIG: possibly delisted; no price data found  (1d 2015-12-25 -> 2015-12-27)

1 Failed download:
['SIG']: possibly delisted; no price data found  (1d 2015-12-25 -> 2015-12-27)
$SNDK: possibly delisted; no price data found  (1d 2015-12-25 -> 2025-02-12) (Yahoo error = "Data doesn't exist for startDate = 1451019600, endDate = 1739336400")

1 Failed download:
['SNDK']: possibly delisted; no price data found  (1d 2015-12-25 -> 2025-02-12) (Yahoo error = "Data doesn't exist for startDate = 1451019600, endDate = 1739336400")
$SRCL: possibly delisted; no timezone found
$STJ: possibly delisted; no price data found  (1d 1927-09-17 -> 2026-08-23)
$SRCL: possibly delisted; no timezone found

1 Failed download:
['SRCL']: possibly delisted; no timezone found
$STJ: possibly delisted; no price data found  (1d 2015-12-25 -> 2016-01-05)

1 Failed download:
['STJ']: possibly delisted; no price data found  (1d 2015-12-25 -> 2016-01-05)
$SPLS: possibly delisted; no price data found  (1d 2015-12-25 -> 2026-01-15) (Yahoo error = "Data doesn't exist for startDate = 1451019600, endDate = 1768453200")

1 Failed download:
['SPLS']: possibly delisted; no price data found  (1d 2015-12-25 -> 2026-01-15) (Yahoo error = "Data doesn't exist for startDate = 1451019600, endDate = 1768453200")
$STI: possibly delisted; no price data found  (1d 2015-12-25 -> 2016-01-05) (Yahoo error = "Data doesn't exist for startDate = 1451019600, endDate = 1451970000")

1 Failed download:
['STI']: possibly delisted; no price data found  (1d 2015-12-25 -> 2016-01-05) (Yahoo error = "Data doesn't exist for startDate = 1451019600, endDate = 1451970000")
$SYMC: possibly delisted; no timezone found
$SYMC: possibly delisted; no timezone found

1 Failed download:
['SYMC']: possibly delisted; no timezone found
$SYF: possibly delisted; no price data found  (1d 2015-12-25 -> 2015-12-27)

1 Failed download:
['SYF']: possibly delisted; no price data found  (1d 2015-12-25 -> 2015-12-27)
$TGNA: possibly delisted; no timezone found
$TGNA: possibly delisted; no timezone found

1 Failed download:
['TGNA']: possibly delisted; no timezone found
$TE: possibly delisted; no price data found  (1d 2015-12-25 -> 2016-01-05) (Yahoo error = "Data doesn't exist for startDate = 1451019600, endDate = 1451970000")

1 Failed download:
['TE']: possibly delisted; no price data found  (1d 2015-12-25 -> 2016-01-05) (Yahoo error = "Data doesn't exist for startDate = 1451019600, endDate = 1451970000")
$TIF: possibly delisted; no timezone found
$TMK: possibly delisted; no timezone found
$TIF: possibly delisted; no timezone found

1 Failed download:
['TIF']: possibly delisted; no timezone found
$TMK: possibly delisted; no timezone found

1 Failed download:
['TMK']: possibly delisted; no timezone found
$TWC: possibly delisted; no price data found  (1d 1927-09-17 -> 2026-08-23)
$TSS: possibly delisted; no timezone found
$TSS: possibly delisted; no timezone found

1 Failed download:
['TSS']: possibly delisted; no timezone found
$TWC: possibly delisted; no price data found  (1d 2015-12-25 -> 2016-01-05)

1 Failed download:
['TWC']: possibly delisted; no price data found  (1d 2015-12-25 -> 2016-01-05)
$UAL: possibly delisted; no price data found  (1d 2015-12-25 -> 2015-12-27)

1 Failed download:
['UAL']: possibly delisted; no price data found  (1d 2015-12-25 -> 2015-12-27)
$UTX: possibly delisted; no timezone found
$UTX: possibly delisted; no timezone found

1 Failed download:
['UTX']: possibly delisted; no timezone found
$VIAB: possibly delisted; no timezone found
$VAR: possibly delisted; no timezone found
$VAR: possibly delisted; no timezone found
$VIAB: possibly delisted; no timezone found

1 Failed download:

1 Failed download:
['VAR']: possibly delisted; no timezone found
['VIAB']: possibly delisted; no timezone found
$VRSK: possibly delisted; no price data found  (1d 2015-12-25 -> 2015-12-27)

1 Failed download:
['VRSK']: possibly delisted; no price data found  (1d 2015-12-25 -> 2015-12-27)
$WFM: possibly delisted; no price data found  (1d 1927-09-17 -> 2026-08-23)
$WBA: possibly delisted; no timezone found
$WBA: possibly delisted; no timezone found

1 Failed download:
['WBA']: possibly delisted; no timezone found
$WFM: possibly delisted; no price data found  (1d 2015-12-25 -> 2016-01-05)

1 Failed download:
['WFM']: possibly delisted; no price data found  (1d 2015-12-25 -> 2016-01-05)
$WRK: possibly delisted; no timezone found
$WRK: possibly delisted; no timezone found

1 Failed download:
['WRK']: possibly delisted; no timezone found
$WYND: possibly delisted; no timezone found
$WYND: possibly delisted; no timezone found

1 Failed download:
['WYND']: possibly delisted; no timezone found
$XEC: possibly delisted; no timezone found
$XL: possibly delisted; no timezone found
$XEC: possibly delisted; no timezone found

1 Failed download:
['XEC']: possibly delisted; no timezone found
$XL: possibly delisted; no timezone found
$XLNX: possibly delisted; no timezone found

1 Failed download:
['XL']: possibly delisted; no timezone found
$XLNX: possibly delisted; no timezone found

1 Failed download:
['XLNX']: possibly delisted; no timezone found
[h11]     [4/4] 2016-01-04: picks=['AMZN', 'GOOGL', 'GOOG'] (pool=40, 후보=38, 109.7s)
[h33]   selloff_2018: 신규 코어+새틀라이트 백테스트 2017-06-01~2019-06-30
$XLC: possibly delisted; no price data found  (1d 2016-04-27 -> 2018-06-18) (Yahoo error = "Data doesn't exist for startDate = 1461729600, endDate = 1529294400")

1 Failed download:
['XLC']: possibly delisted; no price data found  (1d 2016-04-27 -> 2018-06-18) (Yahoo error = "Data doesn't exist for startDate = 1461729600, endDate = 1529294400")
[h11]   반기 리밸런싱 4회(trend_following): ['2017-07-03', '2018-01-02', '2018-07-02', '2019-01-02']
$ABC: possibly delisted; no timezone found
$ABC: possibly delisted; no timezone found

1 Failed download:
['ABC']: possibly delisted; no timezone found
$ADS: possibly delisted; no timezone found
$ADS: possibly delisted; no timezone found

1 Failed download:
['ADS']: possibly delisted; no timezone found
$AGN: possibly delisted; no timezone found
$AGN: possibly delisted; no timezone found

1 Failed download:
['AGN']: possibly delisted; no timezone found
$ALXN: possibly delisted; no timezone found
$ALXN: possibly delisted; no timezone found

1 Failed download:
['ALXN']: possibly delisted; no timezone found
$ANTM: possibly delisted; no timezone found
$ANSS: possibly delisted; no timezone found
$ANSS: possibly delisted; no timezone found

1 Failed download:
['ANSS']: possibly delisted; no timezone found
$ANTM: possibly delisted; no timezone found

1 Failed download:
['ANTM']: possibly delisted; no timezone found
$ATVI: possibly delisted; no timezone found
$ATVI: possibly delisted; no timezone found

1 Failed download:
['ATVI']: possibly delisted; no timezone found
$ARNC: possibly delisted; no timezone found
$APC: possibly delisted; no price data found  (1d 2017-06-23 -> 2026-02-11) (Yahoo error = "Data doesn't exist for startDate = 1498190400, endDate = 1770786000")

1 Failed download:
['APC']: possibly delisted; no price data found  (1d 2017-06-23 -> 2026-02-11) (Yahoo error = "Data doesn't exist for startDate = 1498190400, endDate = 1770786000")
$ARNC: possibly delisted; no timezone found

1 Failed download:
['ARNC']: possibly delisted; no timezone found
$BCR: possibly delisted; no price data found  (1d 1927-09-17 -> 2026-08-23)
$BCR: possibly delisted; no price data found  (1d 2017-06-23 -> 2017-07-04)

1 Failed download:
['BCR']: possibly delisted; no price data found  (1d 2017-06-23 -> 2017-07-04)
$BHGE: possibly delisted; no timezone found
$BK: possibly delisted; no timezone found
$BHGE: possibly delisted; no timezone found

1 Failed download:
['BHGE']: possibly delisted; no timezone found
$BK: possibly delisted; no timezone found

1 Failed download:
['BK']: possibly delisted; no timezone found
$BLL: possibly delisted; no timezone found
$BLL: possibly delisted; no timezone found

1 Failed download:
['BLL']: possibly delisted; no timezone found
$CA: possibly delisted; no timezone found
$CA: possibly delisted; no timezone found

1 Failed download:
['CA']: possibly delisted; no timezone found
$CBS: possibly delisted; no timezone found
$CBS: possibly delisted; no timezone found
$CHK: possibly delisted; no timezone found

1 Failed download:
['CBS']: possibly delisted; no timezone found
$CERN: possibly delisted; no timezone found
$CHK: possibly delisted; no timezone found

1 Failed download:
['CHK']: possibly delisted; no timezone found
$CELG: possibly delisted; no timezone found
$CERN: possibly delisted; no timezone found

1 Failed download:
['CERN']: possibly delisted; no timezone found
$CELG: possibly delisted; no timezone found

1 Failed download:
['CELG']: possibly delisted; no timezone found
$CMA: possibly delisted; no timezone found
$CMA: possibly delisted; no timezone found

1 Failed download:
['CMA']: possibly delisted; no timezone found
$COG: possibly delisted; no timezone found
$COG: possibly delisted; no timezone found

1 Failed download:
['COG']: possibly delisted; no timezone found
$CSRA: possibly delisted; no price data found  (1d 2017-06-23 -> 2017-07-04) (Yahoo error = "Data doesn't exist for startDate = 1498190400, endDate = 1499140800")
$CTXS: possibly delisted; no timezone found

1 Failed download:
['CSRA']: possibly delisted; no price data found  (1d 2017-06-23 -> 2017-07-04) (Yahoo error = "Data doesn't exist for startDate = 1498190400, endDate = 1499140800")
$CTL: possibly delisted; no timezone found
$CTXS: possibly delisted; no timezone found
$CTL: possibly delisted; no timezone found

1 Failed download:
['CTXS']: possibly delisted; no timezone found

1 Failed download:
['CTL']: possibly delisted; no timezone found
$CXO: possibly delisted; no timezone found
$CXO: possibly delisted; no timezone found

1 Failed download:
['CXO']: possibly delisted; no timezone found
$DFS: possibly delisted; no timezone found
$DFS: possibly delisted; no timezone found

1 Failed download:
['DFS']: possibly delisted; no timezone found
$DISCA: possibly delisted; no timezone found
$DISCA: possibly delisted; no timezone found

1 Failed download:
['DISCA']: possibly delisted; no timezone found
$DISH: possibly delisted; no timezone found
$DISCK: possibly delisted; no timezone found
$DISH: possibly delisted; no timezone found

1 Failed download:
['DISH']: possibly delisted; no timezone found
$DISCK: possibly delisted; no timezone found

1 Failed download:
['DISCK']: possibly delisted; no timezone found
$DOW: possibly delisted; no price data found  (1d 2017-06-23 -> 2019-03-19) (Yahoo error = "Data doesn't exist for startDate = 1498190400, endDate = 1552968000")

1 Failed download:
['DOW']: possibly delisted; no price data found  (1d 2017-06-23 -> 2019-03-19) (Yahoo error = "Data doesn't exist for startDate = 1498190400, endDate = 1552968000")
$ETFC: possibly delisted; no timezone found
$ETFC: possibly delisted; no timezone found

1 Failed download:
['ETFC']: possibly delisted; no timezone found
$FBHS: possibly delisted; no timezone found
$FBHS: possibly delisted; no timezone found

1 Failed download:
['FBHS']: possibly delisted; no timezone found
$FB: possibly delisted; no price data found  (1d 2017-06-23 -> 2017-07-04) (Yahoo error = "Data doesn't exist for startDate = 1498190400, endDate = 1499140800")

1 Failed download:
['FB']: possibly delisted; no price data found  (1d 2017-06-23 -> 2017-07-04) (Yahoo error = "Data doesn't exist for startDate = 1498190400, endDate = 1499140800")
$FL: possibly delisted; no timezone found
$FL: possibly delisted; no timezone found

1 Failed download:
['FL']: possibly delisted; no timezone found
$FLIR: possibly delisted; no timezone found
$FLIR: possibly delisted; no timezone found

1 Failed download:
['FLIR']: possibly delisted; no timezone found
$FOX: possibly delisted; no price data found  (1d 2017-06-23 -> 2019-03-12) (Yahoo error = "Data doesn't exist for startDate = 1498190400, endDate = 1552363200")

1 Failed download:
['FOX']: possibly delisted; no price data found  (1d 2017-06-23 -> 2019-03-12) (Yahoo error = "Data doesn't exist for startDate = 1498190400, endDate = 1552363200")
$FOXA: possibly delisted; no price data found  (1d 2017-06-23 -> 2019-03-11) (Yahoo error = "Data doesn't exist for startDate = 1498190400, endDate = 1552276800")

1 Failed download:
['FOXA']: possibly delisted; no price data found  (1d 2017-06-23 -> 2019-03-11) (Yahoo error = "Data doesn't exist for startDate = 1498190400, endDate = 1552276800")
$GGP: possibly delisted; no price data found  (1d 1927-09-17 -> 2026-08-23)
$GGP: possibly delisted; no price data found  (1d 2017-06-23 -> 2017-07-04)

1 Failed download:
['GGP']: possibly delisted; no price data found  (1d 2017-06-23 -> 2017-07-04)
$GPS: possibly delisted; no timezone found
$GPS: possibly delisted; no timezone found

1 Failed download:
['GPS']: possibly delisted; no timezone found
$HCP: possibly delisted; no timezone found
$HBI: possibly delisted; no timezone found
$HCP: possibly delisted; no timezone found

1 Failed download:
['HCP']: possibly delisted; no timezone found
$HBI: possibly delisted; no timezone found

1 Failed download:
['HBI']: possibly delisted; no timezone found
$HES: possibly delisted; no timezone found
$HES: possibly delisted; no timezone found

1 Failed download:
['HES']: possibly delisted; no timezone found
$HOLX: possibly delisted; no timezone found
$HOLX: possibly delisted; no timezone found

1 Failed download:
['HOLX']: possibly delisted; no timezone found
$IPG: possibly delisted; no timezone found
$IPG: possibly delisted; no timezone found

1 Failed download:
['IPG']: possibly delisted; no timezone found
$INFO: possibly delisted; no price data found  (1d 2017-06-23 -> 2017-07-04) (Yahoo error = "Data doesn't exist for startDate = 1498190400, endDate = 1499140800")

1 Failed download:
['INFO']: possibly delisted; no price data found  (1d 2017-06-23 -> 2017-07-04) (Yahoo error = "Data doesn't exist for startDate = 1498190400, endDate = 1499140800")
$JEC: possibly delisted; no timezone found
$JEC: possibly delisted; no timezone found

1 Failed download:
['JEC']: possibly delisted; no timezone found
$JNPR: possibly delisted; no timezone found
$JWN: possibly delisted; no timezone found
$K: possibly delisted; no timezone found
$JNPR: possibly delisted; no timezone found

1 Failed download:
['JNPR']: possibly delisted; no timezone found
$JWN: possibly delisted; no timezone found

1 Failed download:
['JWN']: possibly delisted; no timezone found
$K: possibly delisted; no timezone found

1 Failed download:
['K']: possibly delisted; no timezone found
$KORS: possibly delisted; no price data found  (1d 1927-09-17 -> 2026-08-23)
$KORS: possibly delisted; no price data found  (1d 2017-06-23 -> 2017-07-04)

1 Failed download:
['KORS']: possibly delisted; no price data found  (1d 2017-06-23 -> 2017-07-04)
$KSU: possibly delisted; no timezone found
$KSU: possibly delisted; no timezone found

1 Failed download:
['KSU']: possibly delisted; no timezone found
$LLL: possibly delisted; no timezone found
$LLL: possibly delisted; no timezone found
$LB: possibly delisted; no price data found  (1d 2017-06-23 -> 2017-07-04) (Yahoo error = "Data doesn't exist for startDate = 1498190400, endDate = 1499140800")

1 Failed download:
['LB']: possibly delisted; no price data found  (1d 2017-06-23 -> 2017-07-04) (Yahoo error = "Data doesn't exist for startDate = 1498190400, endDate = 1499140800")

1 Failed download:
['LLL']: possibly delisted; no timezone found
$LVLT: possibly delisted; no price data found  (1d 1927-09-17 -> 2026-08-23)
$LVLT: possibly delisted; no price data found  (1d 2017-06-23 -> 2017-07-04)

1 Failed download:
['LVLT']: possibly delisted; no price data found  (1d 2017-06-23 -> 2017-07-04)
$MMC: possibly delisted; no timezone found
$MNK: possibly delisted; no timezone found
$MMC: possibly delisted; no timezone found

1 Failed download:
['MMC']: possibly delisted; no timezone found
$MON: possibly delisted; no timezone found
$MNK: possibly delisted; no timezone found

1 Failed download:
['MNK']: possibly delisted; no timezone found
$MON: possibly delisted; no timezone found

1 Failed download:
['MON']: possibly delisted; no timezone found
$MRO: possibly delisted; no timezone found
$MRO: possibly delisted; no timezone found

1 Failed download:
['MRO']: possibly delisted; no timezone found
$MYL: possibly delisted; no timezone found
$MYL: possibly delisted; no timezone found

1 Failed download:
['MYL']: possibly delisted; no timezone found
$NBL: possibly delisted; no timezone found
$NBL: possibly delisted; no timezone found

1 Failed download:
['NBL']: possibly delisted; no timezone found
$NLSN: possibly delisted; no timezone found
$NLSN: possibly delisted; no timezone found

1 Failed download:
['NLSN']: possibly delisted; no timezone found
$NFX: possibly delisted; no price data found  (1d 2017-06-23 -> 2026-07-06) (Yahoo error = "Data doesn't exist for startDate = 1498190400, endDate = 1783310400")

1 Failed download:
['NFX']: possibly delisted; no price data found  (1d 2017-06-23 -> 2026-07-06) (Yahoo error = "Data doesn't exist for startDate = 1498190400, endDate = 1783310400")
$PBCT: possibly delisted; no timezone found
$PBCT: possibly delisted; no timezone found

1 Failed download:
['PBCT']: possibly delisted; no timezone found
$PDCO: possibly delisted; no timezone found
$PDCO: possibly delisted; no timezone found

1 Failed download:
['PDCO']: possibly delisted; no timezone found
$PKI: possibly delisted; no timezone found
$PKI: possibly delisted; no timezone found

1 Failed download:
['PKI']: possibly delisted; no timezone found
$RAI: possibly delisted; no price data found  (1d 1927-09-17 -> 2026-08-23)
$PXD: possibly delisted; no timezone found
$PX: possibly delisted; no timezone found
$PXD: possibly delisted; no timezone found

1 Failed download:
['PXD']: possibly delisted; no timezone found
$RAI: possibly delisted; no price data found  (1d 2017-06-23 -> 2017-07-04)

1 Failed download:
['RAI']: possibly delisted; no price data found  (1d 2017-06-23 -> 2017-07-04)
$PX: possibly delisted; no timezone found

1 Failed download:
['PX']: possibly delisted; no timezone found
$RE: possibly delisted; no timezone found
$RE: possibly delisted; no timezone found
$RHT: possibly delisted; no timezone found
$RHT: possibly delisted; no timezone found

1 Failed download:
['RE']: possibly delisted; no timezone found

1 Failed download:
['RHT']: possibly delisted; no timezone found
$RTN: possibly delisted; no timezone found
$RTN: possibly delisted; no timezone found

1 Failed download:
['RTN']: possibly delisted; no timezone found
$SEE: possibly delisted; no timezone found
$SEE: possibly delisted; no timezone found

1 Failed download:
['SEE']: possibly delisted; no timezone found
$SNI: possibly delisted; no price data found  (1d 1927-09-17 -> 2026-08-23)
$SNI: possibly delisted; no price data found  (1d 2017-06-23 -> 2017-07-04)

1 Failed download:
['SNI']: possibly delisted; no price data found  (1d 2017-06-23 -> 2017-07-04)
$SRCL: possibly delisted; no timezone found
$SRCL: possibly delisted; no timezone found

1 Failed download:
['SRCL']: possibly delisted; no timezone found
$SPLS: possibly delisted; no price data found  (1d 2017-06-23 -> 2026-01-15) (Yahoo error = "Data doesn't exist for startDate = 1498190400, endDate = 1768453200")

1 Failed download:
['SPLS']: possibly delisted; no price data found  (1d 2017-06-23 -> 2026-01-15) (Yahoo error = "Data doesn't exist for startDate = 1498190400, endDate = 1768453200")
$STI: possibly delisted; no price data found  (1d 2017-06-23 -> 2017-07-04) (Yahoo error = "Data doesn't exist for startDate = 1498190400, endDate = 1499140800")

1 Failed download:
['STI']: possibly delisted; no price data found  (1d 2017-06-23 -> 2017-07-04) (Yahoo error = "Data doesn't exist for startDate = 1498190400, endDate = 1499140800")
$SYMC: possibly delisted; no timezone found
$SYMC: possibly delisted; no timezone found

1 Failed download:
['SYMC']: possibly delisted; no timezone found
$TIF: possibly delisted; no timezone found
$TMK: possibly delisted; no timezone found
$TIF: possibly delisted; no timezone found

1 Failed download:
['TIF']: possibly delisted; no timezone found
$TMK: possibly delisted; no timezone found

1 Failed download:
['TMK']: possibly delisted; no timezone found
$TSS: possibly delisted; no timezone found
$TSS: possibly delisted; no timezone found

1 Failed download:
['TSS']: possibly delisted; no timezone found
$UTX: possibly delisted; no timezone found
$UTX: possibly delisted; no timezone found

1 Failed download:
['UTX']: possibly delisted; no timezone found
$VAR: possibly delisted; no timezone found
$VAR: possibly delisted; no timezone found

1 Failed download:
['VAR']: possibly delisted; no timezone found
$VIAB: possibly delisted; no timezone found
$VIAB: possibly delisted; no timezone found

1 Failed download:
['VIAB']: possibly delisted; no timezone found
$WBA: possibly delisted; no timezone found
$WBA: possibly delisted; no timezone found

1 Failed download:
['WBA']: possibly delisted; no timezone found
$WFM: possibly delisted; no price data found  (1d 1927-09-17 -> 2026-08-23)
$WLTW: possibly delisted; no timezone found
$WFM: possibly delisted; no price data found  (1d 2017-06-23 -> 2017-07-04)

1 Failed download:
['WFM']: possibly delisted; no price data found  (1d 2017-06-23 -> 2017-07-04)
$WLTW: possibly delisted; no timezone found

1 Failed download:
['WLTW']: possibly delisted; no timezone found
$WRK: possibly delisted; no timezone found
$WRK: possibly delisted; no timezone found

1 Failed download:
['WRK']: possibly delisted; no timezone found
$WYND: possibly delisted; no timezone found
$XEC: possibly delisted; no timezone found
$WYND: possibly delisted; no timezone found
$XEC: possibly delisted; no timezone found

1 Failed download:
['XEC']: possibly delisted; no timezone found

1 Failed download:
['WYND']: possibly delisted; no timezone found
$XL: possibly delisted; no timezone found
$XLNX: possibly delisted; no timezone found
$XL: possibly delisted; no timezone found
$XLNX: possibly delisted; no timezone found

1 Failed download:
['XL']: possibly delisted; no timezone found

1 Failed download:
['XLNX']: possibly delisted; no timezone found
[h11]     [1/4] 2017-07-03: picks=['BAC', 'BA', 'AAPL'] (pool=40, 후보=39, 95.0s)
$ABC: possibly delisted; no timezone found
$ABC: possibly delisted; no timezone found

1 Failed download:
['ABC']: possibly delisted; no timezone found
$ADS: possibly delisted; no timezone found
$ADS: possibly delisted; no timezone found

1 Failed download:
['ADS']: possibly delisted; no timezone found
$AGN: possibly delisted; no timezone found
$AGN: possibly delisted; no timezone found

1 Failed download:
['AGN']: possibly delisted; no timezone found
$ALXN: possibly delisted; no timezone found
$ALXN: possibly delisted; no timezone found

1 Failed download:
['ALXN']: possibly delisted; no timezone found
$ANSS: possibly delisted; no timezone found
$ANTM: possibly delisted; no timezone found
$ANTM: possibly delisted; no timezone found

1 Failed download:
['ANTM']: possibly delisted; no timezone found
$ANSS: possibly delisted; no timezone found

1 Failed download:
['ANSS']: possibly delisted; no timezone found
$ARNC: possibly delisted; no timezone found
$ARNC: possibly delisted; no timezone found

1 Failed download:
['ARNC']: possibly delisted; no timezone found
$APC: possibly delisted; no price data found  (1d 2017-12-23 -> 2026-02-11) (Yahoo error = "Data doesn't exist for startDate = 1514005200, endDate = 1770786000")

1 Failed download:
['APC']: possibly delisted; no price data found  (1d 2017-12-23 -> 2026-02-11) (Yahoo error = "Data doesn't exist for startDate = 1514005200, endDate = 1770786000")
$AOS: possibly delisted; no price data found  (1d 2017-12-23 -> 2017-12-25)

1 Failed download:
['AOS']: possibly delisted; no price data found  (1d 2017-12-23 -> 2017-12-25)
$ATVI: possibly delisted; no timezone found
$ATVI: possibly delisted; no timezone found

1 Failed download:
['ATVI']: possibly delisted; no timezone found
$BHGE: possibly delisted; no timezone found
$BHGE: possibly delisted; no timezone found

1 Failed download:
['BHGE']: possibly delisted; no timezone found
$BK: possibly delisted; no timezone found
$BHF: possibly delisted; no price data found  (1d 2017-12-23 -> 2017-12-25)
$BK: possibly delisted; no timezone found

1 Failed download:
['BHF']: possibly delisted; no price data found  (1d 2017-12-23 -> 2017-12-25)

1 Failed download:
['BK']: possibly delisted; no timezone found
$BLL: possibly delisted; no timezone found
$BLL: possibly delisted; no timezone found

1 Failed download:
['BLL']: possibly delisted; no timezone found
$CA: possibly delisted; no timezone found
$CA: possibly delisted; no timezone found

1 Failed download:
['CA']: possibly delisted; no timezone found
$CBS: possibly delisted; no timezone found
$CBS: possibly delisted; no timezone found

1 Failed download:
['CBS']: possibly delisted; no timezone found
$CELG: possibly delisted; no timezone found
$CERN: possibly delisted; no timezone found
$CELG: possibly delisted; no timezone found
$CERN: possibly delisted; no timezone found

1 Failed download:
['CELG']: possibly delisted; no timezone found

1 Failed download:
['CERN']: possibly delisted; no timezone found
$CHK: possibly delisted; no timezone found
$CHK: possibly delisted; no timezone found
$CDNS: possibly delisted; no price data found  (1d 2017-12-23 -> 2017-12-25)

1 Failed download:
['CHK']: possibly delisted; no timezone found

1 Failed download:
['CDNS']: possibly delisted; no price data found  (1d 2017-12-23 -> 2017-12-25)
$CMA: possibly delisted; no timezone found
$CMA: possibly delisted; no timezone found

1 Failed download:
['CMA']: possibly delisted; no timezone found
$COG: possibly delisted; no timezone found
$COG: possibly delisted; no timezone found

1 Failed download:
['COG']: possibly delisted; no timezone found
$CTL: possibly delisted; no timezone found
$CSRA: possibly delisted; no price data found  (1d 2017-12-23 -> 2018-01-03) (Yahoo error = "Data doesn't exist for startDate = 1514005200, endDate = 1514955600")

1 Failed download:
['CSRA']: possibly delisted; no price data found  (1d 2017-12-23 -> 2018-01-03) (Yahoo error = "Data doesn't exist for startDate = 1514005200, endDate = 1514955600")
$CTL: possibly delisted; no timezone found

1 Failed download:
['CTL']: possibly delisted; no timezone found
$CTXS: possibly delisted; no timezone found
$CTXS: possibly delisted; no timezone found

1 Failed download:
['CTXS']: possibly delisted; no timezone found
$CXO: possibly delisted; no timezone found
$DFS: possibly delisted; no timezone found
$CXO: possibly delisted; no timezone found
$DFS: possibly delisted; no timezone found

1 Failed download:
['CXO']: possibly delisted; no timezone found

1 Failed download:
['DFS']: possibly delisted; no timezone found
$DISCA: possibly delisted; no timezone found
$DISCK: possibly delisted; no timezone found
$DISCA: possibly delisted; no timezone found
$DISCK: possibly delisted; no timezone found

1 Failed download:
['DISCA']: possibly delisted; no timezone found

1 Failed download:
['DISCK']: possibly delisted; no timezone found
$DISH: possibly delisted; no timezone found
$DISH: possibly delisted; no timezone found

1 Failed download:
['DISH']: possibly delisted; no timezone found
$DRE: possibly delisted; no timezone found
$DRE: possibly delisted; no timezone found

1 Failed download:
['DRE']: possibly delisted; no timezone found
$DWDP: possibly delisted; no timezone found
$DWDP: possibly delisted; no timezone found

1 Failed download:
['DWDP']: possibly delisted; no timezone found
$ETFC: possibly delisted; no timezone found
$ETFC: possibly delisted; no timezone found

1 Failed download:
['ETFC']: possibly delisted; no timezone found
$FBHS: possibly delisted; no timezone found
$FBHS: possibly delisted; no timezone found

1 Failed download:
['FBHS']: possibly delisted; no timezone found
$FB: possibly delisted; no price data found  (1d 2017-12-23 -> 2018-01-03) (Yahoo error = "Data doesn't exist for startDate = 1514005200, endDate = 1514955600")

1 Failed download:
['FB']: possibly delisted; no price data found  (1d 2017-12-23 -> 2018-01-03) (Yahoo error = "Data doesn't exist for startDate = 1514005200, endDate = 1514955600")
$FL: possibly delisted; no timezone found
$FL: possibly delisted; no timezone found

1 Failed download:
['FL']: possibly delisted; no timezone found
$FLIR: possibly delisted; no timezone found
$FLIR: possibly delisted; no timezone found

1 Failed download:
['FLIR']: possibly delisted; no timezone found
$FOX: possibly delisted; no price data found  (1d 2017-12-23 -> 2019-03-12) (Yahoo error = "Data doesn't exist for startDate = 1514005200, endDate = 1552363200")
$GGP: possibly delisted; no price data found  (1d 1927-09-17 -> 2026-08-23)

1 Failed download:
['FOX']: possibly delisted; no price data found  (1d 2017-12-23 -> 2019-03-12) (Yahoo error = "Data doesn't exist for startDate = 1514005200, endDate = 1552363200")
$FOXA: possibly delisted; no price data found  (1d 2017-12-23 -> 2019-03-11) (Yahoo error = "Data doesn't exist for startDate = 1514005200, endDate = 1552276800")

1 Failed download:
['FOXA']: possibly delisted; no price data found  (1d 2017-12-23 -> 2019-03-11) (Yahoo error = "Data doesn't exist for startDate = 1514005200, endDate = 1552276800")
$GGP: possibly delisted; no price data found  (1d 2017-12-23 -> 2018-01-03)

1 Failed download:
['GGP']: possibly delisted; no price data found  (1d 2017-12-23 -> 2018-01-03)
$GPS: possibly delisted; no timezone found
$GPS: possibly delisted; no timezone found

1 Failed download:
['GPS']: possibly delisted; no timezone found
$HBI: possibly delisted; no timezone found
$HBI: possibly delisted; no timezone found

1 Failed download:
['HBI']: possibly delisted; no timezone found
$HCP: possibly delisted; no timezone found
$HCP: possibly delisted; no timezone found

1 Failed download:
['HCP']: possibly delisted; no timezone found
$HES: possibly delisted; no timezone found
$HES: possibly delisted; no timezone found

1 Failed download:
['HES']: possibly delisted; no timezone found
$HOLX: possibly delisted; no timezone found
$HOLX: possibly delisted; no timezone found

1 Failed download:
['HOLX']: possibly delisted; no timezone found
$INFO: possibly delisted; no price data found  (1d 2017-12-23 -> 2018-01-03) (Yahoo error = "Data doesn't exist for startDate = 1514005200, endDate = 1514955600")

1 Failed download:
['INFO']: possibly delisted; no price data found  (1d 2017-12-23 -> 2018-01-03) (Yahoo error = "Data doesn't exist for startDate = 1514005200, endDate = 1514955600")
$IPG: possibly delisted; no timezone found
$IPG: possibly delisted; no timezone found

1 Failed download:
['IPG']: possibly delisted; no timezone found
$IQV: possibly delisted; no price data found  (1d 2017-12-23 -> 2017-12-25)

1 Failed download:
['IQV']: possibly delisted; no price data found  (1d 2017-12-23 -> 2017-12-25)
$JEC: possibly delisted; no timezone found
$JEC: possibly delisted; no timezone found

1 Failed download:
['JEC']: possibly delisted; no timezone found
$K: possibly delisted; no timezone found
$JNPR: possibly delisted; no timezone found
$JWN: possibly delisted; no timezone found
$K: possibly delisted; no timezone found

1 Failed download:
['K']: possibly delisted; no timezone found
$JNPR: possibly delisted; no timezone found

1 Failed download:
['JNPR']: possibly delisted; no timezone found
$JWN: possibly delisted; no timezone found

1 Failed download:
['JWN']: possibly delisted; no timezone found
$KORS: possibly delisted; no price data found  (1d 1927-09-17 -> 2026-08-23)
$KORS: possibly delisted; no price data found  (1d 2017-12-23 -> 2018-01-03)

1 Failed download:
['KORS']: possibly delisted; no price data found  (1d 2017-12-23 -> 2018-01-03)

1 Failed download:
['KSU']: YFRateLimitError('Too Many Requests. Rate limited. Try after a while.')

1 Failed download:
['LB']: YFRateLimitError('Too Many Requests. Rate limited. Try after a while.')

1 Failed download:
['LLL']: YFRateLimitError('Too Many Requests. Rate limited. Try after a while.')

1 Failed download:
['MMC']: YFRateLimitError('Too Many Requests. Rate limited. Try after a while.')

1 Failed download:
['MON']: YFRateLimitError('Too Many Requests. Rate limited. Try after a while.')
$MGM: possibly delisted; no price data found  (1d 2017-12-23 -> 2017-12-25)

1 Failed download:
['MGM']: possibly delisted; no price data found  (1d 2017-12-23 -> 2017-12-25)

1 Failed download:
['MRO']: YFRateLimitError('Too Many Requests. Rate limited. Try after a while.')

1 Failed download:
['MYL']: YFRateLimitError('Too Many Requests. Rate limited. Try after a while.')

1 Failed download:
['NBL']: YFRateLimitError('Too Many Requests. Rate limited. Try after a while.')
$NCLH: possibly delisted; no price data found  (1d 2017-12-23 -> 2017-12-25)

1 Failed download:
['NCLH']: possibly delisted; no price data found  (1d 2017-12-23 -> 2017-12-25)

1 Failed download:
['NFX']: YFRateLimitError('Too Many Requests. Rate limited. Try after a while.')

1 Failed download:
['NLSN']: YFRateLimitError('Too Many Requests. Rate limited. Try after a while.')

1 Failed download:
['PBCT']: YFRateLimitError('Too Many Requests. Rate limited. Try after a while.')

1 Failed download:
['PDCO']: YFRateLimitError('Too Many Requests. Rate limited. Try after a while.')

1 Failed download:
['PKI']: YFRateLimitError('Too Many Requests. Rate limited. Try after a while.')
$PKG: possibly delisted; no price data found  (1d 2017-12-23 -> 2017-12-25)

1 Failed download:
['PKG']: possibly delisted; no price data found  (1d 2017-12-23 -> 2017-12-25)
$PX: possibly delisted; no timezone found
$PX: possibly delisted; no timezone found

1 Failed download:
['PX']: possibly delisted; no timezone found

1 Failed download:
['PXD']: YFRateLimitError('Too Many Requests. Rate limited. Try after a while.')

1 Failed download:
['RE']: YFRateLimitError('Too Many Requests. Rate limited. Try after a while.')
$RHT: possibly delisted; no timezone found
$RHT: possibly delisted; no timezone found

1 Failed download:
['RHT']: possibly delisted; no timezone found
$RMD: possibly delisted; no price data found  (1d 2017-12-23 -> 2017-12-25)

1 Failed download:
['RTN']: YFRateLimitError('Too Many Requests. Rate limited. Try after a while.')

1 Failed download:
['RMD']: possibly delisted; no price data found  (1d 2017-12-23 -> 2017-12-25)

1 Failed download:
['SEE']: YFRateLimitError('Too Many Requests. Rate limited. Try after a while.')
$SBAC: possibly delisted; no price data found  (1d 2017-12-23 -> 2017-12-25)

1 Failed download:
['SBAC']: possibly delisted; no price data found  (1d 2017-12-23 -> 2017-12-25)
$SNI: possibly delisted; no price data found  (1d 1927-09-17 -> 2026-08-23)
$SNI: possibly delisted; no price data found  (1d 2017-12-23 -> 2018-01-03)

1 Failed download:
['SNI']: possibly delisted; no price data found  (1d 2017-12-23 -> 2018-01-03)

1 Failed download:
['SRCL']: YFRateLimitError('Too Many Requests. Rate limited. Try after a while.')

1 Failed download:
['STI']: YFRateLimitError('Too Many Requests. Rate limited. Try after a while.')

1 Failed download:
['SYMC']: YFRateLimitError('Too Many Requests. Rate limited. Try after a while.')
$TIF: possibly delisted; no timezone found

1 Failed download:
['TMK']: YFRateLimitError('Too Many Requests. Rate limited. Try after a while.')
$TIF: possibly delisted; no timezone found

1 Failed download:
['TIF']: possibly delisted; no timezone found

1 Failed download:
['TSS']: YFRateLimitError('Too Many Requests. Rate limited. Try after a while.')

1 Failed download:
['UTX']: YFRateLimitError('Too Many Requests. Rate limited. Try after a while.')
$VAR: possibly delisted; no timezone found
$VAR: possibly delisted; no timezone found

1 Failed download:
['VAR']: possibly delisted; no timezone found

1 Failed download:
['VIAB']: YFRateLimitError('Too Many Requests. Rate limited. Try after a while.')

1 Failed download:
['WBA']: YFRateLimitError('Too Many Requests. Rate limited. Try after a while.')
$WLTW: possibly delisted; no timezone found

1 Failed download:
['WLTW']: possibly delisted; no timezone found

1 Failed download:
['WRK']: YFRateLimitError('Too Many Requests. Rate limited. Try after a while.')
$XL: possibly delisted; no timezone found
$WYND: possibly delisted; no timezone found
$XL: possibly delisted; no timezone found

1 Failed download:
['WYND']: possibly delisted; no timezone found

1 Failed download:
['XL']: possibly delisted; no timezone found
$XEC: possibly delisted; no timezone found

1 Failed download:
['XLNX']: YFRateLimitError('Too Many Requests. Rate limited. Try after a while.')
$XEC: possibly delisted; no timezone found

1 Failed download:
['XEC']: possibly delisted; no timezone found
[h11]     [2/4] 2018-01-02: picks=['BA', 'AMZN', 'SHW'] (pool=40, 후보=39, 95.1s)
$ABC: possibly delisted; no timezone found
$ABC: possibly delisted; no timezone found

1 Failed download:
['ABC']: possibly delisted; no timezone found

1 Failed download:
['ABMD']: YFRateLimitError('Too Many Requests. Rate limited. Try after a while.')

1 Failed download:
['ADS']: YFRateLimitError('Too Many Requests. Rate limited. Try after a while.')

1 Failed download:
['AGN']: YFRateLimitError('Too Many Requests. Rate limited. Try after a while.')

1 Failed download:
['ALXN']: YFRateLimitError('Too Many Requests. Rate limited. Try after a while.')
$ANSS: possibly delisted; no timezone found
$ANSS: possibly delisted; no timezone found
$ANTM: possibly delisted; no timezone found

1 Failed download:
['ANSS']: possibly delisted; no timezone found
$ANTM: possibly delisted; no timezone found

1 Failed download:
['ANTM']: possibly delisted; no timezone found
$ARNC: possibly delisted; no timezone found
$ARNC: possibly delisted; no timezone found

1 Failed download:
['ARNC']: possibly delisted; no timezone found

1 Failed download:
['APC']: YFRateLimitError('Too Many Requests. Rate limited. Try after a while.')
$ATVI: possibly delisted; no timezone found
$ATVI: possibly delisted; no timezone found

1 Failed download:
['ATVI']: possibly delisted; no timezone found
$BHGE: possibly delisted; no timezone found
$BK: possibly delisted; no timezone found
$BLL: possibly delisted; no timezone found
$BHGE: possibly delisted; no timezone found

1 Failed download:
['BHGE']: possibly delisted; no timezone found
$BK: possibly delisted; no timezone found
$BLL: possibly delisted; no timezone found

1 Failed download:
['BK']: possibly delisted; no timezone found

1 Failed download:
['BLL']: possibly delisted; no timezone found
$CA: possibly delisted; no timezone found
$CA: possibly delisted; no timezone found

1 Failed download:
['CA']: possibly delisted; no timezone found
$CBS: possibly delisted; no timezone found
$CBS: possibly delisted; no timezone found

1 Failed download:
['CBS']: possibly delisted; no timezone found
$CELG: possibly delisted; no timezone found
$CERN: possibly delisted; no timezone found
$CELG: possibly delisted; no timezone found

1 Failed download:
['CELG']: possibly delisted; no timezone found
$CERN: possibly delisted; no timezone found

1 Failed download:
['CERN']: possibly delisted; no timezone found
$CMA: possibly delisted; no timezone found
$CMA: possibly delisted; no timezone found

1 Failed download:
['CMA']: possibly delisted; no timezone found
$COG: possibly delisted; no timezone found
$COG: possibly delisted; no timezone found

1 Failed download:
['COG']: possibly delisted; no timezone found
$CTL: possibly delisted; no timezone found
$CTXS: possibly delisted; no timezone found
$CTL: possibly delisted; no timezone found

1 Failed download:
['CTL']: possibly delisted; no timezone found
$CTXS: possibly delisted; no timezone found

1 Failed download:
['CTXS']: possibly delisted; no timezone found
$CXO: possibly delisted; no timezone found
$CXO: possibly delisted; no timezone found

1 Failed download:
['CXO']: possibly delisted; no timezone found
$DFS: possibly delisted; no timezone found
$DFS: possibly delisted; no timezone found

1 Failed download:
['DFS']: possibly delisted; no timezone found
$DISCA: possibly delisted; no timezone found
$DISCK: possibly delisted; no timezone found
$DISCA: possibly delisted; no timezone found
$DISH: possibly delisted; no timezone found

1 Failed download:
['DISCA']: possibly delisted; no timezone found
$DISH: possibly delisted; no timezone found
$DISCK: possibly delisted; no timezone found

1 Failed download:
['DISCK']: possibly delisted; no timezone found

1 Failed download:
['DISH']: possibly delisted; no timezone found
$DRE: possibly delisted; no timezone found
$DRE: possibly delisted; no timezone found

1 Failed download:
['DRE']: possibly delisted; no timezone found
$DWDP: possibly delisted; no timezone found
$DWDP: possibly delisted; no timezone found

1 Failed download:
['DWDP']: possibly delisted; no timezone found
$ETFC: possibly delisted; no timezone found
$ETFC: possibly delisted; no timezone found

1 Failed download:
['ETFC']: possibly delisted; no timezone found
$FBHS: possibly delisted; no timezone found
$FBHS: possibly delisted; no timezone found

1 Failed download:
['FBHS']: possibly delisted; no timezone found

1 Failed download:
['FB']: YFRateLimitError('Too Many Requests. Rate limited. Try after a while.')
$FLIR: possibly delisted; no timezone found
$FLIR: possibly delisted; no timezone found
$FL: possibly delisted; no timezone found

1 Failed download:
['FLIR']: possibly delisted; no timezone found
$FL: possibly delisted; no timezone found

1 Failed download:
['FL']: possibly delisted; no timezone found

1 Failed download:
['FLT']: YFRateLimitError('Too Many Requests. Rate limited. Try after a while.')
$GGP: possibly delisted; no price data found  (1d 1927-09-17 -> 2026-08-23)

1 Failed download:
['FOX']: YFRateLimitError('Too Many Requests. Rate limited. Try after a while.')
$GGP: possibly delisted; no price data found  (1d 2018-06-22 -> 2018-07-03)

1 Failed download:
['GGP']: possibly delisted; no price data found  (1d 2018-06-22 -> 2018-07-03)

1 Failed download:
['FOXA']: YFRateLimitError('Too Many Requests. Rate limited. Try after a while.')
$GPS: possibly delisted; no timezone found
$GPS: possibly delisted; no timezone found

1 Failed download:
['GPS']: possibly delisted; no timezone found
$HBI: possibly delisted; no timezone found
$HBI: possibly delisted; no timezone found

1 Failed download:
['HBI']: possibly delisted; no timezone found
$HCP: possibly delisted; no timezone found
$HCP: possibly delisted; no timezone found

1 Failed download:
['HCP']: possibly delisted; no timezone found
$HES: possibly delisted; no timezone found
$HES: possibly delisted; no timezone found

1 Failed download:
['HES']: possibly delisted; no timezone found

1 Failed download:
['HFC']: YFRateLimitError('Too Many Requests. Rate limited. Try after a while.')
$HOLX: possibly delisted; no timezone found
$HOLX: possibly delisted; no timezone found

1 Failed download:
['HOLX']: possibly delisted; no timezone found

1 Failed download:
['INFO']: YFRateLimitError('Too Many Requests. Rate limited. Try after a while.')
$IPG: possibly delisted; no timezone found
$IPG: possibly delisted; no timezone found

1 Failed download:
['IPG']: possibly delisted; no timezone found
$JEC: possibly delisted; no timezone found
$JEC: possibly delisted; no timezone found

1 Failed download:
['JEC']: possibly delisted; no timezone found
$JNPR: possibly delisted; no timezone found
$JNPR: possibly delisted; no timezone found

1 Failed download:
['JNPR']: possibly delisted; no timezone found
$JWN: possibly delisted; no timezone found
$JWN: possibly delisted; no timezone found

1 Failed download:
['JWN']: possibly delisted; no timezone found
$K: possibly delisted; no timezone found
$K: possibly delisted; no timezone found

1 Failed download:
['K']: possibly delisted; no timezone found
$KORS: possibly delisted; no price data found  (1d 1927-09-17 -> 2026-08-23)
$KORS: possibly delisted; no price data found  (1d 2018-06-22 -> 2018-07-03)

1 Failed download:
['KORS']: possibly delisted; no price data found  (1d 2018-06-22 -> 2018-07-03)

1 Failed download:
['KSU']: YFRateLimitError('Too Many Requests. Rate limited. Try after a while.')

1 Failed download:
['LB']: YFRateLimitError('Too Many Requests. Rate limited. Try after a while.')

1 Failed download:
['LLL']: YFRateLimitError('Too Many Requests. Rate limited. Try after a while.')

1 Failed download:
['MMC']: YFRateLimitError('Too Many Requests. Rate limited. Try after a while.')

1 Failed download:
['MRO']: YFRateLimitError('Too Many Requests. Rate limited. Try after a while.')
$MYL: possibly delisted; no timezone found
$MYL: possibly delisted; no timezone found

1 Failed download:
['MYL']: possibly delisted; no timezone found

1 Failed download:
['NBL']: YFRateLimitError('Too Many Requests. Rate limited. Try after a while.')

1 Failed download:
['NFX']: YFRateLimitError('Too Many Requests. Rate limited. Try after a while.')

1 Failed download:
['NLSN']: YFRateLimitError('Too Many Requests. Rate limited. Try after a while.')

1 Failed download:
['PBCT']: YFRateLimitError('Too Many Requests. Rate limited. Try after a while.')

1 Failed download:
['PKI']: YFRateLimitError('Too Many Requests. Rate limited. Try after a while.')
$PX: possibly delisted; no timezone found
$PX: possibly delisted; no timezone found

1 Failed download:
['PX']: possibly delisted; no timezone found

1 Failed download:
['PXD']: YFRateLimitError('Too Many Requests. Rate limited. Try after a while.')

1 Failed download:
['RE']: YFRateLimitError('Too Many Requests. Rate limited. Try after a while.')
$RHT: possibly delisted; no timezone found
$RHT: possibly delisted; no timezone found

1 Failed download:
['RHT']: possibly delisted; no timezone found

1 Failed download:
['RTN']: YFRateLimitError('Too Many Requests. Rate limited. Try after a while.')
$SEE: possibly delisted; no timezone found

1 Failed download:
['SEE']: possibly delisted; no timezone found

1 Failed download:
['SIVB']: YFRateLimitError('Too Many Requests. Rate limited. Try after a while.')

1 Failed download:
['SRCL']: YFRateLimitError('Too Many Requests. Rate limited. Try after a while.')

1 Failed download:
['STI']: YFRateLimitError('Too Many Requests. Rate limited. Try after a while.')
$SYMC: possibly delisted; no timezone found
$SYMC: possibly delisted; no timezone found

1 Failed download:
['SYMC']: possibly delisted; no timezone found
$TIF: possibly delisted; no timezone found
$TIF: possibly delisted; no timezone found

1 Failed download:
['TIF']: possibly delisted; no timezone found

1 Failed download:
['TMK']: YFRateLimitError('Too Many Requests. Rate limited. Try after a while.')
$TSS: possibly delisted; no timezone found

1 Failed download:
['TSS']: possibly delisted; no timezone found

1 Failed download:
['TWTR']: YFRateLimitError('Too Many Requests. Rate limited. Try after a while.')
$VAR: possibly delisted; no timezone found
$VAR: possibly delisted; no timezone found

1 Failed download:
['VAR']: possibly delisted; no timezone found

1 Failed download:
['UTX']: YFRateLimitError('Too Many Requests. Rate limited. Try after a while.')
$VIAB: possibly delisted; no timezone found
$VIAB: possibly delisted; no timezone found

1 Failed download:
['VIAB']: possibly delisted; no timezone found

1 Failed download:
['WBA']: YFRateLimitError('Too Many Requests. Rate limited. Try after a while.')
$WLTW: possibly delisted; no timezone found
$WLTW: possibly delisted; no timezone found

1 Failed download:
['WLTW']: possibly delisted; no timezone found

1 Failed download:
['WRK']: YFRateLimitError('Too Many Requests. Rate limited. Try after a while.')
$XEC: possibly delisted; no timezone found
$XEC: possibly delisted; no timezone found

1 Failed download:
['XEC']: possibly delisted; no timezone found
$XL: possibly delisted; no timezone found
$XL: possibly delisted; no timezone found

1 Failed download:
['XL']: possibly delisted; no timezone found

1 Failed download:
['XLNX']: YFRateLimitError('Too Many Requests. Rate limited. Try after a while.')
[h11]     [3/4] 2018-07-02: picks=['AMZN', 'BA', 'NKE'] (pool=40, 후보=38, 93.4s)
$ABC: possibly delisted; no timezone found
$ABC: possibly delisted; no timezone found

1 Failed download:
['ABC']: possibly delisted; no timezone found

1 Failed download:
['ABMD']: YFRateLimitError('Too Many Requests. Rate limited. Try after a while.')

1 Failed download:
['ADS']: YFRateLimitError('Too Many Requests. Rate limited. Try after a while.')

1 Failed download:
['AGN']: YFRateLimitError('Too Many Requests. Rate limited. Try after a while.')

1 Failed download:
['ALXN']: YFRateLimitError('Too Many Requests. Rate limited. Try after a while.')
$ANSS: possibly delisted; no timezone found
$ANTM: possibly delisted; no timezone found
$ANSS: possibly delisted; no timezone found

1 Failed download:
['ANSS']: possibly delisted; no timezone found
$ANTM: possibly delisted; no timezone found

1 Failed download:
['ANTM']: possibly delisted; no timezone found
$ANET: possibly delisted; no price data found  (1d 2018-12-23 -> 2018-12-23)

1 Failed download:
['ANET']: possibly delisted; no price data found  (1d 2018-12-23 -> 2018-12-23)
$ARNC: possibly delisted; no timezone found
$ATVI: possibly delisted; no timezone found
$ARNC: possibly delisted; no timezone found
$ATVI: possibly delisted; no timezone found

1 Failed download:
['ARNC']: possibly delisted; no timezone found

1 Failed download:
['ATVI']: possibly delisted; no timezone found

1 Failed download:
['APC']: YFRateLimitError('Too Many Requests. Rate limited. Try after a while.')
$BHGE: possibly delisted; no timezone found
$BHGE: possibly delisted; no timezone found

1 Failed download:
['BHGE']: possibly delisted; no timezone found
$BK: possibly delisted; no timezone found
$BK: possibly delisted; no timezone found

1 Failed download:
['BK']: possibly delisted; no timezone found
$BLL: possibly delisted; no timezone found
$BLL: possibly delisted; no timezone found

1 Failed download:
['BLL']: possibly delisted; no timezone found
$CBS: possibly delisted; no timezone found
$CBS: possibly delisted; no timezone found

1 Failed download:
['CBS']: possibly delisted; no timezone found
$CELG: possibly delisted; no timezone found
$CELG: possibly delisted; no timezone found

1 Failed download:
['CELG']: possibly delisted; no timezone found
$CERN: possibly delisted; no timezone found
$CERN: possibly delisted; no timezone found

1 Failed download:
['CERN']: possibly delisted; no timezone found
$CE: possibly delisted; no price data found  (1d 2018-12-23 -> 2018-12-23)

1 Failed download:
['CE']: possibly delisted; no price data found  (1d 2018-12-23 -> 2018-12-23)
$CMA: possibly delisted; no timezone found
$CMA: possibly delisted; no timezone found

1 Failed download:
['CMA']: possibly delisted; no timezone found
$COG: possibly delisted; no timezone found
$COG: possibly delisted; no timezone found

1 Failed download:
['COG']: possibly delisted; no timezone found
$CTL: possibly delisted; no timezone found
$CTL: possibly delisted; no timezone found

1 Failed download:
['CTL']: possibly delisted; no timezone found
$CTXS: possibly delisted; no timezone found
$CTXS: possibly delisted; no timezone found

1 Failed download:
['CTXS']: possibly delisted; no timezone found
$CXO: possibly delisted; no timezone found
$CXO: possibly delisted; no timezone found

1 Failed download:
['CXO']: possibly delisted; no timezone found
$DFS: possibly delisted; no timezone found
$DFS: possibly delisted; no timezone found

1 Failed download:
['DFS']: possibly delisted; no timezone found
$DISCA: possibly delisted; no timezone found
$DISCK: possibly delisted; no timezone found
$DISCK: possibly delisted; no timezone found
$DISCA: possibly delisted; no timezone found

1 Failed download:
['DISCK']: possibly delisted; no timezone found
$DISH: possibly delisted; no timezone found

1 Failed download:
['DISCA']: possibly delisted; no timezone found
$DISH: possibly delisted; no timezone found

1 Failed download:
['DISH']: possibly delisted; no timezone found
$DRE: possibly delisted; no timezone found
$DRE: possibly delisted; no timezone found

1 Failed download:
['DRE']: possibly delisted; no timezone found
$DWDP: possibly delisted; no timezone found
$DWDP: possibly delisted; no timezone found

1 Failed download:
['DWDP']: possibly delisted; no timezone found
$ETFC: possibly delisted; no timezone found
$ETFC: possibly delisted; no timezone found

1 Failed download:
['ETFC']: possibly delisted; no timezone found
$FBHS: possibly delisted; no timezone found

1 Failed download:
['FB']: YFRateLimitError('Too Many Requests. Rate limited. Try after a while.')
$FBHS: possibly delisted; no timezone found

1 Failed download:
['FBHS']: possibly delisted; no timezone found
$FL: possibly delisted; no timezone found
$FL: possibly delisted; no timezone found

1 Failed download:
['FL']: possibly delisted; no timezone found
$FLIR: possibly delisted; no timezone found
$FLIR: possibly delisted; no timezone found

1 Failed download:
['FLIR']: possibly delisted; no timezone found

1 Failed download:
['FLT']: YFRateLimitError('Too Many Requests. Rate limited. Try after a while.')

1 Failed download:
['FOXA']: YFRateLimitError('Too Many Requests. Rate limited. Try after a while.')
$FOX: possibly delisted; no price data found  (1d 2018-12-23 -> 2019-03-12) (Yahoo error = "Data doesn't exist for startDate = 1545541200, endDate = 1552363200")

1 Failed download:
['FOX']: possibly delisted; no price data found  (1d 2018-12-23 -> 2019-03-12) (Yahoo error = "Data doesn't exist for startDate = 1545541200, endDate = 1552363200")

1 Failed download:
['FRC']: YFRateLimitError('Too Many Requests. Rate limited. Try after a while.')
$FTNT: possibly delisted; no price data found  (1d 2018-12-23 -> 2018-12-23)

1 Failed download:
['FTNT']: possibly delisted; no price data found  (1d 2018-12-23 -> 2018-12-23)
$GPS: possibly delisted; no timezone found
$GPS: possibly delisted; no timezone found

1 Failed download:
['GPS']: possibly delisted; no timezone found
$HBI: possibly delisted; no timezone found
$HBI: possibly delisted; no timezone found
$HCP: possibly delisted; no timezone found

1 Failed download:
['HBI']: possibly delisted; no timezone found
$HCP: possibly delisted; no timezone found

1 Failed download:
['HCP']: possibly delisted; no timezone found
$HES: possibly delisted; no timezone found
$HES: possibly delisted; no timezone found

1 Failed download:
['HES']: possibly delisted; no timezone found

1 Failed download:
['HFC']: YFRateLimitError('Too Many Requests. Rate limited. Try after a while.')
$HOLX: possibly delisted; no timezone found
$HOLX: possibly delisted; no timezone found

1 Failed download:
['HOLX']: possibly delisted; no timezone found
$IPG: possibly delisted; no timezone found
$IPG: possibly delisted; no timezone found

1 Failed download:
['IPG']: possibly delisted; no timezone found

1 Failed download:
['INFO']: YFRateLimitError('Too Many Requests. Rate limited. Try after a while.')
$JEC: possibly delisted; no timezone found
$JEC: possibly delisted; no timezone found

1 Failed download:
['JEC']: possibly delisted; no timezone found
$JNPR: possibly delisted; no timezone found
$JNPR: possibly delisted; no timezone found

1 Failed download:
['JNPR']: possibly delisted; no timezone found
$K: possibly delisted; no timezone found
$JWN: possibly delisted; no timezone found
$JWN: possibly delisted; no timezone found
$K: possibly delisted; no timezone found

1 Failed download:
['JWN']: possibly delisted; no timezone found

1 Failed download:
['K']: possibly delisted; no timezone found
$JKHY: possibly delisted; no price data found  (1d 2018-12-23 -> 2018-12-23)

1 Failed download:
['JKHY']: possibly delisted; no price data found  (1d 2018-12-23 -> 2018-12-23)
$KEYS: possibly delisted; no price data found  (1d 2018-12-23 -> 2018-12-23)

1 Failed download:
['KEYS']: possibly delisted; no price data found  (1d 2018-12-23 -> 2018-12-23)

1 Failed download:
['KSU']: YFRateLimitError('Too Many Requests. Rate limited. Try after a while.')

1 Failed download:
['LB']: YFRateLimitError('Too Many Requests. Rate limited. Try after a while.')

1 Failed download:
['LLL']: YFRateLimitError('Too Many Requests. Rate limited. Try after a while.')
$LW: possibly delisted; no price data found  (1d 2018-12-23 -> 2018-12-23)

1 Failed download:
['LW']: possibly delisted; no price data found  (1d 2018-12-23 -> 2018-12-23)

1 Failed download:
['MMC']: YFRateLimitError('Too Many Requests. Rate limited. Try after a while.')

1 Failed download:
['MRO']: YFRateLimitError('Too Many Requests. Rate limited. Try after a while.')
$MYL: possibly delisted; no timezone found

1 Failed download:
['MXIM']: YFRateLimitError('Too Many Requests. Rate limited. Try after a while.')
$MYL: possibly delisted; no timezone found

1 Failed download:
['MYL']: possibly delisted; no timezone found

1 Failed download:
['NBL']: YFRateLimitError('Too Many Requests. Rate limited. Try after a while.')

1 Failed download:
['NFX']: YFRateLimitError('Too Many Requests. Rate limited. Try after a while.')

1 Failed download:
['NLSN']: YFRateLimitError('Too Many Requests. Rate limited. Try after a while.')

1 Failed download:
['PBCT']: YFRateLimitError('Too Many Requests. Rate limited. Try after a while.')

1 Failed download:
['PKI']: YFRateLimitError('Too Many Requests. Rate limited. Try after a while.')

1 Failed download:
['PXD']: YFRateLimitError('Too Many Requests. Rate limited. Try after a while.')

1 Failed download:
['RE']: YFRateLimitError('Too Many Requests. Rate limited. Try after a while.')
$RHT: possibly delisted; no timezone found
$RHT: possibly delisted; no timezone found

1 Failed download:
['RHT']: possibly delisted; no timezone found
$SEE: possibly delisted; no timezone found

1 Failed download:
['RTN']: YFRateLimitError('Too Many Requests. Rate limited. Try after a while.')
$SEE: possibly delisted; no timezone found

1 Failed download:
['SEE']: possibly delisted; no timezone found
$ROL: possibly delisted; no price data found  (1d 2018-12-23 -> 2018-12-23)

1 Failed download:
['ROL']: possibly delisted; no price data found  (1d 2018-12-23 -> 2018-12-23)

1 Failed download:
['SIVB']: YFRateLimitError('Too Many Requests. Rate limited. Try after a while.')

1 Failed download:
['STI']: YFRateLimitError('Too Many Requests. Rate limited. Try after a while.')
$SYMC: possibly delisted; no timezone found
$SYMC: possibly delisted; no timezone found

1 Failed download:
['SYMC']: possibly delisted; no timezone found
$TIF: possibly delisted; no timezone found
$TIF: possibly delisted; no timezone found

1 Failed download:
['TIF']: possibly delisted; no timezone found

1 Failed download:
['TMK']: YFRateLimitError('Too Many Requests. Rate limited. Try after a while.')
$TSS: possibly delisted; no timezone found
$TSS: possibly delisted; no timezone found

1 Failed download:
['TSS']: possibly delisted; no timezone found

1 Failed download:
['TWTR']: YFRateLimitError('Too Many Requests. Rate limited. Try after a while.')
$VAR: possibly delisted; no timezone found

1 Failed download:
['UTX']: YFRateLimitError('Too Many Requests. Rate limited. Try after a while.')
$VAR: possibly delisted; no timezone found

1 Failed download:
['VAR']: possibly delisted; no timezone found
$VIAB: possibly delisted; no timezone found
$VIAB: possibly delisted; no timezone found

1 Failed download:
['VIAB']: possibly delisted; no timezone found

1 Failed download:
['WBA']: YFRateLimitError('Too Many Requests. Rate limited. Try after a while.')
$WLTW: possibly delisted; no timezone found
$WCG: possibly delisted; no timezone found
$WLTW: possibly delisted; no timezone found

1 Failed download:
['WLTW']: possibly delisted; no timezone found
$WCG: possibly delisted; no timezone found

1 Failed download:
['WCG']: possibly delisted; no timezone found

1 Failed download:
['WRK']: YFRateLimitError('Too Many Requests. Rate limited. Try after a while.')
$XEC: possibly delisted; no timezone found
$XEC: possibly delisted; no timezone found

1 Failed download:
['XEC']: possibly delisted; no timezone found

1 Failed download:
['XLNX']: YFRateLimitError('Too Many Requests. Rate limited. Try after a while.')
[h11]     [4/4] 2019-01-02: picks=['MRK', 'PFE', 'NEE'] (pool=40, 후보=19, 91.8s)
[h33]   covid_2020: 신규 코어+새틀라이트 백테스트 2019-01-01~2020-12-31

1 Failed download:
['XLC']: YFRateLimitError('Too Many Requests. Rate limited. Try after a while.')
[h11]   반기 리밸런싱 4회(trend_following): ['2019-01-02', '2019-07-01', '2020-01-02', '2020-07-01']
$ABC: possibly delisted; no timezone found
$ABC: possibly delisted; no timezone found

1 Failed download:
['ABC']: possibly delisted; no timezone found

1 Failed download:
['ABMD']: YFRateLimitError('Too Many Requests. Rate limited. Try after a while.')

1 Failed download:
['ADS']: YFRateLimitError('Too Many Requests. Rate limited. Try after a while.')

1 Failed download:
['AGN']: YFRateLimitError('Too Many Requests. Rate limited. Try after a while.')

1 Failed download:
['ALXN']: YFRateLimitError('Too Many Requests. Rate limited. Try after a while.')
$ANSS: possibly delisted; no timezone found
$ANSS: possibly delisted; no timezone found

1 Failed download:
['ANSS']: possibly delisted; no timezone found
$ANTM: possibly delisted; no timezone found
$ANTM: possibly delisted; no timezone found

1 Failed download:
['ANTM']: possibly delisted; no timezone found
$ANET: possibly delisted; no price data found  (1d 2018-12-23 -> 2018-12-23)

1 Failed download:
['ANET']: possibly delisted; no price data found  (1d 2018-12-23 -> 2018-12-23)
$ARNC: possibly delisted; no timezone found
$ATVI: possibly delisted; no timezone found
$ARNC: possibly delisted; no timezone found

1 Failed download:
['ARNC']: possibly delisted; no timezone found
$ATVI: possibly delisted; no timezone found

1 Failed download:
['ATVI']: possibly delisted; no timezone found

1 Failed download:
['APC']: YFRateLimitError('Too Many Requests. Rate limited. Try after a while.')
$BHGE: possibly delisted; no timezone found
$BHGE: possibly delisted; no timezone found

1 Failed download:
['BHGE']: possibly delisted; no timezone found
$BK: possibly delisted; no timezone found
$BK: possibly delisted; no timezone found

1 Failed download:
['BK']: possibly delisted; no timezone found
$BLL: possibly delisted; no timezone found
$BLL: possibly delisted; no timezone found

1 Failed download:
['BLL']: possibly delisted; no timezone found
$CBS: possibly delisted; no timezone found
$CBS: possibly delisted; no timezone found

1 Failed download:
['CBS']: possibly delisted; no timezone found
$CELG: possibly delisted; no timezone found
$CELG: possibly delisted; no timezone found

1 Failed download:
['CELG']: possibly delisted; no timezone found
$CERN: possibly delisted; no timezone found
$CERN: possibly delisted; no timezone found

1 Failed download:
['CERN']: possibly delisted; no timezone found
$CE: possibly delisted; no price data found  (1d 2018-12-23 -> 2018-12-23)

1 Failed download:
['CE']: possibly delisted; no price data found  (1d 2018-12-23 -> 2018-12-23)
$CMA: possibly delisted; no timezone found
$CMA: possibly delisted; no timezone found

1 Failed download:
['CMA']: possibly delisted; no timezone found
$COG: possibly delisted; no timezone found
$COG: possibly delisted; no timezone found

1 Failed download:
['COG']: possibly delisted; no timezone found
$CTL: possibly delisted; no timezone found
$CTL: possibly delisted; no timezone found

1 Failed download:
['CTL']: possibly delisted; no timezone found
$CTXS: possibly delisted; no timezone found
$CXO: possibly delisted; no timezone found
$CTXS: possibly delisted; no timezone found

1 Failed download:
['CTXS']: possibly delisted; no timezone found
$CXO: possibly delisted; no timezone found

1 Failed download:
['CXO']: possibly delisted; no timezone found
$DFS: possibly delisted; no timezone found
$DFS: possibly delisted; no timezone found

1 Failed download:
['DFS']: possibly delisted; no timezone found
$DISCA: possibly delisted; no timezone found
$DISCK: possibly delisted; no timezone found
$DISCA: possibly delisted; no timezone found

1 Failed download:
['DISCA']: possibly delisted; no timezone found
$DISCK: possibly delisted; no timezone found

1 Failed download:
['DISCK']: possibly delisted; no timezone found
$DISH: possibly delisted; no timezone found
$DISH: possibly delisted; no timezone found
$DRE: possibly delisted; no timezone found

1 Failed download:
['DISH']: possibly delisted; no timezone found
$DRE: possibly delisted; no timezone found

1 Failed download:
['DRE']: possibly delisted; no timezone found
$DWDP: possibly delisted; no timezone found
$DWDP: possibly delisted; no timezone found

1 Failed download:
['DWDP']: possibly delisted; no timezone found
$ETFC: possibly delisted; no timezone found
$ETFC: possibly delisted; no timezone found

1 Failed download:
['ETFC']: possibly delisted; no timezone found
$FBHS: possibly delisted; no timezone found
$FBHS: possibly delisted; no timezone found

1 Failed download:
['FBHS']: possibly delisted; no timezone found

1 Failed download:
['FB']: YFRateLimitError('Too Many Requests. Rate limited. Try after a while.')
$FL: possibly delisted; no timezone found
$FL: possibly delisted; no timezone found

1 Failed download:
['FL']: possibly delisted; no timezone found
$FLIR: possibly delisted; no timezone found
$FLIR: possibly delisted; no timezone found

1 Failed download:
['FLIR']: possibly delisted; no timezone found

1 Failed download:
['FLT']: YFRateLimitError('Too Many Requests. Rate limited. Try after a while.')
$FRC: possibly delisted; no timezone found
$FRC: possibly delisted; no timezone found

1 Failed download:
['FRC']: possibly delisted; no timezone found
$FOX: possibly delisted; no price data found  (1d 2018-12-23 -> 2019-03-12) (Yahoo error = "Data doesn't exist for startDate = 1545541200, endDate = 1552363200")

1 Failed download:
['FOX']: possibly delisted; no price data found  (1d 2018-12-23 -> 2019-03-12) (Yahoo error = "Data doesn't exist for startDate = 1545541200, endDate = 1552363200")

1 Failed download:
['FOXA']: YFRateLimitError('Too Many Requests. Rate limited. Try after a while.')
$FTNT: possibly delisted; no price data found  (1d 2018-12-23 -> 2018-12-23)

1 Failed download:
['FTNT']: possibly delisted; no price data found  (1d 2018-12-23 -> 2018-12-23)
$GPS: possibly delisted; no timezone found
$GPS: possibly delisted; no timezone found

1 Failed download:
['GPS']: possibly delisted; no timezone found
$HBI: possibly delisted; no timezone found
$HBI: possibly delisted; no timezone found

1 Failed download:
['HBI']: possibly delisted; no timezone found
$HCP: possibly delisted; no timezone found
$HCP: possibly delisted; no timezone found

1 Failed download:
['HCP']: possibly delisted; no timezone found
$HES: possibly delisted; no timezone found
$HES: possibly delisted; no timezone found

1 Failed download:
['HES']: possibly delisted; no timezone found

1 Failed download:
['HFC']: YFRateLimitError('Too Many Requests. Rate limited. Try after a while.')
$HOLX: possibly delisted; no timezone found
$HOLX: possibly delisted; no timezone found

1 Failed download:
['HOLX']: possibly delisted; no timezone found

1 Failed download:
['INFO']: YFRateLimitError('Too Many Requests. Rate limited. Try after a while.')
$IPG: possibly delisted; no timezone found
$IPG: possibly delisted; no timezone found

1 Failed download:
['IPG']: possibly delisted; no timezone found
$JEC: possibly delisted; no timezone found
$JEC: possibly delisted; no timezone found

1 Failed download:
['JEC']: possibly delisted; no timezone found
$JNPR: possibly delisted; no timezone found
$JNPR: possibly delisted; no timezone found

1 Failed download:
['JNPR']: possibly delisted; no timezone found
$K: possibly delisted; no timezone found
$JWN: possibly delisted; no timezone found
$K: possibly delisted; no timezone found
$JWN: possibly delisted; no timezone found

1 Failed download:
['K']: possibly delisted; no timezone found

1 Failed download:
['JWN']: possibly delisted; no timezone found
$JKHY: possibly delisted; no price data found  (1d 2018-12-23 -> 2018-12-23)

1 Failed download:
['JKHY']: possibly delisted; no price data found  (1d 2018-12-23 -> 2018-12-23)
$KEYS: possibly delisted; no price data found  (1d 2018-12-23 -> 2018-12-23)

1 Failed download:
['KEYS']: possibly delisted; no price data found  (1d 2018-12-23 -> 2018-12-23)

1 Failed download:
['KSU']: YFRateLimitError('Too Many Requests. Rate limited. Try after a while.')

1 Failed download:
['LB']: YFRateLimitError('Too Many Requests. Rate limited. Try after a while.')

1 Failed download:
['LLL']: YFRateLimitError('Too Many Requests. Rate limited. Try after a while.')
$LW: possibly delisted; no price data found  (1d 2018-12-23 -> 2018-12-23)

1 Failed download:
['LW']: possibly delisted; no price data found  (1d 2018-12-23 -> 2018-12-23)

1 Failed download:
['MMC']: YFRateLimitError('Too Many Requests. Rate limited. Try after a while.')

1 Failed download:
['MRO']: YFRateLimitError('Too Many Requests. Rate limited. Try after a while.')
$MYL: possibly delisted; no timezone found
$MYL: possibly delisted; no timezone found

1 Failed download:
['MYL']: possibly delisted; no timezone found

1 Failed download:
['MXIM']: YFRateLimitError('Too Many Requests. Rate limited. Try after a while.')

1 Failed download:
['NBL']: YFRateLimitError('Too Many Requests. Rate limited. Try after a while.')

1 Failed download:
['NFX']: YFRateLimitError('Too Many Requests. Rate limited. Try after a while.')
$NLSN: possibly delisted; no timezone found
$NLSN: possibly delisted; no timezone found

1 Failed download:
['NLSN']: possibly delisted; no timezone found

1 Failed download:
['PBCT']: YFRateLimitError('Too Many Requests. Rate limited. Try after a while.')

1 Failed download:
['PKI']: YFRateLimitError('Too Many Requests. Rate limited. Try after a while.')

1 Failed download:
['PXD']: YFRateLimitError('Too Many Requests. Rate limited. Try after a while.')
$RHT: possibly delisted; no timezone found

1 Failed download:
['RE']: YFRateLimitError('Too Many Requests. Rate limited. Try after a while.')
$RHT: possibly delisted; no timezone found

1 Failed download:
['RHT']: possibly delisted; no timezone found

1 Failed download:
['RTN']: YFRateLimitError('Too Many Requests. Rate limited. Try after a while.')
$SEE: possibly delisted; no timezone found
$SEE: possibly delisted; no timezone found

1 Failed download:
['SEE']: possibly delisted; no timezone found

1 Failed download:
['SIVB']: YFRateLimitError('Too Many Requests. Rate limited. Try after a while.')
$ROL: possibly delisted; no price data found  (1d 2018-12-23 -> 2018-12-23)

1 Failed download:
['ROL']: possibly delisted; no price data found  (1d 2018-12-23 -> 2018-12-23)

1 Failed download:
['STI']: YFRateLimitError('Too Many Requests. Rate limited. Try after a while.')
$SYMC: possibly delisted; no timezone found
$SYMC: possibly delisted; no timezone found

1 Failed download:
['SYMC']: possibly delisted; no timezone found
$TIF: possibly delisted; no timezone found
$TIF: possibly delisted; no timezone found

1 Failed download:
['TIF']: possibly delisted; no timezone found

1 Failed download:
['TMK']: YFRateLimitError('Too Many Requests. Rate limited. Try after a while.')
$TSS: possibly delisted; no timezone found
$TSS: possibly delisted; no timezone found

1 Failed download:
['TSS']: possibly delisted; no timezone found

1 Failed download:
['TWTR']: YFRateLimitError('Too Many Requests. Rate limited. Try after a while.')
$VAR: possibly delisted; no timezone found
$VAR: possibly delisted; no timezone found

1 Failed download:
['VAR']: possibly delisted; no timezone found
$VIAB: possibly delisted; no timezone found
$VIAB: possibly delisted; no timezone found

1 Failed download:
['UTX']: YFRateLimitError('Too Many Requests. Rate limited. Try after a while.')

1 Failed download:
['VIAB']: possibly delisted; no timezone found
$WCG: possibly delisted; no timezone found
$WCG: possibly delisted; no timezone found

1 Failed download:
['WCG']: possibly delisted; no timezone found
$WLTW: possibly delisted; no timezone found

1 Failed download:
['WBA']: YFRateLimitError('Too Many Requests. Rate limited. Try after a while.')
$WLTW: possibly delisted; no timezone found

1 Failed download:
['WLTW']: possibly delisted; no timezone found

1 Failed download:
['WRK']: YFRateLimitError('Too Many Requests. Rate limited. Try after a while.')
$XEC: possibly delisted; no timezone found
$XEC: possibly delisted; no timezone found

1 Failed download:
['XEC']: possibly delisted; no timezone found

1 Failed download:
['XLNX']: YFRateLimitError('Too Many Requests. Rate limited. Try after a while.')
[h11]     [1/4] 2019-01-02: picks=['MRK', 'PFE', 'NEE'] (pool=40, 후보=19, 92.7s)
$ABC: possibly delisted; no timezone found
$ABC: possibly delisted; no timezone found

1 Failed download:
['ABC']: possibly delisted; no timezone found

1 Failed download:
['ABMD']: YFRateLimitError('Too Many Requests. Rate limited. Try after a while.')

1 Failed download:
['ADS']: YFRateLimitError('Too Many Requests. Rate limited. Try after a while.')

1 Failed download:
['AGN']: YFRateLimitError('Too Many Requests. Rate limited. Try after a while.')

1 Failed download:
['ALXN']: YFRateLimitError('Too Many Requests. Rate limited. Try after a while.')
$ANTM: possibly delisted; no timezone found
$ANSS: possibly delisted; no timezone found
$ANTM: possibly delisted; no timezone found

1 Failed download:
['ANTM']: possibly delisted; no timezone found
$ANSS: possibly delisted; no timezone found

1 Failed download:
['ANSS']: possibly delisted; no timezone found
$ARNC: possibly delisted; no timezone found
$ARNC: possibly delisted; no timezone found

1 Failed download:
['ARNC']: possibly delisted; no timezone found
$ATVI: possibly delisted; no timezone found
$ATVI: possibly delisted; no timezone found

1 Failed download:
['ATVI']: possibly delisted; no timezone found

1 Failed download:
['APC']: YFRateLimitError('Too Many Requests. Rate limited. Try after a while.')
$BHGE: possibly delisted; no timezone found
$BHGE: possibly delisted; no timezone found

1 Failed download:
['BHGE']: possibly delisted; no timezone found
$BK: possibly delisted; no timezone found
$BK: possibly delisted; no timezone found

1 Failed download:
['BK']: possibly delisted; no timezone found
$BLL: possibly delisted; no timezone found
$BLL: possibly delisted; no timezone found

1 Failed download:
['BLL']: possibly delisted; no timezone found
$CBS: possibly delisted; no timezone found
$CBS: possibly delisted; no timezone found

1 Failed download:
['CBS']: possibly delisted; no timezone found
$CELG: possibly delisted; no timezone found
$CELG: possibly delisted; no timezone found

1 Failed download:
['CELG']: possibly delisted; no timezone found
$CERN: possibly delisted; no timezone found
$CERN: possibly delisted; no timezone found

1 Failed download:
['CERN']: possibly delisted; no timezone found
$CMA: possibly delisted; no timezone found
$CMA: possibly delisted; no timezone found

1 Failed download:
['CMA']: possibly delisted; no timezone found
$COG: possibly delisted; no timezone found
$COG: possibly delisted; no timezone found

1 Failed download:
['COG']: possibly delisted; no timezone found
$CTL: possibly delisted; no timezone found
$CTL: possibly delisted; no timezone found

1 Failed download:
['CTL']: possibly delisted; no timezone found
$CTXS: possibly delisted; no timezone found
$CTXS: possibly delisted; no timezone found
$CXO: possibly delisted; no timezone found

1 Failed download:
['CTXS']: possibly delisted; no timezone found
$CXO: possibly delisted; no timezone found

1 Failed download:
['CXO']: possibly delisted; no timezone found
$DFS: possibly delisted; no timezone found
$DFS: possibly delisted; no timezone found

1 Failed download:
['DFS']: possibly delisted; no timezone found
$DISCA: possibly delisted; no timezone found
$DISCK: possibly delisted; no timezone found
$DISCA: possibly delisted; no timezone found
$DISCK: possibly delisted; no timezone found

1 Failed download:
['DISCA']: possibly delisted; no timezone found

1 Failed download:
['DISCK']: possibly delisted; no timezone found
$DISH: possibly delisted; no timezone found
$DISH: possibly delisted; no timezone found

1 Failed download:
['DISH']: possibly delisted; no timezone found
$DRE: possibly delisted; no timezone found
$DRE: possibly delisted; no timezone found

1 Failed download:
['DRE']: possibly delisted; no timezone found
$ETFC: possibly delisted; no timezone found
$ETFC: possibly delisted; no timezone found

1 Failed download:
['ETFC']: possibly delisted; no timezone found
$FBHS: possibly delisted; no timezone found
$FBHS: possibly delisted; no timezone found

1 Failed download:
['FBHS']: possibly delisted; no timezone found

1 Failed download:
['FB']: YFRateLimitError('Too Many Requests. Rate limited. Try after a while.')
$FL: possibly delisted; no timezone found
$FL: possibly delisted; no timezone found

1 Failed download:
['FL']: possibly delisted; no timezone found
$FLIR: possibly delisted; no timezone found
$FLIR: possibly delisted; no timezone found

1 Failed download:
['FLIR']: possibly delisted; no timezone found
$FRC: possibly delisted; no timezone found
$FRC: possibly delisted; no timezone found

1 Failed download:
['FRC']: possibly delisted; no timezone found

1 Failed download:
['FLT']: YFRateLimitError('Too Many Requests. Rate limited. Try after a while.')
$GPS: possibly delisted; no timezone found
$GPS: possibly delisted; no timezone found

1 Failed download:
['GPS']: possibly delisted; no timezone found
$HBI: possibly delisted; no timezone found
$HBI: possibly delisted; no timezone found

1 Failed download:
['HBI']: possibly delisted; no timezone found
$HCP: possibly delisted; no timezone found
$HCP: possibly delisted; no timezone found

1 Failed download:
['HCP']: possibly delisted; no timezone found
$HES: possibly delisted; no timezone found
$HES: possibly delisted; no timezone found

1 Failed download:
['HES']: possibly delisted; no timezone found

1 Failed download:
['HFC']: YFRateLimitError('Too Many Requests. Rate limited. Try after a while.')
$HOLX: possibly delisted; no timezone found
$HOLX: possibly delisted; no timezone found

1 Failed download:
['HOLX']: possibly delisted; no timezone found
$IPG: possibly delisted; no timezone found
$IPG: possibly delisted; no timezone found

1 Failed download:
['IPG']: possibly delisted; no timezone found

1 Failed download:
['INFO']: YFRateLimitError('Too Many Requests. Rate limited. Try after a while.')
$JEC: possibly delisted; no timezone found
$JEC: possibly delisted; no timezone found

1 Failed download:
['JEC']: possibly delisted; no timezone found
$JNPR: possibly delisted; no timezone found
$JNPR: possibly delisted; no timezone found

1 Failed download:
['JNPR']: possibly delisted; no timezone found
$JWN: possibly delisted; no timezone found
$JWN: possibly delisted; no timezone found

1 Failed download:
['JWN']: possibly delisted; no timezone found
$K: possibly delisted; no timezone found
$K: possibly delisted; no timezone found

1 Failed download:
['K']: possibly delisted; no timezone found

1 Failed download:
['KSU']: YFRateLimitError('Too Many Requests. Rate limited. Try after a while.')

1 Failed download:
['LB']: YFRateLimitError('Too Many Requests. Rate limited. Try after a while.')

1 Failed download:
['MMC']: YFRateLimitError('Too Many Requests. Rate limited. Try after a while.')

1 Failed download:
['MRO']: YFRateLimitError('Too Many Requests. Rate limited. Try after a while.')
$MYL: possibly delisted; no timezone found

1 Failed download:
['MXIM']: YFRateLimitError('Too Many Requests. Rate limited. Try after a while.')
$MYL: possibly delisted; no timezone found

1 Failed download:
['MYL']: possibly delisted; no timezone found

1 Failed download:
['NBL']: YFRateLimitError('Too Many Requests. Rate limited. Try after a while.')
$NLSN: possibly delisted; no timezone found
$NLSN: possibly delisted; no timezone found

1 Failed download:
['NLSN']: possibly delisted; no timezone found

1 Failed download:
['PBCT']: YFRateLimitError('Too Many Requests. Rate limited. Try after a while.')

1 Failed download:
['PKI']: YFRateLimitError('Too Many Requests. Rate limited. Try after a while.')

1 Failed download:
['PXD']: YFRateLimitError('Too Many Requests. Rate limited. Try after a while.')
$RHT: possibly delisted; no timezone found

1 Failed download:
['RE']: YFRateLimitError('Too Many Requests. Rate limited. Try after a while.')
$RHT: possibly delisted; no timezone found

1 Failed download:
['RHT']: possibly delisted; no timezone found

1 Failed download:
['RTN']: YFRateLimitError('Too Many Requests. Rate limited. Try after a while.')
$SEE: possibly delisted; no timezone found
$SEE: possibly delisted; no timezone found

1 Failed download:
['SEE']: possibly delisted; no timezone found

1 Failed download:
['SIVB']: YFRateLimitError('Too Many Requests. Rate limited. Try after a while.')

1 Failed download:
['STI']: YFRateLimitError('Too Many Requests. Rate limited. Try after a while.')
$SYMC: possibly delisted; no timezone found
$SYMC: possibly delisted; no timezone found

1 Failed download:
['SYMC']: possibly delisted; no timezone found
$TIF: possibly delisted; no timezone found
$TIF: possibly delisted; no timezone found

1 Failed download:
['TIF']: possibly delisted; no timezone found

1 Failed download:
['TMK']: YFRateLimitError('Too Many Requests. Rate limited. Try after a while.')
$TSS: possibly delisted; no timezone found
$TSS: possibly delisted; no timezone found

1 Failed download:
['TSS']: possibly delisted; no timezone found

1 Failed download:
['TWTR']: YFRateLimitError('Too Many Requests. Rate limited. Try after a while.')
$VAR: possibly delisted; no timezone found
$VAR: possibly delisted; no timezone found

1 Failed download:
['VAR']: possibly delisted; no timezone found

1 Failed download:
['UTX']: YFRateLimitError('Too Many Requests. Rate limited. Try after a while.')
$VIAB: possibly delisted; no timezone found
$VIAB: possibly delisted; no timezone found

1 Failed download:
['VIAB']: possibly delisted; no timezone found
$WCG: possibly delisted; no timezone found
$WCG: possibly delisted; no timezone found

1 Failed download:
['WCG']: possibly delisted; no timezone found
$WLTW: possibly delisted; no timezone found

1 Failed download:
['WBA']: YFRateLimitError('Too Many Requests. Rate limited. Try after a while.')
$WLTW: possibly delisted; no timezone found

1 Failed download:
['WLTW']: possibly delisted; no timezone found

1 Failed download:
['WRK']: YFRateLimitError('Too Many Requests. Rate limited. Try after a while.')
$XEC: possibly delisted; no timezone found
$XEC: possibly delisted; no timezone found

1 Failed download:
['XEC']: possibly delisted; no timezone found

1 Failed download:
['XLNX']: YFRateLimitError('Too Many Requests. Rate limited. Try after a while.')
[h11]     [2/4] 2019-07-01: picks=['APD', 'ECL', 'AMT'] (pool=40, 후보=38, 94.4s)
$ABC: possibly delisted; no timezone found
$ABC: possibly delisted; no timezone found

1 Failed download:
['ABC']: possibly delisted; no timezone found

1 Failed download:
['ABMD']: YFRateLimitError('Too Many Requests. Rate limited. Try after a while.')

1 Failed download:
['ADS']: YFRateLimitError('Too Many Requests. Rate limited. Try after a while.')

1 Failed download:
['AGN']: YFRateLimitError('Too Many Requests. Rate limited. Try after a while.')

1 Failed download:
['ALXN']: YFRateLimitError('Too Many Requests. Rate limited. Try after a while.')
$ANSS: possibly delisted; no timezone found
$ANSS: possibly delisted; no timezone found

1 Failed download:
['ANSS']: possibly delisted; no timezone found
$ANTM: possibly delisted; no timezone found
$ANTM: possibly delisted; no timezone found

1 Failed download:
['ANTM']: possibly delisted; no timezone found
$ARNC: possibly delisted; no timezone found
$ARNC: possibly delisted; no timezone found
$ATVI: possibly delisted; no timezone found
$ATVI: possibly delisted; no timezone found

1 Failed download:
['ARNC']: possibly delisted; no timezone found

1 Failed download:
['ATVI']: possibly delisted; no timezone found
$BK: possibly delisted; no timezone found
$BK: possibly delisted; no timezone found

1 Failed download:
['BK']: possibly delisted; no timezone found
$BLL: possibly delisted; no timezone found
$BLL: possibly delisted; no timezone found

1 Failed download:
['BLL']: possibly delisted; no timezone found
$CERN: possibly delisted; no timezone found
$CERN: possibly delisted; no timezone found

1 Failed download:
['CERN']: possibly delisted; no timezone found
$CMA: possibly delisted; no timezone found
$CMA: possibly delisted; no timezone found

1 Failed download:
['CMA']: possibly delisted; no timezone found
$COG: possibly delisted; no timezone found
$COG: possibly delisted; no timezone found

1 Failed download:
['COG']: possibly delisted; no timezone found
$CTL: possibly delisted; no timezone found
$CTL: possibly delisted; no timezone found

1 Failed download:
['CTL']: possibly delisted; no timezone found
$CTXS: possibly delisted; no timezone found
$CTXS: possibly delisted; no timezone found

1 Failed download:
['CTXS']: possibly delisted; no timezone found
$CXO: possibly delisted; no timezone found
$CXO: possibly delisted; no timezone found

1 Failed download:
['CXO']: possibly delisted; no timezone found
$DFS: possibly delisted; no timezone found
$DFS: possibly delisted; no timezone found

1 Failed download:
['DFS']: possibly delisted; no timezone found
$DISCA: possibly delisted; no timezone found
$DISH: possibly delisted; no timezone found
$DISCA: possibly delisted; no timezone found

1 Failed download:
['DISCA']: possibly delisted; no timezone found
$DISCK: possibly delisted; no timezone found
$DISH: possibly delisted; no timezone found

1 Failed download:
['DISH']: possibly delisted; no timezone found
$DISCK: possibly delisted; no timezone found

1 Failed download:
['DISCK']: possibly delisted; no timezone found
$DRE: possibly delisted; no timezone found
$DRE: possibly delisted; no timezone found

1 Failed download:
['DRE']: possibly delisted; no timezone found
$ETFC: possibly delisted; no timezone found
$ETFC: possibly delisted; no timezone found

1 Failed download:
['ETFC']: possibly delisted; no timezone found
$FBHS: possibly delisted; no timezone found
$FBHS: possibly delisted; no timezone found

1 Failed download:
['FBHS']: possibly delisted; no timezone found

1 Failed download:
['FB']: YFRateLimitError('Too Many Requests. Rate limited. Try after a while.')
$FLIR: possibly delisted; no timezone found
$FLIR: possibly delisted; no timezone found

1 Failed download:
['FLIR']: possibly delisted; no timezone found

1 Failed download:
['FLT']: YFRateLimitError('Too Many Requests. Rate limited. Try after a while.')
$FRC: possibly delisted; no timezone found
$FRC: possibly delisted; no timezone found

1 Failed download:
['FRC']: possibly delisted; no timezone found
$GPS: possibly delisted; no timezone found
$GPS: possibly delisted; no timezone found

1 Failed download:
['GPS']: possibly delisted; no timezone found
$HBI: possibly delisted; no timezone found
$HBI: possibly delisted; no timezone found

1 Failed download:
['HBI']: possibly delisted; no timezone found
$HES: possibly delisted; no timezone found
$HES: possibly delisted; no timezone found

1 Failed download:
['HES']: possibly delisted; no timezone found

1 Failed download:
['HFC']: YFRateLimitError('Too Many Requests. Rate limited. Try after a while.')
$HOLX: possibly delisted; no timezone found
$HOLX: possibly delisted; no timezone found

1 Failed download:
['HOLX']: possibly delisted; no timezone found
$IPG: possibly delisted; no timezone found
$IPG: possibly delisted; no timezone found

1 Failed download:
['IPG']: possibly delisted; no timezone found

1 Failed download:
['INFO']: YFRateLimitError('Too Many Requests. Rate limited. Try after a while.')
$JNPR: possibly delisted; no timezone found
$JNPR: possibly delisted; no timezone found

1 Failed download:
['JNPR']: possibly delisted; no timezone found
$JWN: possibly delisted; no timezone found
$JWN: possibly delisted; no timezone found

1 Failed download:
['JWN']: possibly delisted; no timezone found
$K: possibly delisted; no timezone found
$K: possibly delisted; no timezone found

1 Failed download:
['K']: possibly delisted; no timezone found

1 Failed download:
['KSU']: YFRateLimitError('Too Many Requests. Rate limited. Try after a while.')

1 Failed download:
['LB']: YFRateLimitError('Too Many Requests. Rate limited. Try after a while.')

1 Failed download:
['MMC']: YFRateLimitError('Too Many Requests. Rate limited. Try after a while.')

1 Failed download:
['MRO']: YFRateLimitError('Too Many Requests. Rate limited. Try after a while.')
$MYL: possibly delisted; no timezone found
$MYL: possibly delisted; no timezone found

1 Failed download:
['MYL']: possibly delisted; no timezone found

1 Failed download:
['MXIM']: YFRateLimitError('Too Many Requests. Rate limited. Try after a while.')
$NBL: possibly delisted; no timezone found
$NBL: possibly delisted; no timezone found

1 Failed download:
['NBL']: possibly delisted; no timezone found
$NLSN: possibly delisted; no timezone found
$NLSN: possibly delisted; no timezone found

1 Failed download:
['NLSN']: possibly delisted; no timezone found

1 Failed download:
['NLOK']: YFRateLimitError('Too Many Requests. Rate limited. Try after a while.')

1 Failed download:
['PBCT']: YFRateLimitError('Too Many Requests. Rate limited. Try after a while.')

1 Failed download:
['PEAK']: YFRateLimitError('Too Many Requests. Rate limited. Try after a while.')

1 Failed download:
['PKI']: YFRateLimitError('Too Many Requests. Rate limited. Try after a while.')

1 Failed download:
['PXD']: YFRateLimitError('Too Many Requests. Rate limited. Try after a while.')
$RE: possibly delisted; no timezone found
$RE: possibly delisted; no timezone found

1 Failed download:
['RE']: possibly delisted; no timezone found
$SEE: possibly delisted; no timezone found
$SEE: possibly delisted; no timezone found

1 Failed download:
['SEE']: possibly delisted; no timezone found

1 Failed download:
['RTN']: YFRateLimitError('Too Many Requests. Rate limited. Try after a while.')

1 Failed download:
['SIVB']: YFRateLimitError('Too Many Requests. Rate limited. Try after a while.')
$TIF: possibly delisted; no timezone found
$TIF: possibly delisted; no timezone found

1 Failed download:
['TIF']: possibly delisted; no timezone found

1 Failed download:
['TWTR']: YFRateLimitError('Too Many Requests. Rate limited. Try after a while.')

1 Failed download:
['UTX']: YFRateLimitError('Too Many Requests. Rate limited. Try after a while.')
$VAR: possibly delisted; no timezone found
$VAR: possibly delisted; no timezone found

1 Failed download:
['VAR']: possibly delisted; no timezone found

1 Failed download:
['VIAC']: YFRateLimitError('Too Many Requests. Rate limited. Try after a while.')
$WCG: possibly delisted; no timezone found
$WCG: possibly delisted; no timezone found

1 Failed download:
['WCG']: possibly delisted; no timezone found

1 Failed download:
['WBA']: YFRateLimitError('Too Many Requests. Rate limited. Try after a while.')
$WLTW: possibly delisted; no timezone found
$WLTW: possibly delisted; no timezone found

1 Failed download:
['WLTW']: possibly delisted; no timezone found

1 Failed download:
['WRK']: YFRateLimitError('Too Many Requests. Rate limited. Try after a while.')
$XEC: possibly delisted; no timezone found
$XEC: possibly delisted; no timezone found

1 Failed download:
['XEC']: possibly delisted; no timezone found

1 Failed download:
['XLNX']: YFRateLimitError('Too Many Requests. Rate limited. Try after a while.')
[h11]     [3/4] 2020-01-02: picks=['AAPL', 'MSFT', 'PLD'] (pool=40, 후보=39, 94.5s)
$ABC: possibly delisted; no timezone found
$ABC: possibly delisted; no timezone found

1 Failed download:
['ABC']: possibly delisted; no timezone found

1 Failed download:
['ABMD']: YFRateLimitError('Too Many Requests. Rate limited. Try after a while.')

1 Failed download:
['ALXN']: YFRateLimitError('Too Many Requests. Rate limited. Try after a while.')
$ANTM: possibly delisted; no timezone found
$ANTM: possibly delisted; no timezone found

1 Failed download:
['ANTM']: possibly delisted; no timezone found
$ANSS: possibly delisted; no timezone found
$ANSS: possibly delisted; no timezone found

1 Failed download:
['ANSS']: possibly delisted; no timezone found
$ATVI: possibly delisted; no timezone found
$ATVI: possibly delisted; no timezone found

1 Failed download:
['ATVI']: possibly delisted; no timezone found
$BK: possibly delisted; no timezone found
$BK: possibly delisted; no timezone found

1 Failed download:
['BK']: possibly delisted; no timezone found
$BLL: possibly delisted; no timezone found
$BLL: possibly delisted; no timezone found

1 Failed download:
['BLL']: possibly delisted; no timezone found
$BIO: possibly delisted; no price data found  (1d 2020-06-21 -> 2020-06-21)

1 Failed download:
['BIO']: possibly delisted; no price data found  (1d 2020-06-21 -> 2020-06-21)
$CERN: possibly delisted; no timezone found
$CERN: possibly delisted; no timezone found

1 Failed download:
['CERN']: possibly delisted; no timezone found
$CMA: possibly delisted; no timezone found
$CMA: possibly delisted; no timezone found

1 Failed download:
['CMA']: possibly delisted; no timezone found
$COG: possibly delisted; no timezone found
$COG: possibly delisted; no timezone found

1 Failed download:
['COG']: possibly delisted; no timezone found
$CTL: possibly delisted; no timezone found
$CTL: possibly delisted; no timezone found

1 Failed download:
['CTL']: possibly delisted; no timezone found
$CTXS: possibly delisted; no timezone found
$CTXS: possibly delisted; no timezone found
$CXO: possibly delisted; no timezone found

1 Failed download:
['CTXS']: possibly delisted; no timezone found
$CXO: possibly delisted; no timezone found

1 Failed download:
['CXO']: possibly delisted; no timezone found
$DFS: possibly delisted; no timezone found
$DFS: possibly delisted; no timezone found

1 Failed download:
['DFS']: possibly delisted; no timezone found
$DISCA: possibly delisted; no timezone found
$DISCA: possibly delisted; no timezone found

1 Failed download:
['DISCA']: possibly delisted; no timezone found
$DISH: possibly delisted; no timezone found
$DISCK: possibly delisted; no timezone found
$DISH: possibly delisted; no timezone found

1 Failed download:
['DISH']: possibly delisted; no timezone found
$DISCK: possibly delisted; no timezone found

1 Failed download:
['DISCK']: possibly delisted; no timezone found
$DRE: possibly delisted; no timezone found
$DRE: possibly delisted; no timezone found

1 Failed download:
['DRE']: possibly delisted; no timezone found
$DPZ: possibly delisted; no price data found  (1d 2020-06-21 -> 2020-06-21)

1 Failed download:
['DPZ']: possibly delisted; no price data found  (1d 2020-06-21 -> 2020-06-21)
$DXCM: possibly delisted; no price data found  (1d 2020-06-21 -> 2020-06-21)

1 Failed download:
['DXCM']: possibly delisted; no price data found  (1d 2020-06-21 -> 2020-06-21)
$ETFC: possibly delisted; no timezone found
$ETFC: possibly delisted; no timezone found

1 Failed download:
['ETFC']: possibly delisted; no timezone found
$FBHS: possibly delisted; no timezone found
$FBHS: possibly delisted; no timezone found

1 Failed download:
['FBHS']: possibly delisted; no timezone found

1 Failed download:
['FB']: YFRateLimitError('Too Many Requests. Rate limited. Try after a while.')
$FLIR: possibly delisted; no timezone found
$FLIR: possibly delisted; no timezone found

1 Failed download:
['FLIR']: possibly delisted; no timezone found

1 Failed download:
['FLT']: YFRateLimitError('Too Many Requests. Rate limited. Try after a while.')
$FRC: possibly delisted; no timezone found
$FRC: possibly delisted; no timezone found

1 Failed download:
['FRC']: possibly delisted; no timezone found
$GPS: possibly delisted; no timezone found
$GPS: possibly delisted; no timezone found

1 Failed download:
['GPS']: possibly delisted; no timezone found
$HBI: possibly delisted; no timezone found
$HBI: possibly delisted; no timezone found

1 Failed download:
['HBI']: possibly delisted; no timezone found
$HES: possibly delisted; no timezone found
$HES: possibly delisted; no timezone found

1 Failed download:
['HES']: possibly delisted; no timezone found
$HOLX: possibly delisted; no timezone found

1 Failed download:
['HFC']: YFRateLimitError('Too Many Requests. Rate limited. Try after a while.')
$HOLX: possibly delisted; no timezone found

1 Failed download:
['HOLX']: possibly delisted; no timezone found
$HWM: possibly delisted; no price data found  (1d 2020-06-21 -> 2020-06-21)

1 Failed download:
['HWM']: possibly delisted; no price data found  (1d 2020-06-21 -> 2020-06-21)
$IPG: possibly delisted; no timezone found
$IPG: possibly delisted; no timezone found

1 Failed download:
['IPG']: possibly delisted; no timezone found

1 Failed download:
['INFO']: YFRateLimitError('Too Many Requests. Rate limited. Try after a while.')
$JNPR: possibly delisted; no timezone found
$K: possibly delisted; no timezone found
$JNPR: possibly delisted; no timezone found

1 Failed download:
['JNPR']: possibly delisted; no timezone found
$K: possibly delisted; no timezone found

1 Failed download:
['K']: possibly delisted; no timezone found

1 Failed download:
['KSU']: YFRateLimitError('Too Many Requests. Rate limited. Try after a while.')

1 Failed download:
['LB']: YFRateLimitError('Too Many Requests. Rate limited. Try after a while.')

1 Failed download:
['MMC']: YFRateLimitError('Too Many Requests. Rate limited. Try after a while.')

1 Failed download:
['MRO']: YFRateLimitError('Too Many Requests. Rate limited. Try after a while.')
$MYL: possibly delisted; no timezone found
$NBL: possibly delisted; no timezone found
$MYL: possibly delisted; no timezone found

1 Failed download:
['MYL']: possibly delisted; no timezone found

1 Failed download:
['MXIM']: YFRateLimitError('Too Many Requests. Rate limited. Try after a while.')
$NBL: possibly delisted; no timezone found

1 Failed download:
['NBL']: possibly delisted; no timezone found
$NLSN: possibly delisted; no timezone found
$NLSN: possibly delisted; no timezone found

1 Failed download:
['NLSN']: possibly delisted; no timezone found

1 Failed download:
['NLOK']: YFRateLimitError('Too Many Requests. Rate limited. Try after a while.')
$OTIS: possibly delisted; no price data found  (1d 2020-06-21 -> 2020-06-21)

1 Failed download:
['OTIS']: possibly delisted; no price data found  (1d 2020-06-21 -> 2020-06-21)

1 Failed download:
['PBCT']: YFRateLimitError('Too Many Requests. Rate limited. Try after a while.')
$PEAK: possibly delisted; no timezone found
$PAYC: possibly delisted; no price data found  (1d 2020-06-21 -> 2020-06-21)
$PEAK: possibly delisted; no timezone found

1 Failed download:
['PEAK']: possibly delisted; no timezone found

1 Failed download:
['PAYC']: possibly delisted; no price data found  (1d 2020-06-21 -> 2020-06-21)

1 Failed download:
['PKI']: YFRateLimitError('Too Many Requests. Rate limited. Try after a while.')
$RE: possibly delisted; no timezone found
$RE: possibly delisted; no timezone found

1 Failed download:
['RE']: possibly delisted; no timezone found

1 Failed download:
['PXD']: YFRateLimitError('Too Many Requests. Rate limited. Try after a while.')
$SEE: possibly delisted; no timezone found
$SEE: possibly delisted; no timezone found

1 Failed download:
['SEE']: possibly delisted; no timezone found

1 Failed download:
['SIVB']: YFRateLimitError('Too Many Requests. Rate limited. Try after a while.')
$TIF: possibly delisted; no timezone found
$TIF: possibly delisted; no timezone found

1 Failed download:
['TIF']: possibly delisted; no timezone found
$TDY: possibly delisted; no price data found  (1d 2020-06-21 -> 2020-06-21)

1 Failed download:
['TDY']: possibly delisted; no price data found  (1d 2020-06-21 -> 2020-06-21)

1 Failed download:
['TWTR']: YFRateLimitError('Too Many Requests. Rate limited. Try after a while.')
$TYL: possibly delisted; no price data found  (1d 2020-06-21 -> 2020-06-21)

1 Failed download:
['TYL']: possibly delisted; no price data found  (1d 2020-06-21 -> 2020-06-21)
$VAR: possibly delisted; no timezone found
$VAR: possibly delisted; no timezone found

1 Failed download:
['VAR']: possibly delisted; no timezone found

1 Failed download:
['VIAC']: YFRateLimitError('Too Many Requests. Rate limited. Try after a while.')
$WLTW: possibly delisted; no timezone found

1 Failed download:
['WBA']: YFRateLimitError('Too Many Requests. Rate limited. Try after a while.')
$WLTW: possibly delisted; no timezone found

1 Failed download:
['WLTW']: possibly delisted; no timezone found

1 Failed download:
['WRK']: YFRateLimitError('Too Many Requests. Rate limited. Try after a while.')
$WST: possibly delisted; no price data found  (1d 2020-06-21 -> 2020-06-21)

1 Failed download:
['WST']: possibly delisted; no price data found  (1d 2020-06-21 -> 2020-06-21)

1 Failed download:
['XLNX']: YFRateLimitError('Too Many Requests. Rate limited. Try after a while.')
[h11]     [4/4] 2020-07-01: picks=['NVDA', 'AAPL', 'MSFT'] (pool=40, 후보=32, 95.7s)
[h33]   full_2019_2026: window=2019-08-12~2026-08-19, n_obs=1764
[h33]   gfc_2008: window=2007-10-01~2009-06-30, n_obs=441
[h33]   covid_2020: window=2020-02-19~2020-04-30, n_obs=51
[h33]   bear_2022: window=2022-01-01~2022-12-31, n_obs=251
[h33]   selloff_2018: window=2018-09-01~2019-01-15, n_obs=92
[h33]   correction_2015_2016: window=2015-08-01~2016-02-15, n_obs=135
[h33] gather_window_returns 완료 (1204.5s)
[h33]   bootstrap full_2019_2026/core_alone: point=1.033, L=20 CI90=[0.5176007344760646, 1.5753818550805683]
[h33]   bootstrap full_2019_2026/case_a_static_satellite: point=1.121, L=20 CI90=[0.6069753645371765, 1.6695207212503125]
[h33]   bootstrap gfc_2008/core_alone: point=0.286, L=20 CI90=[-0.9468526156946114, 1.496474558533238]
[h33]   bootstrap gfc_2008/case_a_static_satellite: point=-0.210, L=20 CI90=[-1.3035809816448547, 0.9615359001019681]
[h33]   bootstrap covid_2020/core_alone: point=0.127, L=20 CI90=[-2.954255355979196, 4.612298588387474]
[h33]   bootstrap covid_2020/case_a_static_satellite: point=0.042, L=20 CI90=[-3.0014826860656965, 4.649178734461265]
[h33]   bootstrap bear_2022/core_alone: point=0.239, L=20 CI90=[-1.101013820161784, 1.6098718807008394]
[h33]   bootstrap bear_2022/case_a_static_satellite: point=0.201, L=20 CI90=[-1.1638988033691287, 1.6381628609547956]
[h33]   bootstrap selloff_2018/core_alone: point=-1.882, L=20 CI90=[-3.3650628896750523, -0.11282162155507494]
[h33]   bootstrap selloff_2018/case_a_static_satellite: point=-1.657, L=20 CI90=[-3.067201933382638, 0.17399111637892314]
[h33]   bootstrap correction_2015_2016/core_alone: point=-1.890, L=20 CI90=[-3.0962893557776847, -0.6289641578369234]
[h33]   bootstrap correction_2015_2016/case_a_static_satellite: point=-1.691, L=20 CI90=[-2.9553609559530374, -0.22980573880244295]
[h33] saved h33_results.json
