[h_corr] === full_2019_2026: 코어 구축 2019-08-12~2026-08-19 (pool_signal=True) ===
[h_corr]   새틀라이트(정적보유, point-in-time, 추세추종) 구축...
[h11]   반기 리밸런싱 14회(trend_following): ['2020-01-02', '2020-07-01', '2021-01-04', '2021-07-01', '2022-01-03', '2022-07-01', '2023-01-03', '2023-07-03', '2024-01-02', '2024-07-01', '2025-01-02', '2025-07-01', '2026-01-02', '2026-07-01']
$ABC: possibly delisted; no timezone found
$ABC: possibly delisted; no timezone found

1 Failed download:
['ABC']: possibly delisted; no timezone found
$ABMD: possibly delisted; no timezone found
$ABMD: possibly delisted; no timezone found

1 Failed download:
['ABMD']: possibly delisted; no timezone found
$AGN: possibly delisted; no timezone found
$AGN: possibly delisted; no timezone found
$ADS: possibly delisted; no timezone found

1 Failed download:
['AGN']: possibly delisted; no timezone found
$ADS: possibly delisted; no timezone found

1 Failed download:
['ADS']: possibly delisted; no timezone found
$ALXN: possibly delisted; no timezone found
$ALXN: possibly delisted; no timezone found

1 Failed download:
['ALXN']: possibly delisted; no timezone found
$ANSS: possibly delisted; no timezone found
$ANSS: possibly delisted; no timezone found
$ANTM: possibly delisted; no timezone found

1 Failed download:
['ANSS']: possibly delisted; no timezone found
$ANTM: possibly delisted; no timezone found

1 Failed download:
['ANTM']: possibly delisted; no timezone found
$ARNC: possibly delisted; no timezone found
$ARNC: possibly delisted; no timezone found

1 Failed download:
$ATVI: possibly delisted; no timezone found
['ARNC']: possibly delisted; no timezone found
$ATVI: possibly delisted; no timezone found

1 Failed download:
['ATVI']: possibly delisted; no timezone found
$AVB: Data doesn't exist for startDate = 1577077200, endDate = 1578027600

1 Failed download:
['AVB']: Data doesn't exist for startDate = 1577077200, endDate = 1578027600
$BK: possibly delisted; no timezone found
$BK: possibly delisted; no timezone found

1 Failed download:
['BK']: possibly delisted; no timezone found
$BLL: possibly delisted; no timezone found
$BLL: possibly delisted; no timezone found

1 Failed download:
['BLL']: possibly delisted; no timezone found
$CERN: possibly delisted; no timezone found
$CERN: possibly delisted; no timezone found

1 Failed download:
['CERN']: possibly delisted; no timezone found
$CMA: possibly delisted; no timezone found
$CMA: possibly delisted; no timezone found

1 Failed download:
['CMA']: possibly delisted; no timezone found
$COG: possibly delisted; no timezone found
$COG: possibly delisted; no timezone found

1 Failed download:
['COG']: possibly delisted; no timezone found
$CTL: possibly delisted; no timezone found
$CTXS: possibly delisted; no timezone found
$CTXS: possibly delisted; no timezone found

1 Failed download:
['CTXS']: possibly delisted; no timezone found
$CTL: possibly delisted; no timezone found

1 Failed download:
['CTL']: possibly delisted; no timezone found
$CXO: possibly delisted; no timezone found
$CXO: possibly delisted; no timezone found

1 Failed download:
['CXO']: possibly delisted; no timezone found
$DFS: possibly delisted; no timezone found
$DFS: possibly delisted; no timezone found

1 Failed download:
['DFS']: possibly delisted; no timezone found
$DISCA: possibly delisted; no timezone found
$DISCK: possibly delisted; no timezone found
$DISCA: possibly delisted; no timezone found
$DISCK: possibly delisted; no timezone found

1 Failed download:
['DISCA']: possibly delisted; no timezone found

1 Failed download:
['DISCK']: possibly delisted; no timezone found
$DRE: possibly delisted; no timezone found
$DRE: possibly delisted; no timezone found
$DISH: possibly delisted; no timezone found

1 Failed download:
['DRE']: possibly delisted; no timezone found
$DISH: possibly delisted; no timezone found

1 Failed download:
['DISH']: possibly delisted; no timezone found
$EA: Data doesn't exist for startDate = 1577077200, endDate = 1578027600

1 Failed download:
['EA']: Data doesn't exist for startDate = 1577077200, endDate = 1578027600
$EQR: Data doesn't exist for startDate = 1577077200, endDate = 1578027600

1 Failed download:
['EQR']: Data doesn't exist for startDate = 1577077200, endDate = 1578027600
$ETFC: possibly delisted; no timezone found
$ETFC: possibly delisted; no timezone found

1 Failed download:
['ETFC']: possibly delisted; no timezone found
$FBHS: possibly delisted; no timezone found
$FBHS: possibly delisted; no timezone found

1 Failed download:
['FBHS']: possibly delisted; no timezone found
$FB: Data doesn't exist for startDate = 1577077200, endDate = 1578027600

1 Failed download:
['FB']: Data doesn't exist for startDate = 1577077200, endDate = 1578027600
$FLIR: possibly delisted; no timezone found
$FLT: possibly delisted; no timezone found
$FLT: possibly delisted; no timezone found
$FLIR: possibly delisted; no timezone found

1 Failed download:
['FLT']: possibly delisted; no timezone found

1 Failed download:
['FLIR']: possibly delisted; no timezone found
$FRC: possibly delisted; no timezone found
$FRC: possibly delisted; no timezone found

1 Failed download:
['FRC']: possibly delisted; no timezone found
$GPS: possibly delisted; no timezone found
$GPS: possibly delisted; no timezone found

1 Failed download:
['GPS']: possibly delisted; no timezone found
$HES: possibly delisted; no timezone found
$HBI: possibly delisted; no timezone found
$HFC: possibly delisted; no timezone found
$HBI: possibly delisted; no timezone found
$HES: possibly delisted; no timezone found

1 Failed download:
['HBI']: possibly delisted; no timezone found

1 Failed download:
['HES']: possibly delisted; no timezone found
$HFC: possibly delisted; no timezone found

1 Failed download:
['HFC']: possibly delisted; no timezone found
$HOLX: possibly delisted; no timezone found
$HOLX: possibly delisted; no timezone found

1 Failed download:
['HOLX']: possibly delisted; no timezone found
$INFO: Data doesn't exist for startDate = 1577077200, endDate = 1578027600

1 Failed download:
['INFO']: Data doesn't exist for startDate = 1577077200, endDate = 1578027600
$IPG: possibly delisted; no timezone found
$IPG: possibly delisted; no timezone found

1 Failed download:
['IPG']: possibly delisted; no timezone found
$JNPR: possibly delisted; no timezone found
$JNPR: possibly delisted; no timezone found

1 Failed download:
['JNPR']: possibly delisted; no timezone found
$JWN: possibly delisted; no timezone found
$K: possibly delisted; no timezone found
$JWN: possibly delisted; no timezone found

1 Failed download:
['JWN']: possibly delisted; no timezone found
$K: possibly delisted; no timezone found

1 Failed download:
['K']: possibly delisted; no timezone found
$KSU: possibly delisted; no timezone found
$KSU: possibly delisted; no timezone found

1 Failed download:
['KSU']: possibly delisted; no timezone found
$LB: Data doesn't exist for startDate = 1577077200, endDate = 1578027600
$LEG: Data doesn't exist for startDate = 1577077200, endDate = 1578027600

1 Failed download:
['LB']: Data doesn't exist for startDate = 1577077200, endDate = 1578027600

1 Failed download:
['LEG']: Data doesn't exist for startDate = 1577077200, endDate = 1578027600
$MMC: possibly delisted; no timezone found
$MMC: possibly delisted; no timezone found

1 Failed download:
['MMC']: possibly delisted; no timezone found
$MRO: possibly delisted; no timezone found
$MRO: possibly delisted; no timezone found

1 Failed download:
['MRO']: possibly delisted; no timezone found
$MXIM: possibly delisted; no timezone found
$MXIM: possibly delisted; no timezone found

1 Failed download:
['MXIM']: possibly delisted; no timezone found
$MYL: possibly delisted; no timezone found
$MYL: possibly delisted; no timezone found

1 Failed download:
['MYL']: possibly delisted; no timezone found
$NBL: possibly delisted; no timezone found
$NBL: possibly delisted; no timezone found
$NLOK: possibly delisted; no timezone found

1 Failed download:
['NBL']: possibly delisted; no timezone found
$NLSN: possibly delisted; no timezone found
$NLOK: possibly delisted; no timezone found

1 Failed download:
['NLOK']: possibly delisted; no timezone found
$NLSN: possibly delisted; no timezone found

1 Failed download:
['NLSN']: possibly delisted; no timezone found
$PBCT: possibly delisted; no timezone found
$PBCT: possibly delisted; no timezone found

1 Failed download:
['PBCT']: possibly delisted; no timezone found
$PEAK: possibly delisted; no timezone found
$PEAK: possibly delisted; no timezone found

1 Failed download:
['PEAK']: possibly delisted; no timezone found
$PKI: possibly delisted; no timezone found
$PKI: possibly delisted; no timezone found

1 Failed download:
['PKI']: possibly delisted; no timezone found
$PXD: possibly delisted; no timezone found
$PXD: possibly delisted; no timezone found

1 Failed download:
['PXD']: possibly delisted; no timezone found
$RE: possibly delisted; no timezone found
$RE: possibly delisted; no timezone found

1 Failed download:
['RE']: possibly delisted; no timezone found
$RTN: possibly delisted; no timezone found
$RTN: possibly delisted; no timezone found

1 Failed download:
['RTN']: possibly delisted; no timezone found
$SEE: possibly delisted; no timezone found
$SEE: possibly delisted; no timezone found

1 Failed download:
['SEE']: possibly delisted; no timezone found
$SIVB: possibly delisted; no timezone found
$SIVB: possibly delisted; no timezone found

1 Failed download:
['SIVB']: possibly delisted; no timezone found
$TIF: possibly delisted; no timezone found
$TIF: possibly delisted; no timezone found

1 Failed download:
['TIF']: possibly delisted; no timezone found
$TWTR: possibly delisted; no timezone found
$TWTR: possibly delisted; no timezone found

1 Failed download:
['TWTR']: possibly delisted; no timezone found
$UTX: possibly delisted; no timezone found
$UTX: possibly delisted; no timezone found

1 Failed download:
['UTX']: possibly delisted; no timezone found
$VAR: possibly delisted; no timezone found
$VAR: possibly delisted; no timezone found

1 Failed download:
['VAR']: possibly delisted; no timezone found
$VIAC: possibly delisted; no timezone found
$VIAC: possibly delisted; no timezone found

1 Failed download:
['VIAC']: possibly delisted; no timezone found
$WBA: possibly delisted; no timezone found
$WCG: possibly delisted; no timezone found
$WBA: possibly delisted; no timezone found

1 Failed download:
['WBA']: possibly delisted; no timezone found
$WCG: possibly delisted; no timezone found

1 Failed download:
['WCG']: possibly delisted; no timezone found
$WLTW: possibly delisted; no timezone found
$WLTW: possibly delisted; no timezone found

1 Failed download:
['WLTW']: possibly delisted; no timezone found
$WRK: possibly delisted; no timezone found
$WRK: possibly delisted; no timezone found

1 Failed download:
['WRK']: possibly delisted; no timezone found
$XLNX: possibly delisted; no timezone found
$XLNX: possibly delisted; no timezone found

1 Failed download:
['XLNX']: possibly delisted; no timezone found
$XEC: possibly delisted; no timezone found
$XEC: possibly delisted; no timezone found

1 Failed download:
['XEC']: possibly delisted; no timezone found
[h11]     [1/14] 2020-01-02: picks=['AAPL', 'MSFT', 'PLD'] (pool=40, 후보=39, 70.4s)
$ABC: possibly delisted; no timezone found
$ABMD: possibly delisted; no timezone found
$ABMD: possibly delisted; no timezone found

1 Failed download:
['ABMD']: possibly delisted; no timezone found
$ABC: possibly delisted; no timezone found

1 Failed download:
['ABC']: possibly delisted; no timezone found
$ALXN: possibly delisted; no timezone found
$ALXN: possibly delisted; no timezone found

1 Failed download:
['ALXN']: possibly delisted; no timezone found
$ANTM: possibly delisted; no timezone found
$ANSS: possibly delisted; no timezone found
$ANTM: possibly delisted; no timezone found

1 Failed download:
['ANTM']: possibly delisted; no timezone found
$ANSS: possibly delisted; no timezone found

1 Failed download:
['ANSS']: possibly delisted; no timezone found
$ATVI: possibly delisted; no timezone found
$ATVI: possibly delisted; no timezone found

1 Failed download:
['ATVI']: possibly delisted; no timezone found
$AVB: Data doesn't exist for startDate = 1592712000, endDate = 1593662400

1 Failed download:
['AVB']: Data doesn't exist for startDate = 1592712000, endDate = 1593662400
$BK: possibly delisted; no timezone found
$BK: possibly delisted; no timezone found

1 Failed download:
['BK']: possibly delisted; no timezone found
$BIO: possibly delisted; no price data found  (1d 2020-06-21 -> 2020-06-21)

1 Failed download:
['BIO']: possibly delisted; no price data found  (1d 2020-06-21 -> 2020-06-21)
$BLL: possibly delisted; no timezone found
$BLL: possibly delisted; no timezone found

1 Failed download:
['BLL']: possibly delisted; no timezone found
$CARR: possibly delisted; no price data found  (1d 2020-06-21 -> 2020-06-21)

1 Failed download:
['CARR']: possibly delisted; no price data found  (1d 2020-06-21 -> 2020-06-21)
$CERN: possibly delisted; no timezone found
$CERN: possibly delisted; no timezone found

1 Failed download:
['CERN']: possibly delisted; no timezone found
$CMA: possibly delisted; no timezone found
$CMA: possibly delisted; no timezone found

1 Failed download:
['CMA']: possibly delisted; no timezone found
$COG: possibly delisted; no timezone found
$COG: possibly delisted; no timezone found

1 Failed download:
['COG']: possibly delisted; no timezone found
$CTL: possibly delisted; no timezone found
$CTL: possibly delisted; no timezone found

1 Failed download:
['CTL']: possibly delisted; no timezone found
$CTXS: possibly delisted; no timezone found
$CTXS: possibly delisted; no timezone found

1 Failed download:
['CTXS']: possibly delisted; no timezone found
$CXO: possibly delisted; no timezone found
$CXO: possibly delisted; no timezone found

1 Failed download:
['CXO']: possibly delisted; no timezone found
$DFS: possibly delisted; no timezone found
$DFS: possibly delisted; no timezone found

1 Failed download:
['DFS']: possibly delisted; no timezone found
$DISCA: possibly delisted; no timezone found
$DISCK: possibly delisted; no timezone found
$DISCK: possibly delisted; no timezone found
$DISCA: possibly delisted; no timezone found

1 Failed download:

1 Failed download:
['DISCK']: possibly delisted; no timezone found
['DISCA']: possibly delisted; no timezone found
$DISH: possibly delisted; no timezone found
$DISH: possibly delisted; no timezone found

1 Failed download:
['DISH']: possibly delisted; no timezone found
$DRE: possibly delisted; no timezone found
$DRE: possibly delisted; no timezone found

1 Failed download:
['DRE']: possibly delisted; no timezone found
$DPZ: possibly delisted; no price data found  (1d 2020-06-21 -> 2020-06-21)

1 Failed download:
['DPZ']: possibly delisted; no price data found  (1d 2020-06-21 -> 2020-06-21)
$EA: Data doesn't exist for startDate = 1592712000, endDate = 1593662400

1 Failed download:
['EA']: Data doesn't exist for startDate = 1592712000, endDate = 1593662400
$DXCM: possibly delisted; no price data found  (1d 2020-06-21 -> 2020-06-21)

1 Failed download:
['DXCM']: possibly delisted; no price data found  (1d 2020-06-21 -> 2020-06-21)
$EQR: Data doesn't exist for startDate = 1592712000, endDate = 1593662400

1 Failed download:
['EQR']: Data doesn't exist for startDate = 1592712000, endDate = 1593662400
$ETFC: possibly delisted; no timezone found
$ETFC: possibly delisted; no timezone found

1 Failed download:
['ETFC']: possibly delisted; no timezone found
$FBHS: possibly delisted; no timezone found
$FBHS: possibly delisted; no timezone found

1 Failed download:
['FBHS']: possibly delisted; no timezone found
$FB: Data doesn't exist for startDate = 1592712000, endDate = 1593662400

1 Failed download:
['FB']: Data doesn't exist for startDate = 1592712000, endDate = 1593662400
$FLIR: possibly delisted; no timezone found
$FLIR: possibly delisted; no timezone found

1 Failed download:
['FLIR']: possibly delisted; no timezone found
$FRC: possibly delisted; no timezone found
$FRC: possibly delisted; no timezone found

1 Failed download:
['FRC']: possibly delisted; no timezone found
$FLT: possibly delisted; no timezone found
$FLT: possibly delisted; no timezone found

1 Failed download:
['FLT']: possibly delisted; no timezone found
$GPS: possibly delisted; no timezone found
$GPS: possibly delisted; no timezone found

1 Failed download:
['GPS']: possibly delisted; no timezone found
$HBI: possibly delisted; no timezone found
$HBI: possibly delisted; no timezone found

1 Failed download:
['HBI']: possibly delisted; no timezone found
$HES: possibly delisted; no timezone found
$HES: possibly delisted; no timezone found

1 Failed download:
['HES']: possibly delisted; no timezone found
$HFC: possibly delisted; no timezone found
$HFC: possibly delisted; no timezone found

1 Failed download:
['HFC']: possibly delisted; no timezone found
$HOLX: possibly delisted; no timezone found
$HOLX: possibly delisted; no timezone found

1 Failed download:
['HOLX']: possibly delisted; no timezone found
$HWM: possibly delisted; no price data found  (1d 2020-06-21 -> 2020-06-21)

1 Failed download:
['HWM']: possibly delisted; no price data found  (1d 2020-06-21 -> 2020-06-21)
$IPG: possibly delisted; no timezone found
$IPG: possibly delisted; no timezone found

1 Failed download:
['IPG']: possibly delisted; no timezone found
$INFO: Data doesn't exist for startDate = 1592712000, endDate = 1593662400

1 Failed download:
['INFO']: Data doesn't exist for startDate = 1592712000, endDate = 1593662400
$JNPR: possibly delisted; no timezone found
$JNPR: possibly delisted; no timezone found

1 Failed download:
['JNPR']: possibly delisted; no timezone found
$K: possibly delisted; no timezone found
$K: possibly delisted; no timezone found

1 Failed download:
['K']: possibly delisted; no timezone found
$KSU: possibly delisted; no timezone found
$KSU: possibly delisted; no timezone found

1 Failed download:
['KSU']: possibly delisted; no timezone found
$LB: Data doesn't exist for startDate = 1592712000, endDate = 1593662400

1 Failed download:
['LB']: Data doesn't exist for startDate = 1592712000, endDate = 1593662400
$LEG: Data doesn't exist for startDate = 1592712000, endDate = 1593662400

1 Failed download:
['LEG']: Data doesn't exist for startDate = 1592712000, endDate = 1593662400
$MMC: possibly delisted; no timezone found
$MMC: possibly delisted; no timezone found

1 Failed download:
['MMC']: possibly delisted; no timezone found
$MRO: possibly delisted; no timezone found
$MRO: possibly delisted; no timezone found

1 Failed download:
['MRO']: possibly delisted; no timezone found
$MXIM: possibly delisted; no timezone found
$MXIM: possibly delisted; no timezone found
$MYL: possibly delisted; no timezone found

1 Failed download:
['MXIM']: possibly delisted; no timezone found
$MYL: possibly delisted; no timezone found

1 Failed download:
['MYL']: possibly delisted; no timezone found
$NBL: possibly delisted; no timezone found
$NBL: possibly delisted; no timezone found

1 Failed download:
['NBL']: possibly delisted; no timezone found
$NLSN: possibly delisted; no timezone found
$NLSN: possibly delisted; no timezone found

1 Failed download:
['NLSN']: possibly delisted; no timezone found
$NLOK: possibly delisted; no timezone found
$NLOK: possibly delisted; no timezone found

1 Failed download:
['NLOK']: possibly delisted; no timezone found
$PBCT: possibly delisted; no timezone found
$PBCT: possibly delisted; no timezone found

1 Failed download:
['PBCT']: possibly delisted; no timezone found
$OTIS: possibly delisted; no price data found  (1d 2020-06-21 -> 2020-06-21)

1 Failed download:
['OTIS']: possibly delisted; no price data found  (1d 2020-06-21 -> 2020-06-21)
$PEAK: possibly delisted; no timezone found
$PEAK: possibly delisted; no timezone found

1 Failed download:
['PEAK']: possibly delisted; no timezone found
$PKI: possibly delisted; no timezone found
$PKI: possibly delisted; no timezone found

1 Failed download:
['PKI']: possibly delisted; no timezone found
$PXD: possibly delisted; no timezone found
$PXD: possibly delisted; no timezone found

1 Failed download:
['PXD']: possibly delisted; no timezone found
$RE: possibly delisted; no timezone found
$RE: possibly delisted; no timezone found

1 Failed download:
['RE']: possibly delisted; no timezone found
$SEE: possibly delisted; no timezone found
$SEE: possibly delisted; no timezone found

1 Failed download:
['SEE']: possibly delisted; no timezone found
$SIVB: possibly delisted; no timezone found
$SIVB: possibly delisted; no timezone found

1 Failed download:
['SIVB']: possibly delisted; no timezone found
$RTX: possibly delisted; no price data found  (1d 2020-06-21 -> 2020-06-21)

1 Failed download:
['RTX']: possibly delisted; no price data found  (1d 2020-06-21 -> 2020-06-21)
$TDY: possibly delisted; no price data found  (1d 2020-06-21 -> 2020-06-21)

1 Failed download:
['TDY']: possibly delisted; no price data found  (1d 2020-06-21 -> 2020-06-21)
$TIF: possibly delisted; no timezone found
$TIF: possibly delisted; no timezone found

1 Failed download:
['TIF']: possibly delisted; no timezone found
$TWTR: possibly delisted; no timezone found
$TWTR: possibly delisted; no timezone found

1 Failed download:
['TWTR']: possibly delisted; no timezone found
$TYL: possibly delisted; no price data found  (1d 2020-06-21 -> 2020-06-21)

1 Failed download:
['TYL']: possibly delisted; no price data found  (1d 2020-06-21 -> 2020-06-21)
$VAR: possibly delisted; no timezone found
$VAR: possibly delisted; no timezone found

1 Failed download:
['VAR']: possibly delisted; no timezone found
$VIAC: possibly delisted; no timezone found
$VIAC: possibly delisted; no timezone found

1 Failed download:
['VIAC']: possibly delisted; no timezone found
$WBA: possibly delisted; no timezone found
$WBA: possibly delisted; no timezone found

1 Failed download:
['WBA']: possibly delisted; no timezone found
$WLTW: possibly delisted; no timezone found
$WLTW: possibly delisted; no timezone found

1 Failed download:
['WLTW']: possibly delisted; no timezone found
$WRK: possibly delisted; no timezone found
$WRK: possibly delisted; no timezone found

1 Failed download:
['WRK']: possibly delisted; no timezone found
$WST: possibly delisted; no price data found  (1d 2020-06-21 -> 2020-06-21)

1 Failed download:
['WST']: possibly delisted; no price data found  (1d 2020-06-21 -> 2020-06-21)
$XLNX: possibly delisted; no timezone found
$XLNX: possibly delisted; no timezone found

1 Failed download:
['XLNX']: possibly delisted; no timezone found
[h11]     [2/14] 2020-07-01: picks=['NVDA', 'AAPL', 'MKTX'] (pool=40, 후보=31, 63.4s)
$ABC: possibly delisted; no timezone found
$ABMD: possibly delisted; no timezone found
$ABC: possibly delisted; no timezone found

1 Failed download:
['ABC']: possibly delisted; no timezone found
$ABMD: possibly delisted; no timezone found

1 Failed download:
['ABMD']: possibly delisted; no timezone found
$ALXN: possibly delisted; no timezone found
$ALXN: possibly delisted; no timezone found

1 Failed download:
['ALXN']: possibly delisted; no timezone found
$ANSS: possibly delisted; no timezone found
$ANTM: possibly delisted; no timezone found
$ANTM: possibly delisted; no timezone found
$ANSS: possibly delisted; no timezone found

1 Failed download:
['ANTM']: possibly delisted; no timezone found

1 Failed download:
['ANSS']: possibly delisted; no timezone found
$ATVI: possibly delisted; no timezone found
$ATVI: possibly delisted; no timezone found

1 Failed download:
['ATVI']: possibly delisted; no timezone found
$AVB: Data doesn't exist for startDate = 1608872400, endDate = 1609822800

1 Failed download:
['AVB']: Data doesn't exist for startDate = 1608872400, endDate = 1609822800
$BK: possibly delisted; no timezone found
$BK: possibly delisted; no timezone found

1 Failed download:
['BK']: possibly delisted; no timezone found
$BLL: possibly delisted; no timezone found
$BLL: possibly delisted; no timezone found

1 Failed download:
['BLL']: possibly delisted; no timezone found
$CERN: possibly delisted; no timezone found
$CERN: possibly delisted; no timezone found

1 Failed download:
['CERN']: possibly delisted; no timezone found
$CMA: possibly delisted; no timezone found
$CMA: possibly delisted; no timezone found

1 Failed download:
['CMA']: possibly delisted; no timezone found
$COG: possibly delisted; no timezone found
$COG: possibly delisted; no timezone found

1 Failed download:
['COG']: possibly delisted; no timezone found
$CTLT: possibly delisted; no timezone found
$CTLT: possibly delisted; no timezone found

1 Failed download:
['CTLT']: possibly delisted; no timezone found
$CXO: possibly delisted; no timezone found
$CXO: possibly delisted; no timezone found
$CTXS: possibly delisted; no timezone found

1 Failed download:
['CXO']: possibly delisted; no timezone found
$DFS: possibly delisted; no timezone found
$CTXS: possibly delisted; no timezone found

1 Failed download:
['CTXS']: possibly delisted; no timezone found
$DFS: possibly delisted; no timezone found

1 Failed download:
['DFS']: possibly delisted; no timezone found
$DISCK: possibly delisted; no timezone found
$DISCK: possibly delisted; no timezone found
$DISH: possibly delisted; no timezone found
$DISH: possibly delisted; no timezone found

1 Failed download:
['DISH']: possibly delisted; no timezone found

1 Failed download:
['DISCK']: possibly delisted; no timezone found
$DISCA: possibly delisted; no timezone found
$DISCA: possibly delisted; no timezone found

1 Failed download:
['DISCA']: possibly delisted; no timezone found
$DRE: possibly delisted; no timezone found
$DRE: possibly delisted; no timezone found

1 Failed download:
['DRE']: possibly delisted; no timezone found
$EA: Data doesn't exist for startDate = 1608872400, endDate = 1609822800

1 Failed download:
['EA']: Data doesn't exist for startDate = 1608872400, endDate = 1609822800
$EQR: Data doesn't exist for startDate = 1608872400, endDate = 1609822800

1 Failed download:
['EQR']: Data doesn't exist for startDate = 1608872400, endDate = 1609822800
$FB: Data doesn't exist for startDate = 1608872400, endDate = 1609822800

1 Failed download:
['FB']: Data doesn't exist for startDate = 1608872400, endDate = 1609822800
$FBHS: possibly delisted; no timezone found
$FBHS: possibly delisted; no timezone found

1 Failed download:
['FBHS']: possibly delisted; no timezone found
$FLT: possibly delisted; no timezone found
$FLIR: possibly delisted; no timezone found
$FLT: possibly delisted; no timezone found

1 Failed download:
['FLT']: possibly delisted; no timezone found
$FLIR: possibly delisted; no timezone found

1 Failed download:
['FLIR']: possibly delisted; no timezone found
$FRC: possibly delisted; no timezone found
$FRC: possibly delisted; no timezone found

1 Failed download:
['FRC']: possibly delisted; no timezone found
$GPS: possibly delisted; no timezone found
$GPS: possibly delisted; no timezone found

1 Failed download:
['GPS']: possibly delisted; no timezone found
$HBI: possibly delisted; no timezone found
$HBI: possibly delisted; no timezone found

1 Failed download:
['HBI']: possibly delisted; no timezone found
$HES: possibly delisted; no timezone found
$HES: possibly delisted; no timezone found
$HFC: possibly delisted; no timezone found

1 Failed download:
['HES']: possibly delisted; no timezone found
$HFC: possibly delisted; no timezone found

1 Failed download:
['HFC']: possibly delisted; no timezone found
$HOLX: possibly delisted; no timezone found
$HOLX: possibly delisted; no timezone found

1 Failed download:
['HOLX']: possibly delisted; no timezone found
$INFO: Data doesn't exist for startDate = 1608872400, endDate = 1609822800

1 Failed download:
['INFO']: Data doesn't exist for startDate = 1608872400, endDate = 1609822800
$IPG: possibly delisted; no timezone found
$IPG: possibly delisted; no timezone found

1 Failed download:
['IPG']: possibly delisted; no timezone found
$K: possibly delisted; no timezone found
$JNPR: possibly delisted; no timezone found
$K: possibly delisted; no timezone found

1 Failed download:
['K']: possibly delisted; no timezone found
$JNPR: possibly delisted; no timezone found

1 Failed download:
['JNPR']: possibly delisted; no timezone found
$KSU: possibly delisted; no timezone found
$KSU: possibly delisted; no timezone found

1 Failed download:
['KSU']: possibly delisted; no timezone found
$LB: Data doesn't exist for startDate = 1608872400, endDate = 1609822800

1 Failed download:
['LB']: Data doesn't exist for startDate = 1608872400, endDate = 1609822800
$LEG: Data doesn't exist for startDate = 1608872400, endDate = 1609822800

1 Failed download:
['LEG']: Data doesn't exist for startDate = 1608872400, endDate = 1609822800
$LUMN: possibly delisted; no price data found  (1d 2020-12-25 -> 2020-12-27)

1 Failed download:
['LUMN']: possibly delisted; no price data found  (1d 2020-12-25 -> 2020-12-27)
$MMC: possibly delisted; no timezone found
$MMC: possibly delisted; no timezone found

1 Failed download:
['MMC']: possibly delisted; no timezone found
$MRO: possibly delisted; no timezone found
$MRO: possibly delisted; no timezone found

1 Failed download:
['MRO']: possibly delisted; no timezone found
$MXIM: possibly delisted; no timezone found
$MXIM: possibly delisted; no timezone found

1 Failed download:
['MXIM']: possibly delisted; no timezone found
$NLOK: possibly delisted; no timezone found
$NLOK: possibly delisted; no timezone found

1 Failed download:
['NLOK']: possibly delisted; no timezone found
$NLSN: possibly delisted; no timezone found
$NLSN: possibly delisted; no timezone found

1 Failed download:
['NLSN']: possibly delisted; no timezone found
$PBCT: possibly delisted; no timezone found
$PEAK: possibly delisted; no timezone found
$PEAK: possibly delisted; no timezone found

1 Failed download:
['PEAK']: possibly delisted; no timezone found
$PBCT: possibly delisted; no timezone found

1 Failed download:
['PBCT']: possibly delisted; no timezone found
$PKI: possibly delisted; no timezone found
$PKI: possibly delisted; no timezone found

1 Failed download:
['PKI']: possibly delisted; no timezone found
$PXD: possibly delisted; no timezone found
$PXD: possibly delisted; no timezone found
$POOL: possibly delisted; no price data found  (1d 2020-12-25 -> 2020-12-27)

1 Failed download:
['PXD']: possibly delisted; no timezone found

1 Failed download:
['POOL']: possibly delisted; no price data found  (1d 2020-12-25 -> 2020-12-27)
$RE: possibly delisted; no timezone found
$RE: possibly delisted; no timezone found

1 Failed download:
['RE']: possibly delisted; no timezone found
$SIVB: possibly delisted; no timezone found
$SEE: possibly delisted; no timezone found
$SIVB: possibly delisted; no timezone found
$SEE: possibly delisted; no timezone found

1 Failed download:
['SEE']: possibly delisted; no timezone found

1 Failed download:
['SIVB']: possibly delisted; no timezone found
$TIF: possibly delisted; no timezone found
$TIF: possibly delisted; no timezone found

1 Failed download:
['TIF']: possibly delisted; no timezone found
$TWTR: possibly delisted; no timezone found
$TWTR: possibly delisted; no timezone found

1 Failed download:
['TWTR']: possibly delisted; no timezone found
$VAR: possibly delisted; no timezone found
$VAR: possibly delisted; no timezone found

1 Failed download:
['VAR']: possibly delisted; no timezone found
$VIAC: possibly delisted; no timezone found
$VIAC: possibly delisted; no timezone found

1 Failed download:
['VIAC']: possibly delisted; no timezone found
$VNT: possibly delisted; no price data found  (1d 2020-12-25 -> 2020-12-27)

1 Failed download:
['VNT']: possibly delisted; no price data found  (1d 2020-12-25 -> 2020-12-27)
$WBA: possibly delisted; no timezone found
$WBA: possibly delisted; no timezone found

1 Failed download:
['WBA']: possibly delisted; no timezone found
$WLTW: possibly delisted; no timezone found
$WLTW: possibly delisted; no timezone found

1 Failed download:
['WLTW']: possibly delisted; no timezone found
$VTRS: possibly delisted; no price data found  (1d 2020-12-25 -> 2020-12-27)

1 Failed download:
['VTRS']: possibly delisted; no price data found  (1d 2020-12-25 -> 2020-12-27)
$WRK: possibly delisted; no timezone found
$WRK: possibly delisted; no timezone found

1 Failed download:
['WRK']: possibly delisted; no timezone found
$XLNX: possibly delisted; no timezone found
$XLNX: possibly delisted; no timezone found

1 Failed download:
['XLNX']: possibly delisted; no timezone found
$PAYC: possibly delisted; no price data found  (1d 2019-01-05 -> 2019-01-06)

1 Failed download:
['PAYC']: possibly delisted; no price data found  (1d 2019-01-05 -> 2019-01-06)
[h11]     [3/14] 2021-01-04: picks=['TSLA', 'NVDA', 'AAPL'] (pool=40, 후보=38, 64.5s)
$ABC: possibly delisted; no timezone found
$ABC: possibly delisted; no timezone found
$ABMD: possibly delisted; no timezone found

1 Failed download:
['ABC']: possibly delisted; no timezone found
$ABMD: possibly delisted; no timezone found

1 Failed download:
['ABMD']: possibly delisted; no timezone found
$ALXN: possibly delisted; no timezone found
$ALXN: possibly delisted; no timezone found

1 Failed download:
['ALXN']: possibly delisted; no timezone found
$ANSS: possibly delisted; no timezone found
$ANSS: possibly delisted; no timezone found

1 Failed download:
['ANSS']: possibly delisted; no timezone found
$ANTM: possibly delisted; no timezone found
$ANTM: possibly delisted; no timezone found

1 Failed download:
['ANTM']: possibly delisted; no timezone found
$ATVI: possibly delisted; no timezone found
$ATVI: possibly delisted; no timezone found

1 Failed download:
['ATVI']: possibly delisted; no timezone found
$AVB: Data doesn't exist for startDate = 1624248000, endDate = 1625198400

1 Failed download:
['AVB']: Data doesn't exist for startDate = 1624248000, endDate = 1625198400
$BK: possibly delisted; no timezone found
$BK: possibly delisted; no timezone found

1 Failed download:
['BK']: possibly delisted; no timezone found
$BLL: possibly delisted; no timezone found
$BLL: possibly delisted; no timezone found

1 Failed download:
['BLL']: possibly delisted; no timezone found
$CERN: possibly delisted; no timezone found
$CERN: possibly delisted; no timezone found

1 Failed download:
['CERN']: possibly delisted; no timezone found
$CMA: possibly delisted; no timezone found
$CMA: possibly delisted; no timezone found

1 Failed download:
['CMA']: possibly delisted; no timezone found
$COG: possibly delisted; no timezone found
$COG: possibly delisted; no timezone found

1 Failed download:
['COG']: possibly delisted; no timezone found
$CTLT: possibly delisted; no timezone found
$CTLT: possibly delisted; no timezone found

1 Failed download:
['CTLT']: possibly delisted; no timezone found
$CTXS: possibly delisted; no timezone found
$CTXS: possibly delisted; no timezone found

1 Failed download:
['CTXS']: possibly delisted; no timezone found
$DFS: possibly delisted; no timezone found
$DFS: possibly delisted; no timezone found

1 Failed download:
['DFS']: possibly delisted; no timezone found
$DISCA: possibly delisted; no timezone found
$DISCK: possibly delisted; no timezone found
$DISCA: possibly delisted; no timezone found

1 Failed download:
['DISCA']: possibly delisted; no timezone found
$DISCK: possibly delisted; no timezone found

1 Failed download:
['DISCK']: possibly delisted; no timezone found
$DISH: possibly delisted; no timezone found
$DISH: possibly delisted; no timezone found

1 Failed download:
['DISH']: possibly delisted; no timezone found
$DRE: possibly delisted; no timezone found
$DRE: possibly delisted; no timezone found

1 Failed download:
['DRE']: possibly delisted; no timezone found
$EA: Data doesn't exist for startDate = 1624248000, endDate = 1625198400

1 Failed download:
['EA']: Data doesn't exist for startDate = 1624248000, endDate = 1625198400
$EQR: Data doesn't exist for startDate = 1624248000, endDate = 1625198400

1 Failed download:
['EQR']: Data doesn't exist for startDate = 1624248000, endDate = 1625198400
$FBHS: possibly delisted; no timezone found
$FBHS: possibly delisted; no timezone found

1 Failed download:
['FBHS']: possibly delisted; no timezone found
$FLT: possibly delisted; no timezone found
$FLT: possibly delisted; no timezone found

1 Failed download:
['FLT']: possibly delisted; no timezone found
$FRC: possibly delisted; no timezone found
$FRC: possibly delisted; no timezone found

1 Failed download:
['FRC']: possibly delisted; no timezone found
$FB: Data doesn't exist for startDate = 1624248000, endDate = 1625198400

1 Failed download:
['FB']: Data doesn't exist for startDate = 1624248000, endDate = 1625198400
$GPS: possibly delisted; no timezone found
$GPS: possibly delisted; no timezone found

1 Failed download:
['GPS']: possibly delisted; no timezone found
$HBI: possibly delisted; no timezone found
$HBI: possibly delisted; no timezone found

1 Failed download:
['HBI']: possibly delisted; no timezone found
$HES: possibly delisted; no timezone found
$HES: possibly delisted; no timezone found

1 Failed download:
['HES']: possibly delisted; no timezone found
$HOLX: possibly delisted; no timezone found
$HOLX: possibly delisted; no timezone found

1 Failed download:
['HOLX']: possibly delisted; no timezone found
$IPG: possibly delisted; no timezone found
$IPG: possibly delisted; no timezone found

1 Failed download:
['IPG']: possibly delisted; no timezone found
$INFO: Data doesn't exist for startDate = 1624248000, endDate = 1625198400

1 Failed download:
['INFO']: Data doesn't exist for startDate = 1624248000, endDate = 1625198400
$JNPR: possibly delisted; no timezone found
$JNPR: possibly delisted; no timezone found

1 Failed download:
['JNPR']: possibly delisted; no timezone found
$K: possibly delisted; no timezone found
$K: possibly delisted; no timezone found

1 Failed download:
['K']: possibly delisted; no timezone found
$KSU: possibly delisted; no timezone found
$KSU: possibly delisted; no timezone found

1 Failed download:
['KSU']: possibly delisted; no timezone found
$LB: Data doesn't exist for startDate = 1624248000, endDate = 1625198400
$LEG: Data doesn't exist for startDate = 1624248000, endDate = 1625198400

1 Failed download:
['LEG']: Data doesn't exist for startDate = 1624248000, endDate = 1625198400

1 Failed download:
['LB']: Data doesn't exist for startDate = 1624248000, endDate = 1625198400
$MMC: possibly delisted; no timezone found
$MMC: possibly delisted; no timezone found

1 Failed download:
['MMC']: possibly delisted; no timezone found
$MRO: possibly delisted; no timezone found
$MRO: possibly delisted; no timezone found

1 Failed download:
['MRO']: possibly delisted; no timezone found
$MXIM: possibly delisted; no timezone found
$MXIM: possibly delisted; no timezone found

1 Failed download:
['MXIM']: possibly delisted; no timezone found
$NLOK: possibly delisted; no timezone found
$NLOK: possibly delisted; no timezone found

1 Failed download:
['NLOK']: possibly delisted; no timezone found
$NLSN: possibly delisted; no timezone found
$NLSN: possibly delisted; no timezone found

1 Failed download:
['NLSN']: possibly delisted; no timezone found
$PBCT: possibly delisted; no timezone found
$PBCT: possibly delisted; no timezone found

1 Failed download:
['PBCT']: possibly delisted; no timezone found
$PEAK: possibly delisted; no timezone found
$PEAK: possibly delisted; no timezone found

1 Failed download:
['PEAK']: possibly delisted; no timezone found
$PKI: possibly delisted; no timezone found
$PKI: possibly delisted; no timezone found

1 Failed download:
['PKI']: possibly delisted; no timezone found
$PXD: possibly delisted; no timezone found
$PXD: possibly delisted; no timezone found

1 Failed download:
['PXD']: possibly delisted; no timezone found
$RE: possibly delisted; no timezone found
$RE: possibly delisted; no timezone found

1 Failed download:
['RE']: possibly delisted; no timezone found
$SEE: possibly delisted; no timezone found
$SEE: possibly delisted; no timezone found

1 Failed download:
['SEE']: possibly delisted; no timezone found
$SIVB: possibly delisted; no timezone found
$SIVB: possibly delisted; no timezone found

1 Failed download:
['SIVB']: possibly delisted; no timezone found
$TWTR: possibly delisted; no timezone found
$TWTR: possibly delisted; no timezone found

1 Failed download:
['TWTR']: possibly delisted; no timezone found
$VIAC: possibly delisted; no timezone found
$VIAC: possibly delisted; no timezone found

1 Failed download:
['VIAC']: possibly delisted; no timezone found
$WBA: possibly delisted; no timezone found
$WBA: possibly delisted; no timezone found

1 Failed download:
['WBA']: possibly delisted; no timezone found
$WLTW: possibly delisted; no timezone found
$WLTW: possibly delisted; no timezone found

1 Failed download:
['WLTW']: possibly delisted; no timezone found
$WRK: possibly delisted; no timezone found
$WRK: possibly delisted; no timezone found

1 Failed download:
['WRK']: possibly delisted; no timezone found
$XLNX: possibly delisted; no timezone found
$XLNX: possibly delisted; no timezone found

1 Failed download:
['XLNX']: possibly delisted; no timezone found
[h11]     [4/14] 2021-07-01: picks=['TSLA', 'NVDA', 'ETSY'] (pool=40, 후보=39, 54.6s)
$ABC: possibly delisted; no timezone found
$ABC: possibly delisted; no timezone found

1 Failed download:
['ABC']: possibly delisted; no timezone found
$ABMD: possibly delisted; no timezone found
$ABMD: possibly delisted; no timezone found

1 Failed download:
['ABMD']: possibly delisted; no timezone found
$ANSS: possibly delisted; no timezone found
$ANSS: possibly delisted; no timezone found
$ANTM: possibly delisted; no timezone found
$ANTM: possibly delisted; no timezone found

1 Failed download:
['ANSS']: possibly delisted; no timezone found

1 Failed download:
['ANTM']: possibly delisted; no timezone found
$ATVI: possibly delisted; no timezone found
$ATVI: possibly delisted; no timezone found

1 Failed download:
['ATVI']: possibly delisted; no timezone found
$AVB: Data doesn't exist for startDate = 1640322000, endDate = 1641272400

1 Failed download:
['AVB']: Data doesn't exist for startDate = 1640322000, endDate = 1641272400
$BK: possibly delisted; no timezone found
$BK: possibly delisted; no timezone found

1 Failed download:
['BK']: possibly delisted; no timezone found
$BLL: possibly delisted; no timezone found
$BLL: possibly delisted; no timezone found

1 Failed download:
['BLL']: possibly delisted; no timezone found
$BBWI: possibly delisted; no price data found  (1d 2021-12-24 -> 2021-12-26)

1 Failed download:
['BBWI']: possibly delisted; no price data found  (1d 2021-12-24 -> 2021-12-26)
$BRO: possibly delisted; no price data found  (1d 2021-12-24 -> 2021-12-26)

1 Failed download:
['BRO']: possibly delisted; no price data found  (1d 2021-12-24 -> 2021-12-26)
$CDAY: possibly delisted; no timezone found
$CDAY: possibly delisted; no timezone found

1 Failed download:
['CDAY']: possibly delisted; no timezone found
$CERN: possibly delisted; no timezone found
$CERN: possibly delisted; no timezone found

1 Failed download:
['CERN']: possibly delisted; no timezone found
$CMA: possibly delisted; no timezone found
$CMA: possibly delisted; no timezone found

1 Failed download:
['CMA']: possibly delisted; no timezone found
$CTLT: possibly delisted; no timezone found
$CTLT: possibly delisted; no timezone found

1 Failed download:
['CTLT']: possibly delisted; no timezone found
$CTXS: possibly delisted; no timezone found
$CTXS: possibly delisted; no timezone found

1 Failed download:
['CTXS']: possibly delisted; no timezone found
$CTRA: possibly delisted; no timezone found
$CTRA: possibly delisted; no timezone found
$DFS: possibly delisted; no timezone found

1 Failed download:
['CTRA']: possibly delisted; no timezone found
$DFS: possibly delisted; no timezone found

1 Failed download:
['DFS']: possibly delisted; no timezone found
$DISCA: possibly delisted; no timezone found
$DISCA: possibly delisted; no timezone found

1 Failed download:
['DISCA']: possibly delisted; no timezone found
$DISCK: possibly delisted; no timezone found
$DISCK: possibly delisted; no timezone found

1 Failed download:
['DISCK']: possibly delisted; no timezone found
$DISH: possibly delisted; no timezone found
$DISH: possibly delisted; no timezone found

1 Failed download:
['DISH']: possibly delisted; no timezone found
$DRE: possibly delisted; no timezone found
$DRE: possibly delisted; no timezone found

1 Failed download:
['DRE']: possibly delisted; no timezone found
$EA: Data doesn't exist for startDate = 1640322000, endDate = 1641272400

1 Failed download:
['EA']: Data doesn't exist for startDate = 1640322000, endDate = 1641272400
$EQR: Data doesn't exist for startDate = 1640322000, endDate = 1641272400

1 Failed download:
['EQR']: Data doesn't exist for startDate = 1640322000, endDate = 1641272400
$FBHS: possibly delisted; no timezone found
$FBHS: possibly delisted; no timezone found

1 Failed download:
['FBHS']: possibly delisted; no timezone found
$FLT: possibly delisted; no timezone found
$FLT: possibly delisted; no timezone found

1 Failed download:
['FLT']: possibly delisted; no timezone found
$FDS: possibly delisted; no price data found  (1d 2021-12-24 -> 2021-12-26)
$FB: Data doesn't exist for startDate = 1640322000, endDate = 1641272400

1 Failed download:
['FDS']: possibly delisted; no price data found  (1d 2021-12-24 -> 2021-12-26)

1 Failed download:
['FB']: Data doesn't exist for startDate = 1640322000, endDate = 1641272400
$FRC: possibly delisted; no timezone found
$FRC: possibly delisted; no timezone found

1 Failed download:
['FRC']: possibly delisted; no timezone found
$GPS: possibly delisted; no timezone found
$GPS: possibly delisted; no timezone found

1 Failed download:
['GPS']: possibly delisted; no timezone found
$HES: possibly delisted; no timezone found
$HES: possibly delisted; no timezone found

1 Failed download:
['HES']: possibly delisted; no timezone found
$HOLX: possibly delisted; no timezone found
$HOLX: possibly delisted; no timezone found

1 Failed download:
['HOLX']: possibly delisted; no timezone found
$IPG: possibly delisted; no timezone found
$IPG: possibly delisted; no timezone found

1 Failed download:
['IPG']: possibly delisted; no timezone found
$INFO: Data doesn't exist for startDate = 1640322000, endDate = 1641272400

1 Failed download:
['INFO']: Data doesn't exist for startDate = 1640322000, endDate = 1641272400
$JNPR: possibly delisted; no timezone found
$JNPR: possibly delisted; no timezone found

1 Failed download:
['JNPR']: possibly delisted; no timezone found
$K: possibly delisted; no timezone found
$K: possibly delisted; no timezone found

1 Failed download:
['K']: possibly delisted; no timezone found
$MMC: possibly delisted; no timezone found
$MMC: possibly delisted; no timezone found

1 Failed download:
['MMC']: possibly delisted; no timezone found
$MRO: possibly delisted; no timezone found
$MRO: possibly delisted; no timezone found

1 Failed download:
['MRO']: possibly delisted; no timezone found
$MRNA: possibly delisted; no price data found  (1d 2021-12-24 -> 2021-12-26)

1 Failed download:
['MRNA']: possibly delisted; no price data found  (1d 2021-12-24 -> 2021-12-26)
$NLOK: possibly delisted; no timezone found
$NLOK: possibly delisted; no timezone found

1 Failed download:
['NLOK']: possibly delisted; no timezone found
$NLSN: possibly delisted; no timezone found
$NLSN: possibly delisted; no timezone found

1 Failed download:
['NLSN']: possibly delisted; no timezone found
$PBCT: possibly delisted; no timezone found
$PEAK: possibly delisted; no timezone found
$PBCT: possibly delisted; no timezone found

1 Failed download:
['PBCT']: possibly delisted; no timezone found
$PEAK: possibly delisted; no timezone found

1 Failed download:
['PEAK']: possibly delisted; no timezone found
$PKI: possibly delisted; no timezone found
$PKI: possibly delisted; no timezone found

1 Failed download:
['PKI']: possibly delisted; no timezone found
$PXD: possibly delisted; no timezone found
$PXD: possibly delisted; no timezone found

1 Failed download:
['PXD']: possibly delisted; no timezone found
$RE: possibly delisted; no timezone found
$RE: possibly delisted; no timezone found

1 Failed download:
['RE']: possibly delisted; no timezone found
$SEE: possibly delisted; no timezone found
$SEE: possibly delisted; no timezone found

1 Failed download:
['SEE']: possibly delisted; no timezone found
$SIVB: possibly delisted; no timezone found
$SIVB: possibly delisted; no timezone found

1 Failed download:
['SIVB']: possibly delisted; no timezone found
$SBNY: Data doesn't exist for startDate = 1640322000, endDate = 1641272400

1 Failed download:
['SBNY']: Data doesn't exist for startDate = 1640322000, endDate = 1641272400
$TECH: possibly delisted; no price data found  (1d 2021-12-24 -> 2021-12-26)

1 Failed download:
['TECH']: possibly delisted; no price data found  (1d 2021-12-24 -> 2021-12-26)
$TWTR: possibly delisted; no timezone found
$TWTR: possibly delisted; no timezone found

1 Failed download:
['TWTR']: possibly delisted; no timezone found
$VIAC: possibly delisted; no timezone found
$VIAC: possibly delisted; no timezone found

1 Failed download:
['VIAC']: possibly delisted; no timezone found
$WBA: possibly delisted; no timezone found
$WBA: possibly delisted; no timezone found

1 Failed download:
['WBA']: possibly delisted; no timezone found
$WLTW: possibly delisted; no timezone found
$WLTW: possibly delisted; no timezone found

1 Failed download:
['WLTW']: possibly delisted; no timezone found
$WRK: possibly delisted; no timezone found
$WRK: possibly delisted; no timezone found

1 Failed download:
['WRK']: possibly delisted; no timezone found
$XLNX: possibly delisted; no timezone found
$XLNX: possibly delisted; no timezone found

1 Failed download:
['XLNX']: possibly delisted; no timezone found
$MTCH: possibly delisted; no price data found  (1d 2020-01-04 -> 2020-01-05)

1 Failed download:
['MTCH']: possibly delisted; no price data found  (1d 2020-01-04 -> 2020-01-05)
$EPAM: possibly delisted; no price data found  (1d 2020-01-04 -> 2020-01-05)

1 Failed download:
['EPAM']: possibly delisted; no price data found  (1d 2020-01-04 -> 2020-01-05)
[h11]     [5/14] 2022-01-03: picks=['COP', 'PLD', 'GOOGL'] (pool=40, 후보=35, 55.5s)
$ABC: possibly delisted; no timezone found
$ABMD: possibly delisted; no timezone found
$ABMD: possibly delisted; no timezone found
$ABC: possibly delisted; no timezone found

1 Failed download:
['ABC']: possibly delisted; no timezone found

1 Failed download:
['ABMD']: possibly delisted; no timezone found
$ANSS: possibly delisted; no timezone found
$ANSS: possibly delisted; no timezone found

1 Failed download:
['ANSS']: possibly delisted; no timezone found
$ATVI: possibly delisted; no timezone found
$ATVI: possibly delisted; no timezone found

1 Failed download:
['ATVI']: possibly delisted; no timezone found
$AVB: Data doesn't exist for startDate = 1655784000, endDate = 1656734400

1 Failed download:
['AVB']: Data doesn't exist for startDate = 1655784000, endDate = 1656734400
$BK: possibly delisted; no timezone found
$BK: possibly delisted; no timezone found

1 Failed download:
['BK']: possibly delisted; no timezone found
$CDAY: possibly delisted; no timezone found
$CDAY: possibly delisted; no timezone found

1 Failed download:
['CDAY']: possibly delisted; no timezone found
$CMA: possibly delisted; no timezone found
$CMA: possibly delisted; no timezone found

1 Failed download:
['CMA']: possibly delisted; no timezone found
$CTLT: possibly delisted; no timezone found
$CTLT: possibly delisted; no timezone found

1 Failed download:
['CTLT']: possibly delisted; no timezone found
$CTRA: possibly delisted; no timezone found
$CTRA: possibly delisted; no timezone found

1 Failed download:
['CTRA']: possibly delisted; no timezone found
$CTXS: possibly delisted; no timezone found
$CTXS: possibly delisted; no timezone found

1 Failed download:
['CTXS']: possibly delisted; no timezone found
$DFS: possibly delisted; no timezone found
$DFS: possibly delisted; no timezone found

1 Failed download:
['DFS']: possibly delisted; no timezone found
$DISH: possibly delisted; no timezone found
$DISH: possibly delisted; no timezone found

1 Failed download:
['DISH']: possibly delisted; no timezone found
$DRE: possibly delisted; no timezone found
$DRE: possibly delisted; no timezone found

1 Failed download:
['DRE']: possibly delisted; no timezone found
$EA: Data doesn't exist for startDate = 1655784000, endDate = 1656734400

1 Failed download:
['EA']: Data doesn't exist for startDate = 1655784000, endDate = 1656734400
$EQR: Data doesn't exist for startDate = 1655784000, endDate = 1656734400

1 Failed download:
['EQR']: Data doesn't exist for startDate = 1655784000, endDate = 1656734400
$FBHS: possibly delisted; no timezone found
$FBHS: possibly delisted; no timezone found

1 Failed download:
['FBHS']: possibly delisted; no timezone found
$FLT: possibly delisted; no timezone found
$FLT: possibly delisted; no timezone found

1 Failed download:
['FLT']: possibly delisted; no timezone found
$FRC: possibly delisted; no timezone found
$FRC: possibly delisted; no timezone found

1 Failed download:
['FRC']: possibly delisted; no timezone found
$HES: possibly delisted; no timezone found
$HES: possibly delisted; no timezone found

1 Failed download:
['HES']: possibly delisted; no timezone found
$HOLX: possibly delisted; no timezone found
$HOLX: possibly delisted; no timezone found

1 Failed download:
['HOLX']: possibly delisted; no timezone found
$IPG: possibly delisted; no timezone found
$IPG: possibly delisted; no timezone found

1 Failed download:
['IPG']: possibly delisted; no timezone found
$JNPR: possibly delisted; no timezone found
$JNPR: possibly delisted; no timezone found

1 Failed download:
['JNPR']: possibly delisted; no timezone found
$K: possibly delisted; no timezone found
$K: possibly delisted; no timezone found

1 Failed download:
['K']: possibly delisted; no timezone found
$MMC: possibly delisted; no timezone found
$MMC: possibly delisted; no timezone found

1 Failed download:
['MMC']: possibly delisted; no timezone found
$MRO: possibly delisted; no timezone found
$MRO: possibly delisted; no timezone found

1 Failed download:
['MRO']: possibly delisted; no timezone found
$NLOK: possibly delisted; no timezone found
$NLOK: possibly delisted; no timezone found

1 Failed download:
['NLOK']: possibly delisted; no timezone found
$NLSN: possibly delisted; no timezone found
$NLSN: possibly delisted; no timezone found

1 Failed download:
['NLSN']: possibly delisted; no timezone found
$PEAK: possibly delisted; no timezone found
$PEAK: possibly delisted; no timezone found

1 Failed download:
['PEAK']: possibly delisted; no timezone found
$PKI: possibly delisted; no timezone found
$PKI: possibly delisted; no timezone found

1 Failed download:
['PKI']: possibly delisted; no timezone found
$PXD: possibly delisted; no timezone found
$PXD: possibly delisted; no timezone found

1 Failed download:
['PXD']: possibly delisted; no timezone found
$RE: possibly delisted; no timezone found
$RE: possibly delisted; no timezone found

1 Failed download:
['RE']: possibly delisted; no timezone found
$SIVB: possibly delisted; no timezone found
$SEE: possibly delisted; no timezone found
$SIVB: possibly delisted; no timezone found
$SEE: possibly delisted; no timezone found

1 Failed download:
['SEE']: possibly delisted; no timezone found

1 Failed download:
['SIVB']: possibly delisted; no timezone found
$SBNY: Data doesn't exist for startDate = 1655784000, endDate = 1656734400

1 Failed download:
['SBNY']: Data doesn't exist for startDate = 1655784000, endDate = 1656734400
$TWTR: possibly delisted; no timezone found
$TWTR: possibly delisted; no timezone found

1 Failed download:
['TWTR']: possibly delisted; no timezone found
$WBA: possibly delisted; no timezone found
$WBA: possibly delisted; no timezone found

1 Failed download:
['WBA']: possibly delisted; no timezone found
$WRK: possibly delisted; no timezone found
$WRK: possibly delisted; no timezone found

1 Failed download:
['WRK']: possibly delisted; no timezone found
[h11]     [6/14] 2022-07-01: picks=['LLY', 'UNH', 'SO'] (pool=40, 후보=15, 70.1s)
$ABC: possibly delisted; no timezone found
$ABC: possibly delisted; no timezone found

1 Failed download:
['ABC']: possibly delisted; no timezone found
$ACGL: possibly delisted; no price data found  (1d 2022-12-24 -> 2022-12-26)

1 Failed download:
['ACGL']: possibly delisted; no price data found  (1d 2022-12-24 -> 2022-12-26)
$ANSS: possibly delisted; no timezone found
$ANSS: possibly delisted; no timezone found

1 Failed download:
['ANSS']: possibly delisted; no timezone found
$ATVI: possibly delisted; no timezone found
$ATVI: possibly delisted; no timezone found

1 Failed download:
['ATVI']: possibly delisted; no timezone found
$AVB: Data doesn't exist for startDate = 1671858000, endDate = 1672808400

1 Failed download:
['AVB']: Data doesn't exist for startDate = 1671858000, endDate = 1672808400
$BK: possibly delisted; no timezone found
$BK: possibly delisted; no timezone found

1 Failed download:
['BK']: possibly delisted; no timezone found
$CDAY: possibly delisted; no timezone found
$CDAY: possibly delisted; no timezone found

1 Failed download:
['CDAY']: possibly delisted; no timezone found
$CMA: possibly delisted; no timezone found
$CMA: possibly delisted; no timezone found

1 Failed download:
['CMA']: possibly delisted; no timezone found
$CTLT: possibly delisted; no timezone found
$CTLT: possibly delisted; no timezone found

1 Failed download:
['CTLT']: possibly delisted; no timezone found
$CTRA: possibly delisted; no timezone found
$CTRA: possibly delisted; no timezone found

1 Failed download:
['CTRA']: possibly delisted; no timezone found
$CSGP: possibly delisted; no price data found  (1d 2022-12-24 -> 2022-12-26)

1 Failed download:
['CSGP']: possibly delisted; no price data found  (1d 2022-12-24 -> 2022-12-26)
$DFS: possibly delisted; no timezone found
$DFS: possibly delisted; no timezone found

1 Failed download:
['DFS']: possibly delisted; no timezone found
$DISH: possibly delisted; no timezone found
$DISH: possibly delisted; no timezone found

1 Failed download:
['DISH']: possibly delisted; no timezone found
$EA: Data doesn't exist for startDate = 1671858000, endDate = 1672808400

1 Failed download:
['EA']: Data doesn't exist for startDate = 1671858000, endDate = 1672808400
$EQR: Data doesn't exist for startDate = 1671858000, endDate = 1672808400

1 Failed download:
['EQR']: Data doesn't exist for startDate = 1671858000, endDate = 1672808400
$FLT: possibly delisted; no timezone found
$FLT: possibly delisted; no timezone found

1 Failed download:
['FLT']: possibly delisted; no timezone found
$FRC: possibly delisted; no timezone found
$FRC: possibly delisted; no timezone found

1 Failed download:
['FRC']: possibly delisted; no timezone found
$GEN: possibly delisted; no price data found  (1d 2022-12-24 -> 2022-12-26)

1 Failed download:
['GEN']: possibly delisted; no price data found  (1d 2022-12-24 -> 2022-12-26)
$HES: possibly delisted; no timezone found
$HES: possibly delisted; no timezone found

1 Failed download:
['HES']: possibly delisted; no timezone found
$HOLX: possibly delisted; no timezone found
$HOLX: possibly delisted; no timezone found

1 Failed download:
['HOLX']: possibly delisted; no timezone found
$IPG: possibly delisted; no timezone found
$IPG: possibly delisted; no timezone found

1 Failed download:
['IPG']: possibly delisted; no timezone found
$INVH: possibly delisted; no price data found  (1d 2022-12-24 -> 2022-12-26)

1 Failed download:
['INVH']: possibly delisted; no price data found  (1d 2022-12-24 -> 2022-12-26)
$JNPR: possibly delisted; no timezone found
$JNPR: possibly delisted; no timezone found

1 Failed download:
['JNPR']: possibly delisted; no timezone found
$K: possibly delisted; no timezone found
$K: possibly delisted; no timezone found

1 Failed download:
['K']: possibly delisted; no timezone found
$MMC: possibly delisted; no timezone found
$MMC: possibly delisted; no timezone found

1 Failed download:
['MMC']: possibly delisted; no timezone found
$MRO: possibly delisted; no timezone found
$MRO: possibly delisted; no timezone found

1 Failed download:
['MRO']: possibly delisted; no timezone found
$PEAK: possibly delisted; no timezone found
$PEAK: possibly delisted; no timezone found

1 Failed download:
['PEAK']: possibly delisted; no timezone found
$PKI: possibly delisted; no timezone found
$PKI: possibly delisted; no timezone found

1 Failed download:
['PKI']: possibly delisted; no timezone found
$PXD: possibly delisted; no timezone found
$PXD: possibly delisted; no timezone found

1 Failed download:
['PXD']: possibly delisted; no timezone found
$RE: possibly delisted; no timezone found
$RE: possibly delisted; no timezone found

1 Failed download:
['RE']: possibly delisted; no timezone found
$SEE: possibly delisted; no timezone found
$SEE: possibly delisted; no timezone found
$SIVB: possibly delisted; no timezone found
$SIVB: possibly delisted; no timezone found

1 Failed download:
['SIVB']: possibly delisted; no timezone found

1 Failed download:
['SEE']: possibly delisted; no timezone found
$SBNY: Data doesn't exist for startDate = 1671858000, endDate = 1672808400

1 Failed download:
['SBNY']: Data doesn't exist for startDate = 1671858000, endDate = 1672808400
$STLD: possibly delisted; no price data found  (1d 2022-12-24 -> 2022-12-26)

1 Failed download:
['STLD']: possibly delisted; no price data found  (1d 2022-12-24 -> 2022-12-26)
$TRGP: possibly delisted; no price data found  (1d 2022-12-24 -> 2022-12-26)

1 Failed download:
['TRGP']: possibly delisted; no price data found  (1d 2022-12-24 -> 2022-12-26)
$WBA: possibly delisted; no timezone found
$WBA: possibly delisted; no timezone found

1 Failed download:
['WBA']: possibly delisted; no timezone found
$WRK: possibly delisted; no timezone found
$WRK: possibly delisted; no timezone found

1 Failed download:
['WRK']: possibly delisted; no timezone found
[h11]     [7/14] 2023-01-03: picks=['XOM', 'CVX', 'LLY'] (pool=40, 후보=33, 58.4s)
$ABC: possibly delisted; no timezone found
$ABC: possibly delisted; no timezone found

1 Failed download:
['ABC']: possibly delisted; no timezone found
$ANSS: possibly delisted; no timezone found
$ANSS: possibly delisted; no timezone found

1 Failed download:
['ANSS']: possibly delisted; no timezone found
$ATVI: possibly delisted; no timezone found
$ATVI: possibly delisted; no timezone found

1 Failed download:
['ATVI']: possibly delisted; no timezone found
$AVB: Data doesn't exist for startDate = 1687492800, endDate = 1688443200

1 Failed download:
['AVB']: Data doesn't exist for startDate = 1687492800, endDate = 1688443200
$BK: possibly delisted; no timezone found
$BK: possibly delisted; no timezone found

1 Failed download:
['BK']: possibly delisted; no timezone found
$CDAY: possibly delisted; no timezone found
$CDAY: possibly delisted; no timezone found

1 Failed download:
['CDAY']: possibly delisted; no timezone found
$CMA: possibly delisted; no timezone found
$CMA: possibly delisted; no timezone found

1 Failed download:
['CMA']: possibly delisted; no timezone found
$CTLT: possibly delisted; no timezone found
$CTLT: possibly delisted; no timezone found

1 Failed download:
['CTLT']: possibly delisted; no timezone found
$CTRA: possibly delisted; no timezone found
$CTRA: possibly delisted; no timezone found

1 Failed download:
['CTRA']: possibly delisted; no timezone found
$DFS: possibly delisted; no timezone found
$DFS: possibly delisted; no timezone found

1 Failed download:
['DFS']: possibly delisted; no timezone found
$EA: Data doesn't exist for startDate = 1687492800, endDate = 1688443200

1 Failed download:
['EA']: Data doesn't exist for startDate = 1687492800, endDate = 1688443200
$EQR: Data doesn't exist for startDate = 1687492800, endDate = 1688443200

1 Failed download:
['EQR']: Data doesn't exist for startDate = 1687492800, endDate = 1688443200
$FLT: possibly delisted; no timezone found
$FLT: possibly delisted; no timezone found

1 Failed download:
['FLT']: possibly delisted; no timezone found
$FI: possibly delisted; no timezone found
$FI: possibly delisted; no timezone found

1 Failed download:
['FI']: possibly delisted; no timezone found
$HES: possibly delisted; no timezone found
$HES: possibly delisted; no timezone found

1 Failed download:
['HES']: possibly delisted; no timezone found
$HOLX: possibly delisted; no timezone found
$HOLX: possibly delisted; no timezone found

1 Failed download:
['HOLX']: possibly delisted; no timezone found
$IPG: possibly delisted; no timezone found
$IPG: possibly delisted; no timezone found

1 Failed download:
['IPG']: possibly delisted; no timezone found
$JNPR: possibly delisted; no timezone found
$JNPR: possibly delisted; no timezone found

1 Failed download:
['JNPR']: possibly delisted; no timezone found
$K: possibly delisted; no timezone found
$K: possibly delisted; no timezone found

1 Failed download:
['K']: possibly delisted; no timezone found
$MMC: possibly delisted; no timezone found
$MMC: possibly delisted; no timezone found

1 Failed download:
['MMC']: possibly delisted; no timezone found
$MRO: possibly delisted; no timezone found
$MRO: possibly delisted; no timezone found

1 Failed download:
['MRO']: possibly delisted; no timezone found
$PEAK: possibly delisted; no timezone found
$PEAK: possibly delisted; no timezone found

1 Failed download:
['PEAK']: possibly delisted; no timezone found
$PXD: possibly delisted; no timezone found
$PXD: possibly delisted; no timezone found

1 Failed download:
['PXD']: possibly delisted; no timezone found
$RE: possibly delisted; no timezone found
$RE: possibly delisted; no timezone found

1 Failed download:
['RE']: possibly delisted; no timezone found
$SEE: possibly delisted; no timezone found
$SEE: possibly delisted; no timezone found

1 Failed download:
['SEE']: possibly delisted; no timezone found
$WBA: possibly delisted; no timezone found
$WBA: possibly delisted; no timezone found

1 Failed download:
['WBA']: possibly delisted; no timezone found
$WRK: possibly delisted; no timezone found
$WRK: possibly delisted; no timezone found

1 Failed download:
['WRK']: possibly delisted; no timezone found
[h11]     [8/14] 2023-07-03: picks=['NVDA', 'NFLX', 'AVGO'] (pool=40, 후보=39, 55.0s)
$ABNB: possibly delisted; no price data found  (1d 2023-12-23 -> 2023-12-25)

1 Failed download:
['ABNB']: possibly delisted; no price data found  (1d 2023-12-23 -> 2023-12-25)
$ANSS: possibly delisted; no timezone found
$ANSS: possibly delisted; no timezone found

1 Failed download:
['ANSS']: possibly delisted; no timezone found
$AVB: Data doesn't exist for startDate = 1703307600, endDate = 1704258000

1 Failed download:
['AVB']: Data doesn't exist for startDate = 1703307600, endDate = 1704258000
$BK: possibly delisted; no timezone found
$BK: possibly delisted; no timezone found

1 Failed download:
['BK']: possibly delisted; no timezone found
$BLDR: possibly delisted; no price data found  (1d 2023-12-23 -> 2023-12-25)

1 Failed download:
['BLDR']: possibly delisted; no price data found  (1d 2023-12-23 -> 2023-12-25)
$BX: possibly delisted; no price data found  (1d 2023-12-23 -> 2023-12-25)

1 Failed download:
['BX']: possibly delisted; no price data found  (1d 2023-12-23 -> 2023-12-25)
$CDAY: possibly delisted; no timezone found
$CDAY: possibly delisted; no timezone found

1 Failed download:
['CDAY']: possibly delisted; no timezone found
$CMA: possibly delisted; no timezone found
$CMA: possibly delisted; no timezone found

1 Failed download:
['CMA']: possibly delisted; no timezone found
$COR: possibly delisted; no price data found  (1d 2023-12-23 -> 2023-12-25)

1 Failed download:
['COR']: possibly delisted; no price data found  (1d 2023-12-23 -> 2023-12-25)
$CTLT: possibly delisted; no timezone found
$CTLT: possibly delisted; no timezone found

1 Failed download:
['CTLT']: possibly delisted; no timezone found
$CTRA: possibly delisted; no timezone found
$CTRA: possibly delisted; no timezone found

1 Failed download:
['CTRA']: possibly delisted; no timezone found
$DFS: possibly delisted; no timezone found
$DFS: possibly delisted; no timezone found

1 Failed download:
['DFS']: possibly delisted; no timezone found
$EA: Data doesn't exist for startDate = 1703307600, endDate = 1704258000

1 Failed download:
['EA']: Data doesn't exist for startDate = 1703307600, endDate = 1704258000
$EG: possibly delisted; no price data found  (1d 2023-12-23 -> 2023-12-25)

1 Failed download:
['EG']: possibly delisted; no price data found  (1d 2023-12-23 -> 2023-12-25)
$EQR: Data doesn't exist for startDate = 1703307600, endDate = 1704258000

1 Failed download:
['EQR']: Data doesn't exist for startDate = 1703307600, endDate = 1704258000
$FI: possibly delisted; no timezone found
$FI: possibly delisted; no timezone found

1 Failed download:
['FI']: possibly delisted; no timezone found
$FLT: possibly delisted; no timezone found
$FLT: possibly delisted; no timezone found

1 Failed download:
['FLT']: possibly delisted; no timezone found
$HES: possibly delisted; no timezone found
$HES: possibly delisted; no timezone found

1 Failed download:
['HES']: possibly delisted; no timezone found
$HOLX: possibly delisted; no timezone found
$HOLX: possibly delisted; no timezone found

1 Failed download:
['HOLX']: possibly delisted; no timezone found
$HUBB: possibly delisted; no price data found  (1d 2023-12-23 -> 2023-12-25)

1 Failed download:
['HUBB']: possibly delisted; no price data found  (1d 2023-12-23 -> 2023-12-25)
$IPG: possibly delisted; no timezone found
$IPG: possibly delisted; no timezone found

1 Failed download:
['IPG']: possibly delisted; no timezone found
$JNPR: possibly delisted; no timezone found
$JNPR: possibly delisted; no timezone found

1 Failed download:
['JNPR']: possibly delisted; no timezone found
$K: possibly delisted; no timezone found
$K: possibly delisted; no timezone found

1 Failed download:
['K']: possibly delisted; no timezone found
$KVUE: possibly delisted; no price data found  (1d 2023-12-23 -> 2023-12-25)

1 Failed download:
['KVUE']: possibly delisted; no price data found  (1d 2023-12-23 -> 2023-12-25)
$LULU: possibly delisted; no price data found  (1d 2023-12-23 -> 2023-12-25)

1 Failed download:
['LULU']: possibly delisted; no price data found  (1d 2023-12-23 -> 2023-12-25)
$MMC: possibly delisted; no timezone found
$MMC: possibly delisted; no timezone found

1 Failed download:
['MMC']: possibly delisted; no timezone found
$MRO: possibly delisted; no timezone found
$MRO: possibly delisted; no timezone found

1 Failed download:
['MRO']: possibly delisted; no timezone found
$PEAK: possibly delisted; no timezone found
$PEAK: possibly delisted; no timezone found

1 Failed download:
['PEAK']: possibly delisted; no timezone found
$PXD: possibly delisted; no timezone found
$PXD: possibly delisted; no timezone found

1 Failed download:
['PXD']: possibly delisted; no timezone found
$VLTO: possibly delisted; no price data found  (1d 2023-12-23 -> 2023-12-25)

1 Failed download:
['VLTO']: possibly delisted; no price data found  (1d 2023-12-23 -> 2023-12-25)
$WBA: possibly delisted; no timezone found
$WBA: possibly delisted; no timezone found

1 Failed download:
['WBA']: possibly delisted; no timezone found
$WRK: possibly delisted; no timezone found
$WRK: possibly delisted; no timezone found

1 Failed download:
['WRK']: possibly delisted; no timezone found
$MOH: possibly delisted; no price data found  (1d 2022-01-02 -> 2022-01-02)

1 Failed download:
['MOH']: possibly delisted; no price data found  (1d 2022-01-02 -> 2022-01-02)
[h11]     [9/14] 2024-01-02: picks=['NVDA', 'META', 'TSLA'] (pool=40, 후보=39, 53.7s)
$ANSS: possibly delisted; no timezone found
$ANSS: possibly delisted; no timezone found

1 Failed download:
['ANSS']: possibly delisted; no timezone found
$AVB: Data doesn't exist for startDate = 1718942400, endDate = 1719892800

1 Failed download:
['AVB']: Data doesn't exist for startDate = 1718942400, endDate = 1719892800
$BK: possibly delisted; no timezone found
$BK: possibly delisted; no timezone found

1 Failed download:
['BK']: possibly delisted; no timezone found
$CTLT: possibly delisted; no timezone found
$CTRA: possibly delisted; no timezone found
$CTRA: possibly delisted; no timezone found
$CTLT: possibly delisted; no timezone found

1 Failed download:
['CTLT']: possibly delisted; no timezone found

1 Failed download:
['CTRA']: possibly delisted; no timezone found
$DFS: possibly delisted; no timezone found
$DFS: possibly delisted; no timezone found

1 Failed download:
['DFS']: possibly delisted; no timezone found
$DAY: possibly delisted; no timezone found
$DAY: possibly delisted; no timezone found

1 Failed download:
['DAY']: possibly delisted; no timezone found
$EA: Data doesn't exist for startDate = 1718942400, endDate = 1719892800

1 Failed download:
['EA']: Data doesn't exist for startDate = 1718942400, endDate = 1719892800
$EQR: Data doesn't exist for startDate = 1718942400, endDate = 1719892800

1 Failed download:
['EQR']: Data doesn't exist for startDate = 1718942400, endDate = 1719892800
$FI: possibly delisted; no timezone found
$FI: possibly delisted; no timezone found

1 Failed download:
['FI']: possibly delisted; no timezone found
$HES: possibly delisted; no timezone found
$HES: possibly delisted; no timezone found

1 Failed download:
['HES']: possibly delisted; no timezone found
$HOLX: possibly delisted; no timezone found
$HOLX: possibly delisted; no timezone found

1 Failed download:
['HOLX']: possibly delisted; no timezone found
$IPG: possibly delisted; no timezone found
$IPG: possibly delisted; no timezone found

1 Failed download:
['IPG']: possibly delisted; no timezone found
$JNPR: possibly delisted; no timezone found
$JNPR: possibly delisted; no timezone found

1 Failed download:
['JNPR']: possibly delisted; no timezone found
$K: possibly delisted; no timezone found
$K: possibly delisted; no timezone found

1 Failed download:
['K']: possibly delisted; no timezone found
$MMC: possibly delisted; no timezone found
$MMC: possibly delisted; no timezone found

1 Failed download:
['MMC']: possibly delisted; no timezone found
$MRO: possibly delisted; no timezone found
$MRO: possibly delisted; no timezone found

1 Failed download:
['MRO']: possibly delisted; no timezone found
$WBA: possibly delisted; no timezone found
$WBA: possibly delisted; no timezone found

1 Failed download:
['WBA']: possibly delisted; no timezone found
$WRK: possibly delisted; no timezone found
$WRK: possibly delisted; no timezone found

1 Failed download:
['WRK']: possibly delisted; no timezone found
$UBER: possibly delisted; no price data found  (1d 2022-07-02 -> 2022-07-04)

1 Failed download:
['UBER']: possibly delisted; no price data found  (1d 2022-07-02 -> 2022-07-04)
[h11]     [10/14] 2024-07-01: picks=['NVDA', 'LLY', 'AVGO'] (pool=40, 후보=35, 53.9s)
$ANSS: possibly delisted; no timezone found
$ANSS: possibly delisted; no timezone found

1 Failed download:
['ANSS']: possibly delisted; no timezone found
$AVB: Data doesn't exist for startDate = 1734930000, endDate = 1735880400

1 Failed download:
['AVB']: Data doesn't exist for startDate = 1734930000, endDate = 1735880400
$BK: possibly delisted; no timezone found
$BK: possibly delisted; no timezone found

1 Failed download:
['BK']: possibly delisted; no timezone found
$CTRA: possibly delisted; no timezone found
$CTRA: possibly delisted; no timezone found

1 Failed download:
['CTRA']: possibly delisted; no timezone found
$DAY: possibly delisted; no timezone found
$DAY: possibly delisted; no timezone found

1 Failed download:
['DAY']: possibly delisted; no timezone found
$DFS: possibly delisted; no timezone found
$DFS: possibly delisted; no timezone found

1 Failed download:
['DFS']: possibly delisted; no timezone found
$EA: Data doesn't exist for startDate = 1734930000, endDate = 1735880400

1 Failed download:
['EA']: Data doesn't exist for startDate = 1734930000, endDate = 1735880400
$EQR: Data doesn't exist for startDate = 1734930000, endDate = 1735880400

1 Failed download:
['EQR']: Data doesn't exist for startDate = 1734930000, endDate = 1735880400
$FI: possibly delisted; no timezone found
$FI: possibly delisted; no timezone found

1 Failed download:
['FI']: possibly delisted; no timezone found
$HES: possibly delisted; no timezone found
$HES: possibly delisted; no timezone found

1 Failed download:
['HES']: possibly delisted; no timezone found
$HOLX: possibly delisted; no timezone found
$HOLX: possibly delisted; no timezone found

1 Failed download:
['HOLX']: possibly delisted; no timezone found
$IPG: possibly delisted; no timezone found
$IPG: possibly delisted; no timezone found

1 Failed download:
['IPG']: possibly delisted; no timezone found
$JNPR: possibly delisted; no timezone found
$JNPR: possibly delisted; no timezone found

1 Failed download:
['JNPR']: possibly delisted; no timezone found
$K: possibly delisted; no timezone found
$K: possibly delisted; no timezone found

1 Failed download:
['K']: possibly delisted; no timezone found
$MMC: possibly delisted; no timezone found
$MMC: possibly delisted; no timezone found

1 Failed download:
['MMC']: possibly delisted; no timezone found
$WBA: possibly delisted; no timezone found
$WBA: possibly delisted; no timezone found

1 Failed download:
['WBA']: possibly delisted; no timezone found
[h11]     [11/14] 2025-01-02: picks=['NVDA', 'AVGO', 'NFLX'] (pool=40, 후보=29, 54.3s)
$ANSS: possibly delisted; no timezone found
$ANSS: possibly delisted; no timezone found

1 Failed download:
['ANSS']: possibly delisted; no timezone found
$AVB: Data doesn't exist for startDate = 1750478400, endDate = 1751428800

1 Failed download:
['AVB']: Data doesn't exist for startDate = 1750478400, endDate = 1751428800
$BK: possibly delisted; no timezone found
$BK: possibly delisted; no timezone found

1 Failed download:
['BK']: possibly delisted; no timezone found
$CTRA: possibly delisted; no timezone found
$CTRA: possibly delisted; no timezone found

1 Failed download:
['CTRA']: possibly delisted; no timezone found
$DAY: possibly delisted; no timezone found
$DAY: possibly delisted; no timezone found

1 Failed download:
['DAY']: possibly delisted; no timezone found
$EA: Data doesn't exist for startDate = 1750478400, endDate = 1751428800

1 Failed download:
['EA']: Data doesn't exist for startDate = 1750478400, endDate = 1751428800
$EQR: Data doesn't exist for startDate = 1750478400, endDate = 1751428800

1 Failed download:
['EQR']: Data doesn't exist for startDate = 1750478400, endDate = 1751428800
$FI: possibly delisted; no timezone found
$FI: possibly delisted; no timezone found

1 Failed download:
['FI']: possibly delisted; no timezone found
$HES: possibly delisted; no timezone found
$HES: possibly delisted; no timezone found

1 Failed download:
['HES']: possibly delisted; no timezone found
$HOLX: possibly delisted; no timezone found
$HOLX: possibly delisted; no timezone found

1 Failed download:
['HOLX']: possibly delisted; no timezone found
$IPG: possibly delisted; no timezone found
$IPG: possibly delisted; no timezone found

1 Failed download:
['IPG']: possibly delisted; no timezone found
$JNPR: possibly delisted; no timezone found
$JNPR: possibly delisted; no timezone found

1 Failed download:
['JNPR']: possibly delisted; no timezone found
$K: possibly delisted; no timezone found
$K: possibly delisted; no timezone found

1 Failed download:
['K']: possibly delisted; no timezone found
$MMC: possibly delisted; no timezone found
$MMC: possibly delisted; no timezone found

1 Failed download:
['MMC']: possibly delisted; no timezone found
$WBA: possibly delisted; no timezone found
$WBA: possibly delisted; no timezone found

1 Failed download:
['WBA']: possibly delisted; no timezone found
[h11]     [12/14] 2025-07-01: picks=['NFLX', 'AVGO', 'GE'] (pool=40, 후보=37, 53.8s)
$AVB: Data doesn't exist for startDate = 1766466000, endDate = 1767416400

1 Failed download:
['AVB']: Data doesn't exist for startDate = 1766466000, endDate = 1767416400
$BK: possibly delisted; no timezone found
$BK: possibly delisted; no timezone found

1 Failed download:
['BK']: possibly delisted; no timezone found
$CTRA: possibly delisted; no timezone found
$CTRA: possibly delisted; no timezone found

1 Failed download:
['CTRA']: possibly delisted; no timezone found
$DAY: possibly delisted; no timezone found
$DAY: possibly delisted; no timezone found

1 Failed download:
['DAY']: possibly delisted; no timezone found
$EA: Data doesn't exist for startDate = 1766466000, endDate = 1767416400

1 Failed download:
['EA']: Data doesn't exist for startDate = 1766466000, endDate = 1767416400
$EQR: Data doesn't exist for startDate = 1766466000, endDate = 1767416400

1 Failed download:
['EQR']: Data doesn't exist for startDate = 1766466000, endDate = 1767416400
$HOLX: possibly delisted; no timezone found
$HOLX: possibly delisted; no timezone found

1 Failed download:
['HOLX']: possibly delisted; no timezone found
$FAST: possibly delisted; no price data found  (1d 1927-10-10 -> 2026-09-15)
$MMC: possibly delisted; no timezone found
$MMC: possibly delisted; no timezone found

1 Failed download:
['MMC']: possibly delisted; no timezone found
[h11]     [13/14] 2026-01-02: picks=['NEM', 'GE', 'GOOGL'] (pool=40, 후보=34, 54.3s)
$AVB: Data doesn't exist for startDate = 1782014400, endDate = 1782964800

1 Failed download:
['AVB']: Data doesn't exist for startDate = 1782014400, endDate = 1782964800
$EA: Data doesn't exist for startDate = 1782014400, endDate = 1782964800

1 Failed download:
['EA']: Data doesn't exist for startDate = 1782014400, endDate = 1782964800
$EQR: Data doesn't exist for startDate = 1782014400, endDate = 1782964800

1 Failed download:
['EQR']: Data doesn't exist for startDate = 1782014400, endDate = 1782964800
$EA: Data doesn't exist for startDate = 1719806400, endDate = 1782878400
$EQR: Data doesn't exist for startDate = 1719806400, endDate = 1782878400

1 Failed download:
['EA']: Data doesn't exist for startDate = 1719806400, endDate = 1782878400

1 Failed download:
['EQR']: Data doesn't exist for startDate = 1719806400, endDate = 1782878400
$AVB: Data doesn't exist for startDate = 1719806400, endDate = 1782878400

1 Failed download:
['AVB']: Data doesn't exist for startDate = 1719806400, endDate = 1782878400
[h11]     [14/14] 2026-07-01: picks=['CAT', 'GEV', 'JNJ'] (pool=40, 후보=23, 55.0s)
$GEV: Data doesn't exist for startDate = 1531022400, endDate = 1711425600

1 Failed download:
['GEV']: Data doesn't exist for startDate = 1531022400, endDate = 1711425600
[h_corr]   풀 breadth/상관관계 신호 구축...
$ABC: possibly delisted; no timezone found
$ABC: possibly delisted; no timezone found

1 Failed download:
['ABC']: possibly delisted; no timezone found
$ABMD: possibly delisted; no timezone found
$ABMD: possibly delisted; no timezone found

1 Failed download:
['ABMD']: possibly delisted; no timezone found
$ADS: possibly delisted; no timezone found
$ADS: possibly delisted; no timezone found

1 Failed download:
['ADS']: possibly delisted; no timezone found
$AGN: possibly delisted; no timezone found
$AGN: possibly delisted; no timezone found

1 Failed download:
['AGN']: possibly delisted; no timezone found
$ALXN: possibly delisted; no timezone found
$ALXN: possibly delisted; no timezone found

1 Failed download:
['ALXN']: possibly delisted; no timezone found
$ANSS: possibly delisted; no timezone found
$ANSS: possibly delisted; no timezone found

1 Failed download:
['ANSS']: possibly delisted; no timezone found
$ANTM: possibly delisted; no timezone found
$ANTM: possibly delisted; no timezone found

1 Failed download:
['ANTM']: possibly delisted; no timezone found
$ARNC: possibly delisted; no timezone found
$ARNC: possibly delisted; no timezone found

1 Failed download:
['ARNC']: possibly delisted; no timezone found
$ATVI: possibly delisted; no timezone found
$ATVI: possibly delisted; no timezone found

1 Failed download:
['ATVI']: possibly delisted; no timezone found
$AVB: Data doesn't exist for startDate = 1577077200, endDate = 1578027600

1 Failed download:
['AVB']: Data doesn't exist for startDate = 1577077200, endDate = 1578027600
$BK: possibly delisted; no timezone found
$BK: possibly delisted; no timezone found

1 Failed download:
['BK']: possibly delisted; no timezone found
$BLL: possibly delisted; no timezone found
$BLL: possibly delisted; no timezone found

1 Failed download:
['BLL']: possibly delisted; no timezone found
$CMA: possibly delisted; no timezone found
$CMA: possibly delisted; no timezone found

1 Failed download:
['CMA']: possibly delisted; no timezone found
$CERN: possibly delisted; no timezone found
$CERN: possibly delisted; no timezone found

1 Failed download:
['CERN']: possibly delisted; no timezone found
$COG: possibly delisted; no timezone found
$COG: possibly delisted; no timezone found

1 Failed download:
['COG']: possibly delisted; no timezone found
$CTL: possibly delisted; no timezone found
$CTL: possibly delisted; no timezone found

1 Failed download:
['CTL']: possibly delisted; no timezone found
$DFS: possibly delisted; no timezone found
$DFS: possibly delisted; no timezone found

1 Failed download:
['DFS']: possibly delisted; no timezone found
$CTXS: possibly delisted; no timezone found
$CTXS: possibly delisted; no timezone found

1 Failed download:
['CTXS']: possibly delisted; no timezone found
$CXO: possibly delisted; no timezone found
$CXO: possibly delisted; no timezone found

1 Failed download:
['CXO']: possibly delisted; no timezone found
$DISCA: possibly delisted; no timezone found
$DISCK: possibly delisted; no timezone found
$DISCA: possibly delisted; no timezone found
$DISCK: possibly delisted; no timezone found

1 Failed download:

1 Failed download:
['DISCK']: possibly delisted; no timezone found
['DISCA']: possibly delisted; no timezone found
$DISH: possibly delisted; no timezone found
$DISH: possibly delisted; no timezone found

1 Failed download:
['DISH']: possibly delisted; no timezone found
$DRE: possibly delisted; no timezone found
$DRE: possibly delisted; no timezone found

1 Failed download:
['DRE']: possibly delisted; no timezone found
$EA: Data doesn't exist for startDate = 1577077200, endDate = 1578027600

1 Failed download:
['EA']: Data doesn't exist for startDate = 1577077200, endDate = 1578027600
$EQR: Data doesn't exist for startDate = 1577077200, endDate = 1578027600

1 Failed download:
['EQR']: Data doesn't exist for startDate = 1577077200, endDate = 1578027600
$ETFC: possibly delisted; no timezone found
$ETFC: possibly delisted; no timezone found

1 Failed download:
['ETFC']: possibly delisted; no timezone found
$FBHS: possibly delisted; no timezone found
$FBHS: possibly delisted; no timezone found

1 Failed download:
['FBHS']: possibly delisted; no timezone found
$FB: Data doesn't exist for startDate = 1577077200, endDate = 1578027600

1 Failed download:
['FB']: Data doesn't exist for startDate = 1577077200, endDate = 1578027600
$FLT: possibly delisted; no timezone found
$FLIR: possibly delisted; no timezone found
$FLT: possibly delisted; no timezone found

1 Failed download:
['FLT']: possibly delisted; no timezone found
$FLIR: possibly delisted; no timezone found

1 Failed download:
['FLIR']: possibly delisted; no timezone found
$FRC: possibly delisted; no timezone found
$FRC: possibly delisted; no timezone found

1 Failed download:
['FRC']: possibly delisted; no timezone found
$GPS: possibly delisted; no timezone found
$GPS: possibly delisted; no timezone found

1 Failed download:
['GPS']: possibly delisted; no timezone found
$HES: possibly delisted; no timezone found
$HES: possibly delisted; no timezone found

1 Failed download:
['HES']: possibly delisted; no timezone found
$HBI: possibly delisted; no timezone found
$HOLX: possibly delisted; no timezone found
$HBI: possibly delisted; no timezone found

1 Failed download:
['HBI']: possibly delisted; no timezone found
$HOLX: possibly delisted; no timezone found

1 Failed download:
['HOLX']: possibly delisted; no timezone found
$HFC: possibly delisted; no timezone found
$HFC: possibly delisted; no timezone found

1 Failed download:
['HFC']: possibly delisted; no timezone found
$IPG: possibly delisted; no timezone found
$IPG: possibly delisted; no timezone found

1 Failed download:
['IPG']: possibly delisted; no timezone found
$INFO: Data doesn't exist for startDate = 1577077200, endDate = 1578027600

1 Failed download:
['INFO']: Data doesn't exist for startDate = 1577077200, endDate = 1578027600
$JNPR: possibly delisted; no timezone found
$JNPR: possibly delisted; no timezone found

1 Failed download:
['JNPR']: possibly delisted; no timezone found
$K: possibly delisted; no timezone found
$K: possibly delisted; no timezone found

1 Failed download:
['K']: possibly delisted; no timezone found
$JWN: possibly delisted; no timezone found
$JWN: possibly delisted; no timezone found

1 Failed download:
['JWN']: possibly delisted; no timezone found
$KSU: possibly delisted; no timezone found
$KSU: possibly delisted; no timezone found

1 Failed download:
['KSU']: possibly delisted; no timezone found
$LEG: Data doesn't exist for startDate = 1577077200, endDate = 1578027600

1 Failed download:
['LEG']: Data doesn't exist for startDate = 1577077200, endDate = 1578027600
$LB: Data doesn't exist for startDate = 1577077200, endDate = 1578027600

1 Failed download:
['LB']: Data doesn't exist for startDate = 1577077200, endDate = 1578027600
$MMC: possibly delisted; no timezone found
$MMC: possibly delisted; no timezone found

1 Failed download:
['MMC']: possibly delisted; no timezone found
$MRO: possibly delisted; no timezone found
$MRO: possibly delisted; no timezone found

1 Failed download:
['MRO']: possibly delisted; no timezone found
$MXIM: possibly delisted; no timezone found
$MXIM: possibly delisted; no timezone found

1 Failed download:
['MXIM']: possibly delisted; no timezone found
$NBL: possibly delisted; no timezone found
$NBL: possibly delisted; no timezone found
$MYL: possibly delisted; no timezone found

1 Failed download:
['NBL']: possibly delisted; no timezone found
$MYL: possibly delisted; no timezone found

1 Failed download:
['MYL']: possibly delisted; no timezone found
$NLSN: possibly delisted; no timezone found
$NLOK: possibly delisted; no timezone found
$NLSN: possibly delisted; no timezone found
$NLOK: possibly delisted; no timezone found

1 Failed download:
['NLSN']: possibly delisted; no timezone found

1 Failed download:
['NLOK']: possibly delisted; no timezone found
$PBCT: possibly delisted; no timezone found
$PBCT: possibly delisted; no timezone found

1 Failed download:
['PBCT']: possibly delisted; no timezone found
$PEAK: possibly delisted; no timezone found
$PEAK: possibly delisted; no timezone found

1 Failed download:
['PEAK']: possibly delisted; no timezone found
$PKI: possibly delisted; no timezone found
$PKI: possibly delisted; no timezone found

1 Failed download:
['PKI']: possibly delisted; no timezone found
$PXD: possibly delisted; no timezone found
$PXD: possibly delisted; no timezone found

1 Failed download:
['PXD']: possibly delisted; no timezone found
$RE: possibly delisted; no timezone found
$RE: possibly delisted; no timezone found

1 Failed download:
['RE']: possibly delisted; no timezone found
$RTN: possibly delisted; no timezone found
$RTN: possibly delisted; no timezone found

1 Failed download:
['RTN']: possibly delisted; no timezone found
$SIVB: possibly delisted; no timezone found
$SEE: possibly delisted; no timezone found
$SIVB: possibly delisted; no timezone found
$SEE: possibly delisted; no timezone found

1 Failed download:
['SIVB']: possibly delisted; no timezone found

1 Failed download:
['SEE']: possibly delisted; no timezone found
$TIF: possibly delisted; no timezone found
$TIF: possibly delisted; no timezone found

1 Failed download:
['TIF']: possibly delisted; no timezone found
$TWTR: possibly delisted; no timezone found
$TWTR: possibly delisted; no timezone found

1 Failed download:
['TWTR']: possibly delisted; no timezone found
$UTX: possibly delisted; no timezone found
$UTX: possibly delisted; no timezone found

1 Failed download:
['UTX']: possibly delisted; no timezone found
$VAR: possibly delisted; no timezone found
$VIAC: possibly delisted; no timezone found
$VAR: possibly delisted; no timezone found

1 Failed download:
['VAR']: possibly delisted; no timezone found
$VIAC: possibly delisted; no timezone found

1 Failed download:
['VIAC']: possibly delisted; no timezone found
$WCG: possibly delisted; no timezone found
$WCG: possibly delisted; no timezone found

1 Failed download:
['WCG']: possibly delisted; no timezone found
$WBA: possibly delisted; no timezone found
$WBA: possibly delisted; no timezone found

1 Failed download:
['WBA']: possibly delisted; no timezone found
$WLTW: possibly delisted; no timezone found
$WLTW: possibly delisted; no timezone found

1 Failed download:
['WLTW']: possibly delisted; no timezone found
$WRK: possibly delisted; no timezone found
$WRK: possibly delisted; no timezone found

1 Failed download:
['WRK']: possibly delisted; no timezone found
$XLNX: possibly delisted; no timezone found
$XEC: possibly delisted; no timezone found
$XEC: possibly delisted; no timezone found
$XLNX: possibly delisted; no timezone found

1 Failed download:
['XEC']: possibly delisted; no timezone found

1 Failed download:
['XLNX']: possibly delisted; no timezone found
$ABC: possibly delisted; no timezone found
$ABMD: possibly delisted; no timezone found
$ABC: possibly delisted; no timezone found
$ABMD: possibly delisted; no timezone found

1 Failed download:
['ABC']: possibly delisted; no timezone found

1 Failed download:
['ABMD']: possibly delisted; no timezone found
$ALXN: possibly delisted; no timezone found
$ALXN: possibly delisted; no timezone found

1 Failed download:
['ALXN']: possibly delisted; no timezone found
$ANSS: possibly delisted; no timezone found
$ANSS: possibly delisted; no timezone found

1 Failed download:
['ANSS']: possibly delisted; no timezone found
$ANTM: possibly delisted; no timezone found
$ANTM: possibly delisted; no timezone found

1 Failed download:
['ANTM']: possibly delisted; no timezone found
$AVB: Data doesn't exist for startDate = 1592712000, endDate = 1593662400
$ATVI: possibly delisted; no timezone found

1 Failed download:
['AVB']: Data doesn't exist for startDate = 1592712000, endDate = 1593662400
$ATVI: possibly delisted; no timezone found

1 Failed download:
['ATVI']: possibly delisted; no timezone found
$BK: possibly delisted; no timezone found
$BK: possibly delisted; no timezone found

1 Failed download:
['BK']: possibly delisted; no timezone found
$BIO: possibly delisted; no price data found  (1d 2020-06-21 -> 2020-06-21)

1 Failed download:
['BIO']: possibly delisted; no price data found  (1d 2020-06-21 -> 2020-06-21)
$BLL: possibly delisted; no timezone found
$BLL: possibly delisted; no timezone found

1 Failed download:
['BLL']: possibly delisted; no timezone found
$CARR: possibly delisted; no price data found  (1d 2020-06-21 -> 2020-06-21)

1 Failed download:
['CARR']: possibly delisted; no price data found  (1d 2020-06-21 -> 2020-06-21)
$CERN: possibly delisted; no timezone found
$CERN: possibly delisted; no timezone found

1 Failed download:
['CERN']: possibly delisted; no timezone found
$CMA: possibly delisted; no timezone found
$CMA: possibly delisted; no timezone found

1 Failed download:
['CMA']: possibly delisted; no timezone found
$COG: possibly delisted; no timezone found
$COG: possibly delisted; no timezone found

1 Failed download:
['COG']: possibly delisted; no timezone found
$CTL: possibly delisted; no timezone found
$CTXS: possibly delisted; no timezone found
$CXO: possibly delisted; no timezone found
$CTXS: possibly delisted; no timezone found

1 Failed download:
['CTXS']: possibly delisted; no timezone found
$CTL: possibly delisted; no timezone found

1 Failed download:
['CTL']: possibly delisted; no timezone found
$CXO: possibly delisted; no timezone found

1 Failed download:
['CXO']: possibly delisted; no timezone found
$DFS: possibly delisted; no timezone found
$DFS: possibly delisted; no timezone found

1 Failed download:
['DFS']: possibly delisted; no timezone found
$DISCA: possibly delisted; no timezone found
$DISCA: possibly delisted; no timezone found

1 Failed download:
['DISCA']: possibly delisted; no timezone found
$DISH: possibly delisted; no timezone found
$DISH: possibly delisted; no timezone found

1 Failed download:
['DISH']: possibly delisted; no timezone found
$DISCK: possibly delisted; no timezone found
$DISCK: possibly delisted; no timezone found

1 Failed download:
['DISCK']: possibly delisted; no timezone found
$DRE: possibly delisted; no timezone found
$DRE: possibly delisted; no timezone found

1 Failed download:
['DRE']: possibly delisted; no timezone found
$DPZ: possibly delisted; no price data found  (1d 2020-06-21 -> 2020-06-21)

1 Failed download:
['DPZ']: possibly delisted; no price data found  (1d 2020-06-21 -> 2020-06-21)
$EA: Data doesn't exist for startDate = 1592712000, endDate = 1593662400

1 Failed download:
['EA']: Data doesn't exist for startDate = 1592712000, endDate = 1593662400
$DXCM: possibly delisted; no price data found  (1d 2020-06-21 -> 2020-06-21)

1 Failed download:
['DXCM']: possibly delisted; no price data found  (1d 2020-06-21 -> 2020-06-21)
$ETFC: possibly delisted; no timezone found
$ETFC: possibly delisted; no timezone found

1 Failed download:
['ETFC']: possibly delisted; no timezone found
$EQR: Data doesn't exist for startDate = 1592712000, endDate = 1593662400

1 Failed download:
['EQR']: Data doesn't exist for startDate = 1592712000, endDate = 1593662400
$FB: Data doesn't exist for startDate = 1592712000, endDate = 1593662400

1 Failed download:
['FB']: Data doesn't exist for startDate = 1592712000, endDate = 1593662400
$FBHS: possibly delisted; no timezone found
$FBHS: possibly delisted; no timezone found

1 Failed download:
['FBHS']: possibly delisted; no timezone found
$FLIR: possibly delisted; no timezone found
$FLIR: possibly delisted; no timezone found

1 Failed download:
['FLIR']: possibly delisted; no timezone found
$FLT: possibly delisted; no timezone found
$FLT: possibly delisted; no timezone found

1 Failed download:
['FLT']: possibly delisted; no timezone found
$FRC: possibly delisted; no timezone found
$FRC: possibly delisted; no timezone found

1 Failed download:
['FRC']: possibly delisted; no timezone found
$GPS: possibly delisted; no timezone found
$GPS: possibly delisted; no timezone found

1 Failed download:
['GPS']: possibly delisted; no timezone found
$HFC: possibly delisted; no timezone found
$HBI: possibly delisted; no timezone found
$HES: possibly delisted; no timezone found
$HBI: possibly delisted; no timezone found
$HFC: possibly delisted; no timezone found

1 Failed download:
['HBI']: possibly delisted; no timezone found

1 Failed download:
['HFC']: possibly delisted; no timezone found
$HES: possibly delisted; no timezone found

1 Failed download:
['HES']: possibly delisted; no timezone found
$HOLX: possibly delisted; no timezone found
$HOLX: possibly delisted; no timezone found

1 Failed download:
['HOLX']: possibly delisted; no timezone found
$HWM: possibly delisted; no price data found  (1d 2020-06-21 -> 2020-06-21)

1 Failed download:
['HWM']: possibly delisted; no price data found  (1d 2020-06-21 -> 2020-06-21)
$INFO: Data doesn't exist for startDate = 1592712000, endDate = 1593662400
$IPG: possibly delisted; no timezone found

1 Failed download:
['INFO']: Data doesn't exist for startDate = 1592712000, endDate = 1593662400
$IPG: possibly delisted; no timezone found

1 Failed download:
['IPG']: possibly delisted; no timezone found
$JNPR: possibly delisted; no timezone found
$JNPR: possibly delisted; no timezone found

1 Failed download:
['JNPR']: possibly delisted; no timezone found
$K: possibly delisted; no timezone found
$K: possibly delisted; no timezone found

1 Failed download:
['K']: possibly delisted; no timezone found
$KSU: possibly delisted; no timezone found
$KSU: possibly delisted; no timezone found

1 Failed download:
['KSU']: possibly delisted; no timezone found
$LB: Data doesn't exist for startDate = 1592712000, endDate = 1593662400

1 Failed download:
['LB']: Data doesn't exist for startDate = 1592712000, endDate = 1593662400
$LEG: Data doesn't exist for startDate = 1592712000, endDate = 1593662400

1 Failed download:
['LEG']: Data doesn't exist for startDate = 1592712000, endDate = 1593662400
$MMC: possibly delisted; no timezone found
$MMC: possibly delisted; no timezone found

1 Failed download:
['MMC']: possibly delisted; no timezone found
$MRO: possibly delisted; no timezone found
$MRO: possibly delisted; no timezone found

1 Failed download:
['MRO']: possibly delisted; no timezone found
$MXIM: possibly delisted; no timezone found
$MXIM: possibly delisted; no timezone found
$MYL: possibly delisted; no timezone found

1 Failed download:
['MXIM']: possibly delisted; no timezone found
$MYL: possibly delisted; no timezone found

1 Failed download:
['MYL']: possibly delisted; no timezone found
$NBL: possibly delisted; no timezone found
$NBL: possibly delisted; no timezone found

1 Failed download:
['NBL']: possibly delisted; no timezone found
$NLSN: possibly delisted; no timezone found
$NLSN: possibly delisted; no timezone found

1 Failed download:
['NLSN']: possibly delisted; no timezone found
$NLOK: possibly delisted; no timezone found
$NLOK: possibly delisted; no timezone found

1 Failed download:
['NLOK']: possibly delisted; no timezone found
$OTIS: possibly delisted; no price data found  (1d 2020-06-21 -> 2020-06-21)

1 Failed download:
['OTIS']: possibly delisted; no price data found  (1d 2020-06-21 -> 2020-06-21)
$PBCT: possibly delisted; no timezone found
$PBCT: possibly delisted; no timezone found

1 Failed download:
['PBCT']: possibly delisted; no timezone found
$PEAK: possibly delisted; no timezone found
$PEAK: possibly delisted; no timezone found

1 Failed download:
['PEAK']: possibly delisted; no timezone found
$PKI: possibly delisted; no timezone found
$PKI: possibly delisted; no timezone found

1 Failed download:
['PKI']: possibly delisted; no timezone found
$PXD: possibly delisted; no timezone found
$PXD: possibly delisted; no timezone found

1 Failed download:
['PXD']: possibly delisted; no timezone found
$RE: possibly delisted; no timezone found
$RE: possibly delisted; no timezone found

1 Failed download:
['RE']: possibly delisted; no timezone found
$SIVB: possibly delisted; no timezone found
$SIVB: possibly delisted; no timezone found

1 Failed download:
['SIVB']: possibly delisted; no timezone found
$RTX: possibly delisted; no price data found  (1d 2020-06-21 -> 2020-06-21)

1 Failed download:
['RTX']: possibly delisted; no price data found  (1d 2020-06-21 -> 2020-06-21)
$SEE: possibly delisted; no timezone found
$SEE: possibly delisted; no timezone found

1 Failed download:
['SEE']: possibly delisted; no timezone found
$TIF: possibly delisted; no timezone found
$TIF: possibly delisted; no timezone found

1 Failed download:
['TIF']: possibly delisted; no timezone found
$TDY: possibly delisted; no price data found  (1d 2020-06-21 -> 2020-06-21)

1 Failed download:
['TDY']: possibly delisted; no price data found  (1d 2020-06-21 -> 2020-06-21)
$TWTR: possibly delisted; no timezone found
$TWTR: possibly delisted; no timezone found

1 Failed download:
['TWTR']: possibly delisted; no timezone found
$TYL: possibly delisted; no price data found  (1d 2020-06-21 -> 2020-06-21)

1 Failed download:
['TYL']: possibly delisted; no price data found  (1d 2020-06-21 -> 2020-06-21)
$VIAC: possibly delisted; no timezone found
$VAR: possibly delisted; no timezone found
$VIAC: possibly delisted; no timezone found
$VAR: possibly delisted; no timezone found

1 Failed download:
['VIAC']: possibly delisted; no timezone found

1 Failed download:
['VAR']: possibly delisted; no timezone found
$WBA: possibly delisted; no timezone found
$WBA: possibly delisted; no timezone found

1 Failed download:
['WBA']: possibly delisted; no timezone found
$WLTW: possibly delisted; no timezone found
$WLTW: possibly delisted; no timezone found

1 Failed download:
['WLTW']: possibly delisted; no timezone found
$WRK: possibly delisted; no timezone found
$WRK: possibly delisted; no timezone found

1 Failed download:
['WRK']: possibly delisted; no timezone found
$XLNX: possibly delisted; no timezone found
$XLNX: possibly delisted; no timezone found

1 Failed download:
['XLNX']: possibly delisted; no timezone found
$WST: possibly delisted; no price data found  (1d 2020-06-21 -> 2020-06-21)

1 Failed download:
['WST']: possibly delisted; no price data found  (1d 2020-06-21 -> 2020-06-21)
$ABC: possibly delisted; no timezone found
$ABMD: possibly delisted; no timezone found
$ABC: possibly delisted; no timezone found

1 Failed download:
['ABC']: possibly delisted; no timezone found
$ABMD: possibly delisted; no timezone found

1 Failed download:
['ABMD']: possibly delisted; no timezone found
$ALXN: possibly delisted; no timezone found
$ALXN: possibly delisted; no timezone found

1 Failed download:
['ALXN']: possibly delisted; no timezone found
$ANSS: possibly delisted; no timezone found
$ANSS: possibly delisted; no timezone found

1 Failed download:
['ANSS']: possibly delisted; no timezone found
$ANTM: possibly delisted; no timezone found
$ANTM: possibly delisted; no timezone found

1 Failed download:
['ANTM']: possibly delisted; no timezone found
$ATVI: possibly delisted; no timezone found
$ATVI: possibly delisted; no timezone found

1 Failed download:
['ATVI']: possibly delisted; no timezone found
$AVB: Data doesn't exist for startDate = 1608872400, endDate = 1609822800

1 Failed download:
['AVB']: Data doesn't exist for startDate = 1608872400, endDate = 1609822800
$BK: possibly delisted; no timezone found
$BK: possibly delisted; no timezone found

1 Failed download:
['BK']: possibly delisted; no timezone found
$BLL: possibly delisted; no timezone found
$BLL: possibly delisted; no timezone found

1 Failed download:
['BLL']: possibly delisted; no timezone found
$CERN: possibly delisted; no timezone found
$CERN: possibly delisted; no timezone found

1 Failed download:
['CERN']: possibly delisted; no timezone found
$CMA: possibly delisted; no timezone found
$CMA: possibly delisted; no timezone found

1 Failed download:
['CMA']: possibly delisted; no timezone found
$COG: possibly delisted; no timezone found
$COG: possibly delisted; no timezone found

1 Failed download:
['COG']: possibly delisted; no timezone found
$CTLT: possibly delisted; no timezone found
$CTLT: possibly delisted; no timezone found

1 Failed download:
['CTLT']: possibly delisted; no timezone found
$CTXS: possibly delisted; no timezone found
$CXO: possibly delisted; no timezone found
$CTXS: possibly delisted; no timezone found

1 Failed download:
['CTXS']: possibly delisted; no timezone found
$CXO: possibly delisted; no timezone found

1 Failed download:
['CXO']: possibly delisted; no timezone found
$DFS: possibly delisted; no timezone found
$DFS: possibly delisted; no timezone found

1 Failed download:
['DFS']: possibly delisted; no timezone found
$DISH: possibly delisted; no timezone found
$DISH: possibly delisted; no timezone found
$DISCA: possibly delisted; no timezone found

1 Failed download:
['DISH']: possibly delisted; no timezone found
$DISCA: possibly delisted; no timezone found
$DISCK: possibly delisted; no timezone found

1 Failed download:
['DISCA']: possibly delisted; no timezone found
$DISCK: possibly delisted; no timezone found

1 Failed download:
['DISCK']: possibly delisted; no timezone found
$DRE: possibly delisted; no timezone found
$DRE: possibly delisted; no timezone found

1 Failed download:
['DRE']: possibly delisted; no timezone found
$EA: Data doesn't exist for startDate = 1608872400, endDate = 1609822800

1 Failed download:
['EA']: Data doesn't exist for startDate = 1608872400, endDate = 1609822800
$EQR: Data doesn't exist for startDate = 1608872400, endDate = 1609822800

1 Failed download:
['EQR']: Data doesn't exist for startDate = 1608872400, endDate = 1609822800
$FB: Data doesn't exist for startDate = 1608872400, endDate = 1609822800

1 Failed download:
['FB']: Data doesn't exist for startDate = 1608872400, endDate = 1609822800
$FBHS: possibly delisted; no timezone found
$FBHS: possibly delisted; no timezone found

1 Failed download:
['FBHS']: possibly delisted; no timezone found
$FLT: possibly delisted; no timezone found
$FLIR: possibly delisted; no timezone found
$FLT: possibly delisted; no timezone found
$FLIR: possibly delisted; no timezone found

1 Failed download:
['FLT']: possibly delisted; no timezone found

1 Failed download:
['FLIR']: possibly delisted; no timezone found
$FRC: possibly delisted; no timezone found
$FRC: possibly delisted; no timezone found

1 Failed download:
['FRC']: possibly delisted; no timezone found
$GPS: possibly delisted; no timezone found
$GPS: possibly delisted; no timezone found

1 Failed download:
['GPS']: possibly delisted; no timezone found
$HES: possibly delisted; no timezone found
$HBI: possibly delisted; no timezone found
$HES: possibly delisted; no timezone found
$HBI: possibly delisted; no timezone found

1 Failed download:
['HBI']: possibly delisted; no timezone found

1 Failed download:
['HES']: possibly delisted; no timezone found
$HFC: possibly delisted; no timezone found
$HFC: possibly delisted; no timezone found

1 Failed download:
['HFC']: possibly delisted; no timezone found
$HOLX: possibly delisted; no timezone found
$HOLX: possibly delisted; no timezone found

1 Failed download:
['HOLX']: possibly delisted; no timezone found
$IPG: possibly delisted; no timezone found
$IPG: possibly delisted; no timezone found

1 Failed download:
['IPG']: possibly delisted; no timezone found
$INFO: Data doesn't exist for startDate = 1608872400, endDate = 1609822800

1 Failed download:
['INFO']: Data doesn't exist for startDate = 1608872400, endDate = 1609822800
$JNPR: possibly delisted; no timezone found
$JNPR: possibly delisted; no timezone found

1 Failed download:
['JNPR']: possibly delisted; no timezone found
$K: possibly delisted; no timezone found
$K: possibly delisted; no timezone found

1 Failed download:
['K']: possibly delisted; no timezone found
$KSU: possibly delisted; no timezone found
$KSU: possibly delisted; no timezone found

1 Failed download:
['KSU']: possibly delisted; no timezone found
$LEG: Data doesn't exist for startDate = 1608872400, endDate = 1609822800
$LB: Data doesn't exist for startDate = 1608872400, endDate = 1609822800

1 Failed download:
['LEG']: Data doesn't exist for startDate = 1608872400, endDate = 1609822800

1 Failed download:
['LB']: Data doesn't exist for startDate = 1608872400, endDate = 1609822800
$LUMN: possibly delisted; no price data found  (1d 2020-12-25 -> 2020-12-27)

1 Failed download:
['LUMN']: possibly delisted; no price data found  (1d 2020-12-25 -> 2020-12-27)
$MMC: possibly delisted; no timezone found
$MMC: possibly delisted; no timezone found

1 Failed download:
['MMC']: possibly delisted; no timezone found
$MRO: possibly delisted; no timezone found
$MRO: possibly delisted; no timezone found

1 Failed download:
['MRO']: possibly delisted; no timezone found
$MXIM: possibly delisted; no timezone found
$MXIM: possibly delisted; no timezone found

1 Failed download:
['MXIM']: possibly delisted; no timezone found
$NLOK: possibly delisted; no timezone found
$NLOK: possibly delisted; no timezone found

1 Failed download:
['NLOK']: possibly delisted; no timezone found
$NLSN: possibly delisted; no timezone found
$NLSN: possibly delisted; no timezone found

1 Failed download:
['NLSN']: possibly delisted; no timezone found
$PBCT: possibly delisted; no timezone found
$PBCT: possibly delisted; no timezone found

1 Failed download:
['PBCT']: possibly delisted; no timezone found
$PEAK: possibly delisted; no timezone found
$PEAK: possibly delisted; no timezone found

1 Failed download:
['PEAK']: possibly delisted; no timezone found
$PKI: possibly delisted; no timezone found
$PKI: possibly delisted; no timezone found

1 Failed download:
['PKI']: possibly delisted; no timezone found
$PXD: possibly delisted; no timezone found
$POOL: possibly delisted; no price data found  (1d 2020-12-25 -> 2020-12-27)
$PXD: possibly delisted; no timezone found

1 Failed download:
['POOL']: possibly delisted; no price data found  (1d 2020-12-25 -> 2020-12-27)

1 Failed download:
['PXD']: possibly delisted; no timezone found
$RE: possibly delisted; no timezone found
$RE: possibly delisted; no timezone found

1 Failed download:
['RE']: possibly delisted; no timezone found
$SEE: possibly delisted; no timezone found
$SEE: possibly delisted; no timezone found

1 Failed download:
['SEE']: possibly delisted; no timezone found
$SIVB: possibly delisted; no timezone found
$SIVB: possibly delisted; no timezone found

1 Failed download:
['SIVB']: possibly delisted; no timezone found
$TIF: possibly delisted; no timezone found
$TIF: possibly delisted; no timezone found

1 Failed download:
['TIF']: possibly delisted; no timezone found
$TWTR: possibly delisted; no timezone found
$TWTR: possibly delisted; no timezone found

1 Failed download:
['TWTR']: possibly delisted; no timezone found
$VAR: possibly delisted; no timezone found
$VAR: possibly delisted; no timezone found

1 Failed download:
['VAR']: possibly delisted; no timezone found
$VIAC: possibly delisted; no timezone found
$VIAC: possibly delisted; no timezone found

1 Failed download:
['VIAC']: possibly delisted; no timezone found
$VNT: possibly delisted; no price data found  (1d 2020-12-25 -> 2020-12-27)

1 Failed download:
['VNT']: possibly delisted; no price data found  (1d 2020-12-25 -> 2020-12-27)
$WBA: possibly delisted; no timezone found
$WBA: possibly delisted; no timezone found

1 Failed download:
['WBA']: possibly delisted; no timezone found
$WLTW: possibly delisted; no timezone found
$WLTW: possibly delisted; no timezone found

1 Failed download:
['WLTW']: possibly delisted; no timezone found
$VTRS: possibly delisted; no price data found  (1d 2020-12-25 -> 2020-12-27)

1 Failed download:
['VTRS']: possibly delisted; no price data found  (1d 2020-12-25 -> 2020-12-27)
$WRK: possibly delisted; no timezone found
$WRK: possibly delisted; no timezone found

1 Failed download:
['WRK']: possibly delisted; no timezone found
$XLNX: possibly delisted; no timezone found
$XLNX: possibly delisted; no timezone found

1 Failed download:
['XLNX']: possibly delisted; no timezone found
$ABC: possibly delisted; no timezone found
$ABMD: possibly delisted; no timezone found
$ABMD: possibly delisted; no timezone found
$ABC: possibly delisted; no timezone found

1 Failed download:
['ABC']: possibly delisted; no timezone found

1 Failed download:
['ABMD']: possibly delisted; no timezone found
$ALXN: possibly delisted; no timezone found
$ALXN: possibly delisted; no timezone found

1 Failed download:
['ALXN']: possibly delisted; no timezone found
$ANSS: possibly delisted; no timezone found
$ANSS: possibly delisted; no timezone found

1 Failed download:
['ANSS']: possibly delisted; no timezone found
$ANTM: possibly delisted; no timezone found
$ANTM: possibly delisted; no timezone found

1 Failed download:
['ANTM']: possibly delisted; no timezone found
$ATVI: possibly delisted; no timezone found
$ATVI: possibly delisted; no timezone found

1 Failed download:
['ATVI']: possibly delisted; no timezone found
$AVB: Data doesn't exist for startDate = 1624248000, endDate = 1625198400

1 Failed download:
['AVB']: Data doesn't exist for startDate = 1624248000, endDate = 1625198400
$BK: possibly delisted; no timezone found
$BK: possibly delisted; no timezone found

1 Failed download:
['BK']: possibly delisted; no timezone found
$BLL: possibly delisted; no timezone found
$BLL: possibly delisted; no timezone found

1 Failed download:
['BLL']: possibly delisted; no timezone found
$CERN: possibly delisted; no timezone found
$CERN: possibly delisted; no timezone found

1 Failed download:
['CERN']: possibly delisted; no timezone found
$CMA: possibly delisted; no timezone found
$CMA: possibly delisted; no timezone found

1 Failed download:
['CMA']: possibly delisted; no timezone found
$COG: possibly delisted; no timezone found
$COG: possibly delisted; no timezone found

1 Failed download:
['COG']: possibly delisted; no timezone found
$CTLT: possibly delisted; no timezone found
$CTLT: possibly delisted; no timezone found

1 Failed download:
['CTLT']: possibly delisted; no timezone found
$CTXS: possibly delisted; no timezone found
$CTXS: possibly delisted; no timezone found

1 Failed download:
['CTXS']: possibly delisted; no timezone found
$DFS: possibly delisted; no timezone found
$DFS: possibly delisted; no timezone found

1 Failed download:
['DFS']: possibly delisted; no timezone found
$DISCA: possibly delisted; no timezone found
$DISCA: possibly delisted; no timezone found

1 Failed download:
['DISCA']: possibly delisted; no timezone found
$DISCK: possibly delisted; no timezone found
$DISCK: possibly delisted; no timezone found

1 Failed download:
['DISCK']: possibly delisted; no timezone found
$DISH: possibly delisted; no timezone found
$DISH: possibly delisted; no timezone found

1 Failed download:
['DISH']: possibly delisted; no timezone found
$DRE: possibly delisted; no timezone found
$DRE: possibly delisted; no timezone found

1 Failed download:
['DRE']: possibly delisted; no timezone found
$EA: Data doesn't exist for startDate = 1624248000, endDate = 1625198400

1 Failed download:
['EA']: Data doesn't exist for startDate = 1624248000, endDate = 1625198400
$EQR: Data doesn't exist for startDate = 1624248000, endDate = 1625198400

1 Failed download:
['EQR']: Data doesn't exist for startDate = 1624248000, endDate = 1625198400
$FBHS: possibly delisted; no timezone found
$FBHS: possibly delisted; no timezone found

1 Failed download:
['FBHS']: possibly delisted; no timezone found
$FLT: possibly delisted; no timezone found
$FLT: possibly delisted; no timezone found

1 Failed download:
['FLT']: possibly delisted; no timezone found
$FB: Data doesn't exist for startDate = 1624248000, endDate = 1625198400

1 Failed download:
['FB']: Data doesn't exist for startDate = 1624248000, endDate = 1625198400
$FRC: possibly delisted; no timezone found
$FRC: possibly delisted; no timezone found

1 Failed download:
['FRC']: possibly delisted; no timezone found
$GPS: possibly delisted; no timezone found
$GPS: possibly delisted; no timezone found

1 Failed download:
['GPS']: possibly delisted; no timezone found
$HBI: possibly delisted; no timezone found
$HBI: possibly delisted; no timezone found

1 Failed download:
['HBI']: possibly delisted; no timezone found
$HES: possibly delisted; no timezone found
$HES: possibly delisted; no timezone found

1 Failed download:
['HES']: possibly delisted; no timezone found
$HOLX: possibly delisted; no timezone found
$HOLX: possibly delisted; no timezone found

1 Failed download:
['HOLX']: possibly delisted; no timezone found
$IPG: possibly delisted; no timezone found
$IPG: possibly delisted; no timezone found

1 Failed download:
['IPG']: possibly delisted; no timezone found
$INFO: Data doesn't exist for startDate = 1624248000, endDate = 1625198400

1 Failed download:
['INFO']: Data doesn't exist for startDate = 1624248000, endDate = 1625198400
$JNPR: possibly delisted; no timezone found
$JNPR: possibly delisted; no timezone found

1 Failed download:
['JNPR']: possibly delisted; no timezone found
$K: possibly delisted; no timezone found
$K: possibly delisted; no timezone found

1 Failed download:
['K']: possibly delisted; no timezone found
$KSU: possibly delisted; no timezone found
$KSU: possibly delisted; no timezone found

1 Failed download:
['KSU']: possibly delisted; no timezone found
$LB: Data doesn't exist for startDate = 1624248000, endDate = 1625198400

1 Failed download:
['LB']: Data doesn't exist for startDate = 1624248000, endDate = 1625198400
$LEG: Data doesn't exist for startDate = 1624248000, endDate = 1625198400

1 Failed download:
['LEG']: Data doesn't exist for startDate = 1624248000, endDate = 1625198400
$MMC: possibly delisted; no timezone found
$MMC: possibly delisted; no timezone found

1 Failed download:
['MMC']: possibly delisted; no timezone found
$MRO: possibly delisted; no timezone found
$MRO: possibly delisted; no timezone found

1 Failed download:
['MRO']: possibly delisted; no timezone found
$MXIM: possibly delisted; no timezone found
$MXIM: possibly delisted; no timezone found

1 Failed download:
['MXIM']: possibly delisted; no timezone found
$NLOK: possibly delisted; no timezone found
$NLSN: possibly delisted; no timezone found
$NLOK: possibly delisted; no timezone found

1 Failed download:
['NLOK']: possibly delisted; no timezone found
$NLSN: possibly delisted; no timezone found

1 Failed download:
['NLSN']: possibly delisted; no timezone found
$PBCT: possibly delisted; no timezone found
$PBCT: possibly delisted; no timezone found

1 Failed download:
['PBCT']: possibly delisted; no timezone found
$PEAK: possibly delisted; no timezone found
$PEAK: possibly delisted; no timezone found

1 Failed download:
['PEAK']: possibly delisted; no timezone found
$PKI: possibly delisted; no timezone found
$PKI: possibly delisted; no timezone found

1 Failed download:
['PKI']: possibly delisted; no timezone found
$PXD: possibly delisted; no timezone found
$PXD: possibly delisted; no timezone found

1 Failed download:
['PXD']: possibly delisted; no timezone found
$RE: possibly delisted; no timezone found
$RE: possibly delisted; no timezone found

1 Failed download:
['RE']: possibly delisted; no timezone found
$SEE: possibly delisted; no timezone found
$SEE: possibly delisted; no timezone found

1 Failed download:
['SEE']: possibly delisted; no timezone found
$SIVB: possibly delisted; no timezone found
$SIVB: possibly delisted; no timezone found

1 Failed download:
['SIVB']: possibly delisted; no timezone found
$TWTR: possibly delisted; no timezone found
$TWTR: possibly delisted; no timezone found

1 Failed download:
['TWTR']: possibly delisted; no timezone found
$VIAC: possibly delisted; no timezone found
$VIAC: possibly delisted; no timezone found

1 Failed download:
['VIAC']: possibly delisted; no timezone found
$WBA: possibly delisted; no timezone found
$WBA: possibly delisted; no timezone found

1 Failed download:
['WBA']: possibly delisted; no timezone found
$WLTW: possibly delisted; no timezone found
$WLTW: possibly delisted; no timezone found

1 Failed download:
['WLTW']: possibly delisted; no timezone found
$WRK: possibly delisted; no timezone found
$WRK: possibly delisted; no timezone found

1 Failed download:
['WRK']: possibly delisted; no timezone found
$XLNX: possibly delisted; no timezone found
$XLNX: possibly delisted; no timezone found

1 Failed download:
['XLNX']: possibly delisted; no timezone found
$ABC: possibly delisted; no timezone found
$ABMD: possibly delisted; no timezone found
$ABMD: possibly delisted; no timezone found
$ABC: possibly delisted; no timezone found

1 Failed download:
['ABC']: possibly delisted; no timezone found

1 Failed download:
['ABMD']: possibly delisted; no timezone found
$ANSS: possibly delisted; no timezone found
$ANTM: possibly delisted; no timezone found
$ANSS: possibly delisted; no timezone found
$ANTM: possibly delisted; no timezone found

1 Failed download:
['ANSS']: possibly delisted; no timezone found

1 Failed download:
['ANTM']: possibly delisted; no timezone found
$ATVI: possibly delisted; no timezone found
$ATVI: possibly delisted; no timezone found

1 Failed download:
['ATVI']: possibly delisted; no timezone found
$AVB: Data doesn't exist for startDate = 1640322000, endDate = 1641272400

1 Failed download:
['AVB']: Data doesn't exist for startDate = 1640322000, endDate = 1641272400
$BK: possibly delisted; no timezone found
$BK: possibly delisted; no timezone found

1 Failed download:
['BK']: possibly delisted; no timezone found
$BLL: possibly delisted; no timezone found
$BLL: possibly delisted; no timezone found

1 Failed download:
['BLL']: possibly delisted; no timezone found
$BBWI: possibly delisted; no price data found  (1d 2021-12-24 -> 2021-12-26)

1 Failed download:
['BBWI']: possibly delisted; no price data found  (1d 2021-12-24 -> 2021-12-26)
$BRO: possibly delisted; no price data found  (1d 2021-12-24 -> 2021-12-26)

1 Failed download:
['BRO']: possibly delisted; no price data found  (1d 2021-12-24 -> 2021-12-26)
$CERN: possibly delisted; no timezone found
$CERN: possibly delisted; no timezone found

1 Failed download:
['CERN']: possibly delisted; no timezone found
$CDAY: possibly delisted; no timezone found
$CDAY: possibly delisted; no timezone found

1 Failed download:
['CDAY']: possibly delisted; no timezone found
$CMA: possibly delisted; no timezone found
$CMA: possibly delisted; no timezone found

1 Failed download:
['CMA']: possibly delisted; no timezone found
$CTLT: possibly delisted; no timezone found
$CTLT: possibly delisted; no timezone found

1 Failed download:
['CTLT']: possibly delisted; no timezone found
$CTXS: possibly delisted; no timezone found
$CTXS: possibly delisted; no timezone found

1 Failed download:
['CTXS']: possibly delisted; no timezone found
$CTRA: possibly delisted; no timezone found
$CTRA: possibly delisted; no timezone found

1 Failed download:
['CTRA']: possibly delisted; no timezone found
$DFS: possibly delisted; no timezone found
$DFS: possibly delisted; no timezone found

1 Failed download:
['DFS']: possibly delisted; no timezone found
$DISCA: possibly delisted; no timezone found
$DISCK: possibly delisted; no timezone found
$DISCA: possibly delisted; no timezone found

1 Failed download:
['DISCA']: possibly delisted; no timezone found
$DISCK: possibly delisted; no timezone found

1 Failed download:
['DISCK']: possibly delisted; no timezone found
$DISH: possibly delisted; no timezone found
$DISH: possibly delisted; no timezone found

1 Failed download:
['DISH']: possibly delisted; no timezone found
$DRE: possibly delisted; no timezone found
$DRE: possibly delisted; no timezone found

1 Failed download:
['DRE']: possibly delisted; no timezone found
$EA: Data doesn't exist for startDate = 1640322000, endDate = 1641272400

1 Failed download:
['EA']: Data doesn't exist for startDate = 1640322000, endDate = 1641272400
$EQR: Data doesn't exist for startDate = 1640322000, endDate = 1641272400

1 Failed download:
['EQR']: Data doesn't exist for startDate = 1640322000, endDate = 1641272400
$FBHS: possibly delisted; no timezone found
$FBHS: possibly delisted; no timezone found

1 Failed download:
['FBHS']: possibly delisted; no timezone found
$FLT: possibly delisted; no timezone found
$FLT: possibly delisted; no timezone found

1 Failed download:
['FLT']: possibly delisted; no timezone found
$FB: Data doesn't exist for startDate = 1640322000, endDate = 1641272400

1 Failed download:
['FB']: Data doesn't exist for startDate = 1640322000, endDate = 1641272400
$FRC: possibly delisted; no timezone found
$FRC: possibly delisted; no timezone found

1 Failed download:
['FRC']: possibly delisted; no timezone found
$FDS: possibly delisted; no price data found  (1d 2021-12-24 -> 2021-12-26)

1 Failed download:
['FDS']: possibly delisted; no price data found  (1d 2021-12-24 -> 2021-12-26)
$GPS: possibly delisted; no timezone found
$GPS: possibly delisted; no timezone found

1 Failed download:
['GPS']: possibly delisted; no timezone found
$HES: possibly delisted; no timezone found
$HES: possibly delisted; no timezone found

1 Failed download:
['HES']: possibly delisted; no timezone found
$HOLX: possibly delisted; no timezone found
$HOLX: possibly delisted; no timezone found

1 Failed download:
['HOLX']: possibly delisted; no timezone found
$IPG: possibly delisted; no timezone found
$IPG: possibly delisted; no timezone found

1 Failed download:
['IPG']: possibly delisted; no timezone found
$INFO: Data doesn't exist for startDate = 1640322000, endDate = 1641272400

1 Failed download:
['INFO']: Data doesn't exist for startDate = 1640322000, endDate = 1641272400
$JNPR: possibly delisted; no timezone found
$JNPR: possibly delisted; no timezone found

1 Failed download:
['JNPR']: possibly delisted; no timezone found
$K: possibly delisted; no timezone found
$K: possibly delisted; no timezone found

1 Failed download:
['K']: possibly delisted; no timezone found
$MMC: possibly delisted; no timezone found
$MMC: possibly delisted; no timezone found

1 Failed download:
['MMC']: possibly delisted; no timezone found
$MRO: possibly delisted; no timezone found
$MRO: possibly delisted; no timezone found

1 Failed download:
['MRO']: possibly delisted; no timezone found
$MRNA: possibly delisted; no price data found  (1d 2021-12-24 -> 2021-12-26)

1 Failed download:
['MRNA']: possibly delisted; no price data found  (1d 2021-12-24 -> 2021-12-26)
$NLOK: possibly delisted; no timezone found
$NLOK: possibly delisted; no timezone found

1 Failed download:
['NLOK']: possibly delisted; no timezone found
$NLSN: possibly delisted; no timezone found
$NLSN: possibly delisted; no timezone found

1 Failed download:
['NLSN']: possibly delisted; no timezone found
$PBCT: possibly delisted; no timezone found
$PBCT: possibly delisted; no timezone found

1 Failed download:
['PBCT']: possibly delisted; no timezone found
$PEAK: possibly delisted; no timezone found
$PEAK: possibly delisted; no timezone found

1 Failed download:
['PEAK']: possibly delisted; no timezone found
$PKI: possibly delisted; no timezone found
$PKI: possibly delisted; no timezone found

1 Failed download:
['PKI']: possibly delisted; no timezone found
$PXD: possibly delisted; no timezone found
$PXD: possibly delisted; no timezone found

1 Failed download:
['PXD']: possibly delisted; no timezone found
$RE: possibly delisted; no timezone found
$RE: possibly delisted; no timezone found

1 Failed download:
['RE']: possibly delisted; no timezone found
$SEE: possibly delisted; no timezone found
$SIVB: possibly delisted; no timezone found
$SEE: possibly delisted; no timezone found
$SIVB: possibly delisted; no timezone found

1 Failed download:
['SEE']: possibly delisted; no timezone found

1 Failed download:
['SIVB']: possibly delisted; no timezone found
$SBNY: Data doesn't exist for startDate = 1640322000, endDate = 1641272400

1 Failed download:
['SBNY']: Data doesn't exist for startDate = 1640322000, endDate = 1641272400
$TECH: possibly delisted; no price data found  (1d 2021-12-24 -> 2021-12-26)

1 Failed download:
['TECH']: possibly delisted; no price data found  (1d 2021-12-24 -> 2021-12-26)
$TWTR: possibly delisted; no timezone found
$TWTR: possibly delisted; no timezone found

1 Failed download:
['TWTR']: possibly delisted; no timezone found
$VIAC: possibly delisted; no timezone found
$VIAC: possibly delisted; no timezone found

1 Failed download:
['VIAC']: possibly delisted; no timezone found
$WBA: possibly delisted; no timezone found
$WBA: possibly delisted; no timezone found

1 Failed download:
['WBA']: possibly delisted; no timezone found
$WLTW: possibly delisted; no timezone found
$WLTW: possibly delisted; no timezone found

1 Failed download:
['WLTW']: possibly delisted; no timezone found
$WRK: possibly delisted; no timezone found
$WRK: possibly delisted; no timezone found

1 Failed download:
['WRK']: possibly delisted; no timezone found
$XLNX: possibly delisted; no timezone found
$XLNX: possibly delisted; no timezone found

1 Failed download:
['XLNX']: possibly delisted; no timezone found
$ABC: possibly delisted; no timezone found
$ABMD: possibly delisted; no timezone found
$ABC: possibly delisted; no timezone found
$ABMD: possibly delisted; no timezone found

1 Failed download:
['ABC']: possibly delisted; no timezone found

1 Failed download:
['ABMD']: possibly delisted; no timezone found
$ANSS: possibly delisted; no timezone found
$ANSS: possibly delisted; no timezone found

1 Failed download:
['ANSS']: possibly delisted; no timezone found
$ATVI: possibly delisted; no timezone found
$ATVI: possibly delisted; no timezone found

1 Failed download:
['ATVI']: possibly delisted; no timezone found
$AVB: Data doesn't exist for startDate = 1655784000, endDate = 1656734400

1 Failed download:
['AVB']: Data doesn't exist for startDate = 1655784000, endDate = 1656734400
$BK: possibly delisted; no timezone found
$BK: possibly delisted; no timezone found

1 Failed download:
['BK']: possibly delisted; no timezone found
$CDAY: possibly delisted; no timezone found
$CDAY: possibly delisted; no timezone found

1 Failed download:
['CDAY']: possibly delisted; no timezone found
$CMA: possibly delisted; no timezone found
$CMA: possibly delisted; no timezone found

1 Failed download:
['CMA']: possibly delisted; no timezone found
$CTLT: possibly delisted; no timezone found
$CTLT: possibly delisted; no timezone found

1 Failed download:
['CTLT']: possibly delisted; no timezone found
$CTRA: possibly delisted; no timezone found
$CTRA: possibly delisted; no timezone found

1 Failed download:
['CTRA']: possibly delisted; no timezone found
$CTXS: possibly delisted; no timezone found
$CTXS: possibly delisted; no timezone found

1 Failed download:
['CTXS']: possibly delisted; no timezone found
$DFS: possibly delisted; no timezone found
$DFS: possibly delisted; no timezone found

1 Failed download:
['DFS']: possibly delisted; no timezone found
$DISH: possibly delisted; no timezone found
$DISH: possibly delisted; no timezone found

1 Failed download:
['DISH']: possibly delisted; no timezone found
$DRE: possibly delisted; no timezone found
$DRE: possibly delisted; no timezone found

1 Failed download:
['DRE']: possibly delisted; no timezone found
$EA: Data doesn't exist for startDate = 1655784000, endDate = 1656734400

1 Failed download:
['EA']: Data doesn't exist for startDate = 1655784000, endDate = 1656734400
$EQR: Data doesn't exist for startDate = 1655784000, endDate = 1656734400

1 Failed download:
['EQR']: Data doesn't exist for startDate = 1655784000, endDate = 1656734400
$FBHS: possibly delisted; no timezone found
$FBHS: possibly delisted; no timezone found

1 Failed download:
['FBHS']: possibly delisted; no timezone found
$FLT: possibly delisted; no timezone found
$FLT: possibly delisted; no timezone found

1 Failed download:
['FLT']: possibly delisted; no timezone found
$FRC: possibly delisted; no timezone found
$FRC: possibly delisted; no timezone found

1 Failed download:
['FRC']: possibly delisted; no timezone found
$HES: possibly delisted; no timezone found
$HES: possibly delisted; no timezone found

1 Failed download:
['HES']: possibly delisted; no timezone found
$HOLX: possibly delisted; no timezone found
$HOLX: possibly delisted; no timezone found

1 Failed download:
['HOLX']: possibly delisted; no timezone found
$IPG: possibly delisted; no timezone found
$IPG: possibly delisted; no timezone found

1 Failed download:
['IPG']: possibly delisted; no timezone found
$JNPR: possibly delisted; no timezone found
$JNPR: possibly delisted; no timezone found

1 Failed download:
['JNPR']: possibly delisted; no timezone found
$K: possibly delisted; no timezone found
$K: possibly delisted; no timezone found

1 Failed download:
['K']: possibly delisted; no timezone found
$MMC: possibly delisted; no timezone found
$MMC: possibly delisted; no timezone found

1 Failed download:
['MMC']: possibly delisted; no timezone found
$MRO: possibly delisted; no timezone found
$MRO: possibly delisted; no timezone found

1 Failed download:
['MRO']: possibly delisted; no timezone found
$NLOK: possibly delisted; no timezone found
$NLOK: possibly delisted; no timezone found

1 Failed download:
['NLOK']: possibly delisted; no timezone found
$NLSN: possibly delisted; no timezone found
$NLSN: possibly delisted; no timezone found

1 Failed download:
['NLSN']: possibly delisted; no timezone found
$PEAK: possibly delisted; no timezone found
$PEAK: possibly delisted; no timezone found

1 Failed download:
['PEAK']: possibly delisted; no timezone found
$PKI: possibly delisted; no timezone found
$PKI: possibly delisted; no timezone found

1 Failed download:
['PKI']: possibly delisted; no timezone found
$PXD: possibly delisted; no timezone found
$PXD: possibly delisted; no timezone found

1 Failed download:
['PXD']: possibly delisted; no timezone found
$RE: possibly delisted; no timezone found
$RE: possibly delisted; no timezone found

1 Failed download:
['RE']: possibly delisted; no timezone found
$SEE: possibly delisted; no timezone found
$SEE: possibly delisted; no timezone found

1 Failed download:
['SEE']: possibly delisted; no timezone found
$SIVB: possibly delisted; no timezone found
$SIVB: possibly delisted; no timezone found

1 Failed download:
['SIVB']: possibly delisted; no timezone found
$SBNY: Data doesn't exist for startDate = 1655784000, endDate = 1656734400

1 Failed download:
['SBNY']: Data doesn't exist for startDate = 1655784000, endDate = 1656734400
$TWTR: possibly delisted; no timezone found
$TWTR: possibly delisted; no timezone found

1 Failed download:
['TWTR']: possibly delisted; no timezone found
$WBA: possibly delisted; no timezone found
$WBA: possibly delisted; no timezone found

1 Failed download:
['WBA']: possibly delisted; no timezone found
$WRK: possibly delisted; no timezone found
$WRK: possibly delisted; no timezone found

1 Failed download:
['WRK']: possibly delisted; no timezone found
$ABC: possibly delisted; no timezone found
$ABC: possibly delisted; no timezone found

1 Failed download:
['ABC']: possibly delisted; no timezone found
$ACGL: possibly delisted; no price data found  (1d 2022-12-24 -> 2022-12-26)

1 Failed download:
['ACGL']: possibly delisted; no price data found  (1d 2022-12-24 -> 2022-12-26)
$ANSS: possibly delisted; no timezone found
$ANSS: possibly delisted; no timezone found

1 Failed download:
['ANSS']: possibly delisted; no timezone found
$ATVI: possibly delisted; no timezone found
$ATVI: possibly delisted; no timezone found

1 Failed download:
['ATVI']: possibly delisted; no timezone found
$AVB: Data doesn't exist for startDate = 1671858000, endDate = 1672808400

1 Failed download:
['AVB']: Data doesn't exist for startDate = 1671858000, endDate = 1672808400
$BK: possibly delisted; no timezone found
$BK: possibly delisted; no timezone found

1 Failed download:
['BK']: possibly delisted; no timezone found
$CDAY: possibly delisted; no timezone found
$CDAY: possibly delisted; no timezone found

1 Failed download:
['CDAY']: possibly delisted; no timezone found
$CMA: possibly delisted; no timezone found
$CMA: possibly delisted; no timezone found

1 Failed download:
['CMA']: possibly delisted; no timezone found
$CTRA: possibly delisted; no timezone found
$CTLT: possibly delisted; no timezone found
$CTRA: possibly delisted; no timezone found
$CTLT: possibly delisted; no timezone found

1 Failed download:
['CTRA']: possibly delisted; no timezone found

1 Failed download:
['CTLT']: possibly delisted; no timezone found
$CSGP: possibly delisted; no price data found  (1d 2022-12-24 -> 2022-12-26)

1 Failed download:
['CSGP']: possibly delisted; no price data found  (1d 2022-12-24 -> 2022-12-26)
$DFS: possibly delisted; no timezone found
$DFS: possibly delisted; no timezone found

1 Failed download:
['DFS']: possibly delisted; no timezone found
$DISH: possibly delisted; no timezone found
$DISH: possibly delisted; no timezone found

1 Failed download:
['DISH']: possibly delisted; no timezone found
$EA: Data doesn't exist for startDate = 1671858000, endDate = 1672808400

1 Failed download:
['EA']: Data doesn't exist for startDate = 1671858000, endDate = 1672808400
$EQR: Data doesn't exist for startDate = 1671858000, endDate = 1672808400

1 Failed download:
['EQR']: Data doesn't exist for startDate = 1671858000, endDate = 1672808400
$FLT: possibly delisted; no timezone found
$FLT: possibly delisted; no timezone found

1 Failed download:
['FLT']: possibly delisted; no timezone found
$FRC: possibly delisted; no timezone found
$FRC: possibly delisted; no timezone found

1 Failed download:
['FRC']: possibly delisted; no timezone found
$GEN: possibly delisted; no price data found  (1d 2022-12-24 -> 2022-12-26)

1 Failed download:
['GEN']: possibly delisted; no price data found  (1d 2022-12-24 -> 2022-12-26)
$HES: possibly delisted; no timezone found
$HES: possibly delisted; no timezone found

1 Failed download:
['HES']: possibly delisted; no timezone found
$HOLX: possibly delisted; no timezone found
$HOLX: possibly delisted; no timezone found

1 Failed download:
['HOLX']: possibly delisted; no timezone found
$IPG: possibly delisted; no timezone found
$IPG: possibly delisted; no timezone found

1 Failed download:
['IPG']: possibly delisted; no timezone found
$INVH: possibly delisted; no price data found  (1d 2022-12-24 -> 2022-12-26)

1 Failed download:
['INVH']: possibly delisted; no price data found  (1d 2022-12-24 -> 2022-12-26)
$JNPR: possibly delisted; no timezone found
$JNPR: possibly delisted; no timezone found

1 Failed download:
['JNPR']: possibly delisted; no timezone found
$K: possibly delisted; no timezone found
$K: possibly delisted; no timezone found

1 Failed download:
['K']: possibly delisted; no timezone found
$MMC: possibly delisted; no timezone found
$MMC: possibly delisted; no timezone found

1 Failed download:
['MMC']: possibly delisted; no timezone found
$MRO: possibly delisted; no timezone found
$MRO: possibly delisted; no timezone found

1 Failed download:
['MRO']: possibly delisted; no timezone found
$PEAK: possibly delisted; no timezone found
$PEAK: possibly delisted; no timezone found

1 Failed download:
['PEAK']: possibly delisted; no timezone found
$PKI: possibly delisted; no timezone found
$PKI: possibly delisted; no timezone found

1 Failed download:
['PKI']: possibly delisted; no timezone found
$PXD: possibly delisted; no timezone found
$PXD: possibly delisted; no timezone found

1 Failed download:
['PXD']: possibly delisted; no timezone found
$RE: possibly delisted; no timezone found
$RE: possibly delisted; no timezone found

1 Failed download:
['RE']: possibly delisted; no timezone found
$SEE: possibly delisted; no timezone found
$SIVB: possibly delisted; no timezone found
$SEE: possibly delisted; no timezone found

1 Failed download:
['SEE']: possibly delisted; no timezone found
$SIVB: possibly delisted; no timezone found

1 Failed download:
['SIVB']: possibly delisted; no timezone found
$SBNY: Data doesn't exist for startDate = 1671858000, endDate = 1672808400

1 Failed download:
['SBNY']: Data doesn't exist for startDate = 1671858000, endDate = 1672808400
$STLD: possibly delisted; no price data found  (1d 2022-12-24 -> 2022-12-26)

1 Failed download:
['STLD']: possibly delisted; no price data found  (1d 2022-12-24 -> 2022-12-26)
$TRGP: possibly delisted; no price data found  (1d 2022-12-24 -> 2022-12-26)

1 Failed download:
['TRGP']: possibly delisted; no price data found  (1d 2022-12-24 -> 2022-12-26)
$WBA: possibly delisted; no timezone found
$WBA: possibly delisted; no timezone found

1 Failed download:
['WBA']: possibly delisted; no timezone found
$WRK: possibly delisted; no timezone found
$WRK: possibly delisted; no timezone found

1 Failed download:
['WRK']: possibly delisted; no timezone found
$ABC: possibly delisted; no timezone found
$ABC: possibly delisted; no timezone found

1 Failed download:
['ABC']: possibly delisted; no timezone found
$ANSS: possibly delisted; no timezone found
$ANSS: possibly delisted; no timezone found

1 Failed download:
['ANSS']: possibly delisted; no timezone found
$ATVI: possibly delisted; no timezone found
$ATVI: possibly delisted; no timezone found

1 Failed download:
['ATVI']: possibly delisted; no timezone found
$AVB: Data doesn't exist for startDate = 1687492800, endDate = 1688443200

1 Failed download:
['AVB']: Data doesn't exist for startDate = 1687492800, endDate = 1688443200
$BK: possibly delisted; no timezone found
$BK: possibly delisted; no timezone found

1 Failed download:
['BK']: possibly delisted; no timezone found
$CDAY: possibly delisted; no timezone found
$CDAY: possibly delisted; no timezone found

1 Failed download:
['CDAY']: possibly delisted; no timezone found
$CMA: possibly delisted; no timezone found
$CMA: possibly delisted; no timezone found

1 Failed download:
['CMA']: possibly delisted; no timezone found
$CTLT: possibly delisted; no timezone found
$CTRA: possibly delisted; no timezone found
$CTLT: possibly delisted; no timezone found

1 Failed download:
['CTLT']: possibly delisted; no timezone found
$CTRA: possibly delisted; no timezone found

1 Failed download:
['CTRA']: possibly delisted; no timezone found
$DFS: possibly delisted; no timezone found
$DFS: possibly delisted; no timezone found

1 Failed download:
['DFS']: possibly delisted; no timezone found
$EA: Data doesn't exist for startDate = 1687492800, endDate = 1688443200

1 Failed download:
['EA']: Data doesn't exist for startDate = 1687492800, endDate = 1688443200
$EQR: Data doesn't exist for startDate = 1687492800, endDate = 1688443200

1 Failed download:
['EQR']: Data doesn't exist for startDate = 1687492800, endDate = 1688443200
$FI: possibly delisted; no timezone found
$FI: possibly delisted; no timezone found

1 Failed download:
['FI']: possibly delisted; no timezone found
$FLT: possibly delisted; no timezone found
$FLT: possibly delisted; no timezone found

1 Failed download:
['FLT']: possibly delisted; no timezone found
$HES: possibly delisted; no timezone found
$HES: possibly delisted; no timezone found

1 Failed download:
['HES']: possibly delisted; no timezone found
$HOLX: possibly delisted; no timezone found
$HOLX: possibly delisted; no timezone found

1 Failed download:
['HOLX']: possibly delisted; no timezone found
$IPG: possibly delisted; no timezone found
$IPG: possibly delisted; no timezone found

1 Failed download:
['IPG']: possibly delisted; no timezone found
$JNPR: possibly delisted; no timezone found
$JNPR: possibly delisted; no timezone found

1 Failed download:
['JNPR']: possibly delisted; no timezone found
$K: possibly delisted; no timezone found
$K: possibly delisted; no timezone found

1 Failed download:
['K']: possibly delisted; no timezone found
$MMC: possibly delisted; no timezone found
$MMC: possibly delisted; no timezone found

1 Failed download:
['MMC']: possibly delisted; no timezone found
$MRO: possibly delisted; no timezone found
$MRO: possibly delisted; no timezone found

1 Failed download:
['MRO']: possibly delisted; no timezone found
$PEAK: possibly delisted; no timezone found
$PEAK: possibly delisted; no timezone found

1 Failed download:
['PEAK']: possibly delisted; no timezone found
$PXD: possibly delisted; no timezone found
$PXD: possibly delisted; no timezone found

1 Failed download:
['PXD']: possibly delisted; no timezone found
$RE: possibly delisted; no timezone found
$RE: possibly delisted; no timezone found

1 Failed download:
['RE']: possibly delisted; no timezone found
$SEE: possibly delisted; no timezone found
$SEE: possibly delisted; no timezone found

1 Failed download:
['SEE']: possibly delisted; no timezone found
$WBA: possibly delisted; no timezone found
$WBA: possibly delisted; no timezone found

1 Failed download:
['WBA']: possibly delisted; no timezone found
$WRK: possibly delisted; no timezone found
$WRK: possibly delisted; no timezone found

1 Failed download:
['WRK']: possibly delisted; no timezone found
$ABNB: possibly delisted; no price data found  (1d 2023-12-23 -> 2023-12-25)

1 Failed download:
['ABNB']: possibly delisted; no price data found  (1d 2023-12-23 -> 2023-12-25)
$ANSS: possibly delisted; no timezone found
$ANSS: possibly delisted; no timezone found

1 Failed download:
['ANSS']: possibly delisted; no timezone found
$AVB: Data doesn't exist for startDate = 1703307600, endDate = 1704258000

1 Failed download:
['AVB']: Data doesn't exist for startDate = 1703307600, endDate = 1704258000
$BK: possibly delisted; no timezone found
$BK: possibly delisted; no timezone found

1 Failed download:
['BK']: possibly delisted; no timezone found
$BLDR: possibly delisted; no price data found  (1d 2023-12-23 -> 2023-12-25)

1 Failed download:
['BLDR']: possibly delisted; no price data found  (1d 2023-12-23 -> 2023-12-25)
$BX: possibly delisted; no price data found  (1d 2023-12-23 -> 2023-12-25)

1 Failed download:
['BX']: possibly delisted; no price data found  (1d 2023-12-23 -> 2023-12-25)
$CDAY: possibly delisted; no timezone found
$CDAY: possibly delisted; no timezone found

1 Failed download:
['CDAY']: possibly delisted; no timezone found
$CMA: possibly delisted; no timezone found
$CMA: possibly delisted; no timezone found

1 Failed download:
['CMA']: possibly delisted; no timezone found
$COR: possibly delisted; no price data found  (1d 2023-12-23 -> 2023-12-25)
$CTLT: possibly delisted; no timezone found

1 Failed download:
['COR']: possibly delisted; no price data found  (1d 2023-12-23 -> 2023-12-25)
$CTLT: possibly delisted; no timezone found

1 Failed download:
['CTLT']: possibly delisted; no timezone found
$CTRA: possibly delisted; no timezone found
$CTRA: possibly delisted; no timezone found

1 Failed download:
['CTRA']: possibly delisted; no timezone found
$DFS: possibly delisted; no timezone found
$DFS: possibly delisted; no timezone found

1 Failed download:
['DFS']: possibly delisted; no timezone found
$EA: Data doesn't exist for startDate = 1703307600, endDate = 1704258000

1 Failed download:
['EA']: Data doesn't exist for startDate = 1703307600, endDate = 1704258000
$EG: possibly delisted; no price data found  (1d 2023-12-23 -> 2023-12-25)

1 Failed download:
['EG']: possibly delisted; no price data found  (1d 2023-12-23 -> 2023-12-25)
$EQR: Data doesn't exist for startDate = 1703307600, endDate = 1704258000

1 Failed download:
['EQR']: Data doesn't exist for startDate = 1703307600, endDate = 1704258000
$FI: possibly delisted; no timezone found
$FI: possibly delisted; no timezone found

1 Failed download:
['FI']: possibly delisted; no timezone found
$FLT: possibly delisted; no timezone found
$FLT: possibly delisted; no timezone found

1 Failed download:
['FLT']: possibly delisted; no timezone found
$HES: possibly delisted; no timezone found
$HES: possibly delisted; no timezone found

1 Failed download:
['HES']: possibly delisted; no timezone found
$HOLX: possibly delisted; no timezone found
$HOLX: possibly delisted; no timezone found

1 Failed download:
['HOLX']: possibly delisted; no timezone found
$HUBB: possibly delisted; no price data found  (1d 2023-12-23 -> 2023-12-25)

1 Failed download:
['HUBB']: possibly delisted; no price data found  (1d 2023-12-23 -> 2023-12-25)
$IPG: possibly delisted; no timezone found
$IPG: possibly delisted; no timezone found

1 Failed download:
['IPG']: possibly delisted; no timezone found
$JNPR: possibly delisted; no timezone found
$JNPR: possibly delisted; no timezone found

1 Failed download:
['JNPR']: possibly delisted; no timezone found
$K: possibly delisted; no timezone found
$K: possibly delisted; no timezone found

1 Failed download:
['K']: possibly delisted; no timezone found
$KVUE: possibly delisted; no price data found  (1d 2023-12-23 -> 2023-12-25)

1 Failed download:
['KVUE']: possibly delisted; no price data found  (1d 2023-12-23 -> 2023-12-25)
$LULU: possibly delisted; no price data found  (1d 2023-12-23 -> 2023-12-25)

1 Failed download:
['LULU']: possibly delisted; no price data found  (1d 2023-12-23 -> 2023-12-25)
$MMC: possibly delisted; no timezone found
$MMC: possibly delisted; no timezone found

1 Failed download:
['MMC']: possibly delisted; no timezone found
$MRO: possibly delisted; no timezone found
$MRO: possibly delisted; no timezone found

1 Failed download:
['MRO']: possibly delisted; no timezone found
$PEAK: possibly delisted; no timezone found
$PEAK: possibly delisted; no timezone found

1 Failed download:
['PEAK']: possibly delisted; no timezone found
$PXD: possibly delisted; no timezone found
$PXD: possibly delisted; no timezone found

1 Failed download:
['PXD']: possibly delisted; no timezone found
$VLTO: possibly delisted; no price data found  (1d 2023-12-23 -> 2023-12-25)

1 Failed download:
['VLTO']: possibly delisted; no price data found  (1d 2023-12-23 -> 2023-12-25)
$WBA: possibly delisted; no timezone found
$WBA: possibly delisted; no timezone found

1 Failed download:
['WBA']: possibly delisted; no timezone found
$WRK: possibly delisted; no timezone found
$WRK: possibly delisted; no timezone found

1 Failed download:
['WRK']: possibly delisted; no timezone found
$ANSS: possibly delisted; no timezone found
$ANSS: possibly delisted; no timezone found

1 Failed download:
['ANSS']: possibly delisted; no timezone found
$AVB: Data doesn't exist for startDate = 1718942400, endDate = 1719892800

1 Failed download:
['AVB']: Data doesn't exist for startDate = 1718942400, endDate = 1719892800
$BK: possibly delisted; no timezone found
$BK: possibly delisted; no timezone found

1 Failed download:
['BK']: possibly delisted; no timezone found
$CTLT: possibly delisted; no timezone found
$CTLT: possibly delisted; no timezone found

1 Failed download:
['CTLT']: possibly delisted; no timezone found
$CTRA: possibly delisted; no timezone found
$CTRA: possibly delisted; no timezone found

1 Failed download:
['CTRA']: possibly delisted; no timezone found
$DFS: possibly delisted; no timezone found
$DFS: possibly delisted; no timezone found

1 Failed download:
['DFS']: possibly delisted; no timezone found
$DAY: possibly delisted; no timezone found
$DAY: possibly delisted; no timezone found

1 Failed download:
['DAY']: possibly delisted; no timezone found
$EA: Data doesn't exist for startDate = 1718942400, endDate = 1719892800

1 Failed download:
['EA']: Data doesn't exist for startDate = 1718942400, endDate = 1719892800
$EQR: Data doesn't exist for startDate = 1718942400, endDate = 1719892800

1 Failed download:
['EQR']: Data doesn't exist for startDate = 1718942400, endDate = 1719892800
$FI: possibly delisted; no timezone found
$FI: possibly delisted; no timezone found

1 Failed download:
['FI']: possibly delisted; no timezone found
$HES: possibly delisted; no timezone found
$HES: possibly delisted; no timezone found

1 Failed download:
['HES']: possibly delisted; no timezone found
$HOLX: possibly delisted; no timezone found
$HOLX: possibly delisted; no timezone found

1 Failed download:
['HOLX']: possibly delisted; no timezone found
$IPG: possibly delisted; no timezone found
$IPG: possibly delisted; no timezone found

1 Failed download:
['IPG']: possibly delisted; no timezone found
$JNPR: possibly delisted; no timezone found
$JNPR: possibly delisted; no timezone found

1 Failed download:
['JNPR']: possibly delisted; no timezone found
$K: possibly delisted; no timezone found
$K: possibly delisted; no timezone found

1 Failed download:
['K']: possibly delisted; no timezone found
$MMC: possibly delisted; no timezone found
$MMC: possibly delisted; no timezone found

1 Failed download:
['MMC']: possibly delisted; no timezone found
$MRO: possibly delisted; no timezone found
$MRO: possibly delisted; no timezone found

1 Failed download:
['MRO']: possibly delisted; no timezone found
$WBA: possibly delisted; no timezone found
$WBA: possibly delisted; no timezone found

1 Failed download:
['WBA']: possibly delisted; no timezone found
$WRK: possibly delisted; no timezone found
$WRK: possibly delisted; no timezone found

1 Failed download:
['WRK']: possibly delisted; no timezone found
$ANSS: possibly delisted; no timezone found
$ANSS: possibly delisted; no timezone found

1 Failed download:
['ANSS']: possibly delisted; no timezone found
$AVB: Data doesn't exist for startDate = 1734930000, endDate = 1735880400

1 Failed download:
['AVB']: Data doesn't exist for startDate = 1734930000, endDate = 1735880400
$BK: possibly delisted; no timezone found
$BK: possibly delisted; no timezone found

1 Failed download:
['BK']: possibly delisted; no timezone found
$CTRA: possibly delisted; no timezone found
$CTRA: possibly delisted; no timezone found

1 Failed download:
['CTRA']: possibly delisted; no timezone found
$DAY: possibly delisted; no timezone found
$DAY: possibly delisted; no timezone found

1 Failed download:
['DAY']: possibly delisted; no timezone found
$DFS: possibly delisted; no timezone found
$DFS: possibly delisted; no timezone found

1 Failed download:
['DFS']: possibly delisted; no timezone found
$EA: Data doesn't exist for startDate = 1734930000, endDate = 1735880400

1 Failed download:
['EA']: Data doesn't exist for startDate = 1734930000, endDate = 1735880400
$EQR: Data doesn't exist for startDate = 1734930000, endDate = 1735880400

1 Failed download:
['EQR']: Data doesn't exist for startDate = 1734930000, endDate = 1735880400
$FI: possibly delisted; no timezone found
$FI: possibly delisted; no timezone found

1 Failed download:
['FI']: possibly delisted; no timezone found
$HES: possibly delisted; no timezone found
$HES: possibly delisted; no timezone found

1 Failed download:
['HES']: possibly delisted; no timezone found
$HOLX: possibly delisted; no timezone found
$HOLX: possibly delisted; no timezone found

1 Failed download:
['HOLX']: possibly delisted; no timezone found
$IPG: possibly delisted; no timezone found
$IPG: possibly delisted; no timezone found

1 Failed download:
['IPG']: possibly delisted; no timezone found
$JNPR: possibly delisted; no timezone found
$JNPR: possibly delisted; no timezone found

1 Failed download:
['JNPR']: possibly delisted; no timezone found
$K: possibly delisted; no timezone found
$K: possibly delisted; no timezone found

1 Failed download:
['K']: possibly delisted; no timezone found
$MMC: possibly delisted; no timezone found
$MMC: possibly delisted; no timezone found

1 Failed download:
['MMC']: possibly delisted; no timezone found
$WBA: possibly delisted; no timezone found
$WBA: possibly delisted; no timezone found

1 Failed download:
['WBA']: possibly delisted; no timezone found
$ANSS: possibly delisted; no timezone found
$ANSS: possibly delisted; no timezone found

1 Failed download:
['ANSS']: possibly delisted; no timezone found
$AVB: Data doesn't exist for startDate = 1750478400, endDate = 1751428800

1 Failed download:
['AVB']: Data doesn't exist for startDate = 1750478400, endDate = 1751428800
$BK: possibly delisted; no timezone found
$BK: possibly delisted; no timezone found

1 Failed download:
['BK']: possibly delisted; no timezone found
$CTRA: possibly delisted; no timezone found
$CTRA: possibly delisted; no timezone found

1 Failed download:
['CTRA']: possibly delisted; no timezone found
$DAY: possibly delisted; no timezone found
$DAY: possibly delisted; no timezone found

1 Failed download:
['DAY']: possibly delisted; no timezone found
$EA: Data doesn't exist for startDate = 1750478400, endDate = 1751428800

1 Failed download:
['EA']: Data doesn't exist for startDate = 1750478400, endDate = 1751428800
$EQR: Data doesn't exist for startDate = 1750478400, endDate = 1751428800

1 Failed download:
['EQR']: Data doesn't exist for startDate = 1750478400, endDate = 1751428800
$FI: possibly delisted; no timezone found
$FI: possibly delisted; no timezone found

1 Failed download:
['FI']: possibly delisted; no timezone found
$HES: possibly delisted; no timezone found
$HES: possibly delisted; no timezone found

1 Failed download:
['HES']: possibly delisted; no timezone found
$HOLX: possibly delisted; no timezone found
$HOLX: possibly delisted; no timezone found

1 Failed download:
['HOLX']: possibly delisted; no timezone found
$IPG: possibly delisted; no timezone found
$IPG: possibly delisted; no timezone found

1 Failed download:
['IPG']: possibly delisted; no timezone found
$JNPR: possibly delisted; no timezone found
$JNPR: possibly delisted; no timezone found

1 Failed download:
['JNPR']: possibly delisted; no timezone found
$K: possibly delisted; no timezone found
$K: possibly delisted; no timezone found

1 Failed download:
['K']: possibly delisted; no timezone found
$MMC: possibly delisted; no timezone found
$MMC: possibly delisted; no timezone found

1 Failed download:
['MMC']: possibly delisted; no timezone found
$WBA: possibly delisted; no timezone found
$WBA: possibly delisted; no timezone found

1 Failed download:
['WBA']: possibly delisted; no timezone found
$AVB: Data doesn't exist for startDate = 1766466000, endDate = 1767416400

1 Failed download:
['AVB']: Data doesn't exist for startDate = 1766466000, endDate = 1767416400
$BK: possibly delisted; no timezone found
$BK: possibly delisted; no timezone found

1 Failed download:
['BK']: possibly delisted; no timezone found
$CTRA: possibly delisted; no timezone found
$CTRA: possibly delisted; no timezone found

1 Failed download:
['CTRA']: possibly delisted; no timezone found
$DAY: possibly delisted; no timezone found
$DAY: possibly delisted; no timezone found

1 Failed download:
['DAY']: possibly delisted; no timezone found
$EA: Data doesn't exist for startDate = 1766466000, endDate = 1767416400

1 Failed download:
['EA']: Data doesn't exist for startDate = 1766466000, endDate = 1767416400
$EQR: Data doesn't exist for startDate = 1766466000, endDate = 1767416400

1 Failed download:
['EQR']: Data doesn't exist for startDate = 1766466000, endDate = 1767416400
$HOLX: possibly delisted; no timezone found
$HOLX: possibly delisted; no timezone found

1 Failed download:
['HOLX']: possibly delisted; no timezone found
$MMC: possibly delisted; no timezone found
$MMC: possibly delisted; no timezone found

1 Failed download:
['MMC']: possibly delisted; no timezone found
$AVB: Data doesn't exist for startDate = 1782014400, endDate = 1782964800

1 Failed download:
['AVB']: Data doesn't exist for startDate = 1782014400, endDate = 1782964800
$EA: Data doesn't exist for startDate = 1782014400, endDate = 1782964800

1 Failed download:
['EA']: Data doesn't exist for startDate = 1782014400, endDate = 1782964800
$EQR: Data doesn't exist for startDate = 1782014400, endDate = 1782964800

1 Failed download:
['EQR']: Data doesn't exist for startDate = 1782014400, endDate = 1782964800
$CEG: Data doesn't exist for startDate = 1526702400, endDate = 1642482000

1 Failed download:
['CEG']: Data doesn't exist for startDate = 1526702400, endDate = 1642482000
$GEV: Data doesn't exist for startDate = 1526702400, endDate = 1711425600

1 Failed download:
['GEV']: Data doesn't exist for startDate = 1526702400, endDate = 1711425600
[h_corr]   보유종목 상관관계 신호 구축...
$GEV: Data doesn't exist for startDate = 1558670400, endDate = 1711425600

1 Failed download:
['GEV']: Data doesn't exist for startDate = 1558670400, endDate = 1711425600
/opt/quant/analysis/2026-08-22_regime_conditional_satellite_switch/h12_regime_switch.py:84: FutureWarning: Downcasting object dtype arrays on .fillna, .ffill, .bfill is deprecated and will change in a future version. Call result.infer_objects(copy=False) instead. To opt-in to the future behavior, set `pd.set_option('future.no_silent_downcasting', True)`
  signal_lagged = regime_aligned.shift(1).fillna(False)  # 전일 신호를 오늘 적용(챔피언 관례와 동일)
/opt/quant/analysis/2026-08-22_regime_conditional_satellite_switch/h12_regime_switch.py:84: FutureWarning: Downcasting object dtype arrays on .fillna, .ffill, .bfill is deprecated and will change in a future version. Call result.infer_objects(copy=False) instead. To opt-in to the future behavior, set `pd.set_option('future.no_silent_downcasting', True)`
  signal_lagged = regime_aligned.shift(1).fillna(False)  # 전일 신호를 오늘 적용(챔피언 관례와 동일)
/opt/quant/analysis/2026-08-22_regime_conditional_satellite_switch/h12_regime_switch.py:84: FutureWarning: Downcasting object dtype arrays on .fillna, .ffill, .bfill is deprecated and will change in a future version. Call result.infer_objects(copy=False) instead. To opt-in to the future behavior, set `pd.set_option('future.no_silent_downcasting', True)`
  signal_lagged = regime_aligned.shift(1).fillna(False)  # 전일 신호를 오늘 적용(챔피언 관례와 동일)
/opt/quant/analysis/2026-08-22_regime_conditional_satellite_switch/h12_regime_switch.py:84: FutureWarning: Downcasting object dtype arrays on .fillna, .ffill, .bfill is deprecated and will change in a future version. Call result.infer_objects(copy=False) instead. To opt-in to the future behavior, set `pd.set_option('future.no_silent_downcasting', True)`
  signal_lagged = regime_aligned.shift(1).fillna(False)  # 전일 신호를 오늘 적용(챔피언 관례와 동일)
/opt/quant/analysis/2026-08-22_regime_conditional_satellite_switch/h12_regime_switch.py:84: FutureWarning: Downcasting object dtype arrays on .fillna, .ffill, .bfill is deprecated and will change in a future version. Call result.infer_objects(copy=False) instead. To opt-in to the future behavior, set `pd.set_option('future.no_silent_downcasting', True)`
  signal_lagged = regime_aligned.shift(1).fillna(False)  # 전일 신호를 오늘 적용(챔피언 관례와 동일)
/opt/quant/analysis/2026-08-22_regime_conditional_satellite_switch/h12_regime_switch.py:84: FutureWarning: Downcasting object dtype arrays on .fillna, .ffill, .bfill is deprecated and will change in a future version. Call result.infer_objects(copy=False) instead. To opt-in to the future behavior, set `pd.set_option('future.no_silent_downcasting', True)`
  signal_lagged = regime_aligned.shift(1).fillna(False)  # 전일 신호를 오늘 적용(챔피언 관례와 동일)
/opt/quant/analysis/2026-08-22_regime_conditional_satellite_switch/h12_regime_switch.py:84: FutureWarning: Downcasting object dtype arrays on .fillna, .ffill, .bfill is deprecated and will change in a future version. Call result.infer_objects(copy=False) instead. To opt-in to the future behavior, set `pd.set_option('future.no_silent_downcasting', True)`
  signal_lagged = regime_aligned.shift(1).fillna(False)  # 전일 신호를 오늘 적용(챔피언 관례와 동일)
/opt/quant/analysis/2026-08-22_regime_conditional_satellite_switch/h12_regime_switch.py:84: FutureWarning: Downcasting object dtype arrays on .fillna, .ffill, .bfill is deprecated and will change in a future version. Call result.infer_objects(copy=False) instead. To opt-in to the future behavior, set `pd.set_option('future.no_silent_downcasting', True)`
  signal_lagged = regime_aligned.shift(1).fillna(False)  # 전일 신호를 오늘 적용(챔피언 관례와 동일)
/opt/quant/analysis/2026-08-22_regime_conditional_satellite_switch/h12_regime_switch.py:84: FutureWarning: Downcasting object dtype arrays on .fillna, .ffill, .bfill is deprecated and will change in a future version. Call result.infer_objects(copy=False) instead. To opt-in to the future behavior, set `pd.set_option('future.no_silent_downcasting', True)`
  signal_lagged = regime_aligned.shift(1).fillna(False)  # 전일 신호를 오늘 적용(챔피언 관례와 동일)
/opt/quant/analysis/2026-08-22_regime_conditional_satellite_switch/h12_regime_switch.py:84: FutureWarning: Downcasting object dtype arrays on .fillna, .ffill, .bfill is deprecated and will change in a future version. Call result.infer_objects(copy=False) instead. To opt-in to the future behavior, set `pd.set_option('future.no_silent_downcasting', True)`
  signal_lagged = regime_aligned.shift(1).fillna(False)  # 전일 신호를 오늘 적용(챔피언 관례와 동일)
/opt/quant/analysis/2026-08-22_regime_conditional_satellite_switch/h12_regime_switch.py:84: FutureWarning: Downcasting object dtype arrays on .fillna, .ffill, .bfill is deprecated and will change in a future version. Call result.infer_objects(copy=False) instead. To opt-in to the future behavior, set `pd.set_option('future.no_silent_downcasting', True)`
  signal_lagged = regime_aligned.shift(1).fillna(False)  # 전일 신호를 오늘 적용(챔피언 관례와 동일)
/opt/quant/analysis/2026-08-22_regime_conditional_satellite_switch/h12_regime_switch.py:84: FutureWarning: Downcasting object dtype arrays on .fillna, .ffill, .bfill is deprecated and will change in a future version. Call result.infer_objects(copy=False) instead. To opt-in to the future behavior, set `pd.set_option('future.no_silent_downcasting', True)`
  signal_lagged = regime_aligned.shift(1).fillna(False)  # 전일 신호를 오늘 적용(챔피언 관례와 동일)
/opt/quant/analysis/2026-08-22_regime_conditional_satellite_switch/h12_regime_switch.py:84: FutureWarning: Downcasting object dtype arrays on .fillna, .ffill, .bfill is deprecated and will change in a future version. Call result.infer_objects(copy=False) instead. To opt-in to the future behavior, set `pd.set_option('future.no_silent_downcasting', True)`
  signal_lagged = regime_aligned.shift(1).fillna(False)  # 전일 신호를 오늘 적용(챔피언 관례와 동일)
/opt/quant/analysis/2026-08-22_regime_conditional_satellite_switch/h12_regime_switch.py:84: FutureWarning: Downcasting object dtype arrays on .fillna, .ffill, .bfill is deprecated and will change in a future version. Call result.infer_objects(copy=False) instead. To opt-in to the future behavior, set `pd.set_option('future.no_silent_downcasting', True)`
  signal_lagged = regime_aligned.shift(1).fillna(False)  # 전일 신호를 오늘 적용(챔피언 관례와 동일)
/opt/quant/analysis/2026-08-22_regime_conditional_satellite_switch/h12_regime_switch.py:84: FutureWarning: Downcasting object dtype arrays on .fillna, .ffill, .bfill is deprecated and will change in a future version. Call result.infer_objects(copy=False) instead. To opt-in to the future behavior, set `pd.set_option('future.no_silent_downcasting', True)`
  signal_lagged = regime_aligned.shift(1).fillna(False)  # 전일 신호를 오늘 적용(챔피언 관례와 동일)
/opt/quant/analysis/2026-08-22_regime_conditional_satellite_switch/h12_regime_switch.py:84: FutureWarning: Downcasting object dtype arrays on .fillna, .ffill, .bfill is deprecated and will change in a future version. Call result.infer_objects(copy=False) instead. To opt-in to the future behavior, set `pd.set_option('future.no_silent_downcasting', True)`
  signal_lagged = regime_aligned.shift(1).fillna(False)  # 전일 신호를 오늘 적용(챔피언 관례와 동일)
/opt/quant/analysis/2026-08-22_regime_conditional_satellite_switch/h12_regime_switch.py:84: FutureWarning: Downcasting object dtype arrays on .fillna, .ffill, .bfill is deprecated and will change in a future version. Call result.infer_objects(copy=False) instead. To opt-in to the future behavior, set `pd.set_option('future.no_silent_downcasting', True)`
  signal_lagged = regime_aligned.shift(1).fillna(False)  # 전일 신호를 오늘 적용(챔피언 관례와 동일)
/opt/quant/analysis/2026-08-22_regime_conditional_satellite_switch/h12_regime_switch.py:84: FutureWarning: Downcasting object dtype arrays on .fillna, .ffill, .bfill is deprecated and will change in a future version. Call result.infer_objects(copy=False) instead. To opt-in to the future behavior, set `pd.set_option('future.no_silent_downcasting', True)`
  signal_lagged = regime_aligned.shift(1).fillna(False)  # 전일 신호를 오늘 적용(챔피언 관례와 동일)
/opt/quant/analysis/2026-08-22_regime_conditional_satellite_switch/h12_regime_switch.py:84: FutureWarning: Downcasting object dtype arrays on .fillna, .ffill, .bfill is deprecated and will change in a future version. Call result.infer_objects(copy=False) instead. To opt-in to the future behavior, set `pd.set_option('future.no_silent_downcasting', True)`
  signal_lagged = regime_aligned.shift(1).fillna(False)  # 전일 신호를 오늘 적용(챔피언 관례와 동일)
/opt/quant/analysis/2026-08-22_regime_conditional_satellite_switch/h12_regime_switch.py:84: FutureWarning: Downcasting object dtype arrays on .fillna, .ffill, .bfill is deprecated and will change in a future version. Call result.infer_objects(copy=False) instead. To opt-in to the future behavior, set `pd.set_option('future.no_silent_downcasting', True)`
  signal_lagged = regime_aligned.shift(1).fillna(False)  # 전일 신호를 오늘 적용(챔피언 관례와 동일)
/opt/quant/analysis/2026-08-22_regime_conditional_satellite_switch/h12_regime_switch.py:84: FutureWarning: Downcasting object dtype arrays on .fillna, .ffill, .bfill is deprecated and will change in a future version. Call result.infer_objects(copy=False) instead. To opt-in to the future behavior, set `pd.set_option('future.no_silent_downcasting', True)`
  signal_lagged = regime_aligned.shift(1).fillna(False)  # 전일 신호를 오늘 적용(챔피언 관례와 동일)
/opt/quant/analysis/2026-08-22_regime_conditional_satellite_switch/h12_regime_switch.py:84: FutureWarning: Downcasting object dtype arrays on .fillna, .ffill, .bfill is deprecated and will change in a future version. Call result.infer_objects(copy=False) instead. To opt-in to the future behavior, set `pd.set_option('future.no_silent_downcasting', True)`
  signal_lagged = regime_aligned.shift(1).fillna(False)  # 전일 신호를 오늘 적용(챔피언 관례와 동일)
/opt/quant/analysis/2026-08-22_regime_conditional_satellite_switch/h12_regime_switch.py:84: FutureWarning: Downcasting object dtype arrays on .fillna, .ffill, .bfill is deprecated and will change in a future version. Call result.infer_objects(copy=False) instead. To opt-in to the future behavior, set `pd.set_option('future.no_silent_downcasting', True)`
  signal_lagged = regime_aligned.shift(1).fillna(False)  # 전일 신호를 오늘 적용(챔피언 관례와 동일)
/opt/quant/analysis/2026-08-22_regime_conditional_satellite_switch/h12_regime_switch.py:84: FutureWarning: Downcasting object dtype arrays on .fillna, .ffill, .bfill is deprecated and will change in a future version. Call result.infer_objects(copy=False) instead. To opt-in to the future behavior, set `pd.set_option('future.no_silent_downcasting', True)`
  signal_lagged = regime_aligned.shift(1).fillna(False)  # 전일 신호를 오늘 적용(챔피언 관례와 동일)
/opt/quant/analysis/2026-08-22_regime_conditional_satellite_switch/h12_regime_switch.py:84: FutureWarning: Downcasting object dtype arrays on .fillna, .ffill, .bfill is deprecated and will change in a future version. Call result.infer_objects(copy=False) instead. To opt-in to the future behavior, set `pd.set_option('future.no_silent_downcasting', True)`
  signal_lagged = regime_aligned.shift(1).fillna(False)  # 전일 신호를 오늘 적용(챔피언 관례와 동일)
/opt/quant/analysis/2026-08-22_regime_conditional_satellite_switch/h12_regime_switch.py:84: FutureWarning: Downcasting object dtype arrays on .fillna, .ffill, .bfill is deprecated and will change in a future version. Call result.infer_objects(copy=False) instead. To opt-in to the future behavior, set `pd.set_option('future.no_silent_downcasting', True)`
  signal_lagged = regime_aligned.shift(1).fillna(False)  # 전일 신호를 오늘 적용(챔피언 관례와 동일)
/opt/quant/analysis/2026-08-22_regime_conditional_satellite_switch/h12_regime_switch.py:84: FutureWarning: Downcasting object dtype arrays on .fillna, .ffill, .bfill is deprecated and will change in a future version. Call result.infer_objects(copy=False) instead. To opt-in to the future behavior, set `pd.set_option('future.no_silent_downcasting', True)`
  signal_lagged = regime_aligned.shift(1).fillna(False)  # 전일 신호를 오늘 적용(챔피언 관례와 동일)
[h_corr]   full_2019_2026 완료 (1580.3s)
[h_corr] === gfc_2008: 코어 구축 2007-01-01~2009-12-31 (pool_signal=True) ===
$GLD: possibly delisted; no price data found  (1d 2005-11-27 -> 2005-11-27)

1 Failed download:
['GLD']: possibly delisted; no price data found  (1d 2005-11-27 -> 2005-11-27)
$TLT: possibly delisted; no price data found  (1d 2005-11-27 -> 2005-11-27)

1 Failed download:
['TLT']: possibly delisted; no price data found  (1d 2005-11-27 -> 2005-11-27)
[h_corr]   새틀라이트(정적보유, point-in-time, 추세추종) 구축...
[h11]   반기 리밸런싱 6회(trend_following): ['2007-01-03', '2007-07-02', '2008-01-02', '2008-07-01', '2009-01-02', '2009-07-01']
$ABC: possibly delisted; no timezone found
$AABA: possibly delisted; no timezone found
$AABA: possibly delisted; no timezone found

1 Failed download:
['AABA']: possibly delisted; no timezone found
$ADCT: Data doesn't exist for startDate = 1166936400, endDate = 1167886800

1 Failed download:
$ABC: possibly delisted; no timezone found
['ADCT']: Data doesn't exist for startDate = 1166936400, endDate = 1167886800

1 Failed download:
['ABC']: possibly delisted; no timezone found
$A: possibly delisted; no price data found  (1d 2006-12-24 -> 2006-12-25)

1 Failed download:
['A']: possibly delisted; no price data found  (1d 2006-12-24 -> 2006-12-25)
$ADBE: possibly delisted; no price data found  (1d 2006-12-24 -> 2006-12-25)

1 Failed download:
['ADBE']: possibly delisted; no price data found  (1d 2006-12-24 -> 2006-12-25)
$ADI: possibly delisted; no price data found  (1d 2006-12-24 -> 2006-12-25)

1 Failed download:
['ADI']: possibly delisted; no price data found  (1d 2006-12-24 -> 2006-12-25)
$ADM: possibly delisted; no price data found  (1d 2006-12-24 -> 2006-12-25)

1 Failed download:
['ADM']: possibly delisted; no price data found  (1d 2006-12-24 -> 2006-12-25)
$ABT: possibly delisted; no price data found  (1d 2006-12-24 -> 2006-12-25)

1 Failed download:
['ABT']: possibly delisted; no price data found  (1d 2006-12-24 -> 2006-12-25)
$AGN: possibly delisted; no timezone found
$ADP: possibly delisted; no price data found  (1d 2006-12-24 -> 2006-12-25)
$AEE: possibly delisted; no price data found  (1d 2006-12-24 -> 2006-12-25)

1 Failed download:
['ADP']: possibly delisted; no price data found  (1d 2006-12-24 -> 2006-12-25)

1 Failed download:
['AEE']: possibly delisted; no price data found  (1d 2006-12-24 -> 2006-12-25)
$AGN: possibly delisted; no timezone found

1 Failed download:
['AGN']: possibly delisted; no timezone found
$ADSK: possibly delisted; no price data found  (1d 2006-12-24 -> 2006-12-25)

1 Failed download:
['ADSK']: possibly delisted; no price data found  (1d 2006-12-24 -> 2006-12-25)
$AES: possibly delisted; no price data found  (1d 2006-12-24 -> 2006-12-25)

1 Failed download:
['AES']: possibly delisted; no price data found  (1d 2006-12-24 -> 2006-12-25)
$AET: possibly delisted; no price data found  (1d 2006-12-24 -> 2006-12-25)
$AEP: possibly delisted; no price data found  (1d 2006-12-24 -> 2006-12-25)

1 Failed download:
['AET']: possibly delisted; no price data found  (1d 2006-12-24 -> 2006-12-25)

1 Failed download:
['AEP']: possibly delisted; no price data found  (1d 2006-12-24 -> 2006-12-25)
$ALTR: possibly delisted; no timezone found
$AIG: possibly delisted; no price data found  (1d 2006-12-24 -> 2006-12-25)
$AFL: possibly delisted; no price data found  (1d 2006-12-24 -> 2006-12-25)

1 Failed download:
['AIG']: possibly delisted; no price data found  (1d 2006-12-24 -> 2006-12-25)

1 Failed download:
['AFL']: possibly delisted; no price data found  (1d 2006-12-24 -> 2006-12-25)
$AIV: possibly delisted; no price data found  (1d 2006-12-24 -> 2006-12-25)
$ALL: possibly delisted; no price data found  (1d 2006-12-24 -> 2006-12-25)

1 Failed download:
['ALL']: possibly delisted; no price data found  (1d 2006-12-24 -> 2006-12-25)

1 Failed download:
['AIV']: possibly delisted; no price data found  (1d 2006-12-24 -> 2006-12-25)
$AMD: possibly delisted; no price data found  (1d 2006-12-24 -> 2006-12-25)
$AMAT: possibly delisted; no price data found  (1d 2006-12-24 -> 2006-12-25)
$ALTR: possibly delisted; no timezone found

1 Failed download:
['AMAT']: possibly delisted; no price data found  (1d 2006-12-24 -> 2006-12-25)

1 Failed download:
['AMD']: possibly delisted; no price data found  (1d 2006-12-24 -> 2006-12-25)

1 Failed download:
['ALTR']: possibly delisted; no timezone found
$APOL: possibly delisted; no price data found  (1d 1927-10-10 -> 2026-09-15)
$ANTM: possibly delisted; no timezone found
$AMGN: possibly delisted; no price data found  (1d 2006-12-24 -> 2006-12-25)
$AMP: possibly delisted; no price data found  (1d 2006-12-24 -> 2006-12-25)

1 Failed download:
['AMGN']: possibly delisted; no price data found  (1d 2006-12-24 -> 2006-12-25)

1 Failed download:
['AMP']: possibly delisted; no price data found  (1d 2006-12-24 -> 2006-12-25)
$ARNC: possibly delisted; no timezone found
$AN: possibly delisted; no price data found  (1d 2006-12-24 -> 2006-12-25)

1 Failed download:
['AN']: possibly delisted; no price data found  (1d 2006-12-24 -> 2006-12-25)
$AON: possibly delisted; no price data found  (1d 2006-12-24 -> 2006-12-25)
$ANTM: possibly delisted; no timezone found

1 Failed download:
['AON']: possibly delisted; no price data found  (1d 2006-12-24 -> 2006-12-25)

1 Failed download:
['ANTM']: possibly delisted; no timezone found
$AT: possibly delisted; no timezone found
$APOL: possibly delisted; no price data found  (1d 2006-12-24 -> 2007-01-04)

1 Failed download:
['APOL']: possibly delisted; no price data found  (1d 2006-12-24 -> 2007-01-04)
$APC: Data doesn't exist for startDate = 1166936400, endDate = 1167886800
$ARNC: possibly delisted; no timezone found

1 Failed download:
['ARNC']: possibly delisted; no timezone found

1 Failed download:
['APC']: Data doesn't exist for startDate = 1166936400, endDate = 1167886800
$APA: possibly delisted; no price data found  (1d 2006-12-24 -> 2006-12-25)
$AT: possibly delisted; no timezone found

1 Failed download:
['APA']: possibly delisted; no price data found  (1d 2006-12-24 -> 2006-12-25)

1 Failed download:
['AT']: possibly delisted; no timezone found
$AVP: possibly delisted; no timezone found
$ASH: possibly delisted; no price data found  (1d 2006-12-24 -> 2006-12-25)
$ATI: possibly delisted; no price data found  (1d 2006-12-24 -> 2006-12-25)

1 Failed download:

1 Failed download:
['ASH']: possibly delisted; no price data found  (1d 2006-12-24 -> 2006-12-25)
['ATI']: possibly delisted; no price data found  (1d 2006-12-24 -> 2006-12-25)
$AVY: possibly delisted; no price data found  (1d 2006-12-24 -> 2006-12-25)
$AVP: possibly delisted; no timezone found

1 Failed download:
['AVP']: possibly delisted; no timezone found

1 Failed download:
['AVY']: possibly delisted; no price data found  (1d 2006-12-24 -> 2006-12-25)
$AXP: possibly delisted; no price data found  (1d 2006-12-24 -> 2006-12-25)

1 Failed download:
['AXP']: possibly delisted; no price data found  (1d 2006-12-24 -> 2006-12-25)
$AZO: possibly delisted; no price data found  (1d 2006-12-24 -> 2006-12-25)
$BCR: possibly delisted; no price data found  (1d 1927-10-10 -> 2026-09-15)

1 Failed download:
['AZO']: possibly delisted; no price data found  (1d 2006-12-24 -> 2006-12-25)
$BBBY: Data doesn't exist for startDate = 1166936400, endDate = 1167886800

1 Failed download:
['BBBY']: Data doesn't exist for startDate = 1166936400, endDate = 1167886800
$BCR: possibly delisted; no price data found  (1d 2006-12-24 -> 2007-01-04)

1 Failed download:
['BCR']: possibly delisted; no price data found  (1d 2006-12-24 -> 2007-01-04)
$BHGE: possibly delisted; no timezone found
$BIG: possibly delisted; no timezone found
$BBY: possibly delisted; no price data found  (1d 2006-12-24 -> 2006-12-25)

1 Failed download:
['BBY']: possibly delisted; no price data found  (1d 2006-12-24 -> 2006-12-25)
$BC: possibly delisted; no price data found  (1d 2006-12-24 -> 2006-12-25)

1 Failed download:
['BC']: possibly delisted; no price data found  (1d 2006-12-24 -> 2006-12-25)
$BEAM: Data doesn't exist for startDate = 1166936400, endDate = 1167886800

1 Failed download:
['BEAM']: Data doesn't exist for startDate = 1166936400, endDate = 1167886800
$BAX: possibly delisted; no price data found  (1d 2006-12-24 -> 2006-12-25)
$BHGE: possibly delisted; no timezone found

1 Failed download:

1 Failed download:
['BAX']: possibly delisted; no price data found  (1d 2006-12-24 -> 2006-12-25)
['BHGE']: possibly delisted; no timezone found
$BDX: possibly delisted; no price data found  (1d 2006-12-24 -> 2006-12-25)
$BIG: possibly delisted; no timezone found

1 Failed download:

1 Failed download:
['BIG']: possibly delisted; no timezone found
['BDX']: possibly delisted; no price data found  (1d 2006-12-24 -> 2006-12-25)
$BK: possibly delisted; no timezone found
$BLL: possibly delisted; no timezone found
$BTUUQ: possibly delisted; no price data found  (1d 1927-10-10 -> 2026-09-15)
$BRCM: possibly delisted; no price data found  (1d 1927-10-10 -> 2026-09-15)
$BEN: possibly delisted; no price data found  (1d 2006-12-24 -> 2006-12-25)

1 Failed download:
['BEN']: possibly delisted; no price data found  (1d 2006-12-24 -> 2006-12-25)
$BF-B: possibly delisted; no price data found  (1d 2006-12-24 -> 2006-12-25)

1 Failed download:
['BF-B']: possibly delisted; no price data found  (1d 2006-12-24 -> 2006-12-25)
$BK: possibly delisted; no timezone found
$BLL: possibly delisted; no timezone found

1 Failed download:

1 Failed download:
['BLL']: possibly delisted; no timezone found
['BK']: possibly delisted; no timezone found
$BIIB: possibly delisted; no price data found  (1d 2006-12-24 -> 2006-12-25)

1 Failed download:
['BIIB']: possibly delisted; no price data found  (1d 2006-12-24 -> 2006-12-25)
$BTUUQ: possibly delisted; no price data found  (1d 2006-12-24 -> 2007-01-04)

1 Failed download:
['BTUUQ']: possibly delisted; no price data found  (1d 2006-12-24 -> 2007-01-04)
$BRCM: possibly delisted; no price data found  (1d 2006-12-24 -> 2007-01-04)

1 Failed download:
['BRCM']: possibly delisted; no price data found  (1d 2006-12-24 -> 2007-01-04)
$CA: possibly delisted; no timezone found
$BSX: possibly delisted; no price data found  (1d 2006-12-24 -> 2006-12-25)
$BMS: possibly delisted; no price data found  (1d 2006-12-24 -> 2006-12-25)

1 Failed download:
['BSX']: possibly delisted; no price data found  (1d 2006-12-24 -> 2006-12-25)

1 Failed download:
['BMS']: possibly delisted; no price data found  (1d 2006-12-24 -> 2006-12-25)
$CA: possibly delisted; no timezone found

1 Failed download:
['CA']: possibly delisted; no timezone found
$BMY: possibly delisted; no price data found  (1d 2006-12-24 -> 2006-12-25)

1 Failed download:
['BMY']: possibly delisted; no price data found  (1d 2006-12-24 -> 2006-12-25)
$BUD: Data doesn't exist for startDate = 1166936400, endDate = 1167886800
$CBH: possibly delisted; no timezone found

1 Failed download:
$BXP: possibly delisted; no price data found  (1d 2006-12-24 -> 2006-12-25)
['BUD']: Data doesn't exist for startDate = 1166936400, endDate = 1167886800

1 Failed download:
['BXP']: possibly delisted; no price data found  (1d 2006-12-24 -> 2006-12-25)
$CBS: possibly delisted; no timezone found
$CCE: possibly delisted; no price data found  (1d 1927-10-10 -> 2026-09-15)
$CAG: possibly delisted; no price data found  (1d 2006-12-24 -> 2006-12-25)
$CBH: possibly delisted; no timezone found
$C: possibly delisted; no price data found  (1d 2006-12-24 -> 2006-12-25)

1 Failed download:
['CBH']: possibly delisted; no timezone found

1 Failed download:
['CAG']: possibly delisted; no price data found  (1d 2006-12-24 -> 2006-12-25)

1 Failed download:
['C']: possibly delisted; no price data found  (1d 2006-12-24 -> 2006-12-25)
$CAT: possibly delisted; no price data found  (1d 2006-12-24 -> 2006-12-25)

1 Failed download:
['CAT']: possibly delisted; no price data found  (1d 2006-12-24 -> 2006-12-25)
$CBRE: possibly delisted; no price data found  (1d 2006-12-24 -> 2006-12-25)

1 Failed download:
['CBRE']: possibly delisted; no price data found  (1d 2006-12-24 -> 2006-12-25)
$CELG: possibly delisted; no timezone found
$CB: possibly delisted; no price data found  (1d 2006-12-24 -> 2006-12-25)
$CBS: possibly delisted; no timezone found

1 Failed download:

1 Failed download:
['CB']: possibly delisted; no price data found  (1d 2006-12-24 -> 2006-12-25)
['CBS']: possibly delisted; no timezone found
$CAH: possibly delisted; no price data found  (1d 2006-12-24 -> 2006-12-25)

1 Failed download:
['CAH']: possibly delisted; no price data found  (1d 2006-12-24 -> 2006-12-25)
$CHK: possibly delisted; no timezone found
$CCE: possibly delisted; no price data found  (1d 2006-12-24 -> 2007-01-04)

1 Failed download:
['CCE']: possibly delisted; no price data found  (1d 2006-12-24 -> 2007-01-04)
$CCL: possibly delisted; no price data found  (1d 2006-12-24 -> 2006-12-25)

1 Failed download:
['CCL']: possibly delisted; no price data found  (1d 2006-12-24 -> 2006-12-25)
$CEG: Data doesn't exist for startDate = 1166936400, endDate = 1642482000
$CELG: possibly delisted; no timezone found

1 Failed download:
['CELG']: possibly delisted; no timezone found

1 Failed download:
['CEG']: Data doesn't exist for startDate = 1166936400, endDate = 1642482000
$CCU: possibly delisted; no price data found  (1d 2006-12-24 -> 2006-12-25)
$CHK: possibly delisted; no timezone found

1 Failed download:
['CCU']: possibly delisted; no price data found  (1d 2006-12-24 -> 2006-12-25)

1 Failed download:
['CHK']: possibly delisted; no timezone found
$CI: possibly delisted; no price data found  (1d 2006-12-24 -> 2006-12-25)

1 Failed download:
['CI']: possibly delisted; no price data found  (1d 2006-12-24 -> 2006-12-25)
$CIEN: possibly delisted; no price data found  (1d 2006-12-24 -> 2006-12-25)
$CMA: possibly delisted; no timezone found

1 Failed download:
['CIEN']: possibly delisted; no price data found  (1d 2006-12-24 -> 2006-12-25)
$CMA: possibly delisted; no timezone found

1 Failed download:
['CMA']: possibly delisted; no timezone found
$CLX: possibly delisted; no price data found  (1d 2006-12-24 -> 2006-12-25)

1 Failed download:
['CLX']: possibly delisted; no price data found  (1d 2006-12-24 -> 2006-12-25)
$CL: possibly delisted; no price data found  (1d 2006-12-24 -> 2006-12-25)

1 Failed download:
['CL']: possibly delisted; no price data found  (1d 2006-12-24 -> 2006-12-25)
$CINF: possibly delisted; no price data found  (1d 2006-12-24 -> 2006-12-25)

1 Failed download:
['CINF']: possibly delisted; no price data found  (1d 2006-12-24 -> 2006-12-25)
$COL: possibly delisted; no price data found  (1d 2006-12-24 -> 2012-08-01)

1 Failed download:
['COL']: possibly delisted; no price data found  (1d 2006-12-24 -> 2012-08-01)
$CMI: possibly delisted; no price data found  (1d 2006-12-24 -> 2006-12-25)

1 Failed download:
['CMI']: possibly delisted; no price data found  (1d 2006-12-24 -> 2006-12-25)
$CNX: possibly delisted; no price data found  (1d 2006-12-24 -> 2006-12-25)
$CMS: possibly delisted; no price data found  (1d 2006-12-24 -> 2006-12-25)

1 Failed download:
['CNX']: possibly delisted; no price data found  (1d 2006-12-24 -> 2006-12-25)

1 Failed download:
['CMS']: possibly delisted; no price data found  (1d 2006-12-24 -> 2006-12-25)
$CMCSA: possibly delisted; no price data found  (1d 2006-12-24 -> 2006-12-25)

1 Failed download:
['CMCSA']: possibly delisted; no price data found  (1d 2006-12-24 -> 2006-12-25)
$COF: possibly delisted; no price data found  (1d 2006-12-24 -> 2006-12-25)

1 Failed download:
['COF']: possibly delisted; no price data found  (1d 2006-12-24 -> 2006-12-25)
$COST: possibly delisted; no price data found  (1d 2006-12-24 -> 2006-12-25)
$CPB: possibly delisted; no price data found  (1d 2006-12-24 -> 2006-12-25)

1 Failed download:

1 Failed download:
['CPB']: possibly delisted; no price data found  (1d 2006-12-24 -> 2006-12-25)
['COST']: possibly delisted; no price data found  (1d 2006-12-24 -> 2006-12-25)
$CPWR: possibly delisted; no price data found  (1d 2006-12-24 -> 2006-12-25)

1 Failed download:
['CPWR']: possibly delisted; no price data found  (1d 2006-12-24 -> 2006-12-25)
$CNP: possibly delisted; no price data found  (1d 2006-12-24 -> 2006-12-25)

1 Failed download:
['CNP']: possibly delisted; no price data found  (1d 2006-12-24 -> 2006-12-25)
$CTL: possibly delisted; no timezone found
$CTSH: possibly delisted; no price data found  (1d 2006-12-24 -> 2006-12-25)

1 Failed download:
['CTSH']: possibly delisted; no price data found  (1d 2006-12-24 -> 2006-12-25)
$CTXS: possibly delisted; no timezone found
$CTL: possibly delisted; no timezone found
$CTXS: possibly delisted; no timezone found

1 Failed download:
['CTL']: possibly delisted; no timezone found

1 Failed download:
['CTXS']: possibly delisted; no timezone found
$CTAS: possibly delisted; no price data found  (1d 2006-12-24 -> 2006-12-25)

1 Failed download:
['CTAS']: possibly delisted; no price data found  (1d 2006-12-24 -> 2006-12-25)
$CVG: possibly delisted; no price data found  (1d 2006-12-24 -> 2006-12-26)

1 Failed download:
['CVG']: possibly delisted; no price data found  (1d 2006-12-24 -> 2006-12-26)
$DF: possibly delisted; no timezone found
$DDS: possibly delisted; no price data found  (1d 2006-12-24 -> 2006-12-25)

1 Failed download:
['DDS']: possibly delisted; no price data found  (1d 2006-12-24 -> 2006-12-25)
$DG: Data doesn't exist for startDate = 1166936400, endDate = 1258002000

1 Failed download:
['DG']: Data doesn't exist for startDate = 1166936400, endDate = 1258002000
$CVS: possibly delisted; no price data found  (1d 2006-12-24 -> 2006-12-25)

1 Failed download:
['CVS']: possibly delisted; no price data found  (1d 2006-12-24 -> 2006-12-25)
$DD: possibly delisted; no price data found  (1d 2006-12-24 -> 2006-12-25)

1 Failed download:
['DD']: possibly delisted; no price data found  (1d 2006-12-24 -> 2006-12-25)
$DE: possibly delisted; no price data found  (1d 2006-12-24 -> 2006-12-25)
$DF: possibly delisted; no timezone found

1 Failed download:

1 Failed download:
['DE']: possibly delisted; no price data found  (1d 2006-12-24 -> 2006-12-25)
['DF']: possibly delisted; no timezone found
$DELL: Data doesn't exist for startDate = 1166936400, endDate = 1471320000

1 Failed download:
['DELL']: Data doesn't exist for startDate = 1166936400, endDate = 1471320000
$DHI: possibly delisted; no price data found  (1d 2006-12-24 -> 2006-12-25)

1 Failed download:
['DHI']: possibly delisted; no price data found  (1d 2006-12-24 -> 2006-12-25)
$DGX: possibly delisted; no price data found  (1d 2006-12-24 -> 2006-12-25)

1 Failed download:
['DGX']: possibly delisted; no price data found  (1d 2006-12-24 -> 2006-12-25)
$DHR: possibly delisted; no price data found  (1d 2006-12-24 -> 2006-12-25)

1 Failed download:
['DHR']: possibly delisted; no price data found  (1d 2006-12-24 -> 2006-12-25)
$DTV: possibly delisted; no timezone found
$DIS: possibly delisted; no price data found  (1d 2006-12-24 -> 2006-12-25)
$DOW: Data doesn't exist for startDate = 1166936400, endDate = 1552968000

1 Failed download:

1 Failed download:
['DIS']: possibly delisted; no price data found  (1d 2006-12-24 -> 2006-12-25)
['DOW']: Data doesn't exist for startDate = 1166936400, endDate = 1552968000
$DRI: possibly delisted; no price data found  (1d 2006-12-24 -> 2006-12-25)
$DTV: possibly delisted; no timezone found

1 Failed download:
['DTV']: possibly delisted; no timezone found

1 Failed download:
['DRI']: possibly delisted; no price data found  (1d 2006-12-24 -> 2006-12-25)
$DVN: possibly delisted; no price data found  (1d 2006-12-24 -> 2006-12-25)

1 Failed download:
['DVN']: possibly delisted; no price data found  (1d 2006-12-24 -> 2006-12-25)
$DOV: possibly delisted; no price data found  (1d 2006-12-24 -> 2006-12-25)

1 Failed download:
['DOV']: possibly delisted; no price data found  (1d 2006-12-24 -> 2006-12-25)
$DTE: possibly delisted; no price data found  (1d 2006-12-24 -> 2006-12-25)

1 Failed download:
['DTE']: possibly delisted; no price data found  (1d 2006-12-24 -> 2006-12-25)
$DUK: possibly delisted; no price data found  (1d 2006-12-24 -> 2006-12-25)

1 Failed download:
['DUK']: possibly delisted; no price data found  (1d 2006-12-24 -> 2006-12-25)
$DYN: Data doesn't exist for startDate = 1166936400, endDate = 1167886800

1 Failed download:
['DYN']: Data doesn't exist for startDate = 1166936400, endDate = 1167886800
$DXC: possibly delisted; no price data found  (1d 2006-12-24 -> 2006-12-25)

1 Failed download:
['DXC']: possibly delisted; no price data found  (1d 2006-12-24 -> 2006-12-25)
$EA: Data doesn't exist for startDate = 1166936400, endDate = 1784174400

1 Failed download:
['EA']: Data doesn't exist for startDate = 1166936400, endDate = 1784174400
$EBAY: possibly delisted; no price data found  (1d 2006-12-24 -> 2006-12-25)

1 Failed download:
['EBAY']: possibly delisted; no price data found  (1d 2006-12-24 -> 2006-12-25)
$EIX: possibly delisted; no price data found  (1d 2006-12-24 -> 2006-12-25)
$EFX: possibly delisted; no price data found  (1d 2006-12-24 -> 2006-12-25)

1 Failed download:
['EIX']: possibly delisted; no price data found  (1d 2006-12-24 -> 2006-12-25)

1 Failed download:
['EFX']: possibly delisted; no price data found  (1d 2006-12-24 -> 2006-12-25)
$ECL: possibly delisted; no price data found  (1d 2006-12-24 -> 2006-12-25)

1 Failed download:
['ECL']: possibly delisted; no price data found  (1d 2006-12-24 -> 2006-12-25)
$ED: possibly delisted; no price data found  (1d 2006-12-24 -> 2006-12-25)

1 Failed download:
['ED']: possibly delisted; no price data found  (1d 2006-12-24 -> 2006-12-25)
$EQR: Data doesn't exist for startDate = 1166936400, endDate = 1784174400

1 Failed download:
['EQR']: Data doesn't exist for startDate = 1166936400, endDate = 1784174400
$EMN: possibly delisted; no price data found  (1d 2006-12-24 -> 2006-12-25)

1 Failed download:
['EMN']: possibly delisted; no price data found  (1d 2006-12-24 -> 2006-12-25)
$EMC: Data doesn't exist for startDate = 1166936400, endDate = 1167886800

1 Failed download:
['EMC']: Data doesn't exist for startDate = 1166936400, endDate = 1167886800
$ETFC: possibly delisted; no timezone found
$EL: possibly delisted; no price data found  (1d 2006-12-24 -> 2006-12-25)

1 Failed download:
['EL']: possibly delisted; no price data found  (1d 2006-12-24 -> 2006-12-25)
$EP: possibly delisted; no price data found  (1d 2006-12-24 -> 2006-12-25)
$EQ: Data doesn't exist for startDate = 1166936400, endDate = 1167886800

1 Failed download:

1 Failed download:
['EP']: possibly delisted; no price data found  (1d 2006-12-24 -> 2006-12-25)
['EQ']: Data doesn't exist for startDate = 1166936400, endDate = 1167886800
$EOG: possibly delisted; no price data found  (1d 2006-12-24 -> 2006-12-25)

1 Failed download:
['EOG']: possibly delisted; no price data found  (1d 2006-12-24 -> 2006-12-25)
$EMR: possibly delisted; no price data found  (1d 2006-12-24 -> 2006-12-25)

1 Failed download:
['EMR']: possibly delisted; no price data found  (1d 2006-12-24 -> 2006-12-25)
$ETFC: possibly delisted; no timezone found

1 Failed download:
['ETFC']: possibly delisted; no timezone found
$FDC: possibly delisted; no timezone found
$ETN: possibly delisted; no price data found  (1d 2006-12-24 -> 2006-12-25)

1 Failed download:
['ETN']: possibly delisted; no price data found  (1d 2006-12-24 -> 2006-12-25)
$ETR: possibly delisted; no price data found  (1d 2006-12-24 -> 2006-12-25)

1 Failed download:
['ETR']: possibly delisted; no price data found  (1d 2006-12-24 -> 2006-12-25)
$FDC: possibly delisted; no timezone found

1 Failed download:
['FDC']: possibly delisted; no timezone found
$FII: possibly delisted; no timezone found
$F: possibly delisted; no price data found  (1d 2006-12-24 -> 2006-12-25)
$FII: possibly delisted; no timezone found

1 Failed download:
['F']: possibly delisted; no price data found  (1d 2006-12-24 -> 2006-12-25)

1 Failed download:
['FII']: possibly delisted; no timezone found
$FDX: possibly delisted; no price data found  (1d 2006-12-24 -> 2006-12-25)

1 Failed download:
['FDX']: possibly delisted; no price data found  (1d 2006-12-24 -> 2006-12-25)
$FIS: possibly delisted; no price data found  (1d 2006-12-24 -> 2006-12-25)

1 Failed download:
['FIS']: possibly delisted; no price data found  (1d 2006-12-24 -> 2006-12-25)
$FISV: possibly delisted; no price data found  (1d 2006-12-24 -> 2006-12-25)

1 Failed download:
['FISV']: possibly delisted; no price data found  (1d 2006-12-24 -> 2006-12-25)
$FRX: possibly delisted; no timezone found
$FHN: possibly delisted; no price data found  (1d 2006-12-24 -> 2006-12-25)
$GAS: possibly delisted; no price data found  (1d 1927-10-10 -> 2026-09-15)
$FTR: possibly delisted; no timezone found

1 Failed download:
['FHN']: possibly delisted; no price data found  (1d 2006-12-24 -> 2006-12-25)
$FTR: possibly delisted; no timezone found
$FLR: possibly delisted; no price data found  (1d 2006-12-24 -> 2006-12-25)

1 Failed download:
['FTR']: possibly delisted; no timezone found

1 Failed download:
['FLR']: possibly delisted; no price data found  (1d 2006-12-24 -> 2006-12-25)
$FRX: possibly delisted; no timezone found

1 Failed download:
['FRX']: possibly delisted; no timezone found
$FOXA: Data doesn't exist for startDate = 1166936400, endDate = 1552276800
$GAS: Data doesn't exist for startDate = 1166936400, endDate = 1167886800

1 Failed download:
['FOXA']: Data doesn't exist for startDate = 1166936400, endDate = 1552276800

1 Failed download:
['GAS']: Data doesn't exist for startDate = 1166936400, endDate = 1167886800
$FITB: possibly delisted; no price data found  (1d 2006-12-24 -> 2006-12-25)
$GD: possibly delisted; no price data found  (1d 2006-12-24 -> 2006-12-25)

1 Failed download:
['FITB']: possibly delisted; no price data found  (1d 2006-12-24 -> 2006-12-25)

1 Failed download:
['GD']: possibly delisted; no price data found  (1d 2006-12-24 -> 2006-12-25)
$GNW: possibly delisted; no price data found  (1d 2006-12-24 -> 2006-12-25)

1 Failed download:
['GNW']: possibly delisted; no price data found  (1d 2006-12-24 -> 2006-12-25)
$GIS: possibly delisted; no price data found  (1d 2006-12-24 -> 2006-12-25)

1 Failed download:
['GIS']: possibly delisted; no price data found  (1d 2006-12-24 -> 2006-12-25)
$GPS: possibly delisted; no timezone found
$HAR: possibly delisted; no price data found  (1d 1927-10-10 -> 2026-09-15)
$GS: possibly delisted; no price data found  (1d 2006-12-24 -> 2006-12-25)

1 Failed download:
['GS']: possibly delisted; no price data found  (1d 2006-12-24 -> 2006-12-25)
$GLW: possibly delisted; no price data found  (1d 2006-12-24 -> 2006-12-25)

1 Failed download:
['GLW']: possibly delisted; no price data found  (1d 2006-12-24 -> 2006-12-25)
$GPC: possibly delisted; no price data found  (1d 2006-12-24 -> 2006-12-25)

1 Failed download:
['GPC']: possibly delisted; no price data found  (1d 2006-12-24 -> 2006-12-25)
$H: Data doesn't exist for startDate = 1166936400, endDate = 1167886800

1 Failed download:
['H']: Data doesn't exist for startDate = 1166936400, endDate = 1167886800
$HCR: possibly delisted; no timezone found
$GPS: possibly delisted; no timezone found

1 Failed download:
['GPS']: possibly delisted; no timezone found
$GWW: possibly delisted; no price data found  (1d 2006-12-24 -> 2006-12-25)

1 Failed download:
['GWW']: possibly delisted; no price data found  (1d 2006-12-24 -> 2006-12-25)
$GT: possibly delisted; no price data found  (1d 2006-12-24 -> 2006-12-25)

1 Failed download:
['GT']: possibly delisted; no price data found  (1d 2006-12-24 -> 2006-12-25)
$HCR: possibly delisted; no timezone found

1 Failed download:
['HCR']: possibly delisted; no timezone found
$HAR: Data doesn't exist for startDate = 1166936400, endDate = 1167886800
$HES: possibly delisted; no timezone found

1 Failed download:
['HAR']: Data doesn't exist for startDate = 1166936400, endDate = 1167886800
$HAL: possibly delisted; no price data found  (1d 2006-12-24 -> 2006-12-25)

1 Failed download:
['HAL']: possibly delisted; no price data found  (1d 2006-12-24 -> 2006-12-25)
$HAS: possibly delisted; no price data found  (1d 2006-12-24 -> 2006-12-25)

1 Failed download:
['HAS']: possibly delisted; no price data found  (1d 2006-12-24 -> 2006-12-25)
$HBAN: possibly delisted; no price data found  (1d 2006-12-24 -> 2006-12-25)
$HMA: possibly delisted; no timezone found
$HIG: possibly delisted; no price data found  (1d 2006-12-24 -> 2006-12-25)

1 Failed download:
['HBAN']: possibly delisted; no price data found  (1d 2006-12-24 -> 2006-12-25)
$HES: possibly delisted; no timezone found

1 Failed download:
['HIG']: possibly delisted; no price data found  (1d 2006-12-24 -> 2006-12-25)

1 Failed download:
['HES']: possibly delisted; no timezone found
$HSP: possibly delisted; no price data found  (1d 1927-10-10 -> 2026-09-15)
$HOT: possibly delisted; no price data found  (1d 2006-12-24 -> 2015-01-01)

1 Failed download:
['HOT']: possibly delisted; no price data found  (1d 2006-12-24 -> 2015-01-01)
$HLT: Data doesn't exist for startDate = 1166936400, endDate = 1386738000

1 Failed download:
['HLT']: Data doesn't exist for startDate = 1166936400, endDate = 1386738000
$HMA: possibly delisted; no timezone found

1 Failed download:
['HMA']: possibly delisted; no timezone found
$HOG: possibly delisted; no price data found  (1d 2006-12-24 -> 2006-12-25)

1 Failed download:
['HOG']: possibly delisted; no price data found  (1d 2006-12-24 -> 2006-12-25)
$HSP: possibly delisted; no price data found  (1d 2006-12-24 -> 2007-01-04)

1 Failed download:
$HON: possibly delisted; no price data found  (1d 2006-12-24 -> 2006-12-25)
['HSP']: possibly delisted; no price data found  (1d 2006-12-24 -> 2007-01-04)

1 Failed download:
['HON']: possibly delisted; no price data found  (1d 2006-12-24 -> 2006-12-25)
$IAC: possibly delisted; no timezone found
$HUM: possibly delisted; no price data found  (1d 2006-12-24 -> 2006-12-25)

1 Failed download:
['HUM']: possibly delisted; no price data found  (1d 2006-12-24 -> 2006-12-25)
$HRB: possibly delisted; no price data found  (1d 2006-12-24 -> 2006-12-25)

1 Failed download:
['HRB']: possibly delisted; no price data found  (1d 2006-12-24 -> 2006-12-25)
$IGT: possibly delisted; no timezone found
$HSY: possibly delisted; no price data found  (1d 2006-12-24 -> 2006-12-25)

1 Failed download:
['HSY']: possibly delisted; no price data found  (1d 2006-12-24 -> 2006-12-25)
$IAC: possibly delisted; no timezone found

1 Failed download:
['IAC']: possibly delisted; no timezone found
$IGT: possibly delisted; no timezone found
$HPQ: possibly delisted; no price data found  (1d 2006-12-24 -> 2006-12-25)

1 Failed download:
['IGT']: possibly delisted; no timezone found

1 Failed download:
['HPQ']: possibly delisted; no price data found  (1d 2006-12-24 -> 2006-12-25)
$IPG: possibly delisted; no timezone found
$INTU: possibly delisted; no price data found  (1d 2006-12-24 -> 2006-12-25)

1 Failed download:
['INTU']: possibly delisted; no price data found  (1d 2006-12-24 -> 2006-12-25)
$IPG: possibly delisted; no timezone found

1 Failed download:
['IPG']: possibly delisted; no timezone found
$IFF: possibly delisted; no price data found  (1d 2006-12-24 -> 2006-12-25)

1 Failed download:
['IFF']: possibly delisted; no price data found  (1d 2006-12-24 -> 2006-12-25)
$JCP: possibly delisted; no timezone found
$IR: Data doesn't exist for startDate = 1166936400, endDate = 1494475200
$JNS: possibly delisted; no price data found  (1d 1927-10-10 -> 2026-09-15)

1 Failed download:
['IR']: Data doesn't exist for startDate = 1166936400, endDate = 1494475200
$JNPR: possibly delisted; no timezone found
$IP: possibly delisted; no price data found  (1d 2006-12-24 -> 2006-12-25)
$JCP: possibly delisted; no timezone found

1 Failed download:
['IP']: possibly delisted; no price data found  (1d 2006-12-24 -> 2006-12-25)

1 Failed download:
['JCP']: possibly delisted; no timezone found
$JBL: possibly delisted; no price data found  (1d 2006-12-24 -> 2006-12-25)

1 Failed download:
['JBL']: possibly delisted; no price data found  (1d 2006-12-24 -> 2006-12-25)
$ITT: possibly delisted; no price data found  (1d 2006-12-24 -> 2006-12-25)

1 Failed download:
['ITT']: possibly delisted; no price data found  (1d 2006-12-24 -> 2006-12-25)
$JNPR: possibly delisted; no timezone found

1 Failed download:
['JNPR']: possibly delisted; no timezone found
$K: possibly delisted; no timezone found
$JWN: possibly delisted; no timezone found
$JNS: possibly delisted; no price data found  (1d 2006-12-24 -> 2007-01-04)

1 Failed download:
['JNS']: possibly delisted; no price data found  (1d 2006-12-24 -> 2007-01-04)
$JCI: possibly delisted; no price data found  (1d 2006-12-24 -> 2006-12-25)

1 Failed download:
['JCI']: possibly delisted; no price data found  (1d 2006-12-24 -> 2006-12-25)
$K: possibly delisted; no timezone found
$JWN: possibly delisted; no timezone found

1 Failed download:
['K']: possibly delisted; no timezone found

1 Failed download:
['JWN']: possibly delisted; no timezone found
$ITW: possibly delisted; no price data found  (1d 2006-12-24 -> 2006-12-25)
$KATE: possibly delisted; no price data found  (1d 1927-10-10 -> 2026-09-15)

1 Failed download:
['ITW']: possibly delisted; no price data found  (1d 2006-12-24 -> 2006-12-25)
$KATE: possibly delisted; no price data found  (1d 2006-12-24 -> 2007-01-04)

1 Failed download:
['KATE']: possibly delisted; no price data found  (1d 2006-12-24 -> 2007-01-04)
$KIM: possibly delisted; no price data found  (1d 2006-12-24 -> 2006-12-25)
$KBH: possibly delisted; no price data found  (1d 2006-12-24 -> 2006-12-25)

1 Failed download:

1 Failed download:
['KBH']: possibly delisted; no price data found  (1d 2006-12-24 -> 2006-12-25)
['KIM']: possibly delisted; no price data found  (1d 2006-12-24 -> 2006-12-25)
$KEY: possibly delisted; no price data found  (1d 2006-12-24 -> 2006-12-25)

1 Failed download:
['KEY']: possibly delisted; no price data found  (1d 2006-12-24 -> 2006-12-25)
$KMI: Data doesn't exist for startDate = 1166936400, endDate = 1297314000

1 Failed download:
['KMI']: Data doesn't exist for startDate = 1166936400, endDate = 1297314000
$KLAC: possibly delisted; no price data found  (1d 2006-12-24 -> 2006-12-25)

1 Failed download:
['KLAC']: possibly delisted; no price data found  (1d 2006-12-24 -> 2006-12-25)
$KMB: possibly delisted; no price data found  (1d 2006-12-24 -> 2006-12-25)

1 Failed download:
['KMB']: possibly delisted; no price data found  (1d 2006-12-24 -> 2006-12-25)
$LLTC: possibly delisted; no price data found  (1d 1927-10-10 -> 2026-09-15)
$KR: possibly delisted; no price data found  (1d 2006-12-24 -> 2006-12-25)

1 Failed download:
['KR']: possibly delisted; no price data found  (1d 2006-12-24 -> 2006-12-25)
$LLL: possibly delisted; no timezone found
$KSS: possibly delisted; no price data found  (1d 2006-12-24 -> 2006-12-25)

1 Failed download:
['KSS']: possibly delisted; no price data found  (1d 2006-12-24 -> 2006-12-25)
$LM: possibly delisted; no timezone found
$LEG: Data doesn't exist for startDate = 1166936400, endDate = 1167886800

1 Failed download:
['LEG']: Data doesn't exist for startDate = 1166936400, endDate = 1167886800
$L: possibly delisted; no price data found  (1d 2006-12-24 -> 2006-12-25)

1 Failed download:
['L']: possibly delisted; no price data found  (1d 2006-12-24 -> 2006-12-25)
$LB: Data doesn't exist for startDate = 1166936400, endDate = 1167886800
$LLL: possibly delisted; no timezone found

1 Failed download:
['LB']: Data doesn't exist for startDate = 1166936400, endDate = 1167886800

1 Failed download:
['LLL']: possibly delisted; no timezone found
$LLTC: possibly delisted; no price data found  (1d 2006-12-24 -> 2007-01-04)

1 Failed download:
['LLTC']: possibly delisted; no price data found  (1d 2006-12-24 -> 2007-01-04)
$LXK: possibly delisted; no price data found  (1d 1927-10-10 -> 2026-09-15)
$LH: possibly delisted; no price data found  (1d 2006-12-24 -> 2006-12-25)

1 Failed download:
['LH']: possibly delisted; no price data found  (1d 2006-12-24 -> 2006-12-25)
$LEN: possibly delisted; no price data found  (1d 2006-12-24 -> 2006-12-25)

1 Failed download:
['LEN']: possibly delisted; no price data found  (1d 2006-12-24 -> 2006-12-25)
$LM: possibly delisted; no timezone found

1 Failed download:
['LM']: possibly delisted; no timezone found
$LLY: possibly delisted; no price data found  (1d 2006-12-24 -> 2006-12-25)

1 Failed download:
['LLY']: possibly delisted; no price data found  (1d 2006-12-24 -> 2006-12-25)
$LSI: possibly delisted; no timezone found
$LXK: possibly delisted; no price data found  (1d 2006-12-24 -> 2007-01-04)

1 Failed download:
['LXK']: possibly delisted; no price data found  (1d 2006-12-24 -> 2007-01-04)
$LSI: possibly delisted; no timezone found

1 Failed download:
['LSI']: possibly delisted; no timezone found
$LMT: possibly delisted; no price data found  (1d 2006-12-24 -> 2006-12-25)

1 Failed download:
['LMT']: possibly delisted; no price data found  (1d 2006-12-24 -> 2006-12-25)
$LNC: possibly delisted; no price data found  (1d 2006-12-24 -> 2006-12-25)

1 Failed download:
['LNC']: possibly delisted; no price data found  (1d 2006-12-24 -> 2006-12-25)
$LOW: possibly delisted; no price data found  (1d 2006-12-24 -> 2006-12-25)

1 Failed download:
['LOW']: possibly delisted; no price data found  (1d 2006-12-24 -> 2006-12-25)
$LUV: possibly delisted; no price data found  (1d 2006-12-24 -> 2006-12-25)

1 Failed download:
['LUV']: possibly delisted; no price data found  (1d 2006-12-24 -> 2006-12-25)
$M: possibly delisted; no price data found  (1d 2006-12-24 -> 2006-12-25)

1 Failed download:
['M']: possibly delisted; no price data found  (1d 2006-12-24 -> 2006-12-25)
$MAR: possibly delisted; no price data found  (1d 2006-12-24 -> 2006-12-25)

1 Failed download:
['MAR']: possibly delisted; no price data found  (1d 2006-12-24 -> 2006-12-25)
$MDP: possibly delisted; no timezone found
$MBI: possibly delisted; no price data found  (1d 2006-12-24 -> 2006-12-25)
$MAS: possibly delisted; no price data found  (1d 2006-12-24 -> 2006-12-25)

1 Failed download:
['MAS']: possibly delisted; no price data found  (1d 2006-12-24 -> 2006-12-25)

1 Failed download:
['MBI']: possibly delisted; no price data found  (1d 2006-12-24 -> 2006-12-25)
$MDP: possibly delisted; no timezone found

1 Failed download:
['MDP']: possibly delisted; no timezone found
$MCK: possibly delisted; no price data found  (1d 2006-12-24 -> 2006-12-25)

1 Failed download:
['MCK']: possibly delisted; no price data found  (1d 2006-12-24 -> 2006-12-25)
$MAT: possibly delisted; no price data found  (1d 2006-12-24 -> 2006-12-25)

1 Failed download:
['MAT']: possibly delisted; no price data found  (1d 2006-12-24 -> 2006-12-25)
$MIL: possibly delisted; no price data found  (1d 1927-10-10 -> 2026-09-15)
$MCO: possibly delisted; no price data found  (1d 2006-12-24 -> 2006-12-25)

1 Failed download:
['MCO']: possibly delisted; no price data found  (1d 2006-12-24 -> 2006-12-25)
$MI: Data doesn't exist for startDate = 1166936400, endDate = 1167886800

1 Failed download:
['MI']: Data doesn't exist for startDate = 1166936400, endDate = 1167886800
$MON: possibly delisted; no timezone found
$MIL: possibly delisted; no price data found  (1d 2006-12-24 -> 2007-01-04)

1 Failed download:
['MIL']: possibly delisted; no price data found  (1d 2006-12-24 -> 2007-01-04)
$MMC: possibly delisted; no timezone found
$MDT: possibly delisted; no price data found  (1d 2006-12-24 -> 2006-12-25)

1 Failed download:
$MET: possibly delisted; no price data found  (1d 2006-12-24 -> 2006-12-25)
['MDT']: possibly delisted; no price data found  (1d 2006-12-24 -> 2006-12-25)

1 Failed download:
['MET']: possibly delisted; no price data found  (1d 2006-12-24 -> 2006-12-25)
$MON: possibly delisted; no timezone found

1 Failed download:
['MON']: possibly delisted; no timezone found
$MMC: possibly delisted; no timezone found

1 Failed download:
['MMC']: possibly delisted; no timezone found
$MRO: possibly delisted; no timezone found
$MRO: possibly delisted; no timezone found

1 Failed download:
['MRO']: possibly delisted; no timezone found
$MKC: possibly delisted; no price data found  (1d 2006-12-24 -> 2006-12-25)

1 Failed download:
['MKC']: possibly delisted; no price data found  (1d 2006-12-24 -> 2006-12-25)
$MS: possibly delisted; no price data found  (1d 2006-12-24 -> 2006-12-25)

1 Failed download:
['MS']: possibly delisted; no price data found  (1d 2006-12-24 -> 2006-12-25)
$MMM: possibly delisted; no price data found  (1d 2006-12-24 -> 2006-12-25)

1 Failed download:
['MMM']: possibly delisted; no price data found  (1d 2006-12-24 -> 2006-12-25)
$MWW: possibly delisted; no price data found  (1d 1927-10-10 -> 2026-09-15)
$MXIM: possibly delisted; no timezone found
$MYL: possibly delisted; no timezone found
$MWW: possibly delisted; no price data found  (1d 2006-12-24 -> 2007-01-04)

1 Failed download:
['MWW']: possibly delisted; no price data found  (1d 2006-12-24 -> 2007-01-04)
$MTG: possibly delisted; no price data found  (1d 2006-12-24 -> 2006-12-25)

1 Failed download:
['MTG']: possibly delisted; no price data found  (1d 2006-12-24 -> 2006-12-25)
$MYL: possibly delisted; no timezone found

1 Failed download:
['MYL']: possibly delisted; no timezone found
$MXIM: possibly delisted; no timezone found
$MTB: possibly delisted; no price data found  (1d 2006-12-24 -> 2006-12-25)

1 Failed download:

1 Failed download:
['MXIM']: possibly delisted; no timezone found
['MTB']: possibly delisted; no price data found  (1d 2006-12-24 -> 2006-12-25)
$NCR: possibly delisted; no timezone found
$MU: possibly delisted; no price data found  (1d 2006-12-24 -> 2006-12-25)

1 Failed download:
['MU']: possibly delisted; no price data found  (1d 2006-12-24 -> 2006-12-25)
$MSI: possibly delisted; no price data found  (1d 2006-12-24 -> 2006-12-25)

1 Failed download:
['MSI']: possibly delisted; no price data found  (1d 2006-12-24 -> 2006-12-25)
$NBR: possibly delisted; no price data found  (1d 2006-12-24 -> 2006-12-25)
$NCR: possibly delisted; no timezone found

1 Failed download:
['NBR']: possibly delisted; no price data found  (1d 2006-12-24 -> 2006-12-25)

1 Failed download:
['NCR']: possibly delisted; no timezone found
$MUR: possibly delisted; no price data found  (1d 2006-12-24 -> 2006-12-25)

1 Failed download:
['MUR']: possibly delisted; no price data found  (1d 2006-12-24 -> 2006-12-25)
$NE: Data doesn't exist for startDate = 1166936400, endDate = 1167886800

1 Failed download:
['NE']: Data doesn't exist for startDate = 1166936400, endDate = 1167886800
$NEE: possibly delisted; no price data found  (1d 2006-12-24 -> 2006-12-25)

1 Failed download:
['NEE']: possibly delisted; no price data found  (1d 2006-12-24 -> 2006-12-25)
$NVLS: possibly delisted; no price data found  (1d 1927-10-10 -> 2026-09-15)
$NSM: Data doesn't exist for startDate = 1166936400, endDate = 1167886800

1 Failed download:
['NSM']: Data doesn't exist for startDate = 1166936400, endDate = 1167886800
$NI: possibly delisted; no price data found  (1d 2006-12-24 -> 2006-12-25)

1 Failed download:
['NI']: possibly delisted; no price data found  (1d 2006-12-24 -> 2006-12-25)
$NOC: possibly delisted; no price data found  (1d 2006-12-24 -> 2006-12-25)

1 Failed download:
['NOC']: possibly delisted; no price data found  (1d 2006-12-24 -> 2006-12-25)
$NSC: possibly delisted; no price data found  (1d 2006-12-24 -> 2006-12-25)

1 Failed download:
['NSC']: possibly delisted; no price data found  (1d 2006-12-24 -> 2006-12-25)
$NTAP: possibly delisted; no price data found  (1d 2006-12-24 -> 2006-12-25)
$NVLS: possibly delisted; no price data found  (1d 2006-12-24 -> 2007-01-04)

1 Failed download:
['NVLS']: possibly delisted; no price data found  (1d 2006-12-24 -> 2007-01-04)

1 Failed download:
['NTAP']: possibly delisted; no price data found  (1d 2006-12-24 -> 2006-12-25)
$ODP: possibly delisted; no timezone found
$NVDA: possibly delisted; no price data found  (1d 2006-12-24 -> 2006-12-25)

1 Failed download:
['NVDA']: possibly delisted; no price data found  (1d 2006-12-24 -> 2006-12-25)
$NTRS: possibly delisted; no price data found  (1d 2006-12-24 -> 2006-12-25)
$ODP: possibly delisted; no timezone found

1 Failed download:
['NTRS']: possibly delisted; no price data found  (1d 2006-12-24 -> 2006-12-25)

1 Failed download:
['ODP']: possibly delisted; no timezone found
$NYT: possibly delisted; no price data found  (1d 2006-12-24 -> 2006-12-25)
$NWL: possibly delisted; no price data found  (1d 2006-12-24 -> 2006-12-25)

1 Failed download:
['NYT']: possibly delisted; no price data found  (1d 2006-12-24 -> 2006-12-25)

1 Failed download:
['NWL']: possibly delisted; no price data found  (1d 2006-12-24 -> 2006-12-25)
$ORCL: possibly delisted; no price data found  (1d 2006-12-24 -> 2006-12-25)

1 Failed download:
['ORCL']: possibly delisted; no price data found  (1d 2006-12-24 -> 2006-12-25)
$OMC: possibly delisted; no price data found  (1d 2006-12-24 -> 2006-12-25)

1 Failed download:
['OMC']: possibly delisted; no price data found  (1d 2006-12-24 -> 2006-12-25)
$PCL: Data doesn't exist for startDate = 1166936400, endDate = 1167886800
$PDCO: possibly delisted; no timezone found

1 Failed download:
['PCL']: Data doesn't exist for startDate = 1166936400, endDate = 1167886800
$OXY: possibly delisted; no price data found  (1d 2006-12-24 -> 2006-12-25)

1 Failed download:
['OXY']: possibly delisted; no price data found  (1d 2006-12-24 -> 2006-12-25)
$PDCO: possibly delisted; no timezone found

1 Failed download:
['PDCO']: possibly delisted; no timezone found
$PD: Data doesn't exist for startDate = 1166936400, endDate = 1167886800

1 Failed download:
['PD']: Data doesn't exist for startDate = 1166936400, endDate = 1167886800
$PGN: possibly delisted; no price data found  (1d 1927-10-10 -> 2026-09-15)
$PBI: possibly delisted; no price data found  (1d 2006-12-24 -> 2006-12-25)

1 Failed download:
['PBI']: possibly delisted; no price data found  (1d 2006-12-24 -> 2006-12-25)
$PCG: possibly delisted; no price data found  (1d 2006-12-24 -> 2006-12-25)

1 Failed download:
['PCG']: possibly delisted; no price data found  (1d 2006-12-24 -> 2006-12-25)
$PAYX: possibly delisted; no price data found  (1d 2006-12-24 -> 2006-12-25)
$PCAR: possibly delisted; no price data found  (1d 2006-12-24 -> 2006-12-25)

1 Failed download:
['PCAR']: possibly delisted; no price data found  (1d 2006-12-24 -> 2006-12-25)

1 Failed download:
['PAYX']: possibly delisted; no price data found  (1d 2006-12-24 -> 2006-12-25)
$PKI: possibly delisted; no timezone found
$PGN: possibly delisted; no price data found  (1d 2006-12-24 -> 2007-01-04)

1 Failed download:
['PGN']: possibly delisted; no price data found  (1d 2006-12-24 -> 2007-01-04)
$PMCS: possibly delisted; no price data found  (1d 1927-10-10 -> 2026-09-15)
$PKI: possibly delisted; no timezone found

1 Failed download:
['PKI']: possibly delisted; no timezone found
$PFG: possibly delisted; no price data found  (1d 2006-12-24 -> 2006-12-25)

1 Failed download:
['PFG']: possibly delisted; no price data found  (1d 2006-12-24 -> 2006-12-25)
$PLL: possibly delisted; no timezone found
$PMCS: possibly delisted; no price data found  (1d 2006-12-24 -> 2007-01-04)

1 Failed download:
['PMCS']: possibly delisted; no price data found  (1d 2006-12-24 -> 2007-01-04)
$PLL: possibly delisted; no timezone found

1 Failed download:
['PLL']: possibly delisted; no timezone found
$PHM: possibly delisted; no price data found  (1d 2006-12-24 -> 2006-12-25)

1 Failed download:
['PHM']: possibly delisted; no price data found  (1d 2006-12-24 -> 2006-12-25)
$PGR: possibly delisted; no price data found  (1d 2006-12-24 -> 2006-12-25)

1 Failed download:
['PGR']: possibly delisted; no price data found  (1d 2006-12-24 -> 2006-12-25)
$PH: possibly delisted; no price data found  (1d 2006-12-24 -> 2006-12-25)

1 Failed download:
['PH']: possibly delisted; no price data found  (1d 2006-12-24 -> 2006-12-25)
$QLGC: possibly delisted; no price data found  (1d 1927-10-10 -> 2026-09-15)
$PX: possibly delisted; no timezone found
$RAI: possibly delisted; no price data found  (1d 1927-10-10 -> 2026-09-15)
$PNC: possibly delisted; no price data found  (1d 2006-12-24 -> 2006-12-25)

1 Failed download:
['PNC']: possibly delisted; no price data found  (1d 2006-12-24 -> 2006-12-25)
$Q: Data doesn't exist for startDate = 1166936400, endDate = 1761451200

1 Failed download:
['Q']: Data doesn't exist for startDate = 1166936400, endDate = 1761451200
$PX: possibly delisted; no timezone found

1 Failed download:
['PX']: possibly delisted; no timezone found
$QLGC: possibly delisted; no price data found  (1d 2006-12-24 -> 2007-01-04)
$RDC: possibly delisted; no timezone found

1 Failed download:
['QLGC']: possibly delisted; no price data found  (1d 2006-12-24 -> 2007-01-04)
$PRU: possibly delisted; no price data found  (1d 2006-12-24 -> 2006-12-25)

1 Failed download:
['PRU']: possibly delisted; no price data found  (1d 2006-12-24 -> 2006-12-25)
$PNW: possibly delisted; no price data found  (1d 2006-12-24 -> 2006-12-25)

1 Failed download:
['PNW']: possibly delisted; no price data found  (1d 2006-12-24 -> 2006-12-25)
$QCOM: possibly delisted; no price data found  (1d 2006-12-24 -> 2006-12-25)

1 Failed download:
['QCOM']: possibly delisted; no price data found  (1d 2006-12-24 -> 2006-12-25)
$RDC: possibly delisted; no timezone found

1 Failed download:
['RDC']: possibly delisted; no timezone found
$RAI: possibly delisted; no price data found  (1d 2006-12-24 -> 2007-01-04)
$RRD: possibly delisted; no timezone found

1 Failed download:
['RAI']: possibly delisted; no price data found  (1d 2006-12-24 -> 2007-01-04)
$RRD: possibly delisted; no timezone found

1 Failed download:
['RRD']: possibly delisted; no timezone found
$R: possibly delisted; no price data found  (1d 2006-12-24 -> 2006-12-25)

1 Failed download:
['R']: possibly delisted; no price data found  (1d 2006-12-24 -> 2006-12-25)
$RTN: possibly delisted; no timezone found
$RHI: possibly delisted; no price data found  (1d 2006-12-24 -> 2006-12-25)

1 Failed download:
['RHI']: possibly delisted; no price data found  (1d 2006-12-24 -> 2006-12-25)
$S: Data doesn't exist for startDate = 1166936400, endDate = 1167886800

1 Failed download:
['S']: Data doesn't exist for startDate = 1166936400, endDate = 1167886800
$SEE: possibly delisted; no timezone found
$RF: possibly delisted; no price data found  (1d 2006-12-24 -> 2006-12-25)

1 Failed download:
['RF']: possibly delisted; no price data found  (1d 2006-12-24 -> 2006-12-25)
$RTN: possibly delisted; no timezone found

1 Failed download:
['RTN']: possibly delisted; no timezone found
$ROK: possibly delisted; no price data found  (1d 2006-12-24 -> 2006-12-25)
$SIAL: possibly delisted; no price data found  (1d 1927-10-10 -> 2026-09-15)

1 Failed download:
['ROK']: possibly delisted; no price data found  (1d 2006-12-24 -> 2006-12-25)
$SE: Data doesn't exist for startDate = 1166936400, endDate = 1167886800

1 Failed download:
['SE']: Data doesn't exist for startDate = 1166936400, endDate = 1167886800
$SANM: possibly delisted; no price data found  (1d 2006-12-24 -> 2006-12-25)
$SEE: possibly delisted; no timezone found

1 Failed download:
['SEE']: possibly delisted; no timezone found

1 Failed download:
['SANM']: possibly delisted; no price data found  (1d 2006-12-24 -> 2006-12-25)
$SCHW: possibly delisted; no price data found  (1d 2006-12-24 -> 2006-12-25)

1 Failed download:
['SCHW']: possibly delisted; no price data found  (1d 2006-12-24 -> 2006-12-25)
$SGP: Data doesn't exist for startDate = 1166936400, endDate = 1167886800

1 Failed download:
['SGP']: Data doesn't exist for startDate = 1166936400, endDate = 1167886800
$SIAL: possibly delisted; no price data found  (1d 2006-12-24 -> 2007-01-04)

1 Failed download:
['SIAL']: possibly delisted; no price data found  (1d 2006-12-24 -> 2007-01-04)
$SNV: possibly delisted; no timezone found
$SII: Data doesn't exist for startDate = 1166936400, endDate = 1167886800
$SHLD: Data doesn't exist for startDate = 1166936400, endDate = 1167886800

1 Failed download:
['SII']: Data doesn't exist for startDate = 1166936400, endDate = 1167886800

1 Failed download:
['SHLD']: Data doesn't exist for startDate = 1166936400, endDate = 1167886800
$SHW: possibly delisted; no price data found  (1d 2006-12-24 -> 2006-12-25)
$SNV: possibly delisted; no timezone found

1 Failed download:

1 Failed download:
['SNV']: possibly delisted; no timezone found
['SHW']: possibly delisted; no price data found  (1d 2006-12-24 -> 2006-12-25)
$SNDK: Data doesn't exist for startDate = 1166936400, endDate = 1739336400

1 Failed download:
['SNDK']: Data doesn't exist for startDate = 1166936400, endDate = 1739336400
$SLM: possibly delisted; no price data found  (1d 2006-12-24 -> 2006-12-25)

1 Failed download:
['SLM']: possibly delisted; no price data found  (1d 2006-12-24 -> 2006-12-25)
$STJ: possibly delisted; no price data found  (1d 1927-10-10 -> 2026-09-15)
$STR: possibly delisted; no timezone found
$SNA: possibly delisted; no price data found  (1d 2006-12-24 -> 2006-12-25)

1 Failed download:
['SNA']: possibly delisted; no price data found  (1d 2006-12-24 -> 2006-12-25)
$SPLS: Data doesn't exist for startDate = 1166936400, endDate = 1167886800

1 Failed download:
['SPLS']: Data doesn't exist for startDate = 1166936400, endDate = 1167886800
$SPGI: possibly delisted; no price data found  (1d 2006-12-24 -> 2006-12-25)

1 Failed download:
['SPGI']: possibly delisted; no price data found  (1d 2006-12-24 -> 2006-12-25)
$STI: Data doesn't exist for startDate = 1166936400, endDate = 1167886800

1 Failed download:
['STI']: Data doesn't exist for startDate = 1166936400, endDate = 1167886800
$STJ: possibly delisted; no price data found  (1d 2006-12-24 -> 2007-01-04)

1 Failed download:
['STJ']: possibly delisted; no price data found  (1d 2006-12-24 -> 2007-01-04)
$SRE: possibly delisted; no price data found  (1d 2006-12-24 -> 2006-12-25)
$STR: possibly delisted; no timezone found

1 Failed download:
['STR']: possibly delisted; no timezone found

1 Failed download:
['SRE']: possibly delisted; no price data found  (1d 2006-12-24 -> 2006-12-25)
$SSP: possibly delisted; no price data found  (1d 2006-12-24 -> 2006-12-25)

1 Failed download:
['SSP']: possibly delisted; no price data found  (1d 2006-12-24 -> 2006-12-25)
$SYMC: possibly delisted; no timezone found
$STT: possibly delisted; no price data found  (1d 2006-12-24 -> 2006-12-25)

1 Failed download:
['STT']: possibly delisted; no price data found  (1d 2006-12-24 -> 2006-12-25)
$STZ: possibly delisted; no price data found  (1d 2006-12-24 -> 2006-12-25)

1 Failed download:
['STZ']: possibly delisted; no price data found  (1d 2006-12-24 -> 2006-12-25)
$SWK: possibly delisted; no price data found  (1d 2006-12-24 -> 2006-12-25)

1 Failed download:
['SWK']: possibly delisted; no price data found  (1d 2006-12-24 -> 2006-12-25)
$SYMC: possibly delisted; no timezone found

1 Failed download:
['SYMC']: possibly delisted; no timezone found
$SUN: Data doesn't exist for startDate = 1166936400, endDate = 1167886800

1 Failed download:
['SUN']: Data doesn't exist for startDate = 1166936400, endDate = 1167886800
$SVU: possibly delisted; no price data found  (1d 2006-12-24 -> 2006-12-25)

1 Failed download:
['SVU']: possibly delisted; no price data found  (1d 2006-12-24 -> 2006-12-25)
$SYK: possibly delisted; no price data found  (1d 2006-12-24 -> 2006-12-25)

1 Failed download:
['SYK']: possibly delisted; no price data found  (1d 2006-12-24 -> 2006-12-25)
$TGNA: possibly delisted; no timezone found
$TAP: possibly delisted; no price data found  (1d 2006-12-24 -> 2006-12-25)

1 Failed download:
['TAP']: possibly delisted; no price data found  (1d 2006-12-24 -> 2006-12-25)
$TE: Data doesn't exist for startDate = 1166936400, endDate = 1167886800

1 Failed download:
['TE']: Data doesn't exist for startDate = 1166936400, endDate = 1167886800
$TIF: possibly delisted; no timezone found
$SYY: possibly delisted; no price data found  (1d 2006-12-24 -> 2006-12-25)
$TGNA: possibly delisted; no timezone found

1 Failed download:
['SYY']: possibly delisted; no price data found  (1d 2006-12-24 -> 2006-12-25)

1 Failed download:
['TGNA']: possibly delisted; no timezone found
$TMK: possibly delisted; no timezone found
$TEX: possibly delisted; no price data found  (1d 2006-12-24 -> 2006-12-25)
$TIF: possibly delisted; no timezone found
$TER: possibly delisted; no price data found  (1d 2006-12-24 -> 2006-12-25)

1 Failed download:

1 Failed download:
['TEX']: possibly delisted; no price data found  (1d 2006-12-24 -> 2006-12-25)
['TIF']: possibly delisted; no timezone found

1 Failed download:
['TER']: possibly delisted; no price data found  (1d 2006-12-24 -> 2006-12-25)
$THC: possibly delisted; no price data found  (1d 2006-12-24 -> 2006-12-25)

1 Failed download:
['THC']: possibly delisted; no price data found  (1d 2006-12-24 -> 2006-12-25)
$TGT: possibly delisted; no price data found  (1d 2006-12-24 -> 2006-12-25)
$TMK: possibly delisted; no timezone found

1 Failed download:
['TMK']: possibly delisted; no timezone found

1 Failed download:
['TGT']: possibly delisted; no price data found  (1d 2006-12-24 -> 2006-12-25)
$TSG: possibly delisted; no timezone found
$TSG: possibly delisted; no timezone found

1 Failed download:
['TSG']: possibly delisted; no timezone found
$TJX: possibly delisted; no price data found  (1d 2006-12-24 -> 2006-12-25)

1 Failed download:
['TJX']: possibly delisted; no price data found  (1d 2006-12-24 -> 2006-12-25)
$TROW: possibly delisted; no price data found  (1d 2006-12-24 -> 2006-12-25)

1 Failed download:
['TROW']: possibly delisted; no price data found  (1d 2006-12-24 -> 2006-12-25)
$TPR: possibly delisted; no price data found  (1d 2006-12-24 -> 2006-12-25)

1 Failed download:
['TPR']: possibly delisted; no price data found  (1d 2006-12-24 -> 2006-12-25)
$TMO: possibly delisted; no price data found  (1d 2006-12-24 -> 2006-12-25)

1 Failed download:
['TMO']: possibly delisted; no price data found  (1d 2006-12-24 -> 2006-12-25)
$TSN: possibly delisted; no price data found  (1d 2006-12-24 -> 2006-12-25)

1 Failed download:
['TSN']: possibly delisted; no price data found  (1d 2006-12-24 -> 2006-12-25)
$TRV: possibly delisted; no price data found  (1d 2006-12-24 -> 2006-12-25)

1 Failed download:
['TRV']: possibly delisted; no price data found  (1d 2006-12-24 -> 2006-12-25)
$TWX: possibly delisted; no price data found  (1d 2006-12-24 -> 2006-12-25)

1 Failed download:
['TWX']: possibly delisted; no price data found  (1d 2006-12-24 -> 2006-12-25)
$TXN: possibly delisted; no price data found  (1d 2006-12-24 -> 2006-12-25)

1 Failed download:
['TXN']: possibly delisted; no price data found  (1d 2006-12-24 -> 2006-12-25)
$TXT: possibly delisted; no price data found  (1d 2006-12-24 -> 2006-12-25)

1 Failed download:
['TXT']: possibly delisted; no price data found  (1d 2006-12-24 -> 2006-12-25)
$TT: possibly delisted; no price data found  (1d 2006-12-24 -> 2006-12-25)

1 Failed download:
['TT']: possibly delisted; no price data found  (1d 2006-12-24 -> 2006-12-25)
$UTX: possibly delisted; no timezone found
$UIS: possibly delisted; no price data found  (1d 2006-12-24 -> 2006-12-25)

1 Failed download:
['UIS']: possibly delisted; no price data found  (1d 2006-12-24 -> 2006-12-25)
$UNH: possibly delisted; no price data found  (1d 2006-12-24 -> 2006-12-25)
$UTX: possibly delisted; no timezone found

1 Failed download:
['UNH']: possibly delisted; no price data found  (1d 2006-12-24 -> 2006-12-25)

1 Failed download:
['UTX']: possibly delisted; no timezone found
$UNM: possibly delisted; no price data found  (1d 2006-12-24 -> 2006-12-25)

1 Failed download:
['UNM']: possibly delisted; no price data found  (1d 2006-12-24 -> 2006-12-25)
$VIAB: possibly delisted; no timezone found
$VIAB: possibly delisted; no timezone found
$USB: possibly delisted; no price data found  (1d 2006-12-24 -> 2006-12-25)

1 Failed download:

1 Failed download:
['USB']: possibly delisted; no price data found  (1d 2006-12-24 -> 2006-12-25)
['VIAB']: possibly delisted; no timezone found
$VIAV: possibly delisted; no price data found  (1d 2006-12-24 -> 2006-12-25)

1 Failed download:
['VIAV']: possibly delisted; no price data found  (1d 2006-12-24 -> 2006-12-25)
$WBA: possibly delisted; no timezone found
$VLO: possibly delisted; no price data found  (1d 2006-12-24 -> 2006-12-25)

1 Failed download:
['VLO']: possibly delisted; no price data found  (1d 2006-12-24 -> 2006-12-25)
$WAT: possibly delisted; no price data found  (1d 2006-12-24 -> 2006-12-25)

1 Failed download:
['WAT']: possibly delisted; no price data found  (1d 2006-12-24 -> 2006-12-25)
$WBA: possibly delisted; no timezone found

1 Failed download:
['WBA']: possibly delisted; no timezone found
$VFC: possibly delisted; no price data found  (1d 2006-12-24 -> 2006-12-25)

1 Failed download:
['VFC']: possibly delisted; no price data found  (1d 2006-12-24 -> 2006-12-25)
$WFM: possibly delisted; no price data found  (1d 1927-10-10 -> 2026-09-15)
$WFT: possibly delisted; no timezone found
$WB: Data doesn't exist for startDate = 1166936400, endDate = 1167886800

1 Failed download:
['WB']: Data doesn't exist for startDate = 1166936400, endDate = 1167886800
$VMC: possibly delisted; no price data found  (1d 2006-12-24 -> 2006-12-25)

1 Failed download:
['VMC']: possibly delisted; no price data found  (1d 2006-12-24 -> 2006-12-25)
$WIN: possibly delisted; no timezone found
$VRSN: possibly delisted; no price data found  (1d 2006-12-24 -> 2006-12-25)
$VNO: possibly delisted; no price data found  (1d 2006-12-24 -> 2006-12-25)

1 Failed download:
['VNO']: possibly delisted; no price data found  (1d 2006-12-24 -> 2006-12-25)

1 Failed download:
['VRSN']: possibly delisted; no price data found  (1d 2006-12-24 -> 2006-12-25)
$WFM: possibly delisted; no price data found  (1d 2006-12-24 -> 2007-01-04)

1 Failed download:
['WFM']: possibly delisted; no price data found  (1d 2006-12-24 -> 2007-01-04)
$WFT: possibly delisted; no timezone found

1 Failed download:
['WFT']: possibly delisted; no timezone found
$WEN: possibly delisted; no price data found  (1d 2006-12-24 -> 2006-12-25)

1 Failed download:
['WEN']: possibly delisted; no price data found  (1d 2006-12-24 -> 2006-12-25)
$WIN: possibly delisted; no timezone found

1 Failed download:
['WIN']: possibly delisted; no timezone found
$WM: possibly delisted; no price data found  (1d 2006-12-24 -> 2006-12-25)

1 Failed download:
['WM']: possibly delisted; no price data found  (1d 2006-12-24 -> 2006-12-25)
$X: possibly delisted; no timezone found
$XL: possibly delisted; no timezone found
$WYND: possibly delisted; no timezone found
$WHR: possibly delisted; no price data found  (1d 2006-12-24 -> 2006-12-25)
$WMB: possibly delisted; no price data found  (1d 2006-12-24 -> 2006-12-25)

1 Failed download:
['WHR']: possibly delisted; no price data found  (1d 2006-12-24 -> 2006-12-25)

1 Failed download:
['WMB']: possibly delisted; no price data found  (1d 2006-12-24 -> 2006-12-25)
$X: possibly delisted; no timezone found

1 Failed download:
['X']: possibly delisted; no timezone found
$WYND: possibly delisted; no timezone found
$XL: possibly delisted; no timezone found

1 Failed download:
['WYND']: possibly delisted; no timezone found

1 Failed download:
['XL']: possibly delisted; no timezone found
$XLNX: possibly delisted; no timezone found
$WU: possibly delisted; no price data found  (1d 2006-12-24 -> 2006-12-25)

1 Failed download:
['WU']: possibly delisted; no price data found  (1d 2006-12-24 -> 2006-12-25)
$XLNX: possibly delisted; no timezone found

1 Failed download:
['XLNX']: possibly delisted; no timezone found
$XEL: possibly delisted; no price data found  (1d 2006-12-24 -> 2006-12-25)

1 Failed download:
['XEL']: possibly delisted; no price data found  (1d 2006-12-24 -> 2006-12-25)
$ZBH: possibly delisted; no price data found  (1d 2006-12-24 -> 2006-12-25)

1 Failed download:
['ZBH']: possibly delisted; no price data found  (1d 2006-12-24 -> 2006-12-25)
$YUM: possibly delisted; no price data found  (1d 2006-12-24 -> 2006-12-25)

1 Failed download:
['YUM']: possibly delisted; no price data found  (1d 2006-12-24 -> 2006-12-25)
$ZION: possibly delisted; no price data found  (1d 2006-12-24 -> 2006-12-25)

1 Failed download:
['ZION']: possibly delisted; no price data found  (1d 2006-12-24 -> 2006-12-25)
$XRX: possibly delisted; no price data found  (1d 2006-12-24 -> 2006-12-25)

1 Failed download:
['XRX']: possibly delisted; no price data found  (1d 2006-12-24 -> 2006-12-25)
[h11]     [1/6] 2007-01-03: picks=['CSCO', 'T', 'CME'] (pool=40, 후보=40, 60.0s)
$ABC: possibly delisted; no timezone found
$AABA: possibly delisted; no timezone found
$ABC: possibly delisted; no timezone found
$AABA: possibly delisted; no timezone found

1 Failed download:
['ABC']: possibly delisted; no timezone found

1 Failed download:
['AABA']: possibly delisted; no timezone found
$AGN: possibly delisted; no timezone found
$AGN: possibly delisted; no timezone found

1 Failed download:
['AGN']: possibly delisted; no timezone found
$ALTR: possibly delisted; no timezone found
$ALTR: possibly delisted; no timezone found

1 Failed download:
['ALTR']: possibly delisted; no timezone found
$ANTM: possibly delisted; no timezone found
$ANTM: possibly delisted; no timezone found

1 Failed download:
['ANTM']: possibly delisted; no timezone found
$APOL: possibly delisted; no price data found  (1d 1927-10-10 -> 2026-09-15)
$APOL: possibly delisted; no price data found  (1d 2007-06-22 -> 2007-07-03)

1 Failed download:
['APOL']: possibly delisted; no price data found  (1d 2007-06-22 -> 2007-07-03)
$APC: Data doesn't exist for startDate = 1182484800, endDate = 1183435200

1 Failed download:
['APC']: Data doesn't exist for startDate = 1182484800, endDate = 1183435200
$AT: possibly delisted; no timezone found
$AT: possibly delisted; no timezone found
$ARNC: possibly delisted; no timezone found
$ARNC: possibly delisted; no timezone found

1 Failed download:
['AT']: possibly delisted; no timezone found

1 Failed download:
['ARNC']: possibly delisted; no timezone found
$AVP: possibly delisted; no timezone found
$AVP: possibly delisted; no timezone found

1 Failed download:
['AVP']: possibly delisted; no timezone found
$BBBY: Data doesn't exist for startDate = 1182484800, endDate = 1183435200

1 Failed download:
['BBBY']: Data doesn't exist for startDate = 1182484800, endDate = 1183435200
$AVB: Data doesn't exist for startDate = 1182484800, endDate = 1784174400

1 Failed download:
['AVB']: Data doesn't exist for startDate = 1182484800, endDate = 1784174400
$BCR: possibly delisted; no price data found  (1d 1927-10-10 -> 2026-09-15)
$BCR: possibly delisted; no price data found  (1d 2007-06-22 -> 2007-07-03)

1 Failed download:
['BCR']: possibly delisted; no price data found  (1d 2007-06-22 -> 2007-07-03)
$BEAM: Data doesn't exist for startDate = 1182484800, endDate = 1183435200

1 Failed download:
['BEAM']: Data doesn't exist for startDate = 1182484800, endDate = 1183435200
$BLL: possibly delisted; no timezone found
$BIG: possibly delisted; no timezone found
$BLL: possibly delisted; no timezone found
$BHGE: possibly delisted; no timezone found

1 Failed download:
['BLL']: possibly delisted; no timezone found
$BK: possibly delisted; no timezone found
$BIG: possibly delisted; no timezone found
$BHGE: possibly delisted; no timezone found

1 Failed download:
['BHGE']: possibly delisted; no timezone found

1 Failed download:
['BIG']: possibly delisted; no timezone found
$BK: possibly delisted; no timezone found

1 Failed download:
['BK']: possibly delisted; no timezone found
$BRCM: possibly delisted; no price data found  (1d 1927-10-10 -> 2026-09-15)
$BTUUQ: possibly delisted; no price data found  (1d 1927-10-10 -> 2026-09-15)
$BRCM: possibly delisted; no price data found  (1d 2007-06-22 -> 2007-07-03)

1 Failed download:
['BRCM']: possibly delisted; no price data found  (1d 2007-06-22 -> 2007-07-03)
$BTUUQ: possibly delisted; no price data found  (1d 2007-06-22 -> 2007-07-03)

1 Failed download:
['BTUUQ']: possibly delisted; no price data found  (1d 2007-06-22 -> 2007-07-03)
$BUD: Data doesn't exist for startDate = 1182484800, endDate = 1183435200

1 Failed download:
['BUD']: Data doesn't exist for startDate = 1182484800, endDate = 1183435200
$CA: possibly delisted; no timezone found
$CA: possibly delisted; no timezone found

1 Failed download:
['CA']: possibly delisted; no timezone found
$CBH: possibly delisted; no timezone found
$CCE: possibly delisted; no price data found  (1d 1927-10-10 -> 2026-09-15)
$CBH: possibly delisted; no timezone found

1 Failed download:
['CBH']: possibly delisted; no timezone found
$CBS: possibly delisted; no timezone found
$CBS: possibly delisted; no timezone found

1 Failed download:
['CBS']: possibly delisted; no timezone found
$CCE: possibly delisted; no price data found  (1d 2007-06-22 -> 2007-07-03)

1 Failed download:
['CCE']: possibly delisted; no price data found  (1d 2007-06-22 -> 2007-07-03)
$CHK: possibly delisted; no timezone found
$CELG: possibly delisted; no timezone found
$CELG: possibly delisted; no timezone found

1 Failed download:
['CELG']: possibly delisted; no timezone found
$CHK: possibly delisted; no timezone found

1 Failed download:
['CHK']: possibly delisted; no timezone found
$CMA: possibly delisted; no timezone found
$CMA: possibly delisted; no timezone found

1 Failed download:
['CMA']: possibly delisted; no timezone found
$CEG: Data doesn't exist for startDate = 1182484800, endDate = 1642482000

1 Failed download:
['CEG']: Data doesn't exist for startDate = 1182484800, endDate = 1642482000
$COL: possibly delisted; no price data found  (1d 2007-06-22 -> 2012-08-01)

1 Failed download:
['COL']: possibly delisted; no price data found  (1d 2007-06-22 -> 2012-08-01)
$CTL: possibly delisted; no timezone found
$CTXS: possibly delisted; no timezone found
$CTL: possibly delisted; no timezone found
$CTXS: possibly delisted; no timezone found

1 Failed download:
['CTXS']: possibly delisted; no timezone found

1 Failed download:
['CTL']: possibly delisted; no timezone found
$DDR: possibly delisted; no price data found  (1d 1927-10-10 -> 2026-09-15)
$DDR: possibly delisted; no price data found  (1d 2007-06-22 -> 2007-07-03)

1 Failed download:
['DDR']: possibly delisted; no price data found  (1d 2007-06-22 -> 2007-07-03)
$DF: possibly delisted; no timezone found
$DFS: possibly delisted; no timezone found
$DF: possibly delisted; no timezone found

1 Failed download:
['DF']: possibly delisted; no timezone found
$DFS: possibly delisted; no timezone found

1 Failed download:
['DFS']: possibly delisted; no timezone found
$DELL: Data doesn't exist for startDate = 1182484800, endDate = 1471320000

1 Failed download:
['DELL']: Data doesn't exist for startDate = 1182484800, endDate = 1471320000
$DTV: possibly delisted; no timezone found
$DG: Data doesn't exist for startDate = 1182484800, endDate = 1258002000
$DTV: possibly delisted; no timezone found

1 Failed download:
['DG']: Data doesn't exist for startDate = 1182484800, endDate = 1258002000

1 Failed download:
['DTV']: possibly delisted; no timezone found
$DOW: Data doesn't exist for startDate = 1182484800, endDate = 1552968000

1 Failed download:
['DOW']: Data doesn't exist for startDate = 1182484800, endDate = 1552968000
$DYN: Data doesn't exist for startDate = 1182484800, endDate = 1183435200
$EA: Data doesn't exist for startDate = 1182484800, endDate = 1784174400

1 Failed download:
['EA']: Data doesn't exist for startDate = 1182484800, endDate = 1784174400

1 Failed download:
['DYN']: Data doesn't exist for startDate = 1182484800, endDate = 1183435200
$EMC: Data doesn't exist for startDate = 1182484800, endDate = 1183435200

1 Failed download:
['EMC']: Data doesn't exist for startDate = 1182484800, endDate = 1183435200
$EQ: Data doesn't exist for startDate = 1182484800, endDate = 1183435200

1 Failed download:
['EQ']: Data doesn't exist for startDate = 1182484800, endDate = 1183435200
$EQR: Data doesn't exist for startDate = 1182484800, endDate = 1784174400
$ETFC: possibly delisted; no timezone found
$ESV: possibly delisted; no timezone found

1 Failed download:
['EQR']: Data doesn't exist for startDate = 1182484800, endDate = 1784174400
$ETFC: possibly delisted; no timezone found
$ESV: possibly delisted; no timezone found

1 Failed download:
['ESV']: possibly delisted; no timezone found

1 Failed download:
['ETFC']: possibly delisted; no timezone found
$FII: possibly delisted; no timezone found
$FDC: possibly delisted; no timezone found
$FDC: possibly delisted; no timezone found
$FII: possibly delisted; no timezone found

1 Failed download:
['FDC']: possibly delisted; no timezone found

1 Failed download:
['FII']: possibly delisted; no timezone found
$GAS: possibly delisted; no price data found  (1d 1927-10-10 -> 2026-09-15)
$FTR: possibly delisted; no timezone found
$GGP: possibly delisted; no price data found  (1d 1927-10-10 -> 2026-09-15)
$FRX: possibly delisted; no timezone found
$GAS: Data doesn't exist for startDate = 1182484800, endDate = 1183435200
$FOXA: Data doesn't exist for startDate = 1182484800, endDate = 1552276800

1 Failed download:
['GAS']: Data doesn't exist for startDate = 1182484800, endDate = 1183435200

1 Failed download:
['FOXA']: Data doesn't exist for startDate = 1182484800, endDate = 1552276800
$FTR: possibly delisted; no timezone found

1 Failed download:
['FTR']: possibly delisted; no timezone found
$FRX: possibly delisted; no timezone found

1 Failed download:
['FRX']: possibly delisted; no timezone found
$GGP: possibly delisted; no price data found  (1d 2007-06-22 -> 2007-07-03)

1 Failed download:
['GGP']: possibly delisted; no price data found  (1d 2007-06-22 -> 2007-07-03)
$GPS: possibly delisted; no timezone found
$GPS: possibly delisted; no timezone found

1 Failed download:
['GPS']: possibly delisted; no timezone found
$HAR: possibly delisted; no price data found  (1d 1927-10-10 -> 2026-09-15)
$HCBK: possibly delisted; no price data found  (1d 1927-10-10 -> 2026-09-15)
$HAR: Data doesn't exist for startDate = 1182484800, endDate = 1183435200

1 Failed download:
['HAR']: Data doesn't exist for startDate = 1182484800, endDate = 1183435200
$HCBK: possibly delisted; no price data found  (1d 2007-06-22 -> 2007-07-03)

1 Failed download:
['HCBK']: possibly delisted; no price data found  (1d 2007-06-22 -> 2007-07-03)
$HES: possibly delisted; no timezone found
$HES: possibly delisted; no timezone found
$HCR: possibly delisted; no timezone found
$HCR: possibly delisted; no timezone found

1 Failed download:
['HES']: possibly delisted; no timezone found

1 Failed download:
['HCR']: possibly delisted; no timezone found
$HSP: possibly delisted; no price data found  (1d 1927-10-10 -> 2026-09-15)
$HSP: possibly delisted; no price data found  (1d 2007-06-22 -> 2007-07-03)

1 Failed download:
['HSP']: possibly delisted; no price data found  (1d 2007-06-22 -> 2007-07-03)
$HOT: possibly delisted; no price data found  (1d 2007-06-22 -> 2015-01-01)

1 Failed download:
['HOT']: possibly delisted; no price data found  (1d 2007-06-22 -> 2015-01-01)
$HLT: Data doesn't exist for startDate = 1182484800, endDate = 1386738000

1 Failed download:
['HLT']: Data doesn't exist for startDate = 1182484800, endDate = 1386738000
$IAC: possibly delisted; no timezone found
$IAC: possibly delisted; no timezone found

1 Failed download:
['IAC']: possibly delisted; no timezone found
$IGT: possibly delisted; no timezone found
$IGT: possibly delisted; no timezone found

1 Failed download:
['IGT']: possibly delisted; no timezone found
$IPG: possibly delisted; no timezone found
$IPG: possibly delisted; no timezone found

1 Failed download:
['IPG']: possibly delisted; no timezone found
$JNS: possibly delisted; no price data found  (1d 1927-10-10 -> 2026-09-15)
$JCP: possibly delisted; no timezone found
$IR: Data doesn't exist for startDate = 1182484800, endDate = 1494475200

1 Failed download:
['IR']: Data doesn't exist for startDate = 1182484800, endDate = 1494475200
$JNPR: possibly delisted; no timezone found
$JCP: possibly delisted; no timezone found

1 Failed download:
['JCP']: possibly delisted; no timezone found
$KATE: possibly delisted; no price data found  (1d 1927-10-10 -> 2026-09-15)
$JNS: possibly delisted; no price data found  (1d 2007-06-22 -> 2007-07-03)

1 Failed download:
['JNS']: possibly delisted; no price data found  (1d 2007-06-22 -> 2007-07-03)
$JNPR: possibly delisted; no timezone found

1 Failed download:
['JNPR']: possibly delisted; no timezone found
$JWN: possibly delisted; no timezone found
$JWN: possibly delisted; no timezone found
$K: possibly delisted; no timezone found
$K: possibly delisted; no timezone found

1 Failed download:
['JWN']: possibly delisted; no timezone found

1 Failed download:
['K']: possibly delisted; no timezone found
$KATE: possibly delisted; no price data found  (1d 2007-06-22 -> 2007-07-03)

1 Failed download:
['KATE']: possibly delisted; no price data found  (1d 2007-06-22 -> 2007-07-03)
$KG: Data doesn't exist for startDate = 1182484800, endDate = 1209960000

1 Failed download:
['KG']: Data doesn't exist for startDate = 1182484800, endDate = 1209960000
$LLTC: possibly delisted; no price data found  (1d 1927-10-10 -> 2026-09-15)
$LLL: possibly delisted; no timezone found
$LB: Data doesn't exist for startDate = 1182484800, endDate = 1183435200

1 Failed download:
['LB']: Data doesn't exist for startDate = 1182484800, endDate = 1183435200
$LEG: Data doesn't exist for startDate = 1182484800, endDate = 1183435200
$LLL: possibly delisted; no timezone found

1 Failed download:

1 Failed download:
['LLL']: possibly delisted; no timezone found
['LEG']: Data doesn't exist for startDate = 1182484800, endDate = 1183435200
$LM: possibly delisted; no timezone found
$LXK: possibly delisted; no price data found  (1d 1927-10-10 -> 2026-09-15)
$LLTC: possibly delisted; no price data found  (1d 2007-06-22 -> 2007-07-03)

1 Failed download:
['LLTC']: possibly delisted; no price data found  (1d 2007-06-22 -> 2007-07-03)
$LM: possibly delisted; no timezone found

1 Failed download:
['LM']: possibly delisted; no timezone found
$LSI: possibly delisted; no timezone found
$LSI: possibly delisted; no timezone found

1 Failed download:
['LSI']: possibly delisted; no timezone found
$LXK: possibly delisted; no price data found  (1d 2007-06-22 -> 2007-07-03)

1 Failed download:
['LXK']: possibly delisted; no price data found  (1d 2007-06-22 -> 2007-07-03)
$MIL: possibly delisted; no price data found  (1d 1927-10-10 -> 2026-09-15)
$MDP: possibly delisted; no timezone found
$MDP: possibly delisted; no timezone found

1 Failed download:
['MDP']: possibly delisted; no timezone found
$MMC: possibly delisted; no timezone found
$MIL: possibly delisted; no price data found  (1d 2007-06-22 -> 2007-07-03)
$MMC: possibly delisted; no timezone found

1 Failed download:

1 Failed download:
['MMC']: possibly delisted; no timezone found
['MIL']: possibly delisted; no price data found  (1d 2007-06-22 -> 2007-07-03)
$MRO: possibly delisted; no timezone found
$MI: Data doesn't exist for startDate = 1182484800, endDate = 1183435200

1 Failed download:
['MI']: Data doesn't exist for startDate = 1182484800, endDate = 1183435200
$MRO: possibly delisted; no timezone found
$MON: possibly delisted; no timezone found

1 Failed download:
['MRO']: possibly delisted; no timezone found
$MON: possibly delisted; no timezone found

1 Failed download:
['MON']: possibly delisted; no timezone found
$MWW: possibly delisted; no price data found  (1d 1927-10-10 -> 2026-09-15)
$MWW: possibly delisted; no price data found  (1d 2007-06-22 -> 2007-07-03)

1 Failed download:
['MWW']: possibly delisted; no price data found  (1d 2007-06-22 -> 2007-07-03)
$MYL: possibly delisted; no timezone found
$MXIM: possibly delisted; no timezone found
$MYL: possibly delisted; no timezone found

1 Failed download:
['MYL']: possibly delisted; no timezone found
$MXIM: possibly delisted; no timezone found

1 Failed download:
['MXIM']: possibly delisted; no timezone found
$NCR: possibly delisted; no timezone found
$NCR: possibly delisted; no timezone found

1 Failed download:
['NCR']: possibly delisted; no timezone found
$NE: Data doesn't exist for startDate = 1182484800, endDate = 1183435200

1 Failed download:
['NE']: Data doesn't exist for startDate = 1182484800, endDate = 1183435200
$NSM: Data doesn't exist for startDate = 1182484800, endDate = 1183435200

1 Failed download:
['NSM']: Data doesn't exist for startDate = 1182484800, endDate = 1183435200
$NVLS: possibly delisted; no price data found  (1d 1927-10-10 -> 2026-09-15)
$NVLS: possibly delisted; no price data found  (1d 2007-06-22 -> 2007-07-03)

1 Failed download:
['NVLS']: possibly delisted; no price data found  (1d 2007-06-22 -> 2007-07-03)
$ODP: possibly delisted; no timezone found
$ODP: possibly delisted; no timezone found

1 Failed download:
['ODP']: possibly delisted; no timezone found
$PCP: possibly delisted; no price data found  (1d 1927-10-10 -> 2026-09-15)
$PCL: Data doesn't exist for startDate = 1182484800, endDate = 1183435200

1 Failed download:
['PCL']: Data doesn't exist for startDate = 1182484800, endDate = 1183435200
$PDCO: possibly delisted; no timezone found
$PDCO: possibly delisted; no timezone found

1 Failed download:
['PDCO']: possibly delisted; no timezone found
$PCP: Data doesn't exist for startDate = 1182484800, endDate = 1183435200

1 Failed download:
['PCP']: Data doesn't exist for startDate = 1182484800, endDate = 1183435200
$PGN: possibly delisted; no price data found  (1d 1927-10-10 -> 2026-09-15)
$PGN: possibly delisted; no price data found  (1d 2007-06-22 -> 2007-07-03)

1 Failed download:
['PGN']: possibly delisted; no price data found  (1d 2007-06-22 -> 2007-07-03)
$PKI: possibly delisted; no timezone found
$PKI: possibly delisted; no timezone found

1 Failed download:
['PKI']: possibly delisted; no timezone found
$PLL: possibly delisted; no timezone found
$PLL: possibly delisted; no timezone found

1 Failed download:
['PLL']: possibly delisted; no timezone found
$QLGC: possibly delisted; no price data found  (1d 1927-10-10 -> 2026-09-15)
$PX: possibly delisted; no timezone found
$RAI: possibly delisted; no price data found  (1d 1927-10-10 -> 2026-09-15)
$PX: possibly delisted; no timezone found

1 Failed download:
['PX']: possibly delisted; no timezone found
$Q: Data doesn't exist for startDate = 1182484800, endDate = 1761451200

1 Failed download:
['Q']: Data doesn't exist for startDate = 1182484800, endDate = 1761451200
$QLGC: possibly delisted; no price data found  (1d 2007-06-22 -> 2007-07-03)

1 Failed download:
['QLGC']: possibly delisted; no price data found  (1d 2007-06-22 -> 2007-07-03)
$RAI: possibly delisted; no price data found  (1d 2007-06-22 -> 2007-07-03)

1 Failed download:
['RAI']: possibly delisted; no price data found  (1d 2007-06-22 -> 2007-07-03)
$RDC: possibly delisted; no timezone found
$RDC: possibly delisted; no timezone found

1 Failed download:
['RDC']: possibly delisted; no timezone found
Crumb fetch rate-limited (HTTP 429), continuing without crumb
$RTN: possibly delisted; no timezone found
$RTN: possibly delisted; no timezone found

1 Failed download:
['RTN']: possibly delisted; no timezone found
$RRD: possibly delisted; no timezone found
$RRD: possibly delisted; no timezone found

1 Failed download:
['RRD']: possibly delisted; no timezone found
$S: Data doesn't exist for startDate = 1182484800, endDate = 1183435200

1 Failed download:
['S']: Data doesn't exist for startDate = 1182484800, endDate = 1183435200
$SIAL: possibly delisted; no price data found  (1d 1927-10-10 -> 2026-09-15)
$SGP: Data doesn't exist for startDate = 1182484800, endDate = 1183435200
$SE: Data doesn't exist for startDate = 1182484800, endDate = 1183435200

1 Failed download:
['SGP']: Data doesn't exist for startDate = 1182484800, endDate = 1183435200
$SEE: possibly delisted; no timezone found

1 Failed download:
['SE']: Data doesn't exist for startDate = 1182484800, endDate = 1183435200
$SIAL: possibly delisted; no price data found  (1d 2007-06-22 -> 2007-07-03)

1 Failed download:
['SIAL']: possibly delisted; no price data found  (1d 2007-06-22 -> 2007-07-03)
$SHLD: Data doesn't exist for startDate = 1182484800, endDate = 1183435200

1 Failed download:
['SHLD']: Data doesn't exist for startDate = 1182484800, endDate = 1183435200
$SNV: possibly delisted; no timezone found
$SEE: possibly delisted; no timezone found

1 Failed download:
['SEE']: possibly delisted; no timezone found
$SII: Data doesn't exist for startDate = 1182484800, endDate = 1183435200
$SNV: possibly delisted; no timezone found

1 Failed download:
['SNV']: possibly delisted; no timezone found

1 Failed download:
['SII']: Data doesn't exist for startDate = 1182484800, endDate = 1183435200
$SNDK: Data doesn't exist for startDate = 1182484800, endDate = 1739336400
$STJ: possibly delisted; no price data found  (1d 1927-10-10 -> 2026-09-15)

1 Failed download:
['SNDK']: Data doesn't exist for startDate = 1182484800, endDate = 1739336400
$SPLS: Data doesn't exist for startDate = 1182484800, endDate = 1183435200

1 Failed download:
['SPLS']: Data doesn't exist for startDate = 1182484800, endDate = 1183435200
$STJ: possibly delisted; no price data found  (1d 2007-06-22 -> 2007-07-03)

1 Failed download:
['STJ']: possibly delisted; no price data found  (1d 2007-06-22 -> 2007-07-03)
$STR: possibly delisted; no timezone found
$STR: possibly delisted; no timezone found

1 Failed download:
['STR']: possibly delisted; no timezone found
$SUNEQ: possibly delisted; no price data found  (1d 1927-10-10 -> 2026-09-15)
$STI: Data doesn't exist for startDate = 1182484800, endDate = 1183435200

1 Failed download:
['STI']: Data doesn't exist for startDate = 1182484800, endDate = 1183435200
$SUNEQ: possibly delisted; no price data found  (1d 2007-06-22 -> 2007-07-03)

1 Failed download:
['SUNEQ']: possibly delisted; no price data found  (1d 2007-06-22 -> 2007-07-03)
$SYMC: possibly delisted; no timezone found
$SYMC: possibly delisted; no timezone found

1 Failed download:
['SYMC']: possibly delisted; no timezone found
$SUN: Data doesn't exist for startDate = 1182484800, endDate = 1183435200

1 Failed download:
['SUN']: Data doesn't exist for startDate = 1182484800, endDate = 1183435200
$TE: Data doesn't exist for startDate = 1182484800, endDate = 1183435200

1 Failed download:
['TE']: Data doesn't exist for startDate = 1182484800, endDate = 1183435200
$TGNA: possibly delisted; no timezone found
$TGNA: possibly delisted; no timezone found

1 Failed download:
['TGNA']: possibly delisted; no timezone found
$TIF: possibly delisted; no timezone found
$TIF: possibly delisted; no timezone found

1 Failed download:
['TIF']: possibly delisted; no timezone found
$TMK: possibly delisted; no timezone found
$TMK: possibly delisted; no timezone found

1 Failed download:
['TMK']: possibly delisted; no timezone found
$UTX: possibly delisted; no timezone found
$VAR: possibly delisted; no timezone found
$UTX: possibly delisted; no timezone found
$VAR: possibly delisted; no timezone found

1 Failed download:
['UTX']: possibly delisted; no timezone found

1 Failed download:
['VAR']: possibly delisted; no timezone found
$VIAB: possibly delisted; no timezone found
$VIAB: possibly delisted; no timezone found

1 Failed download:
['VIAB']: possibly delisted; no timezone found
$WBA: possibly delisted; no timezone found
$WFM: possibly delisted; no price data found  (1d 1927-10-10 -> 2026-09-15)
$WBA: possibly delisted; no timezone found

1 Failed download:
['WBA']: possibly delisted; no timezone found
$WB: Data doesn't exist for startDate = 1182484800, endDate = 1183435200

1 Failed download:
['WB']: Data doesn't exist for startDate = 1182484800, endDate = 1183435200
$WFM: possibly delisted; no price data found  (1d 2007-06-22 -> 2007-07-03)

1 Failed download:
['WFM']: possibly delisted; no price data found  (1d 2007-06-22 -> 2007-07-03)
$WIN: possibly delisted; no timezone found
$WIN: possibly delisted; no timezone found

1 Failed download:
['WIN']: possibly delisted; no timezone found
$WFT: possibly delisted; no timezone found
$WFT: possibly delisted; no timezone found

1 Failed download:
['WFT']: possibly delisted; no timezone found
$X: possibly delisted; no timezone found
$X: possibly delisted; no timezone found

1 Failed download:
['X']: possibly delisted; no timezone found
$WYND: possibly delisted; no timezone found
$WYND: possibly delisted; no timezone found

1 Failed download:
['WYND']: possibly delisted; no timezone found
$XL: possibly delisted; no timezone found
$XL: possibly delisted; no timezone found

1 Failed download:
['XL']: possibly delisted; no timezone found
$XLNX: possibly delisted; no timezone found
$XLNX: possibly delisted; no timezone found

1 Failed download:
['XLNX']: possibly delisted; no timezone found
$RIG: possibly delisted; no price data found  (1d 2005-07-02 -> 2005-07-04)

1 Failed download:
['RIG']: possibly delisted; no price data found  (1d 2005-07-02 -> 2005-07-04)
[h11]     [2/6] 2007-07-02: picks=['AAPL', 'NOV', 'FCX'] (pool=40, 후보=37, 46.7s)
$ACAS: possibly delisted; no price data found  (1d 1927-10-10 -> 2026-09-15)
$AABA: possibly delisted; no timezone found
$ABC: possibly delisted; no timezone found
$AABA: possibly delisted; no timezone found
$ACAS: possibly delisted; no price data found  (1d 2007-12-23 -> 2008-01-03)
$ABC: possibly delisted; no timezone found

1 Failed download:
['AABA']: possibly delisted; no timezone found

1 Failed download:

1 Failed download:
['ACAS']: possibly delisted; no price data found  (1d 2007-12-23 -> 2008-01-03)
['ABC']: possibly delisted; no timezone found
$AGN: possibly delisted; no timezone found
$AGN: possibly delisted; no timezone found

1 Failed download:
['AGN']: possibly delisted; no timezone found
$ALTR: possibly delisted; no timezone found
$ALTR: possibly delisted; no timezone found

1 Failed download:
['ALTR']: possibly delisted; no timezone found
$AKAM: possibly delisted; no price data found  (1d 2007-12-23 -> 2007-12-23)

1 Failed download:
['AKAM']: possibly delisted; no price data found  (1d 2007-12-23 -> 2007-12-23)
$ANTM: possibly delisted; no timezone found
$APOL: possibly delisted; no price data found  (1d 1927-10-10 -> 2026-09-15)
$ANTM: possibly delisted; no timezone found

1 Failed download:
['ANTM']: possibly delisted; no timezone found
$ARNC: possibly delisted; no timezone found
$APOL: possibly delisted; no price data found  (1d 2007-12-23 -> 2008-01-03)

1 Failed download:
['APOL']: possibly delisted; no price data found  (1d 2007-12-23 -> 2008-01-03)
$ARNC: possibly delisted; no timezone found

1 Failed download:
['ARNC']: possibly delisted; no timezone found
$APC: Data doesn't exist for startDate = 1198386000, endDate = 1199336400

1 Failed download:
['APC']: Data doesn't exist for startDate = 1198386000, endDate = 1199336400
$ANDV: possibly delisted; no price data found  (1d 2007-12-23 -> 2007-12-23)

1 Failed download:
['ANDV']: possibly delisted; no price data found  (1d 2007-12-23 -> 2007-12-23)
$AVB: Data doesn't exist for startDate = 1198386000, endDate = 1784174400
$AVP: possibly delisted; no timezone found

1 Failed download:
['AVB']: Data doesn't exist for startDate = 1198386000, endDate = 1784174400
$AVP: possibly delisted; no timezone found

1 Failed download:
['AVP']: possibly delisted; no timezone found
$BBBY: Data doesn't exist for startDate = 1198386000, endDate = 1199336400

1 Failed download:
['BBBY']: Data doesn't exist for startDate = 1198386000, endDate = 1199336400
$BCR: possibly delisted; no price data found  (1d 1927-10-10 -> 2026-09-15)
$BCR: possibly delisted; no price data found  (1d 2007-12-23 -> 2008-01-03)

1 Failed download:
['BCR']: possibly delisted; no price data found  (1d 2007-12-23 -> 2008-01-03)
$BHGE: possibly delisted; no timezone found
$BLL: possibly delisted; no timezone found
$BEAM: Data doesn't exist for startDate = 1198386000, endDate = 1199336400
$BK: possibly delisted; no timezone found

1 Failed download:
['BEAM']: Data doesn't exist for startDate = 1198386000, endDate = 1199336400
$BHGE: possibly delisted; no timezone found

1 Failed download:
['BHGE']: possibly delisted; no timezone found
$BK: possibly delisted; no timezone found
$BLL: possibly delisted; no timezone found

1 Failed download:
['BK']: possibly delisted; no timezone found

1 Failed download:
['BLL']: possibly delisted; no timezone found
$BIG: possibly delisted; no timezone found
$BIG: possibly delisted; no timezone found
$BRCM: possibly delisted; no price data found  (1d 1927-10-10 -> 2026-09-15)

1 Failed download:
['BIG']: possibly delisted; no timezone found
$BTUUQ: possibly delisted; no price data found  (1d 1927-10-10 -> 2026-09-15)
$BTUUQ: possibly delisted; no price data found  (1d 2007-12-23 -> 2008-01-03)

1 Failed download:
['BTUUQ']: possibly delisted; no price data found  (1d 2007-12-23 -> 2008-01-03)
$BRCM: possibly delisted; no price data found  (1d 2007-12-23 -> 2008-01-03)

1 Failed download:
['BRCM']: possibly delisted; no price data found  (1d 2007-12-23 -> 2008-01-03)
$CA: possibly delisted; no timezone found
$CA: possibly delisted; no timezone found

1 Failed download:
['CA']: possibly delisted; no timezone found
$BUD: Data doesn't exist for startDate = 1198386000, endDate = 1199336400

1 Failed download:
['BUD']: Data doesn't exist for startDate = 1198386000, endDate = 1199336400
$CBS: possibly delisted; no timezone found
$CBH: possibly delisted; no timezone found
$CBS: possibly delisted; no timezone found

1 Failed download:
['CBS']: possibly delisted; no timezone found
$CBH: possibly delisted; no timezone found

1 Failed download:
['CBH']: possibly delisted; no timezone found
$CCE: possibly delisted; no price data found  (1d 1927-10-10 -> 2026-09-15)
$CCE: possibly delisted; no price data found  (1d 2007-12-23 -> 2008-01-03)

1 Failed download:
['CCE']: possibly delisted; no price data found  (1d 2007-12-23 -> 2008-01-03)
$CELG: possibly delisted; no timezone found
$CELG: possibly delisted; no timezone found

1 Failed download:
['CELG']: possibly delisted; no timezone found
$CEG: Data doesn't exist for startDate = 1198386000, endDate = 1642482000

1 Failed download:
['CEG']: Data doesn't exist for startDate = 1198386000, endDate = 1642482000
$CHK: possibly delisted; no timezone found
$CHK: possibly delisted; no timezone found

1 Failed download:
['CHK']: possibly delisted; no timezone found
$CMA: possibly delisted; no timezone found
$CMA: possibly delisted; no timezone found

1 Failed download:
['CMA']: possibly delisted; no timezone found
$COL: possibly delisted; no price data found  (1d 2007-12-23 -> 2012-08-01)

1 Failed download:
['COL']: possibly delisted; no price data found  (1d 2007-12-23 -> 2012-08-01)
$CTL: possibly delisted; no timezone found
$CTL: possibly delisted; no timezone found

1 Failed download:
['CTL']: possibly delisted; no timezone found
$CTXS: possibly delisted; no timezone found
$CTXS: possibly delisted; no timezone found

1 Failed download:
['CTXS']: possibly delisted; no timezone found
$DDR: possibly delisted; no price data found  (1d 1927-10-10 -> 2026-09-15)
$DDR: possibly delisted; no price data found  (1d 2007-12-23 -> 2008-01-03)

1 Failed download:
['DDR']: possibly delisted; no price data found  (1d 2007-12-23 -> 2008-01-03)
$DF: possibly delisted; no timezone found
$DF: possibly delisted; no timezone found

1 Failed download:
['DF']: possibly delisted; no timezone found
$DFS: possibly delisted; no timezone found
$DFS: possibly delisted; no timezone found

1 Failed download:
['DFS']: possibly delisted; no timezone found
$DELL: Data doesn't exist for startDate = 1198386000, endDate = 1471320000

1 Failed download:
['DELL']: Data doesn't exist for startDate = 1198386000, endDate = 1471320000
$DTV: possibly delisted; no timezone found
$DTV: possibly delisted; no timezone found

1 Failed download:
['DTV']: possibly delisted; no timezone found
$DOW: Data doesn't exist for startDate = 1198386000, endDate = 1552968000

1 Failed download:
['DOW']: Data doesn't exist for startDate = 1198386000, endDate = 1552968000
$DYN: Data doesn't exist for startDate = 1198386000, endDate = 1199336400
$EA: Data doesn't exist for startDate = 1198386000, endDate = 1784174400

1 Failed download:
['EA']: Data doesn't exist for startDate = 1198386000, endDate = 1784174400

1 Failed download:
['DYN']: Data doesn't exist for startDate = 1198386000, endDate = 1199336400
$EMC: Data doesn't exist for startDate = 1198386000, endDate = 1199336400

1 Failed download:
['EMC']: Data doesn't exist for startDate = 1198386000, endDate = 1199336400
$ETFC: possibly delisted; no timezone found
$ESV: possibly delisted; no timezone found
$EQR: Data doesn't exist for startDate = 1198386000, endDate = 1784174400

1 Failed download:
['EQR']: Data doesn't exist for startDate = 1198386000, endDate = 1784174400
$ETFC: possibly delisted; no timezone found

1 Failed download:
['ETFC']: possibly delisted; no timezone found
$ESV: possibly delisted; no timezone found

1 Failed download:
['ESV']: possibly delisted; no timezone found
$EQ: Data doesn't exist for startDate = 1198386000, endDate = 1199336400

1 Failed download:
['EQ']: Data doesn't exist for startDate = 1198386000, endDate = 1199336400
$EXPD: possibly delisted; no price data found  (1d 2007-12-23 -> 2007-12-23)

1 Failed download:
['EXPD']: possibly delisted; no price data found  (1d 2007-12-23 -> 2007-12-23)
$FII: possibly delisted; no timezone found
$EXPE: possibly delisted; no price data found  (1d 2007-12-23 -> 2007-12-23)

1 Failed download:
['EXPE']: possibly delisted; no price data found  (1d 2007-12-23 -> 2007-12-23)
$FII: possibly delisted; no timezone found

1 Failed download:
['FII']: possibly delisted; no timezone found
$GAS: possibly delisted; no price data found  (1d 1927-10-10 -> 2026-09-15)
$FRX: possibly delisted; no timezone found
$FTR: possibly delisted; no timezone found
$GAS: Data doesn't exist for startDate = 1198386000, endDate = 1199336400
$FRX: possibly delisted; no timezone found

1 Failed download:
['GAS']: Data doesn't exist for startDate = 1198386000, endDate = 1199336400
$FTR: possibly delisted; no timezone found
$FOXA: Data doesn't exist for startDate = 1198386000, endDate = 1552276800

1 Failed download:
['FTR']: possibly delisted; no timezone found

1 Failed download:
['FRX']: possibly delisted; no timezone found
$GGP: possibly delisted; no price data found  (1d 1927-10-10 -> 2026-09-15)

1 Failed download:
['FOXA']: Data doesn't exist for startDate = 1198386000, endDate = 1552276800
$GGP: possibly delisted; no price data found  (1d 2007-12-23 -> 2008-01-03)

1 Failed download:
['GGP']: possibly delisted; no price data found  (1d 2007-12-23 -> 2008-01-03)
$GPS: possibly delisted; no timezone found
$GME: possibly delisted; no price data found  (1d 2007-12-23 -> 2007-12-23)
$GPS: possibly delisted; no timezone found

1 Failed download:
['GME']: possibly delisted; no price data found  (1d 2007-12-23 -> 2007-12-23)

1 Failed download:
['GPS']: possibly delisted; no timezone found
$HAR: possibly delisted; no price data found  (1d 1927-10-10 -> 2026-09-15)
$GHC: possibly delisted; no price data found  (1d 2007-12-23 -> 2007-12-23)

1 Failed download:
['GHC']: possibly delisted; no price data found  (1d 2007-12-23 -> 2007-12-23)
$HCBK: possibly delisted; no price data found  (1d 1927-10-10 -> 2026-09-15)
$HAR: Data doesn't exist for startDate = 1198386000, endDate = 1199336400

1 Failed download:
['HAR']: Data doesn't exist for startDate = 1198386000, endDate = 1199336400
$HCBK: possibly delisted; no price data found  (1d 2007-12-23 -> 2008-01-03)

1 Failed download:
['HCBK']: possibly delisted; no price data found  (1d 2007-12-23 -> 2008-01-03)
$HES: possibly delisted; no timezone found
$HES: possibly delisted; no timezone found

1 Failed download:
['HES']: possibly delisted; no timezone found
$HSP: possibly delisted; no price data found  (1d 1927-10-10 -> 2026-09-15)
$HSP: possibly delisted; no price data found  (1d 2007-12-23 -> 2008-01-03)

1 Failed download:
['HSP']: possibly delisted; no price data found  (1d 2007-12-23 -> 2008-01-03)
$HOT: possibly delisted; no price data found  (1d 2007-12-23 -> 2015-01-01)

1 Failed download:
['HOT']: possibly delisted; no price data found  (1d 2007-12-23 -> 2015-01-01)
$IAC: possibly delisted; no timezone found
$IAC: possibly delisted; no timezone found

1 Failed download:
['IAC']: possibly delisted; no timezone found
$IGT: possibly delisted; no timezone found
$IGT: possibly delisted; no timezone found

1 Failed download:
['IGT']: possibly delisted; no timezone found
$ICE: possibly delisted; no price data found  (1d 2007-12-23 -> 2007-12-23)

1 Failed download:
['ICE']: possibly delisted; no price data found  (1d 2007-12-23 -> 2007-12-23)
$IPG: possibly delisted; no timezone found
$IPG: possibly delisted; no timezone found

1 Failed download:
['IPG']: possibly delisted; no timezone found
$IR: Data doesn't exist for startDate = 1198386000, endDate = 1494475200

1 Failed download:
['IR']: Data doesn't exist for startDate = 1198386000, endDate = 1494475200
$JEC: possibly delisted; no timezone found
$JCP: possibly delisted; no timezone found
$JEC: possibly delisted; no timezone found
$JCP: possibly delisted; no timezone found

1 Failed download:
['JEC']: possibly delisted; no timezone found

1 Failed download:
['JCP']: possibly delisted; no timezone found
$JNS: possibly delisted; no price data found  (1d 1927-10-10 -> 2026-09-15)
$KATE: possibly delisted; no price data found  (1d 1927-10-10 -> 2026-09-15)
$JWN: possibly delisted; no timezone found
$K: possibly delisted; no timezone found
$KATE: possibly delisted; no price data found  (1d 2007-12-23 -> 2008-01-03)

1 Failed download:
['KATE']: possibly delisted; no price data found  (1d 2007-12-23 -> 2008-01-03)
$JNPR: possibly delisted; no timezone found
$JNS: possibly delisted; no price data found  (1d 2007-12-23 -> 2008-01-03)
$JWN: possibly delisted; no timezone found
$K: possibly delisted; no timezone found
$JNPR: possibly delisted; no timezone found

1 Failed download:

1 Failed download:
['JWN']: possibly delisted; no timezone found
['JNS']: possibly delisted; no price data found  (1d 2007-12-23 -> 2008-01-03)

1 Failed download:
['JNPR']: possibly delisted; no timezone found

1 Failed download:
['K']: possibly delisted; no timezone found
$JEF: possibly delisted; no price data found  (1d 2007-12-23 -> 2007-12-23)

1 Failed download:
['JEF']: possibly delisted; no price data found  (1d 2007-12-23 -> 2007-12-23)
$KG: Data doesn't exist for startDate = 1198386000, endDate = 1209960000

1 Failed download:
['KG']: Data doesn't exist for startDate = 1198386000, endDate = 1209960000
$LLTC: possibly delisted; no price data found  (1d 1927-10-10 -> 2026-09-15)
$LEG: Data doesn't exist for startDate = 1198386000, endDate = 1199336400

1 Failed download:
['LEG']: Data doesn't exist for startDate = 1198386000, endDate = 1199336400
$LM: possibly delisted; no timezone found
$LB: Data doesn't exist for startDate = 1198386000, endDate = 1199336400
$LLL: possibly delisted; no timezone found
$LM: possibly delisted; no timezone found

1 Failed download:
['LM']: possibly delisted; no timezone found

1 Failed download:
['LB']: Data doesn't exist for startDate = 1198386000, endDate = 1199336400
$LLL: possibly delisted; no timezone found

1 Failed download:
['LLL']: possibly delisted; no timezone found
$LLTC: possibly delisted; no price data found  (1d 2007-12-23 -> 2008-01-03)

1 Failed download:
['LLTC']: possibly delisted; no price data found  (1d 2007-12-23 -> 2008-01-03)
$LSI: possibly delisted; no timezone found
$LSI: possibly delisted; no timezone found
$LXK: possibly delisted; no price data found  (1d 1927-10-10 -> 2026-09-15)

1 Failed download:
['LSI']: possibly delisted; no timezone found
$LXK: possibly delisted; no price data found  (1d 2007-12-23 -> 2008-01-03)

1 Failed download:
['LXK']: possibly delisted; no price data found  (1d 2007-12-23 -> 2008-01-03)
$MDP: possibly delisted; no timezone found
$MDP: possibly delisted; no timezone found

1 Failed download:
['MDP']: possibly delisted; no timezone found
$MIL: possibly delisted; no price data found  (1d 1927-10-10 -> 2026-09-15)
$MIL: possibly delisted; no price data found  (1d 2007-12-23 -> 2008-01-03)

1 Failed download:
['MIL']: possibly delisted; no price data found  (1d 2007-12-23 -> 2008-01-03)
$MMC: possibly delisted; no timezone found
$MI: Data doesn't exist for startDate = 1198386000, endDate = 1199336400

1 Failed download:
['MI']: Data doesn't exist for startDate = 1198386000, endDate = 1199336400
$MMC: possibly delisted; no timezone found

1 Failed download:
['MMC']: possibly delisted; no timezone found
$MCHP: possibly delisted; no price data found  (1d 2007-12-23 -> 2007-12-23)

1 Failed download:
['MCHP']: possibly delisted; no price data found  (1d 2007-12-23 -> 2007-12-23)
$MRO: possibly delisted; no timezone found
$MON: possibly delisted; no timezone found
$MRO: possibly delisted; no timezone found

1 Failed download:
$MON: possibly delisted; no timezone found
['MRO']: possibly delisted; no timezone found

1 Failed download:
['MON']: possibly delisted; no timezone found
$MWW: possibly delisted; no price data found  (1d 1927-10-10 -> 2026-09-15)
$MYL: possibly delisted; no timezone found
$MWW: possibly delisted; no price data found  (1d 2007-12-23 -> 2008-01-03)

1 Failed download:
['MWW']: possibly delisted; no price data found  (1d 2007-12-23 -> 2008-01-03)
$MYL: possibly delisted; no timezone found

1 Failed download:
['MYL']: possibly delisted; no timezone found
$NBL: possibly delisted; no timezone found
$NBL: possibly delisted; no timezone found
$MTW: possibly delisted; no price data found  (1d 2007-12-23 -> 2007-12-23)

1 Failed download:
['NBL']: possibly delisted; no timezone found

1 Failed download:
['MTW']: possibly delisted; no price data found  (1d 2007-12-23 -> 2007-12-23)
$NE: Data doesn't exist for startDate = 1198386000, endDate = 1199336400

1 Failed download:
['NE']: Data doesn't exist for startDate = 1198386000, endDate = 1199336400
$NSM: Data doesn't exist for startDate = 1198386000, endDate = 1199336400

1 Failed download:
['NSM']: Data doesn't exist for startDate = 1198386000, endDate = 1199336400
$NVLS: possibly delisted; no price data found  (1d 1927-10-10 -> 2026-09-15)
$NVLS: possibly delisted; no price data found  (1d 2007-12-23 -> 2008-01-03)

1 Failed download:
['NVLS']: possibly delisted; no price data found  (1d 2007-12-23 -> 2008-01-03)
$ODP: possibly delisted; no timezone found
$ODP: possibly delisted; no timezone found

1 Failed download:
['ODP']: possibly delisted; no timezone found
$PCP: possibly delisted; no price data found  (1d 1927-10-10 -> 2026-09-15)
$PDCO: possibly delisted; no timezone found
$PCP: Data doesn't exist for startDate = 1198386000, endDate = 1199336400

1 Failed download:
['PCP']: Data doesn't exist for startDate = 1198386000, endDate = 1199336400
$PCL: Data doesn't exist for startDate = 1198386000, endDate = 1199336400

1 Failed download:
['PCL']: Data doesn't exist for startDate = 1198386000, endDate = 1199336400
$PDCO: possibly delisted; no timezone found

1 Failed download:
['PDCO']: possibly delisted; no timezone found
$PGN: possibly delisted; no price data found  (1d 1927-10-10 -> 2026-09-15)
$PGN: possibly delisted; no price data found  (1d 2007-12-23 -> 2008-01-03)

1 Failed download:
['PGN']: possibly delisted; no price data found  (1d 2007-12-23 -> 2008-01-03)
$PKI: possibly delisted; no timezone found
$PKI: possibly delisted; no timezone found

1 Failed download:
['PKI']: possibly delisted; no timezone found
$PLL: possibly delisted; no timezone found
$PLL: possibly delisted; no timezone found

1 Failed download:
['PLL']: possibly delisted; no timezone found
$PX: possibly delisted; no timezone found
$POM: Data doesn't exist for startDate = 1198386000, endDate = 1199336400

1 Failed download:
['POM']: Data doesn't exist for startDate = 1198386000, endDate = 1199336400
$PX: possibly delisted; no timezone found

1 Failed download:
['PX']: possibly delisted; no timezone found
$QLGC: possibly delisted; no price data found  (1d 1927-10-10 -> 2026-09-15)
$RAI: possibly delisted; no price data found  (1d 1927-10-10 -> 2026-09-15)
$QLGC: possibly delisted; no price data found  (1d 2007-12-23 -> 2008-01-03)

1 Failed download:
['QLGC']: possibly delisted; no price data found  (1d 2007-12-23 -> 2008-01-03)
$Q: Data doesn't exist for startDate = 1198386000, endDate = 1761451200

1 Failed download:
['Q']: Data doesn't exist for startDate = 1198386000, endDate = 1761451200
$RDC: possibly delisted; no timezone found
$RAI: possibly delisted; no price data found  (1d 2007-12-23 -> 2008-01-03)
$RDC: possibly delisted; no timezone found

1 Failed download:
['RAI']: possibly delisted; no price data found  (1d 2007-12-23 -> 2008-01-03)

1 Failed download:
['RDC']: possibly delisted; no timezone found
$RRD: possibly delisted; no timezone found
$RRD: possibly delisted; no timezone found

1 Failed download:
['RRD']: possibly delisted; no timezone found
$RTN: possibly delisted; no timezone found
$RRC: possibly delisted; no price data found  (1d 2007-12-23 -> 2007-12-23)

1 Failed download:
['RRC']: possibly delisted; no price data found  (1d 2007-12-23 -> 2007-12-23)
$SEE: possibly delisted; no timezone found
$S: Data doesn't exist for startDate = 1198386000, endDate = 1199336400
$RTN: possibly delisted; no timezone found

1 Failed download:
['S']: Data doesn't exist for startDate = 1198386000, endDate = 1199336400

1 Failed download:
['RTN']: possibly delisted; no timezone found
$SIAL: possibly delisted; no price data found  (1d 1927-10-10 -> 2026-09-15)
$SGP: Data doesn't exist for startDate = 1198386000, endDate = 1199336400
$SE: Data doesn't exist for startDate = 1198386000, endDate = 1199336400

1 Failed download:
['SGP']: Data doesn't exist for startDate = 1198386000, endDate = 1199336400
$SEE: possibly delisted; no timezone found

1 Failed download:
['SEE']: possibly delisted; no timezone found

1 Failed download:
['SE']: Data doesn't exist for startDate = 1198386000, endDate = 1199336400
$SIAL: possibly delisted; no price data found  (1d 2007-12-23 -> 2008-01-03)

1 Failed download:
['SIAL']: possibly delisted; no price data found  (1d 2007-12-23 -> 2008-01-03)
$SHLD: Data doesn't exist for startDate = 1198386000, endDate = 1199336400

1 Failed download:
['SHLD']: Data doesn't exist for startDate = 1198386000, endDate = 1199336400
$SII: Data doesn't exist for startDate = 1198386000, endDate = 1199336400

1 Failed download:
['SII']: Data doesn't exist for startDate = 1198386000, endDate = 1199336400
$SNDK: Data doesn't exist for startDate = 1198386000, endDate = 1739336400

1 Failed download:
['SNDK']: Data doesn't exist for startDate = 1198386000, endDate = 1739336400
$STJ: possibly delisted; no price data found  (1d 1927-10-10 -> 2026-09-15)
$SUNEQ: possibly delisted; no price data found  (1d 1927-10-10 -> 2026-09-15)
$STR: possibly delisted; no timezone found
$SPLS: Data doesn't exist for startDate = 1198386000, endDate = 1199336400

1 Failed download:
['SPLS']: Data doesn't exist for startDate = 1198386000, endDate = 1199336400
$STI: Data doesn't exist for startDate = 1198386000, endDate = 1199336400

1 Failed download:
['STI']: Data doesn't exist for startDate = 1198386000, endDate = 1199336400
$SUNEQ: possibly delisted; no price data found  (1d 2007-12-23 -> 2008-01-03)
$STR: possibly delisted; no timezone found

1 Failed download:
['SUNEQ']: possibly delisted; no price data found  (1d 2007-12-23 -> 2008-01-03)

1 Failed download:
['STR']: possibly delisted; no timezone found
$SUN: Data doesn't exist for startDate = 1198386000, endDate = 1199336400

1 Failed download:
['SUN']: Data doesn't exist for startDate = 1198386000, endDate = 1199336400
$STJ: possibly delisted; no price data found  (1d 2007-12-23 -> 2008-01-03)

1 Failed download:
['STJ']: possibly delisted; no price data found  (1d 2007-12-23 -> 2008-01-03)
$SYMC: possibly delisted; no timezone found
$SYMC: possibly delisted; no timezone found

1 Failed download:
['SYMC']: possibly delisted; no timezone found
$TE: Data doesn't exist for startDate = 1198386000, endDate = 1199336400

1 Failed download:
['TE']: Data doesn't exist for startDate = 1198386000, endDate = 1199336400
$TDC: possibly delisted; no price data found  (1d 2007-12-23 -> 2007-12-23)

1 Failed download:
['TDC']: possibly delisted; no price data found  (1d 2007-12-23 -> 2007-12-23)
$TIF: possibly delisted; no timezone found
$TGNA: possibly delisted; no timezone found
$TIF: possibly delisted; no timezone found

1 Failed download:
['TIF']: possibly delisted; no timezone found
$TGNA: possibly delisted; no timezone found

1 Failed download:
['TGNA']: possibly delisted; no timezone found
$TMK: possibly delisted; no timezone found
$TMK: possibly delisted; no timezone found

1 Failed download:
['TMK']: possibly delisted; no timezone found
$TSS: possibly delisted; no timezone found
$TSS: possibly delisted; no timezone found

1 Failed download:
['TSS']: possibly delisted; no timezone found
$VAR: possibly delisted; no timezone found
$VAR: possibly delisted; no timezone found

1 Failed download:
['VAR']: possibly delisted; no timezone found
$UTX: possibly delisted; no timezone found
$UTX: possibly delisted; no timezone found

1 Failed download:
['UTX']: possibly delisted; no timezone found
$VIAB: possibly delisted; no timezone found
$VIAB: possibly delisted; no timezone found

1 Failed download:
['VIAB']: possibly delisted; no timezone found
$WBA: possibly delisted; no timezone found
$WBA: possibly delisted; no timezone found

1 Failed download:
['WBA']: possibly delisted; no timezone found
$WB: Data doesn't exist for startDate = 1198386000, endDate = 1199336400

1 Failed download:
['WB']: Data doesn't exist for startDate = 1198386000, endDate = 1199336400
$WFM: possibly delisted; no price data found  (1d 1927-10-10 -> 2026-09-15)
$WIN: possibly delisted; no timezone found
$WFT: possibly delisted; no timezone found
$WIN: possibly delisted; no timezone found
$WFT: possibly delisted; no timezone found

1 Failed download:
['WIN']: possibly delisted; no timezone found

1 Failed download:
['WFT']: possibly delisted; no timezone found
$WFM: possibly delisted; no price data found  (1d 2007-12-23 -> 2008-01-03)

1 Failed download:
['WFM']: possibly delisted; no price data found  (1d 2007-12-23 -> 2008-01-03)
$WYND: possibly delisted; no timezone found
$X: possibly delisted; no timezone found
$WYND: possibly delisted; no timezone found
$X: possibly delisted; no timezone found

1 Failed download:
['X']: possibly delisted; no timezone found

1 Failed download:
['WYND']: possibly delisted; no timezone found
$XL: possibly delisted; no timezone found
$XL: possibly delisted; no timezone found

1 Failed download:
['XL']: possibly delisted; no timezone found
$XLNX: possibly delisted; no timezone found
$XLNX: possibly delisted; no timezone found

1 Failed download:
['XLNX']: possibly delisted; no timezone found
$APD: possibly delisted; no price data found  (1d 2006-01-02 -> 2006-01-02)
$SO: possibly delisted; no price data found  (1d 2006-01-02 -> 2006-01-02)

1 Failed download:
['SO']: possibly delisted; no price data found  (1d 2006-01-02 -> 2006-01-02)

1 Failed download:
['APD']: possibly delisted; no price data found  (1d 2006-01-02 -> 2006-01-02)
[h11]     [3/6] 2008-01-02: picks=['AAPL', 'AMZN', 'SLB'] (pool=40, 후보=35, 48.4s)
$ACAS: possibly delisted; no price data found  (1d 1927-10-10 -> 2026-09-15)
$AABA: possibly delisted; no timezone found
$ABC: possibly delisted; no timezone found
$AABA: possibly delisted; no timezone found
$ACAS: possibly delisted; no price data found  (1d 2008-06-21 -> 2008-07-02)

1 Failed download:
['AABA']: possibly delisted; no timezone found

1 Failed download:
['ACAS']: possibly delisted; no price data found  (1d 2008-06-21 -> 2008-07-02)
$ABC: possibly delisted; no timezone found

1 Failed download:
['ABC']: possibly delisted; no timezone found
$AGN: possibly delisted; no timezone found
$AGN: possibly delisted; no timezone found

1 Failed download:
['AGN']: possibly delisted; no timezone found
$AKS: possibly delisted; no timezone found
$ALTR: possibly delisted; no timezone found
$AKS: possibly delisted; no timezone found

1 Failed download:
['AKS']: possibly delisted; no timezone found
$ALTR: possibly delisted; no timezone found

1 Failed download:
['ALTR']: possibly delisted; no timezone found
$ANTM: possibly delisted; no timezone found
$ANTM: possibly delisted; no timezone found

1 Failed download:
['ANTM']: possibly delisted; no timezone found
$APOL: possibly delisted; no price data found  (1d 1927-10-10 -> 2026-09-15)
$APOL: possibly delisted; no price data found  (1d 2008-06-21 -> 2008-07-02)

1 Failed download:
['APOL']: possibly delisted; no price data found  (1d 2008-06-21 -> 2008-07-02)
$APC: Data doesn't exist for startDate = 1214020800, endDate = 1214971200

1 Failed download:
['APC']: Data doesn't exist for startDate = 1214020800, endDate = 1214971200
$ARNC: possibly delisted; no timezone found
$ARNC: possibly delisted; no timezone found

1 Failed download:
['ARNC']: possibly delisted; no timezone found
$AVB: Data doesn't exist for startDate = 1214020800, endDate = 1784174400

1 Failed download:
['AVB']: Data doesn't exist for startDate = 1214020800, endDate = 1784174400
$AVP: possibly delisted; no timezone found
$AVP: possibly delisted; no timezone found

1 Failed download:
['AVP']: possibly delisted; no timezone found
$BCR: possibly delisted; no price data found  (1d 1927-10-10 -> 2026-09-15)
$BCR: possibly delisted; no price data found  (1d 2008-06-21 -> 2008-07-02)

1 Failed download:
['BCR']: possibly delisted; no price data found  (1d 2008-06-21 -> 2008-07-02)
$BBBY: Data doesn't exist for startDate = 1214020800, endDate = 1214971200

1 Failed download:
['BBBY']: Data doesn't exist for startDate = 1214020800, endDate = 1214971200
$BHGE: possibly delisted; no timezone found
$BEAM: Data doesn't exist for startDate = 1214020800, endDate = 1214971200

1 Failed download:
['BEAM']: Data doesn't exist for startDate = 1214020800, endDate = 1214971200
$BHGE: possibly delisted; no timezone found

1 Failed download:
['BHGE']: possibly delisted; no timezone found
$BIG: possibly delisted; no timezone found
$BIG: possibly delisted; no timezone found

1 Failed download:
['BIG']: possibly delisted; no timezone found
$BLL: possibly delisted; no timezone found
$BLL: possibly delisted; no timezone found
$BK: possibly delisted; no timezone found
$BK: possibly delisted; no timezone found

1 Failed download:
['BLL']: possibly delisted; no timezone found

1 Failed download:
['BK']: possibly delisted; no timezone found
$BRCM: possibly delisted; no price data found  (1d 1927-10-10 -> 2026-09-15)
$BTUUQ: possibly delisted; no price data found  (1d 1927-10-10 -> 2026-09-15)
$BRCM: possibly delisted; no price data found  (1d 2008-06-21 -> 2008-07-02)

1 Failed download:
['BRCM']: possibly delisted; no price data found  (1d 2008-06-21 -> 2008-07-02)
$BTUUQ: possibly delisted; no price data found  (1d 2008-06-21 -> 2008-07-02)

1 Failed download:
['BTUUQ']: possibly delisted; no price data found  (1d 2008-06-21 -> 2008-07-02)
$CA: possibly delisted; no timezone found
$BUD: Data doesn't exist for startDate = 1214020800, endDate = 1214971200
$CAM: Data doesn't exist for startDate = 1214020800, endDate = 1214971200
$CA: possibly delisted; no timezone found

1 Failed download:
['BUD']: Data doesn't exist for startDate = 1214020800, endDate = 1214971200

1 Failed download:

1 Failed download:
['CA']: possibly delisted; no timezone found
['CAM']: Data doesn't exist for startDate = 1214020800, endDate = 1214971200
$CCE: possibly delisted; no price data found  (1d 1927-10-10 -> 2026-09-15)
$CBS: possibly delisted; no timezone found
$CBS: possibly delisted; no timezone found

1 Failed download:
['CBS']: possibly delisted; no timezone found
$CCE: possibly delisted; no price data found  (1d 2008-06-21 -> 2008-07-02)

1 Failed download:
['CCE']: possibly delisted; no price data found  (1d 2008-06-21 -> 2008-07-02)
$CHK: possibly delisted; no timezone found
$CHK: possibly delisted; no timezone found
$CELG: possibly delisted; no timezone found
$CELG: possibly delisted; no timezone found

1 Failed download:
['CHK']: possibly delisted; no timezone found

1 Failed download:
['CELG']: possibly delisted; no timezone found
$CMA: possibly delisted; no timezone found
$CMA: possibly delisted; no timezone found
$CEG: Data doesn't exist for startDate = 1214020800, endDate = 1642482000

1 Failed download:
['CMA']: possibly delisted; no timezone found

1 Failed download:
['CEG']: Data doesn't exist for startDate = 1214020800, endDate = 1642482000
$COG: possibly delisted; no timezone found
$COG: possibly delisted; no timezone found

1 Failed download:
['COG']: possibly delisted; no timezone found
$COL: possibly delisted; no price data found  (1d 2008-06-21 -> 2012-08-01)

1 Failed download:
['COL']: possibly delisted; no price data found  (1d 2008-06-21 -> 2012-08-01)
$CTL: possibly delisted; no timezone found
$CTL: possibly delisted; no timezone found

1 Failed download:
['CTL']: possibly delisted; no timezone found
$CTXS: possibly delisted; no timezone found
$CTXS: possibly delisted; no timezone found

1 Failed download:
['CTXS']: possibly delisted; no timezone found
$DDR: possibly delisted; no price data found  (1d 1927-10-10 -> 2026-09-15)
$DDR: possibly delisted; no price data found  (1d 2008-06-21 -> 2008-07-02)

1 Failed download:
['DDR']: possibly delisted; no price data found  (1d 2008-06-21 -> 2008-07-02)
$DF: possibly delisted; no timezone found
$DFS: possibly delisted; no timezone found
$DF: possibly delisted; no timezone found
$DFS: possibly delisted; no timezone found

1 Failed download:
['DFS']: possibly delisted; no timezone found

1 Failed download:
['DF']: possibly delisted; no timezone found
$DELL: Data doesn't exist for startDate = 1214020800, endDate = 1471320000

1 Failed download:
['DELL']: Data doesn't exist for startDate = 1214020800, endDate = 1471320000
$DTV: possibly delisted; no timezone found
$DOW: Data doesn't exist for startDate = 1214020800, endDate = 1552968000

1 Failed download:
['DOW']: Data doesn't exist for startDate = 1214020800, endDate = 1552968000
$DTV: possibly delisted; no timezone found

1 Failed download:
['DTV']: possibly delisted; no timezone found
$DYN: Data doesn't exist for startDate = 1214020800, endDate = 1214971200

1 Failed download:
['DYN']: Data doesn't exist for startDate = 1214020800, endDate = 1214971200
$EA: Data doesn't exist for startDate = 1214020800, endDate = 1784174400

1 Failed download:
['EA']: Data doesn't exist for startDate = 1214020800, endDate = 1784174400
$EMC: Data doesn't exist for startDate = 1214020800, endDate = 1214971200

1 Failed download:
['EMC']: Data doesn't exist for startDate = 1214020800, endDate = 1214971200
$EQ: Data doesn't exist for startDate = 1214020800, endDate = 1214971200

1 Failed download:
['EQ']: Data doesn't exist for startDate = 1214020800, endDate = 1214971200
$ESV: possibly delisted; no timezone found
$ESV: possibly delisted; no timezone found

1 Failed download:
['ESV']: possibly delisted; no timezone found
$ETFC: possibly delisted; no timezone found
$ETFC: possibly delisted; no timezone found

1 Failed download:
['ETFC']: possibly delisted; no timezone found
$EQR: Data doesn't exist for startDate = 1214020800, endDate = 1784174400

1 Failed download:
['EQR']: Data doesn't exist for startDate = 1214020800, endDate = 1784174400
$FII: possibly delisted; no timezone found
$FII: possibly delisted; no timezone found

1 Failed download:
['FII']: possibly delisted; no timezone found
$FRX: possibly delisted; no timezone found
$FTR: possibly delisted; no timezone found
$GAS: possibly delisted; no price data found  (1d 1927-10-10 -> 2026-09-15)
$FRX: possibly delisted; no timezone found

1 Failed download:
['FRX']: possibly delisted; no timezone found
$FTR: possibly delisted; no timezone found

1 Failed download:
['FTR']: possibly delisted; no timezone found
$GGP: possibly delisted; no price data found  (1d 1927-10-10 -> 2026-09-15)
$GAS: Data doesn't exist for startDate = 1214020800, endDate = 1214971200

1 Failed download:
['GAS']: Data doesn't exist for startDate = 1214020800, endDate = 1214971200
$FOXA: Data doesn't exist for startDate = 1214020800, endDate = 1552276800

1 Failed download:
['FOXA']: Data doesn't exist for startDate = 1214020800, endDate = 1552276800
$GGP: possibly delisted; no price data found  (1d 2008-06-21 -> 2008-07-02)

1 Failed download:
['GGP']: possibly delisted; no price data found  (1d 2008-06-21 -> 2008-07-02)
$GPS: possibly delisted; no timezone found
$GPS: possibly delisted; no timezone found

1 Failed download:
['GPS']: possibly delisted; no timezone found
$HAR: possibly delisted; no price data found  (1d 1927-10-10 -> 2026-09-15)
$HCBK: possibly delisted; no price data found  (1d 1927-10-10 -> 2026-09-15)
$HCBK: possibly delisted; no price data found  (1d 2008-06-21 -> 2008-07-02)

1 Failed download:
['HCBK']: possibly delisted; no price data found  (1d 2008-06-21 -> 2008-07-02)
$HAR: Data doesn't exist for startDate = 1214020800, endDate = 1214971200

1 Failed download:
$HCP: possibly delisted; no timezone found
['HAR']: Data doesn't exist for startDate = 1214020800, endDate = 1214971200
$HCP: possibly delisted; no timezone found

1 Failed download:
['HCP']: possibly delisted; no timezone found
$HES: possibly delisted; no timezone found
$HES: possibly delisted; no timezone found

1 Failed download:
['HES']: possibly delisted; no timezone found
$HSP: possibly delisted; no price data found  (1d 1927-10-10 -> 2026-09-15)
$HOT: possibly delisted; no price data found  (1d 2008-06-21 -> 2015-01-01)
$HSP: possibly delisted; no price data found  (1d 2008-06-21 -> 2008-07-02)

1 Failed download:
['HOT']: possibly delisted; no price data found  (1d 2008-06-21 -> 2015-01-01)

1 Failed download:
['HSP']: possibly delisted; no price data found  (1d 2008-06-21 -> 2008-07-02)
$IAC: possibly delisted; no timezone found
$IAC: possibly delisted; no timezone found

1 Failed download:
['IAC']: possibly delisted; no timezone found
$IGT: possibly delisted; no timezone found
$IGT: possibly delisted; no timezone found

1 Failed download:
['IGT']: possibly delisted; no timezone found
$IPG: possibly delisted; no timezone found
$IPG: possibly delisted; no timezone found

1 Failed download:
['IPG']: possibly delisted; no timezone found
$JCP: possibly delisted; no timezone found
$IR: Data doesn't exist for startDate = 1214020800, endDate = 1494475200

1 Failed download:
['IR']: Data doesn't exist for startDate = 1214020800, endDate = 1494475200
$ISRG: possibly delisted; no price data found  (1d 2008-06-21 -> 2008-06-22)

1 Failed download:
['ISRG']: possibly delisted; no price data found  (1d 2008-06-21 -> 2008-06-22)
$JCP: possibly delisted; no timezone found

1 Failed download:
['JCP']: possibly delisted; no timezone found
$JEC: possibly delisted; no timezone found
$JEC: possibly delisted; no timezone found

1 Failed download:
['JEC']: possibly delisted; no timezone found
$JNS: possibly delisted; no price data found  (1d 1927-10-10 -> 2026-09-15)
$KATE: possibly delisted; no price data found  (1d 1927-10-10 -> 2026-09-15)
$JNS: possibly delisted; no price data found  (1d 2008-06-21 -> 2008-07-02)

1 Failed download:
['JNS']: possibly delisted; no price data found  (1d 2008-06-21 -> 2008-07-02)
$JNPR: possibly delisted; no timezone found
$JNPR: possibly delisted; no timezone found

1 Failed download:
['JNPR']: possibly delisted; no timezone found
$JWN: possibly delisted; no timezone found
$K: possibly delisted; no timezone found
$JWN: possibly delisted; no timezone found
$KATE: possibly delisted; no price data found  (1d 2008-06-21 -> 2008-07-02)

1 Failed download:
['JWN']: possibly delisted; no timezone found

1 Failed download:
['KATE']: possibly delisted; no price data found  (1d 2008-06-21 -> 2008-07-02)
$K: possibly delisted; no timezone found

1 Failed download:
['K']: possibly delisted; no timezone found
$LEG: Data doesn't exist for startDate = 1214020800, endDate = 1214971200
$LB: Data doesn't exist for startDate = 1214020800, endDate = 1214971200

1 Failed download:
['LEG']: Data doesn't exist for startDate = 1214020800, endDate = 1214971200

1 Failed download:
['LB']: Data doesn't exist for startDate = 1214020800, endDate = 1214971200
$LLTC: possibly delisted; no price data found  (1d 1927-10-10 -> 2026-09-15)
$LM: possibly delisted; no timezone found
$LM: possibly delisted; no timezone found
$LLL: possibly delisted; no timezone found
$LLL: possibly delisted; no timezone found

1 Failed download:
['LM']: possibly delisted; no timezone found

1 Failed download:
['LLL']: possibly delisted; no timezone found
$LLTC: possibly delisted; no price data found  (1d 2008-06-21 -> 2008-07-02)
$LXK: possibly delisted; no price data found  (1d 1927-10-10 -> 2026-09-15)

1 Failed download:
['LLTC']: possibly delisted; no price data found  (1d 2008-06-21 -> 2008-07-02)
$LSI: possibly delisted; no timezone found
$LXK: possibly delisted; no price data found  (1d 2008-06-21 -> 2008-07-02)

1 Failed download:
['LXK']: possibly delisted; no price data found  (1d 2008-06-21 -> 2008-07-02)
$LSI: possibly delisted; no timezone found

1 Failed download:
['LSI']: possibly delisted; no timezone found
$MDP: possibly delisted; no timezone found
$MDP: possibly delisted; no timezone found

1 Failed download:
['MDP']: possibly delisted; no timezone found
$MIL: possibly delisted; no price data found  (1d 1927-10-10 -> 2026-09-15)
$MMC: possibly delisted; no timezone found
$MIL: possibly delisted; no price data found  (1d 2008-06-21 -> 2008-07-02)
$MMC: possibly delisted; no timezone found

1 Failed download:
['MMC']: possibly delisted; no timezone found

1 Failed download:
['MIL']: possibly delisted; no price data found  (1d 2008-06-21 -> 2008-07-02)
$MI: Data doesn't exist for startDate = 1214020800, endDate = 1214971200

1 Failed download:
['MI']: Data doesn't exist for startDate = 1214020800, endDate = 1214971200
$MON: possibly delisted; no timezone found
$MRO: possibly delisted; no timezone found
$MON: possibly delisted; no timezone found

1 Failed download:
['MON']: possibly delisted; no timezone found
$MRO: possibly delisted; no timezone found

1 Failed download:
['MRO']: possibly delisted; no timezone found
$MWW: possibly delisted; no price data found  (1d 1927-10-10 -> 2026-09-15)
$MWW: possibly delisted; no price data found  (1d 2008-06-21 -> 2008-07-02)

1 Failed download:
['MWW']: possibly delisted; no price data found  (1d 2008-06-21 -> 2008-07-02)
$NBL: possibly delisted; no timezone found
$MYL: possibly delisted; no timezone found
$MYL: possibly delisted; no timezone found

1 Failed download:
['MYL']: possibly delisted; no timezone found
$NBL: possibly delisted; no timezone found

1 Failed download:
['NBL']: possibly delisted; no timezone found
$NE: Data doesn't exist for startDate = 1214020800, endDate = 1214971200

1 Failed download:
['NE']: Data doesn't exist for startDate = 1214020800, endDate = 1214971200
$NSM: Data doesn't exist for startDate = 1214020800, endDate = 1214971200

1 Failed download:
['NSM']: Data doesn't exist for startDate = 1214020800, endDate = 1214971200
$NVLS: possibly delisted; no price data found  (1d 1927-10-10 -> 2026-09-15)
$NVLS: possibly delisted; no price data found  (1d 2008-06-21 -> 2008-07-02)

1 Failed download:
['NVLS']: possibly delisted; no price data found  (1d 2008-06-21 -> 2008-07-02)
$ODP: possibly delisted; no timezone found
$ODP: possibly delisted; no timezone found

1 Failed download:
['ODP']: possibly delisted; no timezone found
$PCP: possibly delisted; no price data found  (1d 1927-10-10 -> 2026-09-15)
$PCL: Data doesn't exist for startDate = 1214020800, endDate = 1214971200
$PDCO: possibly delisted; no timezone found

1 Failed download:
['PCL']: Data doesn't exist for startDate = 1214020800, endDate = 1214971200
$PDCO: possibly delisted; no timezone found

1 Failed download:
['PDCO']: possibly delisted; no timezone found
$PCP: Data doesn't exist for startDate = 1214020800, endDate = 1214971200

1 Failed download:
['PCP']: Data doesn't exist for startDate = 1214020800, endDate = 1214971200
$PGN: possibly delisted; no price data found  (1d 1927-10-10 -> 2026-09-15)
$PGN: possibly delisted; no price data found  (1d 2008-06-21 -> 2008-07-02)

1 Failed download:
['PGN']: possibly delisted; no price data found  (1d 2008-06-21 -> 2008-07-02)
$PKI: possibly delisted; no timezone found
$PKI: possibly delisted; no timezone found

1 Failed download:
['PKI']: possibly delisted; no timezone found
$PLL: possibly delisted; no timezone found
$PLL: possibly delisted; no timezone found

1 Failed download:
['PLL']: possibly delisted; no timezone found
$PM: possibly delisted; no price data found  (1d 2008-06-21 -> 2008-06-22)

1 Failed download:
['PM']: possibly delisted; no price data found  (1d 2008-06-21 -> 2008-06-22)
$QLGC: possibly delisted; no price data found  (1d 1927-10-10 -> 2026-09-15)
$POM: Data doesn't exist for startDate = 1214020800, endDate = 1214971200

1 Failed download:
['POM']: Data doesn't exist for startDate = 1214020800, endDate = 1214971200
$RAI: possibly delisted; no price data found  (1d 1927-10-10 -> 2026-09-15)
$PX: possibly delisted; no timezone found
$RDC: possibly delisted; no timezone found
$QLGC: possibly delisted; no price data found  (1d 2008-06-21 -> 2008-07-02)

1 Failed download:
['QLGC']: possibly delisted; no price data found  (1d 2008-06-21 -> 2008-07-02)
$RAI: possibly delisted; no price data found  (1d 2008-06-21 -> 2008-07-02)
$PX: possibly delisted; no timezone found
$RDC: possibly delisted; no timezone found

1 Failed download:
['RDC']: possibly delisted; no timezone found

1 Failed download:
['RAI']: possibly delisted; no price data found  (1d 2008-06-21 -> 2008-07-02)

1 Failed download:
['PX']: possibly delisted; no timezone found
$Q: Data doesn't exist for startDate = 1214020800, endDate = 1761451200

1 Failed download:
['Q']: Data doesn't exist for startDate = 1214020800, endDate = 1761451200
$RTN: possibly delisted; no timezone found
$RRD: possibly delisted; no timezone found
$RTN: possibly delisted; no timezone found

1 Failed download:
['RTN']: possibly delisted; no timezone found
$RRD: possibly delisted; no timezone found

1 Failed download:
['RRD']: possibly delisted; no timezone found
$SIAL: possibly delisted; no price data found  (1d 1927-10-10 -> 2026-09-15)
$S: Data doesn't exist for startDate = 1214020800, endDate = 1214971200
$SEE: possibly delisted; no timezone found

1 Failed download:
['S']: Data doesn't exist for startDate = 1214020800, endDate = 1214971200
$SGP: Data doesn't exist for startDate = 1214020800, endDate = 1214971200

1 Failed download:
['SGP']: Data doesn't exist for startDate = 1214020800, endDate = 1214971200
$SIAL: possibly delisted; no price data found  (1d 2008-06-21 -> 2008-07-02)

1 Failed download:
['SIAL']: possibly delisted; no price data found  (1d 2008-06-21 -> 2008-07-02)
$SHLD: Data doesn't exist for startDate = 1214020800, endDate = 1214971200
$SEE: possibly delisted; no timezone found

1 Failed download:
['SHLD']: Data doesn't exist for startDate = 1214020800, endDate = 1214971200

1 Failed download:
['SEE']: possibly delisted; no timezone found
$SNI: possibly delisted; no price data found  (1d 1927-10-10 -> 2026-09-15)
$SE: Data doesn't exist for startDate = 1214020800, endDate = 1214971200

1 Failed download:
['SE']: Data doesn't exist for startDate = 1214020800, endDate = 1214971200
$SII: Data doesn't exist for startDate = 1214020800, endDate = 1214971200

1 Failed download:
['SII']: Data doesn't exist for startDate = 1214020800, endDate = 1214971200
$SNI: possibly delisted; no price data found  (1d 2008-06-21 -> 2008-07-02)

1 Failed download:
['SNI']: possibly delisted; no price data found  (1d 2008-06-21 -> 2008-07-02)
$STJ: possibly delisted; no price data found  (1d 1927-10-10 -> 2026-09-15)
$SNDK: Data doesn't exist for startDate = 1214020800, endDate = 1739336400

1 Failed download:
['SNDK']: Data doesn't exist for startDate = 1214020800, endDate = 1739336400
$STR: possibly delisted; no timezone found
$SUNEQ: possibly delisted; no price data found  (1d 1927-10-10 -> 2026-09-15)
$SPLS: Data doesn't exist for startDate = 1214020800, endDate = 1214971200

1 Failed download:
['SPLS']: Data doesn't exist for startDate = 1214020800, endDate = 1214971200
$STJ: possibly delisted; no price data found  (1d 2008-06-21 -> 2008-07-02)

1 Failed download:
['STJ']: possibly delisted; no price data found  (1d 2008-06-21 -> 2008-07-02)
$STR: possibly delisted; no timezone found

1 Failed download:
['STR']: possibly delisted; no timezone found
$STI: Data doesn't exist for startDate = 1214020800, endDate = 1214971200
$SWN: possibly delisted; no timezone found

1 Failed download:
$SUNEQ: possibly delisted; no price data found  (1d 2008-06-21 -> 2008-07-02)
['STI']: Data doesn't exist for startDate = 1214020800, endDate = 1214971200

1 Failed download:
['SUNEQ']: possibly delisted; no price data found  (1d 2008-06-21 -> 2008-07-02)
$SWN: possibly delisted; no timezone found

1 Failed download:
['SWN']: possibly delisted; no timezone found
$SYMC: possibly delisted; no timezone found
$SYMC: possibly delisted; no timezone found

1 Failed download:
['SYMC']: possibly delisted; no timezone found
$SUN: Data doesn't exist for startDate = 1214020800, endDate = 1214971200

1 Failed download:
['SUN']: Data doesn't exist for startDate = 1214020800, endDate = 1214971200
$TE: Data doesn't exist for startDate = 1214020800, endDate = 1214971200

1 Failed download:
['TE']: Data doesn't exist for startDate = 1214020800, endDate = 1214971200
$TGNA: possibly delisted; no timezone found
$TGNA: possibly delisted; no timezone found

1 Failed download:
['TGNA']: possibly delisted; no timezone found
$TMK: possibly delisted; no timezone found
$TMK: possibly delisted; no timezone found
$TIF: possibly delisted; no timezone found
$TSS: possibly delisted; no timezone found

1 Failed download:
['TMK']: possibly delisted; no timezone found
$TIF: possibly delisted; no timezone found

1 Failed download:
$TSS: possibly delisted; no timezone found
['TIF']: possibly delisted; no timezone found

1 Failed download:
['TSS']: possibly delisted; no timezone found
$VAR: possibly delisted; no timezone found
$UTX: possibly delisted; no timezone found
$UTX: possibly delisted; no timezone found
$VAR: possibly delisted; no timezone found

1 Failed download:
['UTX']: possibly delisted; no timezone found

1 Failed download:
['VAR']: possibly delisted; no timezone found
$VIAB: possibly delisted; no timezone found
$VIAB: possibly delisted; no timezone found

1 Failed download:
['VIAB']: possibly delisted; no timezone found
$WBA: possibly delisted; no timezone found
$WBA: possibly delisted; no timezone found

1 Failed download:
['WBA']: possibly delisted; no timezone found
$WB: Data doesn't exist for startDate = 1214020800, endDate = 1214971200

1 Failed download:
['WB']: Data doesn't exist for startDate = 1214020800, endDate = 1214971200
$WFM: possibly delisted; no price data found  (1d 1927-10-10 -> 2026-09-15)
$WIN: possibly delisted; no timezone found
$WFT: possibly delisted; no timezone found
$WFT: possibly delisted; no timezone found
$WFM: possibly delisted; no price data found  (1d 2008-06-21 -> 2008-07-02)

1 Failed download:
['WFM']: possibly delisted; no price data found  (1d 2008-06-21 -> 2008-07-02)
$WIN: possibly delisted; no timezone found

1 Failed download:
['WFT']: possibly delisted; no timezone found

1 Failed download:
['WIN']: possibly delisted; no timezone found
$X: possibly delisted; no timezone found
$WYND: possibly delisted; no timezone found
$X: possibly delisted; no timezone found
$WYND: possibly delisted; no timezone found

1 Failed download:
['X']: possibly delisted; no timezone found

1 Failed download:
['WYND']: possibly delisted; no timezone found
$XLNX: possibly delisted; no timezone found
$XLNX: possibly delisted; no timezone found
$XL: possibly delisted; no timezone found
$XL: possibly delisted; no timezone found

1 Failed download:
['XLNX']: possibly delisted; no timezone found

1 Failed download:
['XL']: possibly delisted; no timezone found
$IBM: possibly delisted; no price data found  (1d 2006-07-02 -> 2006-07-02)
$PEP: possibly delisted; no price data found  (1d 2006-07-02 -> 2006-07-02)

1 Failed download:
['PEP']: possibly delisted; no price data found  (1d 2006-07-02 -> 2006-07-02)

1 Failed download:
['IBM']: possibly delisted; no price data found  (1d 2006-07-02 -> 2006-07-02)
$FE: possibly delisted; no price data found  (1d 2006-07-02 -> 2006-07-02)
$PPL: possibly delisted; no price data found  (1d 2006-07-02 -> 2006-07-02)

1 Failed download:
['PPL']: possibly delisted; no price data found  (1d 2006-07-02 -> 2006-07-02)

1 Failed download:
['FE']: possibly delisted; no price data found  (1d 2006-07-02 -> 2006-07-02)
$NUE: possibly delisted; no price data found  (1d 2006-07-02 -> 2006-07-02)

1 Failed download:
['NUE']: possibly delisted; no price data found  (1d 2006-07-02 -> 2006-07-02)
[h11]     [4/6] 2008-07-01: picks=['FCX', 'CSX', 'AAPL'] (pool=40, 후보=24, 49.1s)
$ACAS: possibly delisted; no price data found  (1d 1927-10-10 -> 2026-09-15)
$AABA: possibly delisted; no timezone found
$ABC: possibly delisted; no timezone found
$AABA: possibly delisted; no timezone found
$ABC: possibly delisted; no timezone found

1 Failed download:
['AABA']: possibly delisted; no timezone found

1 Failed download:
['ABC']: possibly delisted; no timezone found
$ACAS: possibly delisted; no price data found  (1d 2008-12-23 -> 2009-01-03)

1 Failed download:
['ACAS']: possibly delisted; no price data found  (1d 2008-12-23 -> 2009-01-03)
$AGN: possibly delisted; no timezone found
$AGN: possibly delisted; no timezone found

1 Failed download:
['AGN']: possibly delisted; no timezone found
$AKS: possibly delisted; no timezone found
$ALTR: possibly delisted; no timezone found
$AKS: possibly delisted; no timezone found
$ALTR: possibly delisted; no timezone found

1 Failed download:
['ALTR']: possibly delisted; no timezone found

1 Failed download:
['AKS']: possibly delisted; no timezone found
$ANTM: possibly delisted; no timezone found
$ANTM: possibly delisted; no timezone found

1 Failed download:
['ANTM']: possibly delisted; no timezone found
$APOL: possibly delisted; no price data found  (1d 1927-10-10 -> 2026-09-15)
$APOL: possibly delisted; no price data found  (1d 2008-12-23 -> 2009-01-03)

1 Failed download:
['APOL']: possibly delisted; no price data found  (1d 2008-12-23 -> 2009-01-03)
$AVP: possibly delisted; no timezone found
$APC: Data doesn't exist for startDate = 1230008400, endDate = 1230958800
$ARNC: possibly delisted; no timezone found

1 Failed download:
['APC']: Data doesn't exist for startDate = 1230008400, endDate = 1230958800
$AVP: possibly delisted; no timezone found
$ARNC: possibly delisted; no timezone found

1 Failed download:
['AVP']: possibly delisted; no timezone found

1 Failed download:
['ARNC']: possibly delisted; no timezone found
$AVB: Data doesn't exist for startDate = 1230008400, endDate = 1784174400

1 Failed download:
['AVB']: Data doesn't exist for startDate = 1230008400, endDate = 1784174400
$BCR: possibly delisted; no price data found  (1d 1927-10-10 -> 2026-09-15)
$BCR: possibly delisted; no price data found  (1d 2008-12-23 -> 2009-01-03)

1 Failed download:
['BCR']: possibly delisted; no price data found  (1d 2008-12-23 -> 2009-01-03)
$BBBY: Data doesn't exist for startDate = 1230008400, endDate = 1230958800

1 Failed download:
['BBBY']: Data doesn't exist for startDate = 1230008400, endDate = 1230958800
$BHGE: possibly delisted; no timezone found
$BHGE: possibly delisted; no timezone found

1 Failed download:
['BHGE']: possibly delisted; no timezone found
$BIG: possibly delisted; no timezone found
$BIG: possibly delisted; no timezone found

1 Failed download:
['BIG']: possibly delisted; no timezone found
$BEAM: Data doesn't exist for startDate = 1230008400, endDate = 1230958800

1 Failed download:
['BEAM']: Data doesn't exist for startDate = 1230008400, endDate = 1230958800
$BLL: possibly delisted; no timezone found
$BK: possibly delisted; no timezone found
$BLL: possibly delisted; no timezone found
$BK: possibly delisted; no timezone found

1 Failed download:
['BLL']: possibly delisted; no timezone found

1 Failed download:
['BK']: possibly delisted; no timezone found
$BRCM: possibly delisted; no price data found  (1d 1927-10-10 -> 2026-09-15)
$BTUUQ: possibly delisted; no price data found  (1d 1927-10-10 -> 2026-09-15)
$BRCM: possibly delisted; no price data found  (1d 2008-12-23 -> 2009-01-03)
$BTUUQ: possibly delisted; no price data found  (1d 2008-12-23 -> 2009-01-03)

1 Failed download:
['BRCM']: possibly delisted; no price data found  (1d 2008-12-23 -> 2009-01-03)

1 Failed download:
['BTUUQ']: possibly delisted; no price data found  (1d 2008-12-23 -> 2009-01-03)
$CA: possibly delisted; no timezone found
$CA: possibly delisted; no timezone found

1 Failed download:
['CA']: possibly delisted; no timezone found
$CAM: Data doesn't exist for startDate = 1230008400, endDate = 1230958800

1 Failed download:
['CAM']: Data doesn't exist for startDate = 1230008400, endDate = 1230958800
$CCE: possibly delisted; no price data found  (1d 1927-10-10 -> 2026-09-15)
$CBS: possibly delisted; no timezone found
$CBS: possibly delisted; no timezone found

1 Failed download:
['CBS']: possibly delisted; no timezone found
$CCE: possibly delisted; no price data found  (1d 2008-12-23 -> 2009-01-03)

1 Failed download:
['CCE']: possibly delisted; no price data found  (1d 2008-12-23 -> 2009-01-03)
$CELG: possibly delisted; no timezone found
$CELG: possibly delisted; no timezone found
$CHK: possibly delisted; no timezone found

1 Failed download:
['CELG']: possibly delisted; no timezone found
$CHK: possibly delisted; no timezone found

1 Failed download:
['CHK']: possibly delisted; no timezone found
$CMA: possibly delisted; no timezone found
$CMA: possibly delisted; no timezone found

1 Failed download:
['CMA']: possibly delisted; no timezone found
$COG: possibly delisted; no timezone found
$COG: possibly delisted; no timezone found

1 Failed download:
['COG']: possibly delisted; no timezone found
$COL: possibly delisted; no price data found  (1d 2008-12-23 -> 2012-08-01)

1 Failed download:
['COL']: possibly delisted; no price data found  (1d 2008-12-23 -> 2012-08-01)
$CTL: possibly delisted; no timezone found
$CTL: possibly delisted; no timezone found

1 Failed download:
['CTL']: possibly delisted; no timezone found
$CTXS: possibly delisted; no timezone found
$CTXS: possibly delisted; no timezone found

1 Failed download:
['CTXS']: possibly delisted; no timezone found
$DDR: possibly delisted; no price data found  (1d 1927-10-10 -> 2026-09-15)
$DDR: possibly delisted; no price data found  (1d 2008-12-23 -> 2009-01-03)

1 Failed download:
['DDR']: possibly delisted; no price data found  (1d 2008-12-23 -> 2009-01-03)
$DF: possibly delisted; no timezone found
$DF: possibly delisted; no timezone found

1 Failed download:
['DF']: possibly delisted; no timezone found
$DFS: possibly delisted; no timezone found
$CEG: Data doesn't exist for startDate = 1230008400, endDate = 1642482000

1 Failed download:
['CEG']: Data doesn't exist for startDate = 1230008400, endDate = 1642482000
$DELL: Data doesn't exist for startDate = 1230008400, endDate = 1471320000

1 Failed download:
['DELL']: Data doesn't exist for startDate = 1230008400, endDate = 1471320000
$DFS: possibly delisted; no timezone found

1 Failed download:
['DFS']: possibly delisted; no timezone found
$DNB: possibly delisted; no timezone found
$DNB: possibly delisted; no timezone found

1 Failed download:
['DNB']: possibly delisted; no timezone found
$DTV: possibly delisted; no timezone found
$DOW: Data doesn't exist for startDate = 1230008400, endDate = 1552968000

1 Failed download:
['DOW']: Data doesn't exist for startDate = 1230008400, endDate = 1552968000
$DTV: possibly delisted; no timezone found

1 Failed download:
['DTV']: possibly delisted; no timezone found
$DYN: Data doesn't exist for startDate = 1230008400, endDate = 1230958800

1 Failed download:
['DYN']: Data doesn't exist for startDate = 1230008400, endDate = 1230958800
$EA: Data doesn't exist for startDate = 1230008400, endDate = 1784174400

1 Failed download:
['EA']: Data doesn't exist for startDate = 1230008400, endDate = 1784174400
$EQR: Data doesn't exist for startDate = 1230008400, endDate = 1784174400

1 Failed download:
['EQR']: Data doesn't exist for startDate = 1230008400, endDate = 1784174400
$EMC: Data doesn't exist for startDate = 1230008400, endDate = 1230958800

1 Failed download:
['EMC']: Data doesn't exist for startDate = 1230008400, endDate = 1230958800
$ETFC: possibly delisted; no timezone found
$ESV: possibly delisted; no timezone found
$ETFC: possibly delisted; no timezone found
$ESV: possibly delisted; no timezone found
$EQ: Data doesn't exist for startDate = 1230008400, endDate = 1230958800

1 Failed download:

1 Failed download:
['ESV']: possibly delisted; no timezone found
['ETFC']: possibly delisted; no timezone found

1 Failed download:
['EQ']: Data doesn't exist for startDate = 1230008400, endDate = 1230958800
$FII: possibly delisted; no timezone found
$FII: possibly delisted; no timezone found

1 Failed download:
['FII']: possibly delisted; no timezone found
$FLIR: possibly delisted; no timezone found
$FLIR: possibly delisted; no timezone found

1 Failed download:
['FLIR']: possibly delisted; no timezone found
$GAS: possibly delisted; no price data found  (1d 1927-10-10 -> 2026-09-15)
$FOXA: Data doesn't exist for startDate = 1230008400, endDate = 1552276800
$FRX: possibly delisted; no timezone found

1 Failed download:
['FOXA']: Data doesn't exist for startDate = 1230008400, endDate = 1552276800
$FRX: possibly delisted; no timezone found

1 Failed download:
['FRX']: possibly delisted; no timezone found
$FTR: possibly delisted; no timezone found
$FTR: possibly delisted; no timezone found

1 Failed download:
['FTR']: possibly delisted; no timezone found
$GAS: Data doesn't exist for startDate = 1230008400, endDate = 1230958800

1 Failed download:
['GAS']: Data doesn't exist for startDate = 1230008400, endDate = 1230958800
$GPS: possibly delisted; no timezone found
$GPS: possibly delisted; no timezone found

1 Failed download:
['GPS']: possibly delisted; no timezone found
$HAR: possibly delisted; no price data found  (1d 1927-10-10 -> 2026-09-15)
$HCBK: possibly delisted; no price data found  (1d 1927-10-10 -> 2026-09-15)
$HAR: Data doesn't exist for startDate = 1230008400, endDate = 1230958800

1 Failed download:
['HAR']: Data doesn't exist for startDate = 1230008400, endDate = 1230958800
$HCBK: possibly delisted; no price data found  (1d 2008-12-23 -> 2009-01-03)

1 Failed download:
['HCBK']: possibly delisted; no price data found  (1d 2008-12-23 -> 2009-01-03)
$HCP: possibly delisted; no timezone found
$HCP: possibly delisted; no timezone found

1 Failed download:
['HCP']: possibly delisted; no timezone found
$HES: possibly delisted; no timezone found
$HES: possibly delisted; no timezone found

1 Failed download:
['HES']: possibly delisted; no timezone found
$HSP: possibly delisted; no price data found  (1d 1927-10-10 -> 2026-09-15)
$HSP: possibly delisted; no price data found  (1d 2008-12-23 -> 2009-01-03)

1 Failed download:
['HSP']: possibly delisted; no price data found  (1d 2008-12-23 -> 2009-01-03)
$HRS: possibly delisted; no timezone found
$HRS: possibly delisted; no timezone found

1 Failed download:
['HRS']: possibly delisted; no timezone found
$HOT: possibly delisted; no price data found  (1d 2008-12-23 -> 2015-01-01)

1 Failed download:
['HOT']: possibly delisted; no price data found  (1d 2008-12-23 -> 2015-01-01)
$IGT: possibly delisted; no timezone found
$IGT: possibly delisted; no timezone found

1 Failed download:
['IGT']: possibly delisted; no timezone found
$IPG: possibly delisted; no timezone found
$IPG: possibly delisted; no timezone found

1 Failed download:
['IPG']: possibly delisted; no timezone found
$IR: Data doesn't exist for startDate = 1230008400, endDate = 1494475200

1 Failed download:
['IR']: Data doesn't exist for startDate = 1230008400, endDate = 1494475200
$JCP: possibly delisted; no timezone found
$JEC: possibly delisted; no timezone found
$JCP: possibly delisted; no timezone found

1 Failed download:
['JCP']: possibly delisted; no timezone found
$JEC: possibly delisted; no timezone found

1 Failed download:
['JEC']: possibly delisted; no timezone found
$JNS: possibly delisted; no price data found  (1d 1927-10-10 -> 2026-09-15)
$JNPR: possibly delisted; no timezone found
$JWN: possibly delisted; no timezone found
$JNPR: possibly delisted; no timezone found

1 Failed download:
['JNPR']: possibly delisted; no timezone found
$JWN: possibly delisted; no timezone found

1 Failed download:
['JWN']: possibly delisted; no timezone found
$JNS: possibly delisted; no price data found  (1d 2008-12-23 -> 2009-01-03)

1 Failed download:
['JNS']: possibly delisted; no price data found  (1d 2008-12-23 -> 2009-01-03)
$K: possibly delisted; no timezone found
$K: possibly delisted; no timezone found

1 Failed download:
['K']: possibly delisted; no timezone found
$LB: Data doesn't exist for startDate = 1230008400, endDate = 1230958800

1 Failed download:
['LB']: Data doesn't exist for startDate = 1230008400, endDate = 1230958800
$LEG: Data doesn't exist for startDate = 1230008400, endDate = 1230958800

1 Failed download:
['LEG']: Data doesn't exist for startDate = 1230008400, endDate = 1230958800
$LLTC: possibly delisted; no price data found  (1d 1927-10-10 -> 2026-09-15)
$LLL: possibly delisted; no timezone found
$LLTC: possibly delisted; no price data found  (1d 2008-12-23 -> 2009-01-03)
$LLL: possibly delisted; no timezone found

1 Failed download:
['LLTC']: possibly delisted; no price data found  (1d 2008-12-23 -> 2009-01-03)

1 Failed download:
['LLL']: possibly delisted; no timezone found
$LM: possibly delisted; no timezone found
$LIFE: Data doesn't exist for startDate = 1230008400, endDate = 1230958800
$LM: possibly delisted; no timezone found

1 Failed download:
['LIFE']: Data doesn't exist for startDate = 1230008400, endDate = 1230958800

1 Failed download:
['LM']: possibly delisted; no timezone found
$LXK: possibly delisted; no price data found  (1d 1927-10-10 -> 2026-09-15)
$LSI: possibly delisted; no timezone found
$LXK: possibly delisted; no price data found  (1d 2008-12-23 -> 2009-01-03)

1 Failed download:
['LXK']: possibly delisted; no price data found  (1d 2008-12-23 -> 2009-01-03)
$LSI: possibly delisted; no timezone found

1 Failed download:
['LSI']: possibly delisted; no timezone found
$MDP: possibly delisted; no timezone found
$MDP: possibly delisted; no timezone found
$MIL: possibly delisted; no price data found  (1d 1927-10-10 -> 2026-09-15)

1 Failed download:
['MDP']: possibly delisted; no timezone found
$MIL: possibly delisted; no price data found  (1d 2008-12-23 -> 2009-01-03)

1 Failed download:
['MIL']: possibly delisted; no price data found  (1d 2008-12-23 -> 2009-01-03)
$MON: possibly delisted; no timezone found
$MMC: possibly delisted; no timezone found
$MON: possibly delisted; no timezone found

1 Failed download:
['MON']: possibly delisted; no timezone found
$MMC: possibly delisted; no timezone found

1 Failed download:
['MMC']: possibly delisted; no timezone found
$MRO: possibly delisted; no timezone found
$MI: Data doesn't exist for startDate = 1230008400, endDate = 1230958800
$MRO: possibly delisted; no timezone found

1 Failed download:
['MI']: Data doesn't exist for startDate = 1230008400, endDate = 1230958800

1 Failed download:
['MRO']: possibly delisted; no timezone found
$MWW: possibly delisted; no price data found  (1d 1927-10-10 -> 2026-09-15)
$MYL: possibly delisted; no timezone found
$MWW: possibly delisted; no price data found  (1d 2008-12-23 -> 2009-01-03)

1 Failed download:
['MWW']: possibly delisted; no price data found  (1d 2008-12-23 -> 2009-01-03)
$MYL: possibly delisted; no timezone found

1 Failed download:
['MYL']: possibly delisted; no timezone found
$NBL: possibly delisted; no timezone found
$NBL: possibly delisted; no timezone found

1 Failed download:
['NBL']: possibly delisted; no timezone found
$NE: Data doesn't exist for startDate = 1230008400, endDate = 1230958800

1 Failed download:
['NE']: Data doesn't exist for startDate = 1230008400, endDate = 1230958800
$NVLS: possibly delisted; no price data found  (1d 1927-10-10 -> 2026-09-15)
$NSM: Data doesn't exist for startDate = 1230008400, endDate = 1230958800

1 Failed download:
['NSM']: Data doesn't exist for startDate = 1230008400, endDate = 1230958800
$NVLS: possibly delisted; no price data found  (1d 2008-12-23 -> 2009-01-03)

1 Failed download:
['NVLS']: possibly delisted; no price data found  (1d 2008-12-23 -> 2009-01-03)
$ODP: possibly delisted; no timezone found
$ODP: possibly delisted; no timezone found

1 Failed download:
['ODP']: possibly delisted; no timezone found
$PBCT: possibly delisted; no timezone found
$PBCT: possibly delisted; no timezone found

1 Failed download:
['PBCT']: possibly delisted; no timezone found
$PCP: possibly delisted; no price data found  (1d 1927-10-10 -> 2026-09-15)
$PDCO: possibly delisted; no timezone found
$PCP: Data doesn't exist for startDate = 1230008400, endDate = 1230958800

1 Failed download:
['PCP']: Data doesn't exist for startDate = 1230008400, endDate = 1230958800
$PCL: Data doesn't exist for startDate = 1230008400, endDate = 1230958800
$PDCO: possibly delisted; no timezone found

1 Failed download:
['PCL']: Data doesn't exist for startDate = 1230008400, endDate = 1230958800

1 Failed download:
['PDCO']: possibly delisted; no timezone found
$PGN: possibly delisted; no price data found  (1d 1927-10-10 -> 2026-09-15)
$PGN: possibly delisted; no price data found  (1d 2008-12-23 -> 2009-01-03)

1 Failed download:
['PGN']: possibly delisted; no price data found  (1d 2008-12-23 -> 2009-01-03)
$PKI: possibly delisted; no timezone found
$PKI: possibly delisted; no timezone found

1 Failed download:
['PKI']: possibly delisted; no timezone found
$PLL: possibly delisted; no timezone found
$PLL: possibly delisted; no timezone found

1 Failed download:
['PLL']: possibly delisted; no timezone found
$POM: Data doesn't exist for startDate = 1230008400, endDate = 1230958800

1 Failed download:
['POM']: Data doesn't exist for startDate = 1230008400, endDate = 1230958800
$PX: possibly delisted; no timezone found
$PX: possibly delisted; no timezone found
$PXD: possibly delisted; no timezone found

1 Failed download:
['PX']: possibly delisted; no timezone found
$QLGC: possibly delisted; no price data found  (1d 1927-10-10 -> 2026-09-15)
$PXD: possibly delisted; no timezone found

1 Failed download:
['PXD']: possibly delisted; no timezone found
$Q: Data doesn't exist for startDate = 1230008400, endDate = 1761451200

1 Failed download:
['Q']: Data doesn't exist for startDate = 1230008400, endDate = 1761451200
$QLGC: possibly delisted; no price data found  (1d 2008-12-23 -> 2009-01-03)
$RAI: possibly delisted; no price data found  (1d 1927-10-10 -> 2026-09-15)

1 Failed download:
['QLGC']: possibly delisted; no price data found  (1d 2008-12-23 -> 2009-01-03)
$RDC: possibly delisted; no timezone found
$RDC: possibly delisted; no timezone found

1 Failed download:
['RDC']: possibly delisted; no timezone found
$RAI: possibly delisted; no price data found  (1d 2008-12-23 -> 2009-01-03)

1 Failed download:
['RAI']: possibly delisted; no price data found  (1d 2008-12-23 -> 2009-01-03)
$RTN: possibly delisted; no timezone found
$RRD: possibly delisted; no timezone found
$RTN: possibly delisted; no timezone found

1 Failed download:
['RTN']: possibly delisted; no timezone found
$RRD: possibly delisted; no timezone found

1 Failed download:
['RRD']: possibly delisted; no timezone found
$S: Data doesn't exist for startDate = 1230008400, endDate = 1230958800

1 Failed download:
['S']: Data doesn't exist for startDate = 1230008400, endDate = 1230958800
$SCG: Data doesn't exist for startDate = 1230008400, endDate = 1436932800

1 Failed download:
['SCG']: Data doesn't exist for startDate = 1230008400, endDate = 1436932800
$SIAL: possibly delisted; no price data found  (1d 1927-10-10 -> 2026-09-15)
$SEE: possibly delisted; no timezone found
$SGP: Data doesn't exist for startDate = 1230008400, endDate = 1230958800
$SHLD: Data doesn't exist for startDate = 1230008400, endDate = 1230958800

1 Failed download:
['SHLD']: Data doesn't exist for startDate = 1230008400, endDate = 1230958800

1 Failed download:
['SGP']: Data doesn't exist for startDate = 1230008400, endDate = 1230958800
$SIAL: possibly delisted; no price data found  (1d 2008-12-23 -> 2009-01-03)
$SNI: possibly delisted; no price data found  (1d 1927-10-10 -> 2026-09-15)

1 Failed download:
['SIAL']: possibly delisted; no price data found  (1d 2008-12-23 -> 2009-01-03)
$SEE: possibly delisted; no timezone found

1 Failed download:
['SEE']: possibly delisted; no timezone found
$SE: Data doesn't exist for startDate = 1230008400, endDate = 1230958800

1 Failed download:
['SE']: Data doesn't exist for startDate = 1230008400, endDate = 1230958800
$SNI: possibly delisted; no price data found  (1d 2008-12-23 -> 2009-01-03)

1 Failed download:
['SNI']: possibly delisted; no price data found  (1d 2008-12-23 -> 2009-01-03)
$SII: Data doesn't exist for startDate = 1230008400, endDate = 1230958800

1 Failed download:
['SII']: Data doesn't exist for startDate = 1230008400, endDate = 1230958800
$STJ: possibly delisted; no price data found  (1d 1927-10-10 -> 2026-09-15)
$SUNEQ: possibly delisted; no price data found  (1d 1927-10-10 -> 2026-09-15)
$SRCL: possibly delisted; no timezone found
$STJ: possibly delisted; no price data found  (1d 2008-12-23 -> 2009-01-03)

1 Failed download:
['STJ']: possibly delisted; no price data found  (1d 2008-12-23 -> 2009-01-03)
$STR: possibly delisted; no timezone found
$SNDK: Data doesn't exist for startDate = 1230008400, endDate = 1739336400

1 Failed download:
['SNDK']: Data doesn't exist for startDate = 1230008400, endDate = 1739336400
$SPLS: Data doesn't exist for startDate = 1230008400, endDate = 1230958800

1 Failed download:
['SPLS']: Data doesn't exist for startDate = 1230008400, endDate = 1230958800
$SUNEQ: possibly delisted; no price data found  (1d 2008-12-23 -> 2009-01-03)

1 Failed download:
['SUNEQ']: possibly delisted; no price data found  (1d 2008-12-23 -> 2009-01-03)
$SRCL: possibly delisted; no timezone found
$STR: possibly delisted; no timezone found

1 Failed download:
['STR']: possibly delisted; no timezone found

1 Failed download:
['SRCL']: possibly delisted; no timezone found
$SWN: possibly delisted; no timezone found
$STI: Data doesn't exist for startDate = 1230008400, endDate = 1230958800
$SWN: possibly delisted; no timezone found

1 Failed download:
['STI']: Data doesn't exist for startDate = 1230008400, endDate = 1230958800

1 Failed download:
['SWN']: possibly delisted; no timezone found
$SUN: Data doesn't exist for startDate = 1230008400, endDate = 1230958800

1 Failed download:
['SUN']: Data doesn't exist for startDate = 1230008400, endDate = 1230958800
$SYMC: possibly delisted; no timezone found
$TGNA: possibly delisted; no timezone found
$SYMC: possibly delisted; no timezone found

1 Failed download:
['SYMC']: possibly delisted; no timezone found
$TGNA: possibly delisted; no timezone found

1 Failed download:
['TGNA']: possibly delisted; no timezone found
$TE: Data doesn't exist for startDate = 1230008400, endDate = 1230958800

1 Failed download:
['TE']: Data doesn't exist for startDate = 1230008400, endDate = 1230958800
$TIF: possibly delisted; no timezone found
$TIF: possibly delisted; no timezone found

1 Failed download:
['TIF']: possibly delisted; no timezone found
$TMK: possibly delisted; no timezone found
$TMK: possibly delisted; no timezone found

1 Failed download:
['TMK']: possibly delisted; no timezone found
$TSS: possibly delisted; no timezone found
$TSS: possibly delisted; no timezone found

1 Failed download:
['TSS']: possibly delisted; no timezone found
$VAR: possibly delisted; no timezone found
$UTX: possibly delisted; no timezone found
$UTX: possibly delisted; no timezone found

1 Failed download:
['UTX']: possibly delisted; no timezone found
$VAR: possibly delisted; no timezone found

1 Failed download:
['VAR']: possibly delisted; no timezone found
$VIAB: possibly delisted; no timezone found
$VIAB: possibly delisted; no timezone found

1 Failed download:
['VIAB']: possibly delisted; no timezone found
$WBA: possibly delisted; no timezone found
$WBA: possibly delisted; no timezone found

1 Failed download:
['WBA']: possibly delisted; no timezone found
$WFM: possibly delisted; no price data found  (1d 1927-10-10 -> 2026-09-15)
$WFM: possibly delisted; no price data found  (1d 2008-12-23 -> 2009-01-03)

1 Failed download:
['WFM']: possibly delisted; no price data found  (1d 2008-12-23 -> 2009-01-03)
$WFT: possibly delisted; no timezone found
$WFT: possibly delisted; no timezone found

1 Failed download:
['WFT']: possibly delisted; no timezone found
$WIN: possibly delisted; no timezone found
$WIN: possibly delisted; no timezone found

1 Failed download:
['WIN']: possibly delisted; no timezone found
$WYND: possibly delisted; no timezone found
$WYND: possibly delisted; no timezone found

1 Failed download:
['WYND']: possibly delisted; no timezone found
$X: possibly delisted; no timezone found
$XLNX: possibly delisted; no timezone found
$XL: possibly delisted; no timezone found
$X: possibly delisted; no timezone found

1 Failed download:
['X']: possibly delisted; no timezone found
$XLNX: possibly delisted; no timezone found
$XL: possibly delisted; no timezone found

1 Failed download:
['XLNX']: possibly delisted; no timezone found

1 Failed download:
['XL']: possibly delisted; no timezone found
[h11]     [5/6] 2009-01-02: picks=['WMT', 'BBT', 'PSA'] (pool=40, 후보=28, 47.9s)
$ABC: possibly delisted; no timezone found
$ABC: possibly delisted; no timezone found
$AABA: possibly delisted; no timezone found
$AABA: possibly delisted; no timezone found

1 Failed download:
['ABC']: possibly delisted; no timezone found

1 Failed download:
['AABA']: possibly delisted; no timezone found
$AGN: possibly delisted; no timezone found
$AGN: possibly delisted; no timezone found

1 Failed download:
['AGN']: possibly delisted; no timezone found
$AKS: possibly delisted; no timezone found
$AKS: possibly delisted; no timezone found

1 Failed download:
['AKS']: possibly delisted; no timezone found
$ALTR: possibly delisted; no timezone found
$ALTR: possibly delisted; no timezone found

1 Failed download:
['ALTR']: possibly delisted; no timezone found
$ANTM: possibly delisted; no timezone found
$ANTM: possibly delisted; no timezone found

1 Failed download:
['ANTM']: possibly delisted; no timezone found
$APOL: possibly delisted; no price data found  (1d 1927-10-10 -> 2026-09-15)
$ARNC: possibly delisted; no timezone found
$APC: Data doesn't exist for startDate = 1245556800, endDate = 1246507200

1 Failed download:
['APC']: Data doesn't exist for startDate = 1245556800, endDate = 1246507200
$ATGE: possibly delisted; no timezone found
$ARNC: possibly delisted; no timezone found

1 Failed download:
['ARNC']: possibly delisted; no timezone found
$APOL: possibly delisted; no price data found  (1d 2009-06-21 -> 2009-07-02)

1 Failed download:
['APOL']: possibly delisted; no price data found  (1d 2009-06-21 -> 2009-07-02)
$ATGE: possibly delisted; no timezone found

1 Failed download:
['ATGE']: possibly delisted; no timezone found
$AVP: possibly delisted; no timezone found
$AVP: possibly delisted; no timezone found

1 Failed download:
['AVP']: possibly delisted; no timezone found
$AVB: Data doesn't exist for startDate = 1245556800, endDate = 1784174400

1 Failed download:
['AVB']: Data doesn't exist for startDate = 1245556800, endDate = 1784174400
$BCR: possibly delisted; no price data found  (1d 1927-10-10 -> 2026-09-15)
$BBBY: Data doesn't exist for startDate = 1245556800, endDate = 1246507200

1 Failed download:
['BBBY']: Data doesn't exist for startDate = 1245556800, endDate = 1246507200
$BCR: possibly delisted; no price data found  (1d 2009-06-21 -> 2009-07-02)

1 Failed download:
['BCR']: possibly delisted; no price data found  (1d 2009-06-21 -> 2009-07-02)
$BIG: possibly delisted; no timezone found
$BEAM: Data doesn't exist for startDate = 1245556800, endDate = 1246507200

1 Failed download:
['BEAM']: Data doesn't exist for startDate = 1245556800, endDate = 1246507200
$BIG: possibly delisted; no timezone found
$BK: possibly delisted; no timezone found

1 Failed download:
$BLL: possibly delisted; no timezone found
['BIG']: possibly delisted; no timezone found
$BHGE: possibly delisted; no timezone found
$BK: possibly delisted; no timezone found

1 Failed download:
['BK']: possibly delisted; no timezone found
$BLL: possibly delisted; no timezone found
$BHGE: possibly delisted; no timezone found

1 Failed download:
['BLL']: possibly delisted; no timezone found

1 Failed download:
['BHGE']: possibly delisted; no timezone found
$BRCM: possibly delisted; no price data found  (1d 1927-10-10 -> 2026-09-15)
$BTUUQ: possibly delisted; no price data found  (1d 1927-10-10 -> 2026-09-15)
$BRCM: possibly delisted; no price data found  (1d 2009-06-21 -> 2009-07-02)

1 Failed download:
['BRCM']: possibly delisted; no price data found  (1d 2009-06-21 -> 2009-07-02)
$CA: possibly delisted; no timezone found
$BTUUQ: possibly delisted; no price data found  (1d 2009-06-21 -> 2009-07-02)

1 Failed download:
['BTUUQ']: possibly delisted; no price data found  (1d 2009-06-21 -> 2009-07-02)
$CA: possibly delisted; no timezone found

1 Failed download:
['CA']: possibly delisted; no timezone found
$CCE: possibly delisted; no price data found  (1d 1927-10-10 -> 2026-09-15)
$CBS: possibly delisted; no timezone found
$CAM: Data doesn't exist for startDate = 1245556800, endDate = 1246507200
$CBS: possibly delisted; no timezone found

1 Failed download:

1 Failed download:
$CCE: possibly delisted; no price data found  (1d 2009-06-21 -> 2009-07-02)
['CBS']: possibly delisted; no timezone found
['CAM']: Data doesn't exist for startDate = 1245556800, endDate = 1246507200

1 Failed download:
['CCE']: possibly delisted; no price data found  (1d 2009-06-21 -> 2009-07-02)
$CHK: possibly delisted; no timezone found
$CELG: possibly delisted; no timezone found
$CHK: possibly delisted; no timezone found
$CELG: possibly delisted; no timezone found

1 Failed download:
['CHK']: possibly delisted; no timezone found

1 Failed download:
['CELG']: possibly delisted; no timezone found
$CMA: possibly delisted; no timezone found
$CMA: possibly delisted; no timezone found

1 Failed download:
['CMA']: possibly delisted; no timezone found
$CEG: Data doesn't exist for startDate = 1245556800, endDate = 1642482000

1 Failed download:
['CEG']: Data doesn't exist for startDate = 1245556800, endDate = 1642482000
$COG: possibly delisted; no timezone found
$COG: possibly delisted; no timezone found

1 Failed download:
['COG']: possibly delisted; no timezone found
$CTL: possibly delisted; no timezone found
$CTL: possibly delisted; no timezone found

1 Failed download:
['CTL']: possibly delisted; no timezone found
$COL: possibly delisted; no price data found  (1d 2009-06-21 -> 2012-08-01)

1 Failed download:
['COL']: possibly delisted; no price data found  (1d 2009-06-21 -> 2012-08-01)
$CTXS: possibly delisted; no timezone found
$CTXS: possibly delisted; no timezone found

1 Failed download:
['CTXS']: possibly delisted; no timezone found
$DF: possibly delisted; no timezone found
$DFS: possibly delisted; no timezone found
$DF: possibly delisted; no timezone found
$DFS: possibly delisted; no timezone found

1 Failed download:
['DF']: possibly delisted; no timezone found

1 Failed download:
['DFS']: possibly delisted; no timezone found
$DELL: Data doesn't exist for startDate = 1245556800, endDate = 1471320000

1 Failed download:
['DELL']: Data doesn't exist for startDate = 1245556800, endDate = 1471320000
$DNR: possibly delisted; no timezone found
$DNR: possibly delisted; no timezone found

1 Failed download:
['DNR']: possibly delisted; no timezone found
$DNB: possibly delisted; no timezone found
$DNB: possibly delisted; no timezone found

1 Failed download:
['DNB']: possibly delisted; no timezone found
$DTV: possibly delisted; no timezone found
$DO: possibly delisted; no timezone found
$DTV: possibly delisted; no timezone found

1 Failed download:
['DTV']: possibly delisted; no timezone found
$DO: possibly delisted; no timezone found

1 Failed download:
['DO']: possibly delisted; no timezone found
$DOW: Data doesn't exist for startDate = 1245556800, endDate = 1552968000

1 Failed download:
['DOW']: Data doesn't exist for startDate = 1245556800, endDate = 1552968000
$EA: Data doesn't exist for startDate = 1245556800, endDate = 1784174400

1 Failed download:
['EA']: Data doesn't exist for startDate = 1245556800, endDate = 1784174400
$DYN: Data doesn't exist for startDate = 1245556800, endDate = 1246507200

1 Failed download:
['DYN']: Data doesn't exist for startDate = 1245556800, endDate = 1246507200
$EMC: Data doesn't exist for startDate = 1245556800, endDate = 1246507200

1 Failed download:
['EMC']: Data doesn't exist for startDate = 1245556800, endDate = 1246507200
$EQR: Data doesn't exist for startDate = 1245556800, endDate = 1784174400

1 Failed download:
['EQR']: Data doesn't exist for startDate = 1245556800, endDate = 1784174400
$ETFC: possibly delisted; no timezone found
$ESV: possibly delisted; no timezone found
$ETFC: possibly delisted; no timezone found

1 Failed download:
['ETFC']: possibly delisted; no timezone found
$ESV: possibly delisted; no timezone found

1 Failed download:
['ESV']: possibly delisted; no timezone found
$ES: possibly delisted; no price data found  (1d 2009-06-21 -> 2009-06-21)

1 Failed download:
['ES']: possibly delisted; no price data found  (1d 2009-06-21 -> 2009-06-21)
$FII: possibly delisted; no timezone found
$FII: possibly delisted; no timezone found

1 Failed download:
['FII']: possibly delisted; no timezone found
$FLIR: possibly delisted; no timezone found
$FRX: possibly delisted; no timezone found
$FLIR: possibly delisted; no timezone found
$FRX: possibly delisted; no timezone found

1 Failed download:
['FLIR']: possibly delisted; no timezone found

1 Failed download:
['FRX']: possibly delisted; no timezone found
$GAS: possibly delisted; no price data found  (1d 1927-10-10 -> 2026-09-15)
$FTR: possibly delisted; no timezone found
$FOXA: Data doesn't exist for startDate = 1245556800, endDate = 1552276800

1 Failed download:
['FOXA']: Data doesn't exist for startDate = 1245556800, endDate = 1552276800
$FTI: possibly delisted; no price data found  (1d 2009-06-21 -> 2009-06-21)
$FTR: possibly delisted; no timezone found

1 Failed download:
['FTI']: possibly delisted; no price data found  (1d 2009-06-21 -> 2009-06-21)

1 Failed download:
['FTR']: possibly delisted; no timezone found
$GAS: Data doesn't exist for startDate = 1245556800, endDate = 1246507200

1 Failed download:
['GAS']: Data doesn't exist for startDate = 1245556800, endDate = 1246507200
$GPS: possibly delisted; no timezone found
$GPS: possibly delisted; no timezone found

1 Failed download:
['GPS']: possibly delisted; no timezone found
$HAR: possibly delisted; no price data found  (1d 1927-10-10 -> 2026-09-15)
$HCBK: possibly delisted; no price data found  (1d 1927-10-10 -> 2026-09-15)
$HCBK: possibly delisted; no price data found  (1d 2009-06-21 -> 2009-07-02)

1 Failed download:
['HCBK']: possibly delisted; no price data found  (1d 2009-06-21 -> 2009-07-02)
$HCP: possibly delisted; no timezone found
$HAR: Data doesn't exist for startDate = 1245556800, endDate = 1246507200

1 Failed download:
['HAR']: Data doesn't exist for startDate = 1245556800, endDate = 1246507200
$HCP: possibly delisted; no timezone found

1 Failed download:
['HCP']: possibly delisted; no timezone found
$HES: possibly delisted; no timezone found
$HES: possibly delisted; no timezone found

1 Failed download:
['HES']: possibly delisted; no timezone found
$HSP: possibly delisted; no price data found  (1d 1927-10-10 -> 2026-09-15)
$HRS: possibly delisted; no timezone found
$HOT: possibly delisted; no price data found  (1d 2009-06-21 -> 2015-01-01)
$HSP: possibly delisted; no price data found  (1d 2009-06-21 -> 2009-07-02)
$HRS: possibly delisted; no timezone found

1 Failed download:

1 Failed download:
['HOT']: possibly delisted; no price data found  (1d 2009-06-21 -> 2015-01-01)

1 Failed download:
['HSP']: possibly delisted; no price data found  (1d 2009-06-21 -> 2009-07-02)
['HRS']: possibly delisted; no timezone found
$HRL: possibly delisted; no price data found  (1d 2009-06-21 -> 2009-06-21)

1 Failed download:
['HRL']: possibly delisted; no price data found  (1d 2009-06-21 -> 2009-06-21)
$IGT: possibly delisted; no timezone found
$IGT: possibly delisted; no timezone found

1 Failed download:
['IGT']: possibly delisted; no timezone found
$IPG: possibly delisted; no timezone found
$IPG: possibly delisted; no timezone found

1 Failed download:
['IPG']: possibly delisted; no timezone found
$IRM: possibly delisted; no price data found  (1d 2009-06-21 -> 2009-06-21)

1 Failed download:
['IRM']: possibly delisted; no price data found  (1d 2009-06-21 -> 2009-06-21)
$JEC: possibly delisted; no timezone found
$JCP: possibly delisted; no timezone found
$JEC: possibly delisted; no timezone found

1 Failed download:
['JEC']: possibly delisted; no timezone found
$JNS: possibly delisted; no price data found  (1d 1927-10-10 -> 2026-09-15)
$JCP: possibly delisted; no timezone found

1 Failed download:
['JCP']: possibly delisted; no timezone found
$JNPR: possibly delisted; no timezone found
$JNS: possibly delisted; no price data found  (1d 2009-06-21 -> 2009-07-02)

1 Failed download:
['JNS']: possibly delisted; no price data found  (1d 2009-06-21 -> 2009-07-02)
$JNPR: possibly delisted; no timezone found

1 Failed download:
['JNPR']: possibly delisted; no timezone found
$K: possibly delisted; no timezone found
$JWN: possibly delisted; no timezone found
$JWN: possibly delisted; no timezone found
$K: possibly delisted; no timezone found

1 Failed download:
['JWN']: possibly delisted; no timezone found

1 Failed download:
['K']: possibly delisted; no timezone found
$LEG: Data doesn't exist for startDate = 1245556800, endDate = 1246507200

1 Failed download:
['LEG']: Data doesn't exist for startDate = 1245556800, endDate = 1246507200
$LB: Data doesn't exist for startDate = 1245556800, endDate = 1246507200

1 Failed download:
['LB']: Data doesn't exist for startDate = 1245556800, endDate = 1246507200
$LLTC: possibly delisted; no price data found  (1d 1927-10-10 -> 2026-09-15)
$LM: possibly delisted; no timezone found
$LLL: possibly delisted; no timezone found
$LLTC: possibly delisted; no price data found  (1d 2009-06-21 -> 2009-07-02)
$LM: possibly delisted; no timezone found
$LLL: possibly delisted; no timezone found

1 Failed download:
['LLTC']: possibly delisted; no price data found  (1d 2009-06-21 -> 2009-07-02)

1 Failed download:
['LM']: possibly delisted; no timezone found

1 Failed download:
['LLL']: possibly delisted; no timezone found
$LXK: possibly delisted; no price data found  (1d 1927-10-10 -> 2026-09-15)
$LIFE: Data doesn't exist for startDate = 1245556800, endDate = 1246507200
$LSI: possibly delisted; no timezone found

1 Failed download:
['LIFE']: Data doesn't exist for startDate = 1245556800, endDate = 1246507200
$LSI: possibly delisted; no timezone found

1 Failed download:
['LSI']: possibly delisted; no timezone found
$LXK: possibly delisted; no price data found  (1d 2009-06-21 -> 2009-07-02)

1 Failed download:
['LXK']: possibly delisted; no price data found  (1d 2009-06-21 -> 2009-07-02)
$MIL: possibly delisted; no price data found  (1d 1927-10-10 -> 2026-09-15)
$MDP: possibly delisted; no timezone found
$MDP: possibly delisted; no timezone found

1 Failed download:
['MDP']: possibly delisted; no timezone found
$MIL: possibly delisted; no price data found  (1d 2009-06-21 -> 2009-07-02)

1 Failed download:
['MIL']: possibly delisted; no price data found  (1d 2009-06-21 -> 2009-07-02)
$MI: Data doesn't exist for startDate = 1245556800, endDate = 1246507200

1 Failed download:
['MI']: Data doesn't exist for startDate = 1245556800, endDate = 1246507200
$MMC: possibly delisted; no timezone found
$MON: possibly delisted; no timezone found
$MMC: possibly delisted; no timezone found

1 Failed download:
['MMC']: possibly delisted; no timezone found
$MON: possibly delisted; no timezone found

1 Failed download:
['MON']: possibly delisted; no timezone found
$MRO: possibly delisted; no timezone found
$MRO: possibly delisted; no timezone found

1 Failed download:
['MRO']: possibly delisted; no timezone found
$MWW: possibly delisted; no price data found  (1d 1927-10-10 -> 2026-09-15)
$MWW: possibly delisted; no price data found  (1d 2009-06-21 -> 2009-07-02)

1 Failed download:
['MWW']: possibly delisted; no price data found  (1d 2009-06-21 -> 2009-07-02)
$MYL: possibly delisted; no timezone found
$NBL: possibly delisted; no timezone found
$MYL: possibly delisted; no timezone found

1 Failed download:
['MYL']: possibly delisted; no timezone found
$NBL: possibly delisted; no timezone found

1 Failed download:
['NBL']: possibly delisted; no timezone found
$NSM: Data doesn't exist for startDate = 1245556800, endDate = 1246507200

1 Failed download:
['NSM']: Data doesn't exist for startDate = 1245556800, endDate = 1246507200
$NVLS: possibly delisted; no price data found  (1d 1927-10-10 -> 2026-09-15)
$NVLS: possibly delisted; no price data found  (1d 2009-06-21 -> 2009-07-02)

1 Failed download:
['NVLS']: possibly delisted; no price data found  (1d 2009-06-21 -> 2009-07-02)
$ODP: possibly delisted; no timezone found
$ODP: possibly delisted; no timezone found

1 Failed download:
['ODP']: possibly delisted; no timezone found
$PBCT: possibly delisted; no timezone found
$PCP: possibly delisted; no price data found  (1d 1927-10-10 -> 2026-09-15)
$PBCT: possibly delisted; no timezone found

1 Failed download:
['PBCT']: possibly delisted; no timezone found
$PDCO: possibly delisted; no timezone found
$PCP: Data doesn't exist for startDate = 1245556800, endDate = 1246507200

1 Failed download:
['PCP']: Data doesn't exist for startDate = 1245556800, endDate = 1246507200
$PCL: Data doesn't exist for startDate = 1245556800, endDate = 1246507200

1 Failed download:
['PCL']: Data doesn't exist for startDate = 1245556800, endDate = 1246507200
$ORLY: possibly delisted; no price data found  (1d 2009-06-21 -> 2009-06-21)
$PDCO: possibly delisted; no timezone found
$PGN: possibly delisted; no price data found  (1d 1927-10-10 -> 2026-09-15)

1 Failed download:
['ORLY']: possibly delisted; no price data found  (1d 2009-06-21 -> 2009-06-21)

1 Failed download:
['PDCO']: possibly delisted; no timezone found
$PGN: possibly delisted; no price data found  (1d 2009-06-21 -> 2009-07-02)

1 Failed download:
['PGN']: possibly delisted; no price data found  (1d 2009-06-21 -> 2009-07-02)
$PLL: possibly delisted; no timezone found
$PLL: possibly delisted; no timezone found

1 Failed download:
['PLL']: possibly delisted; no timezone found
$PKI: possibly delisted; no timezone found
$PKI: possibly delisted; no timezone found

1 Failed download:
['PKI']: possibly delisted; no timezone found
$POM: Data doesn't exist for startDate = 1245556800, endDate = 1246507200

1 Failed download:
['POM']: Data doesn't exist for startDate = 1245556800, endDate = 1246507200
$PX: possibly delisted; no timezone found
$PXD: possibly delisted; no timezone found
$QLGC: possibly delisted; no price data found  (1d 1927-10-10 -> 2026-09-15)
$PX: possibly delisted; no timezone found
$RAI: possibly delisted; no price data found  (1d 1927-10-10 -> 2026-09-15)
$PXD: possibly delisted; no timezone found

1 Failed download:
['PX']: possibly delisted; no timezone found

1 Failed download:
['PXD']: possibly delisted; no timezone found
$Q: Data doesn't exist for startDate = 1245556800, endDate = 1761451200

1 Failed download:
['Q']: Data doesn't exist for startDate = 1245556800, endDate = 1761451200
$RDC: possibly delisted; no timezone found
$QLGC: possibly delisted; no price data found  (1d 2009-06-21 -> 2009-07-02)

1 Failed download:
['QLGC']: possibly delisted; no price data found  (1d 2009-06-21 -> 2009-07-02)
$RAI: possibly delisted; no price data found  (1d 2009-06-21 -> 2009-07-02)

1 Failed download:
$PWR: possibly delisted; no price data found  (1d 2009-06-21 -> 2009-06-21)
['RAI']: possibly delisted; no price data found  (1d 2009-06-21 -> 2009-07-02)

1 Failed download:
['PWR']: possibly delisted; no price data found  (1d 2009-06-21 -> 2009-06-21)
$RDC: possibly delisted; no timezone found

1 Failed download:
['RDC']: possibly delisted; no timezone found
$RRD: possibly delisted; no timezone found
$RRD: possibly delisted; no timezone found

1 Failed download:
['RRD']: possibly delisted; no timezone found
$RTN: possibly delisted; no timezone found
$RTN: possibly delisted; no timezone found

1 Failed download:
['RTN']: possibly delisted; no timezone found
$S: Data doesn't exist for startDate = 1245556800, endDate = 1246507200

1 Failed download:
['S']: Data doesn't exist for startDate = 1245556800, endDate = 1246507200
$SIAL: possibly delisted; no price data found  (1d 1927-10-10 -> 2026-09-15)
$SEE: possibly delisted; no timezone found
$SGP: Data doesn't exist for startDate = 1245556800, endDate = 1246507200
$SCG: Data doesn't exist for startDate = 1245556800, endDate = 1436932800

1 Failed download:
['SGP']: Data doesn't exist for startDate = 1245556800, endDate = 1246507200

1 Failed download:
['SCG']: Data doesn't exist for startDate = 1245556800, endDate = 1436932800
$SIAL: possibly delisted; no price data found  (1d 2009-06-21 -> 2009-07-02)

1 Failed download:
['SIAL']: possibly delisted; no price data found  (1d 2009-06-21 -> 2009-07-02)
$SNI: possibly delisted; no price data found  (1d 1927-10-10 -> 2026-09-15)
$SE: Data doesn't exist for startDate = 1245556800, endDate = 1246507200

1 Failed download:
['SE']: Data doesn't exist for startDate = 1245556800, endDate = 1246507200
$SHLD: Data doesn't exist for startDate = 1245556800, endDate = 1246507200
$SEE: possibly delisted; no timezone found

1 Failed download:
['SHLD']: Data doesn't exist for startDate = 1245556800, endDate = 1246507200

1 Failed download:
['SEE']: possibly delisted; no timezone found
$SNI: possibly delisted; no price data found  (1d 2009-06-21 -> 2009-07-02)

1 Failed download:
['SNI']: possibly delisted; no price data found  (1d 2009-06-21 -> 2009-07-02)
$SRCL: possibly delisted; no timezone found
$STJ: possibly delisted; no price data found  (1d 1927-10-10 -> 2026-09-15)
$SII: Data doesn't exist for startDate = 1245556800, endDate = 1246507200

1 Failed download:
['SII']: Data doesn't exist for startDate = 1245556800, endDate = 1246507200
$SNDK: Data doesn't exist for startDate = 1245556800, endDate = 1739336400

1 Failed download:
['SNDK']: Data doesn't exist for startDate = 1245556800, endDate = 1739336400
$SRCL: possibly delisted; no timezone found

1 Failed download:
['SRCL']: possibly delisted; no timezone found
$STR: possibly delisted; no timezone found
$SPLS: Data doesn't exist for startDate = 1245556800, endDate = 1246507200

1 Failed download:
['SPLS']: Data doesn't exist for startDate = 1245556800, endDate = 1246507200
$STJ: possibly delisted; no price data found  (1d 2009-06-21 -> 2009-07-02)
$SUNEQ: possibly delisted; no price data found  (1d 1927-10-10 -> 2026-09-15)
$STR: possibly delisted; no timezone found

1 Failed download:
['STJ']: possibly delisted; no price data found  (1d 2009-06-21 -> 2009-07-02)

1 Failed download:
['STR']: possibly delisted; no timezone found
$SUNEQ: possibly delisted; no price data found  (1d 2009-06-21 -> 2009-07-02)

1 Failed download:
['SUNEQ']: possibly delisted; no price data found  (1d 2009-06-21 -> 2009-07-02)
$STI: Data doesn't exist for startDate = 1245556800, endDate = 1246507200

1 Failed download:
['STI']: Data doesn't exist for startDate = 1245556800, endDate = 1246507200
$SYMC: possibly delisted; no timezone found
$SWN: possibly delisted; no timezone found
$SYMC: possibly delisted; no timezone found

1 Failed download:
['SYMC']: possibly delisted; no timezone found
$SWN: possibly delisted; no timezone found

1 Failed download:
['SWN']: possibly delisted; no timezone found
$SUN: Data doesn't exist for startDate = 1245556800, endDate = 1246507200

1 Failed download:
['SUN']: Data doesn't exist for startDate = 1245556800, endDate = 1246507200
$TGNA: possibly delisted; no timezone found
$TGNA: possibly delisted; no timezone found

1 Failed download:
['TGNA']: possibly delisted; no timezone found
$TE: Data doesn't exist for startDate = 1245556800, endDate = 1246507200

1 Failed download:
['TE']: Data doesn't exist for startDate = 1245556800, endDate = 1246507200
$TMK: possibly delisted; no timezone found
$TIF: possibly delisted; no timezone found
$TMK: possibly delisted; no timezone found

1 Failed download:
['TMK']: possibly delisted; no timezone found
$TIF: possibly delisted; no timezone found

1 Failed download:
['TIF']: possibly delisted; no timezone found
$TWC: possibly delisted; no price data found  (1d 1927-10-10 -> 2026-09-15)
$TSS: possibly delisted; no timezone found
$TWC: possibly delisted; no price data found  (1d 2009-06-21 -> 2009-07-02)

1 Failed download:
['TWC']: possibly delisted; no price data found  (1d 2009-06-21 -> 2009-07-02)
$TSS: possibly delisted; no timezone found

1 Failed download:
['TSS']: possibly delisted; no timezone found
$TMUS: possibly delisted; no price data found  (1d 2009-06-21 -> 2009-06-21)

1 Failed download:
['TMUS']: possibly delisted; no price data found  (1d 2009-06-21 -> 2009-06-21)
$VAR: possibly delisted; no timezone found
$VAR: possibly delisted; no timezone found

1 Failed download:
['VAR']: possibly delisted; no timezone found
$UTX: possibly delisted; no timezone found
$UTX: possibly delisted; no timezone found

1 Failed download:
['UTX']: possibly delisted; no timezone found
$VIAB: possibly delisted; no timezone found
$VIAB: possibly delisted; no timezone found

1 Failed download:
['VIAB']: possibly delisted; no timezone found
$WBA: possibly delisted; no timezone found
$WBA: possibly delisted; no timezone found

1 Failed download:
['WBA']: possibly delisted; no timezone found
$WFM: possibly delisted; no price data found  (1d 1927-10-10 -> 2026-09-15)
$VTR: possibly delisted; no price data found  (1d 2009-06-21 -> 2009-06-21)

1 Failed download:
['VTR']: possibly delisted; no price data found  (1d 2009-06-21 -> 2009-06-21)
$WIN: possibly delisted; no timezone found
$WDC: possibly delisted; no price data found  (1d 2009-06-21 -> 2009-06-21)

1 Failed download:
['WDC']: possibly delisted; no price data found  (1d 2009-06-21 -> 2009-06-21)
$WFM: possibly delisted; no price data found  (1d 2009-06-21 -> 2009-07-02)
$WIN: possibly delisted; no timezone found

1 Failed download:
['WFM']: possibly delisted; no price data found  (1d 2009-06-21 -> 2009-07-02)

1 Failed download:
['WIN']: possibly delisted; no timezone found
$WYND: possibly delisted; no timezone found
$WYND: possibly delisted; no timezone found

1 Failed download:
['WYND']: possibly delisted; no timezone found
$WELL: possibly delisted; no price data found  (1d 2009-06-21 -> 2009-06-21)

1 Failed download:
['WELL']: possibly delisted; no price data found  (1d 2009-06-21 -> 2009-06-21)
$XL: possibly delisted; no timezone found
$X: possibly delisted; no timezone found
$XL: possibly delisted; no timezone found

1 Failed download:
['XL']: possibly delisted; no timezone found
$X: possibly delisted; no timezone found

1 Failed download:
['X']: possibly delisted; no timezone found
$XLNX: possibly delisted; no timezone found
$XLNX: possibly delisted; no timezone found

1 Failed download:
['XLNX']: possibly delisted; no timezone found
[h11]     [6/6] 2009-07-01: picks=['AMZN', 'ESRX', 'MCD'] (pool=40, 후보=30, 49.5s)
[h_corr]   풀 breadth/상관관계 신호 구축...
$AABA: possibly delisted; no timezone found
$ABC: possibly delisted; no timezone found
$AABA: possibly delisted; no timezone found

1 Failed download:
['AABA']: possibly delisted; no timezone found
$ABC: possibly delisted; no timezone found

1 Failed download:
['ABC']: possibly delisted; no timezone found
$ADBE: possibly delisted; no price data found  (1d 2006-12-24 -> 2006-12-25)

1 Failed download:
['ADBE']: possibly delisted; no price data found  (1d 2006-12-24 -> 2006-12-25)
$ADCT: Data doesn't exist for startDate = 1166936400, endDate = 1167886800

1 Failed download:
['ADCT']: Data doesn't exist for startDate = 1166936400, endDate = 1167886800
$A: possibly delisted; no price data found  (1d 2006-12-24 -> 2006-12-25)

1 Failed download:
['A']: possibly delisted; no price data found  (1d 2006-12-24 -> 2006-12-25)
$ADI: possibly delisted; no price data found  (1d 2006-12-24 -> 2006-12-25)

1 Failed download:
['ADI']: possibly delisted; no price data found  (1d 2006-12-24 -> 2006-12-25)
$ADM: possibly delisted; no price data found  (1d 2006-12-24 -> 2006-12-25)

1 Failed download:
['ADM']: possibly delisted; no price data found  (1d 2006-12-24 -> 2006-12-25)
$ADP: possibly delisted; no price data found  (1d 2006-12-24 -> 2006-12-25)

1 Failed download:
['ADP']: possibly delisted; no price data found  (1d 2006-12-24 -> 2006-12-25)
$ABT: possibly delisted; no price data found  (1d 2006-12-24 -> 2006-12-25)

1 Failed download:
['ABT']: possibly delisted; no price data found  (1d 2006-12-24 -> 2006-12-25)
$AGN: possibly delisted; no timezone found
$AEE: possibly delisted; no price data found  (1d 2006-12-24 -> 2006-12-25)

1 Failed download:
['AEE']: possibly delisted; no price data found  (1d 2006-12-24 -> 2006-12-25)
$ADSK: possibly delisted; no price data found  (1d 2006-12-24 -> 2006-12-25)

1 Failed download:
['ADSK']: possibly delisted; no price data found  (1d 2006-12-24 -> 2006-12-25)
$AGN: possibly delisted; no timezone found

1 Failed download:
['AGN']: possibly delisted; no timezone found
$AES: possibly delisted; no price data found  (1d 2006-12-24 -> 2006-12-25)

1 Failed download:
['AES']: possibly delisted; no price data found  (1d 2006-12-24 -> 2006-12-25)
$ALTR: possibly delisted; no timezone found
$AEP: possibly delisted; no price data found  (1d 2006-12-24 -> 2006-12-25)
$AFL: possibly delisted; no price data found  (1d 2006-12-24 -> 2006-12-25)

1 Failed download:
['AEP']: possibly delisted; no price data found  (1d 2006-12-24 -> 2006-12-25)

1 Failed download:
['AFL']: possibly delisted; no price data found  (1d 2006-12-24 -> 2006-12-25)
$ALTR: possibly delisted; no timezone found

1 Failed download:
['ALTR']: possibly delisted; no timezone found
$AET: possibly delisted; no price data found  (1d 2006-12-24 -> 2006-12-25)

1 Failed download:
['AET']: possibly delisted; no price data found  (1d 2006-12-24 -> 2006-12-25)
$AIV: possibly delisted; no price data found  (1d 2006-12-24 -> 2006-12-25)

1 Failed download:
['AIV']: possibly delisted; no price data found  (1d 2006-12-24 -> 2006-12-25)
$ANTM: possibly delisted; no timezone found
$AMD: possibly delisted; no price data found  (1d 2006-12-24 -> 2006-12-25)

1 Failed download:
['AMD']: possibly delisted; no price data found  (1d 2006-12-24 -> 2006-12-25)
$ALL: possibly delisted; no price data found  (1d 2006-12-24 -> 2006-12-25)

1 Failed download:
['ALL']: possibly delisted; no price data found  (1d 2006-12-24 -> 2006-12-25)
$AMP: possibly delisted; no price data found  (1d 2006-12-24 -> 2006-12-25)

1 Failed download:
['AMP']: possibly delisted; no price data found  (1d 2006-12-24 -> 2006-12-25)
$AN: possibly delisted; no price data found  (1d 2006-12-24 -> 2006-12-25)

1 Failed download:
['AN']: possibly delisted; no price data found  (1d 2006-12-24 -> 2006-12-25)
$APOL: possibly delisted; no price data found  (1d 1927-10-10 -> 2026-09-15)
$AMGN: possibly delisted; no price data found  (1d 2006-12-24 -> 2006-12-25)

1 Failed download:
['AMGN']: possibly delisted; no price data found  (1d 2006-12-24 -> 2006-12-25)
$AIG: possibly delisted; no price data found  (1d 2006-12-24 -> 2006-12-25)
$ANTM: possibly delisted; no timezone found

1 Failed download:

1 Failed download:
['ANTM']: possibly delisted; no timezone found
['AIG']: possibly delisted; no price data found  (1d 2006-12-24 -> 2006-12-25)
$AMAT: possibly delisted; no price data found  (1d 2006-12-24 -> 2006-12-25)

1 Failed download:
['AMAT']: possibly delisted; no price data found  (1d 2006-12-24 -> 2006-12-25)
$ARNC: possibly delisted; no timezone found
$APOL: possibly delisted; no price data found  (1d 2006-12-24 -> 2007-01-04)

1 Failed download:
['APOL']: possibly delisted; no price data found  (1d 2006-12-24 -> 2007-01-04)
$ARNC: possibly delisted; no timezone found

1 Failed download:
['ARNC']: possibly delisted; no timezone found
$APC: Data doesn't exist for startDate = 1166936400, endDate = 1167886800

1 Failed download:
['APC']: Data doesn't exist for startDate = 1166936400, endDate = 1167886800
$AT: possibly delisted; no timezone found
$AT: possibly delisted; no timezone found

1 Failed download:
['AT']: possibly delisted; no timezone found
$AVP: possibly delisted; no timezone found
$AVP: possibly delisted; no timezone found

1 Failed download:
['AVP']: possibly delisted; no timezone found
$AON: possibly delisted; no price data found  (1d 2006-12-24 -> 2006-12-25)

1 Failed download:
['AON']: possibly delisted; no price data found  (1d 2006-12-24 -> 2006-12-25)
$ATI: possibly delisted; no price data found  (1d 2006-12-24 -> 2006-12-25)

1 Failed download:
['ATI']: possibly delisted; no price data found  (1d 2006-12-24 -> 2006-12-25)
$APA: possibly delisted; no price data found  (1d 2006-12-24 -> 2006-12-25)

1 Failed download:
['APA']: possibly delisted; no price data found  (1d 2006-12-24 -> 2006-12-25)
$ASH: possibly delisted; no price data found  (1d 2006-12-24 -> 2006-12-25)

1 Failed download:
['ASH']: possibly delisted; no price data found  (1d 2006-12-24 -> 2006-12-25)
$AVY: possibly delisted; no price data found  (1d 2006-12-24 -> 2006-12-25)

1 Failed download:
['AVY']: possibly delisted; no price data found  (1d 2006-12-24 -> 2006-12-25)
$BBBY: Data doesn't exist for startDate = 1166936400, endDate = 1167886800

1 Failed download:
['BBBY']: Data doesn't exist for startDate = 1166936400, endDate = 1167886800
$AZO: possibly delisted; no price data found  (1d 2006-12-24 -> 2006-12-25)

1 Failed download:
['AZO']: possibly delisted; no price data found  (1d 2006-12-24 -> 2006-12-25)
$BCR: possibly delisted; no price data found  (1d 1927-10-10 -> 2026-09-15)
$BCR: possibly delisted; no price data found  (1d 2006-12-24 -> 2007-01-04)

1 Failed download:
['BCR']: possibly delisted; no price data found  (1d 2006-12-24 -> 2007-01-04)
$AXP: possibly delisted; no price data found  (1d 2006-12-24 -> 2006-12-25)

1 Failed download:
['AXP']: possibly delisted; no price data found  (1d 2006-12-24 -> 2006-12-25)
$BAX: possibly delisted; no price data found  (1d 2006-12-24 -> 2006-12-25)

1 Failed download:
['BAX']: possibly delisted; no price data found  (1d 2006-12-24 -> 2006-12-25)
$BBY: possibly delisted; no price data found  (1d 2006-12-24 -> 2006-12-25)

1 Failed download:
['BBY']: possibly delisted; no price data found  (1d 2006-12-24 -> 2006-12-25)
$BEAM: Data doesn't exist for startDate = 1166936400, endDate = 1167886800

1 Failed download:
$BIG: possibly delisted; no timezone found
['BEAM']: Data doesn't exist for startDate = 1166936400, endDate = 1167886800
$BHGE: possibly delisted; no timezone found
$BEN: possibly delisted; no price data found  (1d 2006-12-24 -> 2006-12-25)

1 Failed download:
['BEN']: possibly delisted; no price data found  (1d 2006-12-24 -> 2006-12-25)
$BK: possibly delisted; no timezone found
$BLL: possibly delisted; no timezone found
$BC: possibly delisted; no price data found  (1d 2006-12-24 -> 2006-12-25)

1 Failed download:
['BC']: possibly delisted; no price data found  (1d 2006-12-24 -> 2006-12-25)
$BDX: possibly delisted; no price data found  (1d 2006-12-24 -> 2006-12-25)
$BIG: possibly delisted; no timezone found

1 Failed download:
['BDX']: possibly delisted; no price data found  (1d 2006-12-24 -> 2006-12-25)
$BHGE: possibly delisted; no timezone found

1 Failed download:
['BHGE']: possibly delisted; no timezone found

1 Failed download:
['BIG']: possibly delisted; no timezone found
$BIIB: possibly delisted; no price data found  (1d 2006-12-24 -> 2006-12-25)
$BK: possibly delisted; no timezone found

1 Failed download:
['BK']: possibly delisted; no timezone found

1 Failed download:
['BIIB']: possibly delisted; no price data found  (1d 2006-12-24 -> 2006-12-25)
$BLL: possibly delisted; no timezone found

1 Failed download:
['BLL']: possibly delisted; no timezone found
$BRCM: possibly delisted; no price data found  (1d 1927-10-10 -> 2026-09-15)
$BTUUQ: possibly delisted; no price data found  (1d 1927-10-10 -> 2026-09-15)
$BF-B: possibly delisted; no price data found  (1d 2006-12-24 -> 2006-12-25)

1 Failed download:
['BF-B']: possibly delisted; no price data found  (1d 2006-12-24 -> 2006-12-25)
$BRCM: possibly delisted; no price data found  (1d 2006-12-24 -> 2007-01-04)

1 Failed download:
['BRCM']: possibly delisted; no price data found  (1d 2006-12-24 -> 2007-01-04)
$BTUUQ: possibly delisted; no price data found  (1d 2006-12-24 -> 2007-01-04)

1 Failed download:
['BTUUQ']: possibly delisted; no price data found  (1d 2006-12-24 -> 2007-01-04)
$CA: possibly delisted; no timezone found
$BUD: Data doesn't exist for startDate = 1166936400, endDate = 1167886800

1 Failed download:
['BUD']: Data doesn't exist for startDate = 1166936400, endDate = 1167886800
$BSX: possibly delisted; no price data found  (1d 2006-12-24 -> 2006-12-25)

1 Failed download:
['BSX']: possibly delisted; no price data found  (1d 2006-12-24 -> 2006-12-25)
$CA: possibly delisted; no timezone found

1 Failed download:
['CA']: possibly delisted; no timezone found
$BMY: possibly delisted; no price data found  (1d 2006-12-24 -> 2006-12-25)

1 Failed download:
['BMY']: possibly delisted; no price data found  (1d 2006-12-24 -> 2006-12-25)
$BXP: possibly delisted; no price data found  (1d 2006-12-24 -> 2006-12-25)

1 Failed download:
['BXP']: possibly delisted; no price data found  (1d 2006-12-24 -> 2006-12-25)
$CBH: possibly delisted; no timezone found
$CBS: possibly delisted; no timezone found
$C: possibly delisted; no price data found  (1d 2006-12-24 -> 2006-12-25)

1 Failed download:
['C']: possibly delisted; no price data found  (1d 2006-12-24 -> 2006-12-25)
$CCE: possibly delisted; no price data found  (1d 1927-10-10 -> 2026-09-15)
$CAG: possibly delisted; no price data found  (1d 2006-12-24 -> 2006-12-25)

1 Failed download:
['CAG']: possibly delisted; no price data found  (1d 2006-12-24 -> 2006-12-25)
$BMS: possibly delisted; no price data found  (1d 2006-12-24 -> 2006-12-25)

1 Failed download:
['BMS']: possibly delisted; no price data found  (1d 2006-12-24 -> 2006-12-25)
$CAH: possibly delisted; no price data found  (1d 2006-12-24 -> 2006-12-25)
$CBH: possibly delisted; no timezone found
$CBS: possibly delisted; no timezone found

1 Failed download:
['CBS']: possibly delisted; no timezone found

1 Failed download:
['CBH']: possibly delisted; no timezone found

1 Failed download:
['CAH']: possibly delisted; no price data found  (1d 2006-12-24 -> 2006-12-25)
$CAT: possibly delisted; no price data found  (1d 2006-12-24 -> 2006-12-25)

1 Failed download:
['CAT']: possibly delisted; no price data found  (1d 2006-12-24 -> 2006-12-25)
$CBRE: possibly delisted; no price data found  (1d 2006-12-24 -> 2006-12-25)

1 Failed download:
['CBRE']: possibly delisted; no price data found  (1d 2006-12-24 -> 2006-12-25)
$CB: possibly delisted; no price data found  (1d 2006-12-24 -> 2006-12-25)

1 Failed download:
['CB']: possibly delisted; no price data found  (1d 2006-12-24 -> 2006-12-25)
$CCE: possibly delisted; no price data found  (1d 2006-12-24 -> 2007-01-04)

1 Failed download:
['CCE']: possibly delisted; no price data found  (1d 2006-12-24 -> 2007-01-04)
$CHK: possibly delisted; no timezone found
$CELG: possibly delisted; no timezone found
$CCU: possibly delisted; no price data found  (1d 2006-12-24 -> 2006-12-25)

1 Failed download:
['CCU']: possibly delisted; no price data found  (1d 2006-12-24 -> 2006-12-25)
$CHK: possibly delisted; no timezone found

1 Failed download:
['CHK']: possibly delisted; no timezone found
$CELG: possibly delisted; no timezone found

1 Failed download:
['CELG']: possibly delisted; no timezone found
$CEG: Data doesn't exist for startDate = 1166936400, endDate = 1642482000

1 Failed download:
['CEG']: Data doesn't exist for startDate = 1166936400, endDate = 1642482000
$CIEN: possibly delisted; no price data found  (1d 2006-12-24 -> 2006-12-25)

1 Failed download:
['CIEN']: possibly delisted; no price data found  (1d 2006-12-24 -> 2006-12-25)
$CCL: possibly delisted; no price data found  (1d 2006-12-24 -> 2006-12-25)

1 Failed download:
['CCL']: possibly delisted; no price data found  (1d 2006-12-24 -> 2006-12-25)
$CI: possibly delisted; no price data found  (1d 2006-12-24 -> 2006-12-25)

1 Failed download:
['CI']: possibly delisted; no price data found  (1d 2006-12-24 -> 2006-12-25)
$CMA: possibly delisted; no timezone found
$CINF: possibly delisted; no price data found  (1d 2006-12-24 -> 2006-12-25)

1 Failed download:
['CINF']: possibly delisted; no price data found  (1d 2006-12-24 -> 2006-12-25)
$CLX: possibly delisted; no price data found  (1d 2006-12-24 -> 2006-12-25)

1 Failed download:
['CLX']: possibly delisted; no price data found  (1d 2006-12-24 -> 2006-12-25)
$CMA: possibly delisted; no timezone found

1 Failed download:
['CMA']: possibly delisted; no timezone found
$CL: possibly delisted; no price data found  (1d 2006-12-24 -> 2006-12-25)

1 Failed download:
['CL']: possibly delisted; no price data found  (1d 2006-12-24 -> 2006-12-25)
$CMCSA: possibly delisted; no price data found  (1d 2006-12-24 -> 2006-12-25)
$CMI: possibly delisted; no price data found  (1d 2006-12-24 -> 2006-12-25)

1 Failed download:

1 Failed download:
['CMCSA']: possibly delisted; no price data found  (1d 2006-12-24 -> 2006-12-25)
['CMI']: possibly delisted; no price data found  (1d 2006-12-24 -> 2006-12-25)
$CNX: possibly delisted; no price data found  (1d 2006-12-24 -> 2006-12-25)

1 Failed download:
['CNX']: possibly delisted; no price data found  (1d 2006-12-24 -> 2006-12-25)
$CMS: possibly delisted; no price data found  (1d 2006-12-24 -> 2006-12-25)

1 Failed download:
['CMS']: possibly delisted; no price data found  (1d 2006-12-24 -> 2006-12-25)
$CNP: possibly delisted; no price data found  (1d 2006-12-24 -> 2006-12-25)

1 Failed download:
['CNP']: possibly delisted; no price data found  (1d 2006-12-24 -> 2006-12-25)
$CPWR: possibly delisted; no price data found  (1d 2006-12-24 -> 2006-12-25)

1 Failed download:
['CPWR']: possibly delisted; no price data found  (1d 2006-12-24 -> 2006-12-25)
$COF: possibly delisted; no price data found  (1d 2006-12-24 -> 2006-12-25)

1 Failed download:
['COF']: possibly delisted; no price data found  (1d 2006-12-24 -> 2006-12-25)
$COL: possibly delisted; no price data found  (1d 2006-12-24 -> 2012-08-01)

1 Failed download:
['COL']: possibly delisted; no price data found  (1d 2006-12-24 -> 2012-08-01)
$CTL: possibly delisted; no timezone found
$COST: possibly delisted; no price data found  (1d 2006-12-24 -> 2006-12-25)
$CTL: possibly delisted; no timezone found

1 Failed download:
['COST']: possibly delisted; no price data found  (1d 2006-12-24 -> 2006-12-25)

1 Failed download:
$CPB: possibly delisted; no price data found  (1d 2006-12-24 -> 2006-12-25)
['CTL']: possibly delisted; no timezone found

1 Failed download:
['CPB']: possibly delisted; no price data found  (1d 2006-12-24 -> 2006-12-25)
$CTXS: possibly delisted; no timezone found
$CTAS: possibly delisted; no price data found  (1d 2006-12-24 -> 2006-12-25)

1 Failed download:
['CTAS']: possibly delisted; no price data found  (1d 2006-12-24 -> 2006-12-25)
$CTXS: possibly delisted; no timezone found

1 Failed download:
['CTXS']: possibly delisted; no timezone found
$CVG: possibly delisted; no price data found  (1d 2006-12-24 -> 2006-12-26)

1 Failed download:
['CVG']: possibly delisted; no price data found  (1d 2006-12-24 -> 2006-12-26)
$CTSH: possibly delisted; no price data found  (1d 2006-12-24 -> 2006-12-25)

1 Failed download:
['CTSH']: possibly delisted; no price data found  (1d 2006-12-24 -> 2006-12-25)
$DF: possibly delisted; no timezone found
$DF: possibly delisted; no timezone found

1 Failed download:
['DF']: possibly delisted; no timezone found
$CVS: possibly delisted; no price data found  (1d 2006-12-24 -> 2006-12-25)

1 Failed download:
['CVS']: possibly delisted; no price data found  (1d 2006-12-24 -> 2006-12-25)
$DDS: possibly delisted; no price data found  (1d 2006-12-24 -> 2006-12-25)

1 Failed download:
['DDS']: possibly delisted; no price data found  (1d 2006-12-24 -> 2006-12-25)
$DELL: Data doesn't exist for startDate = 1166936400, endDate = 1471320000

1 Failed download:
['DELL']: Data doesn't exist for startDate = 1166936400, endDate = 1471320000
$DE: possibly delisted; no price data found  (1d 2006-12-24 -> 2006-12-25)

1 Failed download:
['DE']: possibly delisted; no price data found  (1d 2006-12-24 -> 2006-12-25)
$DGX: possibly delisted; no price data found  (1d 2006-12-24 -> 2006-12-25)

1 Failed download:
['DGX']: possibly delisted; no price data found  (1d 2006-12-24 -> 2006-12-25)
$DG: Data doesn't exist for startDate = 1166936400, endDate = 1258002000

1 Failed download:
['DG']: Data doesn't exist for startDate = 1166936400, endDate = 1258002000
$DD: possibly delisted; no price data found  (1d 2006-12-24 -> 2006-12-25)

1 Failed download:
['DD']: possibly delisted; no price data found  (1d 2006-12-24 -> 2006-12-25)
$DHI: possibly delisted; no price data found  (1d 2006-12-24 -> 2006-12-25)

1 Failed download:
['DHI']: possibly delisted; no price data found  (1d 2006-12-24 -> 2006-12-25)
$DTV: possibly delisted; no timezone found
$DHR: possibly delisted; no price data found  (1d 2006-12-24 -> 2006-12-25)

1 Failed download:
['DHR']: possibly delisted; no price data found  (1d 2006-12-24 -> 2006-12-25)
$DOW: Data doesn't exist for startDate = 1166936400, endDate = 1552968000

1 Failed download:
['DOW']: Data doesn't exist for startDate = 1166936400, endDate = 1552968000
$DOV: possibly delisted; no price data found  (1d 2006-12-24 -> 2006-12-25)

1 Failed download:
['DOV']: possibly delisted; no price data found  (1d 2006-12-24 -> 2006-12-25)
$DRI: possibly delisted; no price data found  (1d 2006-12-24 -> 2006-12-25)

1 Failed download:
['DRI']: possibly delisted; no price data found  (1d 2006-12-24 -> 2006-12-25)
$DIS: possibly delisted; no price data found  (1d 2006-12-24 -> 2006-12-25)

1 Failed download:
['DIS']: possibly delisted; no price data found  (1d 2006-12-24 -> 2006-12-25)
$DTE: possibly delisted; no price data found  (1d 2006-12-24 -> 2006-12-25)
$DTV: possibly delisted; no timezone found

1 Failed download:
['DTE']: possibly delisted; no price data found  (1d 2006-12-24 -> 2006-12-25)

1 Failed download:
['DTV']: possibly delisted; no timezone found
$DUK: possibly delisted; no price data found  (1d 2006-12-24 -> 2006-12-25)

1 Failed download:
['DUK']: possibly delisted; no price data found  (1d 2006-12-24 -> 2006-12-25)
$DXC: possibly delisted; no price data found  (1d 2006-12-24 -> 2006-12-25)

1 Failed download:
['DXC']: possibly delisted; no price data found  (1d 2006-12-24 -> 2006-12-25)
$DVN: possibly delisted; no price data found  (1d 2006-12-24 -> 2006-12-25)

1 Failed download:
['DVN']: possibly delisted; no price data found  (1d 2006-12-24 -> 2006-12-25)
$DYN: Data doesn't exist for startDate = 1166936400, endDate = 1167886800

1 Failed download:
['DYN']: Data doesn't exist for startDate = 1166936400, endDate = 1167886800
$EBAY: possibly delisted; no price data found  (1d 2006-12-24 -> 2006-12-25)

1 Failed download:
['EBAY']: possibly delisted; no price data found  (1d 2006-12-24 -> 2006-12-25)
$EA: Data doesn't exist for startDate = 1166936400, endDate = 1784174400

1 Failed download:
['EA']: Data doesn't exist for startDate = 1166936400, endDate = 1784174400
$ECL: possibly delisted; no price data found  (1d 2006-12-24 -> 2006-12-25)

1 Failed download:
$EMC: Data doesn't exist for startDate = 1166936400, endDate = 1167886800
['ECL']: possibly delisted; no price data found  (1d 2006-12-24 -> 2006-12-25)

1 Failed download:
['EMC']: Data doesn't exist for startDate = 1166936400, endDate = 1167886800
$EFX: possibly delisted; no price data found  (1d 2006-12-24 -> 2006-12-25)

1 Failed download:
['EFX']: possibly delisted; no price data found  (1d 2006-12-24 -> 2006-12-25)
$ED: possibly delisted; no price data found  (1d 2006-12-24 -> 2006-12-25)

1 Failed download:
['ED']: possibly delisted; no price data found  (1d 2006-12-24 -> 2006-12-25)
$EL: possibly delisted; no price data found  (1d 2006-12-24 -> 2006-12-25)

1 Failed download:
['EL']: possibly delisted; no price data found  (1d 2006-12-24 -> 2006-12-25)
$EIX: possibly delisted; no price data found  (1d 2006-12-24 -> 2006-12-25)

1 Failed download:
['EIX']: possibly delisted; no price data found  (1d 2006-12-24 -> 2006-12-25)
$EMN: possibly delisted; no price data found  (1d 2006-12-24 -> 2006-12-25)

1 Failed download:
['EMN']: possibly delisted; no price data found  (1d 2006-12-24 -> 2006-12-25)
$ETFC: possibly delisted; no timezone found
$EOG: possibly delisted; no price data found  (1d 2006-12-24 -> 2006-12-25)

1 Failed download:
['EOG']: possibly delisted; no price data found  (1d 2006-12-24 -> 2006-12-25)
$EMR: possibly delisted; no price data found  (1d 2006-12-24 -> 2006-12-25)

1 Failed download:
['EMR']: possibly delisted; no price data found  (1d 2006-12-24 -> 2006-12-25)
$EP: possibly delisted; no price data found  (1d 2006-12-24 -> 2006-12-25)

1 Failed download:
['EP']: possibly delisted; no price data found  (1d 2006-12-24 -> 2006-12-25)
$EQR: Data doesn't exist for startDate = 1166936400, endDate = 1784174400

1 Failed download:
['EQR']: Data doesn't exist for startDate = 1166936400, endDate = 1784174400
$FDC: possibly delisted; no timezone found
$EQ: Data doesn't exist for startDate = 1166936400, endDate = 1167886800

1 Failed download:
['EQ']: Data doesn't exist for startDate = 1166936400, endDate = 1167886800
$ETFC: possibly delisted; no timezone found

1 Failed download:
['ETFC']: possibly delisted; no timezone found
$FDC: possibly delisted; no timezone found

1 Failed download:
['FDC']: possibly delisted; no timezone found
$ETN: possibly delisted; no price data found  (1d 2006-12-24 -> 2006-12-25)

1 Failed download:
['ETN']: possibly delisted; no price data found  (1d 2006-12-24 -> 2006-12-25)
$FII: possibly delisted; no timezone found
$FII: possibly delisted; no timezone found

1 Failed download:
['FII']: possibly delisted; no timezone found
$FDX: possibly delisted; no price data found  (1d 2006-12-24 -> 2006-12-25)

1 Failed download:
['FDX']: possibly delisted; no price data found  (1d 2006-12-24 -> 2006-12-25)
$ETR: possibly delisted; no price data found  (1d 2006-12-24 -> 2006-12-25)

1 Failed download:
['ETR']: possibly delisted; no price data found  (1d 2006-12-24 -> 2006-12-25)
$F: possibly delisted; no price data found  (1d 2006-12-24 -> 2006-12-25)

1 Failed download:
['F']: possibly delisted; no price data found  (1d 2006-12-24 -> 2006-12-25)
$FIS: possibly delisted; no price data found  (1d 2006-12-24 -> 2006-12-25)

1 Failed download:
['FIS']: possibly delisted; no price data found  (1d 2006-12-24 -> 2006-12-25)
$FRX: possibly delisted; no timezone found
$GAS: possibly delisted; no price data found  (1d 1927-10-10 -> 2026-09-15)
$FHN: possibly delisted; no price data found  (1d 2006-12-24 -> 2006-12-25)

1 Failed download:
['FHN']: possibly delisted; no price data found  (1d 2006-12-24 -> 2006-12-25)
$FISV: possibly delisted; no price data found  (1d 2006-12-24 -> 2006-12-25)

1 Failed download:
['FISV']: possibly delisted; no price data found  (1d 2006-12-24 -> 2006-12-25)
$FTR: possibly delisted; no timezone found
$FLR: possibly delisted; no price data found  (1d 2006-12-24 -> 2006-12-25)
$FRX: possibly delisted; no timezone found

1 Failed download:
['FLR']: possibly delisted; no price data found  (1d 2006-12-24 -> 2006-12-25)

1 Failed download:
['FRX']: possibly delisted; no timezone found
$FOXA: Data doesn't exist for startDate = 1166936400, endDate = 1552276800

1 Failed download:
['FOXA']: Data doesn't exist for startDate = 1166936400, endDate = 1552276800
$FITB: possibly delisted; no price data found  (1d 2006-12-24 -> 2006-12-25)

1 Failed download:
['FITB']: possibly delisted; no price data found  (1d 2006-12-24 -> 2006-12-25)
$FTR: possibly delisted; no timezone found

1 Failed download:
['FTR']: possibly delisted; no timezone found
$GAS: Data doesn't exist for startDate = 1166936400, endDate = 1167886800

1 Failed download:
['GAS']: Data doesn't exist for startDate = 1166936400, endDate = 1167886800
$GPS: possibly delisted; no timezone found
$GD: possibly delisted; no price data found  (1d 2006-12-24 -> 2006-12-25)
$GNW: possibly delisted; no price data found  (1d 2006-12-24 -> 2006-12-25)

1 Failed download:
['GD']: possibly delisted; no price data found  (1d 2006-12-24 -> 2006-12-25)

1 Failed download:
['GNW']: possibly delisted; no price data found  (1d 2006-12-24 -> 2006-12-25)
$GPS: possibly delisted; no timezone found

1 Failed download:
['GPS']: possibly delisted; no timezone found
$GLW: possibly delisted; no price data found  (1d 2006-12-24 -> 2006-12-25)

1 Failed download:
['GLW']: possibly delisted; no price data found  (1d 2006-12-24 -> 2006-12-25)
$GIS: possibly delisted; no price data found  (1d 2006-12-24 -> 2006-12-25)

1 Failed download:
['GIS']: possibly delisted; no price data found  (1d 2006-12-24 -> 2006-12-25)
$HAR: possibly delisted; no price data found  (1d 1927-10-10 -> 2026-09-15)
$GS: possibly delisted; no price data found  (1d 2006-12-24 -> 2006-12-25)

1 Failed download:
['GS']: possibly delisted; no price data found  (1d 2006-12-24 -> 2006-12-25)
$GPC: possibly delisted; no price data found  (1d 2006-12-24 -> 2006-12-25)

1 Failed download:
['GPC']: possibly delisted; no price data found  (1d 2006-12-24 -> 2006-12-25)
$HAR: Data doesn't exist for startDate = 1166936400, endDate = 1167886800

1 Failed download:
['HAR']: Data doesn't exist for startDate = 1166936400, endDate = 1167886800
$HCR: possibly delisted; no timezone found
$GT: possibly delisted; no price data found  (1d 2006-12-24 -> 2006-12-25)

1 Failed download:
['GT']: possibly delisted; no price data found  (1d 2006-12-24 -> 2006-12-25)
$HCR: possibly delisted; no timezone found

1 Failed download:
['HCR']: possibly delisted; no timezone found
$H: Data doesn't exist for startDate = 1166936400, endDate = 1167886800

1 Failed download:
['H']: Data doesn't exist for startDate = 1166936400, endDate = 1167886800
$HES: possibly delisted; no timezone found
$GWW: possibly delisted; no price data found  (1d 2006-12-24 -> 2006-12-25)

1 Failed download:
['GWW']: possibly delisted; no price data found  (1d 2006-12-24 -> 2006-12-25)
$HAS: possibly delisted; no price data found  (1d 2006-12-24 -> 2006-12-25)

1 Failed download:
['HAS']: possibly delisted; no price data found  (1d 2006-12-24 -> 2006-12-25)
$HES: possibly delisted; no timezone found

1 Failed download:
['HES']: possibly delisted; no timezone found
$HMA: possibly delisted; no timezone found
$HAL: possibly delisted; no price data found  (1d 2006-12-24 -> 2006-12-25)
$HMA: possibly delisted; no timezone found

1 Failed download:
['HAL']: possibly delisted; no price data found  (1d 2006-12-24 -> 2006-12-25)

1 Failed download:
['HMA']: possibly delisted; no timezone found
$HBAN: possibly delisted; no price data found  (1d 2006-12-24 -> 2006-12-25)

1 Failed download:
['HBAN']: possibly delisted; no price data found  (1d 2006-12-24 -> 2006-12-25)
$HIG: possibly delisted; no price data found  (1d 2006-12-24 -> 2006-12-25)
$HSP: possibly delisted; no price data found  (1d 1927-10-10 -> 2026-09-15)

1 Failed download:
['HIG']: possibly delisted; no price data found  (1d 2006-12-24 -> 2006-12-25)
$HOT: possibly delisted; no price data found  (1d 2006-12-24 -> 2015-01-01)

1 Failed download:
['HOT']: possibly delisted; no price data found  (1d 2006-12-24 -> 2015-01-01)
$HLT: Data doesn't exist for startDate = 1166936400, endDate = 1386738000

1 Failed download:
['HLT']: Data doesn't exist for startDate = 1166936400, endDate = 1386738000
$HSP: possibly delisted; no price data found  (1d 2006-12-24 -> 2007-01-04)

1 Failed download:
['HSP']: possibly delisted; no price data found  (1d 2006-12-24 -> 2007-01-04)
$IAC: possibly delisted; no timezone found
$HOG: possibly delisted; no price data found  (1d 2006-12-24 -> 2006-12-25)
$IAC: possibly delisted; no timezone found

1 Failed download:

1 Failed download:
['HOG']: possibly delisted; no price data found  (1d 2006-12-24 -> 2006-12-25)
['IAC']: possibly delisted; no timezone found
$IGT: possibly delisted; no timezone found
$IGT: possibly delisted; no timezone found

1 Failed download:
['IGT']: possibly delisted; no timezone found
$HSY: possibly delisted; no price data found  (1d 2006-12-24 -> 2006-12-25)

1 Failed download:
['HSY']: possibly delisted; no price data found  (1d 2006-12-24 -> 2006-12-25)
$HON: possibly delisted; no price data found  (1d 2006-12-24 -> 2006-12-25)
$HRB: possibly delisted; no price data found  (1d 2006-12-24 -> 2006-12-25)

1 Failed download:
['HON']: possibly delisted; no price data found  (1d 2006-12-24 -> 2006-12-25)

1 Failed download:
['HRB']: possibly delisted; no price data found  (1d 2006-12-24 -> 2006-12-25)
$HPQ: possibly delisted; no price data found  (1d 2006-12-24 -> 2006-12-25)

1 Failed download:
['HPQ']: possibly delisted; no price data found  (1d 2006-12-24 -> 2006-12-25)
$IPG: possibly delisted; no timezone found
$HUM: possibly delisted; no price data found  (1d 2006-12-24 -> 2006-12-25)
$IPG: possibly delisted; no timezone found

1 Failed download:
['IPG']: possibly delisted; no timezone found

1 Failed download:
['HUM']: possibly delisted; no price data found  (1d 2006-12-24 -> 2006-12-25)
$IFF: possibly delisted; no price data found  (1d 2006-12-24 -> 2006-12-25)

1 Failed download:
['IFF']: possibly delisted; no price data found  (1d 2006-12-24 -> 2006-12-25)
$INTU: possibly delisted; no price data found  (1d 2006-12-24 -> 2006-12-25)

1 Failed download:
['INTU']: possibly delisted; no price data found  (1d 2006-12-24 -> 2006-12-25)
$JCP: possibly delisted; no timezone found
$JCP: possibly delisted; no timezone found
$JNPR: possibly delisted; no timezone found

1 Failed download:
['JCP']: possibly delisted; no timezone found
$JNS: possibly delisted; no price data found  (1d 1927-10-10 -> 2026-09-15)
$IR: Data doesn't exist for startDate = 1166936400, endDate = 1494475200

1 Failed download:
['IR']: Data doesn't exist for startDate = 1166936400, endDate = 1494475200
$JNPR: possibly delisted; no timezone found

1 Failed download:
['JNPR']: possibly delisted; no timezone found
$IP: possibly delisted; no price data found  (1d 2006-12-24 -> 2006-12-25)

1 Failed download:
['IP']: possibly delisted; no price data found  (1d 2006-12-24 -> 2006-12-25)
$JNS: possibly delisted; no price data found  (1d 2006-12-24 -> 2007-01-04)

1 Failed download:
['JNS']: possibly delisted; no price data found  (1d 2006-12-24 -> 2007-01-04)
$JBL: possibly delisted; no price data found  (1d 2006-12-24 -> 2006-12-25)

1 Failed download:
['JBL']: possibly delisted; no price data found  (1d 2006-12-24 -> 2006-12-25)
$KATE: possibly delisted; no price data found  (1d 1927-10-10 -> 2026-09-15)
$K: possibly delisted; no timezone found
$ITT: possibly delisted; no price data found  (1d 2006-12-24 -> 2006-12-25)
$ITW: possibly delisted; no price data found  (1d 2006-12-24 -> 2006-12-25)

1 Failed download:
['ITT']: possibly delisted; no price data found  (1d 2006-12-24 -> 2006-12-25)

1 Failed download:
['ITW']: possibly delisted; no price data found  (1d 2006-12-24 -> 2006-12-25)
$JWN: possibly delisted; no timezone found
$KATE: possibly delisted; no price data found  (1d 2006-12-24 -> 2007-01-04)

1 Failed download:
['KATE']: possibly delisted; no price data found  (1d 2006-12-24 -> 2007-01-04)
$K: possibly delisted; no timezone found
$JCI: possibly delisted; no price data found  (1d 2006-12-24 -> 2006-12-25)

1 Failed download:
['K']: possibly delisted; no timezone found

1 Failed download:
['JCI']: possibly delisted; no price data found  (1d 2006-12-24 -> 2006-12-25)
$JWN: possibly delisted; no timezone found

1 Failed download:
['JWN']: possibly delisted; no timezone found
$KG: Data doesn't exist for startDate = 1166936400, endDate = 1209960000

1 Failed download:
['KG']: Data doesn't exist for startDate = 1166936400, endDate = 1209960000
$KBH: possibly delisted; no price data found  (1d 2006-12-24 -> 2006-12-25)

1 Failed download:
['KBH']: possibly delisted; no price data found  (1d 2006-12-24 -> 2006-12-25)
$KIM: possibly delisted; no price data found  (1d 2006-12-24 -> 2006-12-25)

1 Failed download:
['KIM']: possibly delisted; no price data found  (1d 2006-12-24 -> 2006-12-25)
$KSS: possibly delisted; no price data found  (1d 2006-12-24 -> 2006-12-25)
$KEY: possibly delisted; no price data found  (1d 2006-12-24 -> 2006-12-25)

1 Failed download:

1 Failed download:
['KSS']: possibly delisted; no price data found  (1d 2006-12-24 -> 2006-12-25)
['KEY']: possibly delisted; no price data found  (1d 2006-12-24 -> 2006-12-25)
$KLAC: possibly delisted; no price data found  (1d 2006-12-24 -> 2006-12-25)

1 Failed download:
['KLAC']: possibly delisted; no price data found  (1d 2006-12-24 -> 2006-12-25)
$KMI: Data doesn't exist for startDate = 1166936400, endDate = 1297314000

1 Failed download:
['KMI']: Data doesn't exist for startDate = 1166936400, endDate = 1297314000
$LLTC: possibly delisted; no price data found  (1d 1927-10-10 -> 2026-09-15)
$KMB: possibly delisted; no price data found  (1d 2006-12-24 -> 2006-12-25)

1 Failed download:
['KMB']: possibly delisted; no price data found  (1d 2006-12-24 -> 2006-12-25)
$LLL: possibly delisted; no timezone found
$LB: Data doesn't exist for startDate = 1166936400, endDate = 1167886800

1 Failed download:
['LB']: Data doesn't exist for startDate = 1166936400, endDate = 1167886800
$KR: possibly delisted; no price data found  (1d 2006-12-24 -> 2006-12-25)

1 Failed download:
['KR']: possibly delisted; no price data found  (1d 2006-12-24 -> 2006-12-25)
$LM: possibly delisted; no timezone found
$L: possibly delisted; no price data found  (1d 2006-12-24 -> 2006-12-25)

1 Failed download:
['L']: possibly delisted; no price data found  (1d 2006-12-24 -> 2006-12-25)
$LEG: Data doesn't exist for startDate = 1166936400, endDate = 1167886800
$LLTC: possibly delisted; no price data found  (1d 2006-12-24 -> 2007-01-04)

1 Failed download:
['LEG']: Data doesn't exist for startDate = 1166936400, endDate = 1167886800
$LLL: possibly delisted; no timezone found

1 Failed download:
['LLL']: possibly delisted; no timezone found

1 Failed download:
['LLTC']: possibly delisted; no price data found  (1d 2006-12-24 -> 2007-01-04)
$LXK: possibly delisted; no price data found  (1d 1927-10-10 -> 2026-09-15)
$LEN: possibly delisted; no price data found  (1d 2006-12-24 -> 2006-12-25)

1 Failed download:
['LEN']: possibly delisted; no price data found  (1d 2006-12-24 -> 2006-12-25)
$LH: possibly delisted; no price data found  (1d 2006-12-24 -> 2006-12-25)

1 Failed download:
['LH']: possibly delisted; no price data found  (1d 2006-12-24 -> 2006-12-25)
$LM: possibly delisted; no timezone found

1 Failed download:
['LM']: possibly delisted; no timezone found
$LSI: possibly delisted; no timezone found
$LXK: possibly delisted; no price data found  (1d 2006-12-24 -> 2007-01-04)
$LLY: possibly delisted; no price data found  (1d 2006-12-24 -> 2006-12-25)
$LSI: possibly delisted; no timezone found

1 Failed download:
['LXK']: possibly delisted; no price data found  (1d 2006-12-24 -> 2007-01-04)

1 Failed download:
['LLY']: possibly delisted; no price data found  (1d 2006-12-24 -> 2006-12-25)

1 Failed download:
['LSI']: possibly delisted; no timezone found
$LNC: possibly delisted; no price data found  (1d 2006-12-24 -> 2006-12-25)

1 Failed download:
['LNC']: possibly delisted; no price data found  (1d 2006-12-24 -> 2006-12-25)
$LMT: possibly delisted; no price data found  (1d 2006-12-24 -> 2006-12-25)

1 Failed download:
['LMT']: possibly delisted; no price data found  (1d 2006-12-24 -> 2006-12-25)
$LUV: possibly delisted; no price data found  (1d 2006-12-24 -> 2006-12-25)
$LOW: possibly delisted; no price data found  (1d 2006-12-24 -> 2006-12-25)

1 Failed download:
['LUV']: possibly delisted; no price data found  (1d 2006-12-24 -> 2006-12-25)

1 Failed download:
['LOW']: possibly delisted; no price data found  (1d 2006-12-24 -> 2006-12-25)
$M: possibly delisted; no price data found  (1d 2006-12-24 -> 2006-12-25)
$MAR: possibly delisted; no price data found  (1d 2006-12-24 -> 2006-12-25)

1 Failed download:
['M']: possibly delisted; no price data found  (1d 2006-12-24 -> 2006-12-25)

1 Failed download:
['MAR']: possibly delisted; no price data found  (1d 2006-12-24 -> 2006-12-25)
$MBI: possibly delisted; no price data found  (1d 2006-12-24 -> 2006-12-25)

1 Failed download:
['MBI']: possibly delisted; no price data found  (1d 2006-12-24 -> 2006-12-25)
$MIL: possibly delisted; no price data found  (1d 1927-10-10 -> 2026-09-15)
$MDP: possibly delisted; no timezone found
$MAT: possibly delisted; no price data found  (1d 2006-12-24 -> 2006-12-25)
$MAS: possibly delisted; no price data found  (1d 2006-12-24 -> 2006-12-25)

1 Failed download:
['MAT']: possibly delisted; no price data found  (1d 2006-12-24 -> 2006-12-25)

1 Failed download:
['MAS']: possibly delisted; no price data found  (1d 2006-12-24 -> 2006-12-25)
$MCO: possibly delisted; no price data found  (1d 2006-12-24 -> 2006-12-25)

1 Failed download:
['MCO']: possibly delisted; no price data found  (1d 2006-12-24 -> 2006-12-25)
$MIL: possibly delisted; no price data found  (1d 2006-12-24 -> 2007-01-04)
$MDP: possibly delisted; no timezone found

1 Failed download:
['MIL']: possibly delisted; no price data found  (1d 2006-12-24 -> 2007-01-04)

1 Failed download:
['MDP']: possibly delisted; no timezone found
$MCK: possibly delisted; no price data found  (1d 2006-12-24 -> 2006-12-25)

1 Failed download:
['MCK']: possibly delisted; no price data found  (1d 2006-12-24 -> 2006-12-25)
$MDT: possibly delisted; no price data found  (1d 2006-12-24 -> 2006-12-25)

1 Failed download:
['MDT']: possibly delisted; no price data found  (1d 2006-12-24 -> 2006-12-25)
$MMC: possibly delisted; no timezone found
$MON: possibly delisted; no timezone found
$MET: possibly delisted; no price data found  (1d 2006-12-24 -> 2006-12-25)

1 Failed download:
['MET']: possibly delisted; no price data found  (1d 2006-12-24 -> 2006-12-25)
$MMC: possibly delisted; no timezone found
$MON: possibly delisted; no timezone found

1 Failed download:
['MMC']: possibly delisted; no timezone found

1 Failed download:
['MON']: possibly delisted; no timezone found
$MI: Data doesn't exist for startDate = 1166936400, endDate = 1167886800
$MRO: possibly delisted; no timezone found

1 Failed download:
['MI']: Data doesn't exist for startDate = 1166936400, endDate = 1167886800
$MRO: possibly delisted; no timezone found
$MKC: possibly delisted; no price data found  (1d 2006-12-24 -> 2006-12-25)

1 Failed download:
['MKC']: possibly delisted; no price data found  (1d 2006-12-24 -> 2006-12-25)

1 Failed download:
['MRO']: possibly delisted; no timezone found
$MMM: possibly delisted; no price data found  (1d 2006-12-24 -> 2006-12-25)

1 Failed download:
['MMM']: possibly delisted; no price data found  (1d 2006-12-24 -> 2006-12-25)
$MS: possibly delisted; no price data found  (1d 2006-12-24 -> 2006-12-25)

1 Failed download:
['MS']: possibly delisted; no price data found  (1d 2006-12-24 -> 2006-12-25)
$MWW: possibly delisted; no price data found  (1d 1927-10-10 -> 2026-09-15)
$MTG: possibly delisted; no price data found  (1d 2006-12-24 -> 2006-12-25)

1 Failed download:
['MTG']: possibly delisted; no price data found  (1d 2006-12-24 -> 2006-12-25)
$MYL: possibly delisted; no timezone found
$MWW: possibly delisted; no price data found  (1d 2006-12-24 -> 2007-01-04)

1 Failed download:
['MWW']: possibly delisted; no price data found  (1d 2006-12-24 -> 2007-01-04)
$MXIM: possibly delisted; no timezone found
$MTB: possibly delisted; no price data found  (1d 2006-12-24 -> 2006-12-25)

1 Failed download:
['MTB']: possibly delisted; no price data found  (1d 2006-12-24 -> 2006-12-25)
$NCR: possibly delisted; no timezone found
$MU: possibly delisted; no price data found  (1d 2006-12-24 -> 2006-12-25)

1 Failed download:
['MU']: possibly delisted; no price data found  (1d 2006-12-24 -> 2006-12-25)
$MYL: possibly delisted; no timezone found
$MXIM: possibly delisted; no timezone found

1 Failed download:
['MXIM']: possibly delisted; no timezone found

1 Failed download:
['MYL']: possibly delisted; no timezone found
$MSI: possibly delisted; no price data found  (1d 2006-12-24 -> 2006-12-25)

1 Failed download:
['MSI']: possibly delisted; no price data found  (1d 2006-12-24 -> 2006-12-25)
$MUR: possibly delisted; no price data found  (1d 2006-12-24 -> 2006-12-25)

1 Failed download:
['MUR']: possibly delisted; no price data found  (1d 2006-12-24 -> 2006-12-25)
$NBR: possibly delisted; no price data found  (1d 2006-12-24 -> 2006-12-25)

1 Failed download:
['NBR']: possibly delisted; no price data found  (1d 2006-12-24 -> 2006-12-25)
$NCR: possibly delisted; no timezone found

1 Failed download:
['NCR']: possibly delisted; no timezone found
$NE: Data doesn't exist for startDate = 1166936400, endDate = 1167886800

1 Failed download:
['NE']: Data doesn't exist for startDate = 1166936400, endDate = 1167886800
$NEE: possibly delisted; no price data found  (1d 2006-12-24 -> 2006-12-25)

1 Failed download:
['NEE']: possibly delisted; no price data found  (1d 2006-12-24 -> 2006-12-25)
$NVLS: possibly delisted; no price data found  (1d 1927-10-10 -> 2026-09-15)
$NOC: possibly delisted; no price data found  (1d 2006-12-24 -> 2006-12-25)

1 Failed download:
['NOC']: possibly delisted; no price data found  (1d 2006-12-24 -> 2006-12-25)
$NVLS: possibly delisted; no price data found  (1d 2006-12-24 -> 2007-01-04)

1 Failed download:
['NVLS']: possibly delisted; no price data found  (1d 2006-12-24 -> 2007-01-04)
$NSM: Data doesn't exist for startDate = 1166936400, endDate = 1167886800

1 Failed download:
['NSM']: Data doesn't exist for startDate = 1166936400, endDate = 1167886800
$NSC: possibly delisted; no price data found  (1d 2006-12-24 -> 2006-12-25)

1 Failed download:
['NSC']: possibly delisted; no price data found  (1d 2006-12-24 -> 2006-12-25)
$NTAP: possibly delisted; no price data found  (1d 2006-12-24 -> 2006-12-25)

1 Failed download:
['NTAP']: possibly delisted; no price data found  (1d 2006-12-24 -> 2006-12-25)
$NI: possibly delisted; no price data found  (1d 2006-12-24 -> 2006-12-25)

1 Failed download:
['NI']: possibly delisted; no price data found  (1d 2006-12-24 -> 2006-12-25)
$ODP: possibly delisted; no timezone found
$NVDA: possibly delisted; no price data found  (1d 2006-12-24 -> 2006-12-25)

1 Failed download:
['NVDA']: possibly delisted; no price data found  (1d 2006-12-24 -> 2006-12-25)
$NTRS: possibly delisted; no price data found  (1d 2006-12-24 -> 2006-12-25)

1 Failed download:
['NTRS']: possibly delisted; no price data found  (1d 2006-12-24 -> 2006-12-25)
$NWL: possibly delisted; no price data found  (1d 2006-12-24 -> 2006-12-25)

1 Failed download:
['NWL']: possibly delisted; no price data found  (1d 2006-12-24 -> 2006-12-25)
$OMC: possibly delisted; no price data found  (1d 2006-12-24 -> 2006-12-25)

1 Failed download:
['OMC']: possibly delisted; no price data found  (1d 2006-12-24 -> 2006-12-25)
$ODP: possibly delisted; no timezone found

1 Failed download:
['ODP']: possibly delisted; no timezone found
$NYT: possibly delisted; no price data found  (1d 2006-12-24 -> 2006-12-25)

1 Failed download:
['NYT']: possibly delisted; no price data found  (1d 2006-12-24 -> 2006-12-25)
$PDCO: possibly delisted; no timezone found
$PD: Data doesn't exist for startDate = 1166936400, endDate = 1167886800

1 Failed download:
['PD']: Data doesn't exist for startDate = 1166936400, endDate = 1167886800
$PAYX: possibly delisted; no price data found  (1d 2006-12-24 -> 2006-12-25)

1 Failed download:
['PAYX']: possibly delisted; no price data found  (1d 2006-12-24 -> 2006-12-25)
$PCL: Data doesn't exist for startDate = 1166936400, endDate = 1167886800
$PDCO: possibly delisted; no timezone found

1 Failed download:
['PCL']: Data doesn't exist for startDate = 1166936400, endDate = 1167886800

1 Failed download:
['PDCO']: possibly delisted; no timezone found
$ORCL: possibly delisted; no price data found  (1d 2006-12-24 -> 2006-12-25)

1 Failed download:
['ORCL']: possibly delisted; no price data found  (1d 2006-12-24 -> 2006-12-25)
$PGN: possibly delisted; no price data found  (1d 1927-10-10 -> 2026-09-15)
$PBI: possibly delisted; no price data found  (1d 2006-12-24 -> 2006-12-25)

1 Failed download:
['PBI']: possibly delisted; no price data found  (1d 2006-12-24 -> 2006-12-25)
$OXY: possibly delisted; no price data found  (1d 2006-12-24 -> 2006-12-25)

1 Failed download:
['OXY']: possibly delisted; no price data found  (1d 2006-12-24 -> 2006-12-25)
$PCAR: possibly delisted; no price data found  (1d 2006-12-24 -> 2006-12-25)

1 Failed download:
['PCAR']: possibly delisted; no price data found  (1d 2006-12-24 -> 2006-12-25)
$PCG: possibly delisted; no price data found  (1d 2006-12-24 -> 2006-12-25)

1 Failed download:
['PCG']: possibly delisted; no price data found  (1d 2006-12-24 -> 2006-12-25)
$PGN: possibly delisted; no price data found  (1d 2006-12-24 -> 2007-01-04)

1 Failed download:
['PGN']: possibly delisted; no price data found  (1d 2006-12-24 -> 2007-01-04)
$PFG: possibly delisted; no price data found  (1d 2006-12-24 -> 2006-12-25)
$PLL: possibly delisted; no timezone found

1 Failed download:
['PFG']: possibly delisted; no price data found  (1d 2006-12-24 -> 2006-12-25)
$PKI: possibly delisted; no timezone found
$PMCS: possibly delisted; no price data found  (1d 1927-10-10 -> 2026-09-15)
$PLL: possibly delisted; no timezone found

1 Failed download:
['PLL']: possibly delisted; no timezone found
$PKI: possibly delisted; no timezone found

1 Failed download:
['PKI']: possibly delisted; no timezone found
$PMCS: possibly delisted; no price data found  (1d 2006-12-24 -> 2007-01-04)
$PH: possibly delisted; no price data found  (1d 2006-12-24 -> 2006-12-25)

1 Failed download:
['PH']: possibly delisted; no price data found  (1d 2006-12-24 -> 2006-12-25)

1 Failed download:
['PMCS']: possibly delisted; no price data found  (1d 2006-12-24 -> 2007-01-04)
$PGR: possibly delisted; no price data found  (1d 2006-12-24 -> 2006-12-25)

1 Failed download:
['PGR']: possibly delisted; no price data found  (1d 2006-12-24 -> 2006-12-25)
$PHM: possibly delisted; no price data found  (1d 2006-12-24 -> 2006-12-25)

1 Failed download:
['PHM']: possibly delisted; no price data found  (1d 2006-12-24 -> 2006-12-25)
$QLGC: possibly delisted; no price data found  (1d 1927-10-10 -> 2026-09-15)
$PX: possibly delisted; no timezone found
$Q: Data doesn't exist for startDate = 1166936400, endDate = 1761451200

1 Failed download:
['Q']: Data doesn't exist for startDate = 1166936400, endDate = 1761451200
$PX: possibly delisted; no timezone found

1 Failed download:
['PX']: possibly delisted; no timezone found
$QLGC: possibly delisted; no price data found  (1d 2006-12-24 -> 2007-01-04)

1 Failed download:
['QLGC']: possibly delisted; no price data found  (1d 2006-12-24 -> 2007-01-04)
$PRU: possibly delisted; no price data found  (1d 2006-12-24 -> 2006-12-25)

1 Failed download:
['PRU']: possibly delisted; no price data found  (1d 2006-12-24 -> 2006-12-25)
$RAI: possibly delisted; no price data found  (1d 1927-10-10 -> 2026-09-15)
$PNW: possibly delisted; no price data found  (1d 2006-12-24 -> 2006-12-25)

1 Failed download:
['PNW']: possibly delisted; no price data found  (1d 2006-12-24 -> 2006-12-25)
$PNC: possibly delisted; no price data found  (1d 2006-12-24 -> 2006-12-25)

1 Failed download:
['PNC']: possibly delisted; no price data found  (1d 2006-12-24 -> 2006-12-25)
$QCOM: possibly delisted; no price data found  (1d 2006-12-24 -> 2006-12-25)

1 Failed download:
['QCOM']: possibly delisted; no price data found  (1d 2006-12-24 -> 2006-12-25)
$RAI: possibly delisted; no price data found  (1d 2006-12-24 -> 2007-01-04)

1 Failed download:
['RAI']: possibly delisted; no price data found  (1d 2006-12-24 -> 2007-01-04)
$RDC: possibly delisted; no timezone found
$RRD: possibly delisted; no timezone found
$RDC: possibly delisted; no timezone found
$RRD: possibly delisted; no timezone found

1 Failed download:
['RDC']: possibly delisted; no timezone found
$R: possibly delisted; no price data found  (1d 2006-12-24 -> 2006-12-25)

1 Failed download:
['RRD']: possibly delisted; no timezone found

1 Failed download:
['R']: possibly delisted; no price data found  (1d 2006-12-24 -> 2006-12-25)
$RTN: possibly delisted; no timezone found
$RHI: possibly delisted; no price data found  (1d 2006-12-24 -> 2006-12-25)
$RTN: possibly delisted; no timezone found

1 Failed download:
['RHI']: possibly delisted; no price data found  (1d 2006-12-24 -> 2006-12-25)

1 Failed download:
['RTN']: possibly delisted; no timezone found
$S: Data doesn't exist for startDate = 1166936400, endDate = 1167886800

1 Failed download:
['S']: Data doesn't exist for startDate = 1166936400, endDate = 1167886800
$RF: possibly delisted; no price data found  (1d 2006-12-24 -> 2006-12-25)

1 Failed download:
['RF']: possibly delisted; no price data found  (1d 2006-12-24 -> 2006-12-25)
$ROK: possibly delisted; no price data found  (1d 2006-12-24 -> 2006-12-25)

1 Failed download:
['ROK']: possibly delisted; no price data found  (1d 2006-12-24 -> 2006-12-25)
$SEE: possibly delisted; no timezone found
$SIAL: possibly delisted; no price data found  (1d 1927-10-10 -> 2026-09-15)
$SANM: possibly delisted; no price data found  (1d 2006-12-24 -> 2006-12-25)

1 Failed download:
['SANM']: possibly delisted; no price data found  (1d 2006-12-24 -> 2006-12-25)
$SE: Data doesn't exist for startDate = 1166936400, endDate = 1167886800

1 Failed download:
['SE']: Data doesn't exist for startDate = 1166936400, endDate = 1167886800
$SGP: Data doesn't exist for startDate = 1166936400, endDate = 1167886800

1 Failed download:
['SGP']: Data doesn't exist for startDate = 1166936400, endDate = 1167886800
$SHLD: Data doesn't exist for startDate = 1166936400, endDate = 1167886800

1 Failed download:
['SHLD']: Data doesn't exist for startDate = 1166936400, endDate = 1167886800
$SCHW: possibly delisted; no price data found  (1d 2006-12-24 -> 2006-12-25)
$SEE: possibly delisted; no timezone found

1 Failed download:
['SCHW']: possibly delisted; no price data found  (1d 2006-12-24 -> 2006-12-25)

1 Failed download:
['SEE']: possibly delisted; no timezone found
$SIAL: possibly delisted; no price data found  (1d 2006-12-24 -> 2007-01-04)

1 Failed download:
['SIAL']: possibly delisted; no price data found  (1d 2006-12-24 -> 2007-01-04)
$SNV: possibly delisted; no timezone found
$SII: Data doesn't exist for startDate = 1166936400, endDate = 1167886800

1 Failed download:
['SII']: Data doesn't exist for startDate = 1166936400, endDate = 1167886800
$SNDK: Data doesn't exist for startDate = 1166936400, endDate = 1739336400

1 Failed download:
['SNDK']: Data doesn't exist for startDate = 1166936400, endDate = 1739336400
$SHW: possibly delisted; no price data found  (1d 2006-12-24 -> 2006-12-25)

1 Failed download:
['SHW']: possibly delisted; no price data found  (1d 2006-12-24 -> 2006-12-25)
$STJ: possibly delisted; no price data found  (1d 1927-10-10 -> 2026-09-15)
$SNA: possibly delisted; no price data found  (1d 2006-12-24 -> 2006-12-25)
$SLM: possibly delisted; no price data found  (1d 2006-12-24 -> 2006-12-25)

1 Failed download:
['SNA']: possibly delisted; no price data found  (1d 2006-12-24 -> 2006-12-25)

1 Failed download:
['SLM']: possibly delisted; no price data found  (1d 2006-12-24 -> 2006-12-25)
$SNV: possibly delisted; no timezone found

1 Failed download:
['SNV']: possibly delisted; no timezone found
$STR: possibly delisted; no timezone found
$STJ: possibly delisted; no price data found  (1d 2006-12-24 -> 2007-01-04)

1 Failed download:
['STJ']: possibly delisted; no price data found  (1d 2006-12-24 -> 2007-01-04)
$SPLS: Data doesn't exist for startDate = 1166936400, endDate = 1167886800

1 Failed download:
['SPLS']: Data doesn't exist for startDate = 1166936400, endDate = 1167886800
$STI: Data doesn't exist for startDate = 1166936400, endDate = 1167886800

1 Failed download:
['STI']: Data doesn't exist for startDate = 1166936400, endDate = 1167886800
$SRE: possibly delisted; no price data found  (1d 2006-12-24 -> 2006-12-25)
$STR: possibly delisted; no timezone found

1 Failed download:
['SRE']: possibly delisted; no price data found  (1d 2006-12-24 -> 2006-12-25)

1 Failed download:
['STR']: possibly delisted; no timezone found
$SPGI: possibly delisted; no price data found  (1d 2006-12-24 -> 2006-12-25)

1 Failed download:
['SPGI']: possibly delisted; no price data found  (1d 2006-12-24 -> 2006-12-25)
$SSP: possibly delisted; no price data found  (1d 2006-12-24 -> 2006-12-25)

1 Failed download:
['SSP']: possibly delisted; no price data found  (1d 2006-12-24 -> 2006-12-25)
$SUN: Data doesn't exist for startDate = 1166936400, endDate = 1167886800
$SYMC: possibly delisted; no timezone found

1 Failed download:
['SUN']: Data doesn't exist for startDate = 1166936400, endDate = 1167886800
$STT: possibly delisted; no price data found  (1d 2006-12-24 -> 2006-12-25)
$SYMC: possibly delisted; no timezone found

1 Failed download:
['SYMC']: possibly delisted; no timezone found

1 Failed download:
['STT']: possibly delisted; no price data found  (1d 2006-12-24 -> 2006-12-25)
$STZ: possibly delisted; no price data found  (1d 2006-12-24 -> 2006-12-25)

1 Failed download:
['STZ']: possibly delisted; no price data found  (1d 2006-12-24 -> 2006-12-25)
$SWK: possibly delisted; no price data found  (1d 2006-12-24 -> 2006-12-25)

1 Failed download:
['SWK']: possibly delisted; no price data found  (1d 2006-12-24 -> 2006-12-25)
$SVU: possibly delisted; no price data found  (1d 2006-12-24 -> 2006-12-25)

1 Failed download:
['SVU']: possibly delisted; no price data found  (1d 2006-12-24 -> 2006-12-25)
$TGNA: possibly delisted; no timezone found
$SYY: possibly delisted; no price data found  (1d 2006-12-24 -> 2006-12-25)

1 Failed download:
['SYY']: possibly delisted; no price data found  (1d 2006-12-24 -> 2006-12-25)
$TGNA: possibly delisted; no timezone found

1 Failed download:
['TGNA']: possibly delisted; no timezone found
$TE: Data doesn't exist for startDate = 1166936400, endDate = 1167886800

1 Failed download:
['TE']: Data doesn't exist for startDate = 1166936400, endDate = 1167886800
$SYK: possibly delisted; no price data found  (1d 2006-12-24 -> 2006-12-25)

1 Failed download:
['SYK']: possibly delisted; no price data found  (1d 2006-12-24 -> 2006-12-25)
$TIF: possibly delisted; no timezone found
$TAP: possibly delisted; no price data found  (1d 2006-12-24 -> 2006-12-25)
$TMK: possibly delisted; no timezone found

1 Failed download:
['TAP']: possibly delisted; no price data found  (1d 2006-12-24 -> 2006-12-25)
$TEX: possibly delisted; no price data found  (1d 2006-12-24 -> 2006-12-25)

1 Failed download:
['TEX']: possibly delisted; no price data found  (1d 2006-12-24 -> 2006-12-25)
$TER: possibly delisted; no price data found  (1d 2006-12-24 -> 2006-12-25)

1 Failed download:
['TER']: possibly delisted; no price data found  (1d 2006-12-24 -> 2006-12-25)
$TIF: possibly delisted; no timezone found
$TMK: possibly delisted; no timezone found

1 Failed download:
['TIF']: possibly delisted; no timezone found

1 Failed download:
['TMK']: possibly delisted; no timezone found
$THC: possibly delisted; no price data found  (1d 2006-12-24 -> 2006-12-25)

1 Failed download:
['THC']: possibly delisted; no price data found  (1d 2006-12-24 -> 2006-12-25)
$TGT: possibly delisted; no price data found  (1d 2006-12-24 -> 2006-12-25)

1 Failed download:
['TGT']: possibly delisted; no price data found  (1d 2006-12-24 -> 2006-12-25)
$TSG: possibly delisted; no timezone found
$TJX: possibly delisted; no price data found  (1d 2006-12-24 -> 2006-12-25)

1 Failed download:
$TMO: possibly delisted; no price data found  (1d 2006-12-24 -> 2006-12-25)
['TJX']: possibly delisted; no price data found  (1d 2006-12-24 -> 2006-12-25)

1 Failed download:
['TMO']: possibly delisted; no price data found  (1d 2006-12-24 -> 2006-12-25)
$TPR: possibly delisted; no price data found  (1d 2006-12-24 -> 2006-12-25)

1 Failed download:
['TPR']: possibly delisted; no price data found  (1d 2006-12-24 -> 2006-12-25)
$TSG: possibly delisted; no timezone found

1 Failed download:
['TSG']: possibly delisted; no timezone found
$TROW: possibly delisted; no price data found  (1d 2006-12-24 -> 2006-12-25)

1 Failed download:
['TROW']: possibly delisted; no price data found  (1d 2006-12-24 -> 2006-12-25)
$TT: possibly delisted; no price data found  (1d 2006-12-24 -> 2006-12-25)

1 Failed download:
['TT']: possibly delisted; no price data found  (1d 2006-12-24 -> 2006-12-25)
$TRV: possibly delisted; no price data found  (1d 2006-12-24 -> 2006-12-25)

1 Failed download:
['TRV']: possibly delisted; no price data found  (1d 2006-12-24 -> 2006-12-25)
$TWX: possibly delisted; no price data found  (1d 2006-12-24 -> 2006-12-25)

1 Failed download:
['TWX']: possibly delisted; no price data found  (1d 2006-12-24 -> 2006-12-25)
$TSN: possibly delisted; no price data found  (1d 2006-12-24 -> 2006-12-25)

1 Failed download:
['TSN']: possibly delisted; no price data found  (1d 2006-12-24 -> 2006-12-25)
$UIS: possibly delisted; no price data found  (1d 2006-12-24 -> 2006-12-25)

1 Failed download:
['UIS']: possibly delisted; no price data found  (1d 2006-12-24 -> 2006-12-25)
$TXN: possibly delisted; no price data found  (1d 2006-12-24 -> 2006-12-25)

1 Failed download:
['TXN']: possibly delisted; no price data found  (1d 2006-12-24 -> 2006-12-25)
$TXT: possibly delisted; no price data found  (1d 2006-12-24 -> 2006-12-25)

1 Failed download:
['TXT']: possibly delisted; no price data found  (1d 2006-12-24 -> 2006-12-25)
$UNM: possibly delisted; no price data found  (1d 2006-12-24 -> 2006-12-25)

1 Failed download:
['UNM']: possibly delisted; no price data found  (1d 2006-12-24 -> 2006-12-25)
$UTX: possibly delisted; no timezone found
$VIAB: possibly delisted; no timezone found
$UNH: possibly delisted; no price data found  (1d 2006-12-24 -> 2006-12-25)

1 Failed download:
['UNH']: possibly delisted; no price data found  (1d 2006-12-24 -> 2006-12-25)
$UTX: possibly delisted; no timezone found

1 Failed download:
['UTX']: possibly delisted; no timezone found
$USB: possibly delisted; no price data found  (1d 2006-12-24 -> 2006-12-25)

1 Failed download:
['USB']: possibly delisted; no price data found  (1d 2006-12-24 -> 2006-12-25)
$VIAB: possibly delisted; no timezone found

1 Failed download:
['VIAB']: possibly delisted; no timezone found
$VIAV: possibly delisted; no price data found  (1d 2006-12-24 -> 2006-12-25)

1 Failed download:
['VIAV']: possibly delisted; no price data found  (1d 2006-12-24 -> 2006-12-25)
$VFC: possibly delisted; no price data found  (1d 2006-12-24 -> 2006-12-25)

1 Failed download:
['VFC']: possibly delisted; no price data found  (1d 2006-12-24 -> 2006-12-25)
$WBA: possibly delisted; no timezone found
$WBA: possibly delisted; no timezone found

1 Failed download:
['WBA']: possibly delisted; no timezone found
$VLO: possibly delisted; no price data found  (1d 2006-12-24 -> 2006-12-25)

1 Failed download:
['VLO']: possibly delisted; no price data found  (1d 2006-12-24 -> 2006-12-25)
$VRSN: possibly delisted; no price data found  (1d 2006-12-24 -> 2006-12-25)

1 Failed download:
['VRSN']: possibly delisted; no price data found  (1d 2006-12-24 -> 2006-12-25)
$WFM: possibly delisted; no price data found  (1d 1927-10-10 -> 2026-09-15)
$WB: Data doesn't exist for startDate = 1166936400, endDate = 1167886800

1 Failed download:
['WB']: Data doesn't exist for startDate = 1166936400, endDate = 1167886800
$VNO: possibly delisted; no price data found  (1d 2006-12-24 -> 2006-12-25)

1 Failed download:
['VNO']: possibly delisted; no price data found  (1d 2006-12-24 -> 2006-12-25)
$WFT: possibly delisted; no timezone found
$WIN: possibly delisted; no timezone found
$WAT: possibly delisted; no price data found  (1d 2006-12-24 -> 2006-12-25)

1 Failed download:
['WAT']: possibly delisted; no price data found  (1d 2006-12-24 -> 2006-12-25)
$VMC: possibly delisted; no price data found  (1d 2006-12-24 -> 2006-12-25)

1 Failed download:
['VMC']: possibly delisted; no price data found  (1d 2006-12-24 -> 2006-12-25)
$WFM: possibly delisted; no price data found  (1d 2006-12-24 -> 2007-01-04)

1 Failed download:
['WFM']: possibly delisted; no price data found  (1d 2006-12-24 -> 2007-01-04)
$WEN: possibly delisted; no price data found  (1d 2006-12-24 -> 2006-12-25)

1 Failed download:
['WEN']: possibly delisted; no price data found  (1d 2006-12-24 -> 2006-12-25)
$WFT: possibly delisted; no timezone found
$WIN: possibly delisted; no timezone found

1 Failed download:
['WIN']: possibly delisted; no timezone found

1 Failed download:
['WFT']: possibly delisted; no timezone found
$WHR: possibly delisted; no price data found  (1d 2006-12-24 -> 2006-12-25)

1 Failed download:
['WHR']: possibly delisted; no price data found  (1d 2006-12-24 -> 2006-12-25)
$WYND: possibly delisted; no timezone found
$WU: possibly delisted; no price data found  (1d 2006-12-24 -> 2006-12-25)

1 Failed download:
['WU']: possibly delisted; no price data found  (1d 2006-12-24 -> 2006-12-25)
$X: possibly delisted; no timezone found
$XLNX: possibly delisted; no timezone found
$XL: possibly delisted; no timezone found
$WM: possibly delisted; no price data found  (1d 2006-12-24 -> 2006-12-25)
$WYND: possibly delisted; no timezone found
$X: possibly delisted; no timezone found
$XLNX: possibly delisted; no timezone found

1 Failed download:
['WM']: possibly delisted; no price data found  (1d 2006-12-24 -> 2006-12-25)

1 Failed download:
['WYND']: possibly delisted; no timezone found
$XL: possibly delisted; no timezone found

1 Failed download:

1 Failed download:
['X']: possibly delisted; no timezone found
['XLNX']: possibly delisted; no timezone found

1 Failed download:
['XL']: possibly delisted; no timezone found
$WMB: possibly delisted; no price data found  (1d 2006-12-24 -> 2006-12-25)

1 Failed download:
['WMB']: possibly delisted; no price data found  (1d 2006-12-24 -> 2006-12-25)
$YUM: possibly delisted; no price data found  (1d 2006-12-24 -> 2006-12-25)

1 Failed download:
['YUM']: possibly delisted; no price data found  (1d 2006-12-24 -> 2006-12-25)
$XEL: possibly delisted; no price data found  (1d 2006-12-24 -> 2006-12-25)

1 Failed download:
['XEL']: possibly delisted; no price data found  (1d 2006-12-24 -> 2006-12-25)
$ZBH: possibly delisted; no price data found  (1d 2006-12-24 -> 2006-12-25)

1 Failed download:
['ZBH']: possibly delisted; no price data found  (1d 2006-12-24 -> 2006-12-25)
$ZION: possibly delisted; no price data found  (1d 2006-12-24 -> 2006-12-25)

1 Failed download:
['ZION']: possibly delisted; no price data found  (1d 2006-12-24 -> 2006-12-25)
$XRX: possibly delisted; no price data found  (1d 2006-12-24 -> 2006-12-25)

1 Failed download:
['XRX']: possibly delisted; no price data found  (1d 2006-12-24 -> 2006-12-25)
$AABA: possibly delisted; no timezone found
$AABA: possibly delisted; no timezone found
$ABC: possibly delisted; no timezone found

1 Failed download:
['AABA']: possibly delisted; no timezone found
$ABC: possibly delisted; no timezone found

1 Failed download:
['ABC']: possibly delisted; no timezone found
$AGN: possibly delisted; no timezone found
$AGN: possibly delisted; no timezone found

1 Failed download:
['AGN']: possibly delisted; no timezone found
$ALTR: possibly delisted; no timezone found
$ALTR: possibly delisted; no timezone found

1 Failed download:
['ALTR']: possibly delisted; no timezone found
$ANTM: possibly delisted; no timezone found
$ANTM: possibly delisted; no timezone found

1 Failed download:
['ANTM']: possibly delisted; no timezone found
$APOL: possibly delisted; no price data found  (1d 1927-10-10 -> 2026-09-15)
$APC: Data doesn't exist for startDate = 1182484800, endDate = 1183435200

1 Failed download:
['APC']: Data doesn't exist for startDate = 1182484800, endDate = 1183435200
$AT: possibly delisted; no timezone found
$ARNC: possibly delisted; no timezone found
$AVP: possibly delisted; no timezone found
$APOL: possibly delisted; no price data found  (1d 2007-06-22 -> 2007-07-03)
$ARNC: possibly delisted; no timezone found

1 Failed download:
['APOL']: possibly delisted; no price data found  (1d 2007-06-22 -> 2007-07-03)

1 Failed download:
['ARNC']: possibly delisted; no timezone found
$AVP: possibly delisted; no timezone found
$AT: possibly delisted; no timezone found

1 Failed download:
['AVP']: possibly delisted; no timezone found

1 Failed download:
['AT']: possibly delisted; no timezone found
$AVB: Data doesn't exist for startDate = 1182484800, endDate = 1784174400

1 Failed download:
['AVB']: Data doesn't exist for startDate = 1182484800, endDate = 1784174400
$BBBY: Data doesn't exist for startDate = 1182484800, endDate = 1183435200

1 Failed download:
['BBBY']: Data doesn't exist for startDate = 1182484800, endDate = 1183435200
$BCR: possibly delisted; no price data found  (1d 1927-10-10 -> 2026-09-15)
$BCR: possibly delisted; no price data found  (1d 2007-06-22 -> 2007-07-03)

1 Failed download:
['BCR']: possibly delisted; no price data found  (1d 2007-06-22 -> 2007-07-03)
$BHGE: possibly delisted; no timezone found
$BIG: possibly delisted; no timezone found
$BEAM: Data doesn't exist for startDate = 1182484800, endDate = 1183435200

1 Failed download:
['BEAM']: Data doesn't exist for startDate = 1182484800, endDate = 1183435200
$BHGE: possibly delisted; no timezone found
$BIG: possibly delisted; no timezone found

1 Failed download:
['BIG']: possibly delisted; no timezone found

1 Failed download:
['BHGE']: possibly delisted; no timezone found
$BLL: possibly delisted; no timezone found
$BLL: possibly delisted; no timezone found
$BK: possibly delisted; no timezone found
$BK: possibly delisted; no timezone found

1 Failed download:
['BLL']: possibly delisted; no timezone found

1 Failed download:
['BK']: possibly delisted; no timezone found
$BRCM: possibly delisted; no price data found  (1d 1927-10-10 -> 2026-09-15)
$BTUUQ: possibly delisted; no price data found  (1d 1927-10-10 -> 2026-09-15)
$BRCM: possibly delisted; no price data found  (1d 2007-06-22 -> 2007-07-03)

1 Failed download:
['BRCM']: possibly delisted; no price data found  (1d 2007-06-22 -> 2007-07-03)
$BTUUQ: possibly delisted; no price data found  (1d 2007-06-22 -> 2007-07-03)

1 Failed download:
['BTUUQ']: possibly delisted; no price data found  (1d 2007-06-22 -> 2007-07-03)
$CA: possibly delisted; no timezone found
$CA: possibly delisted; no timezone found

1 Failed download:
['CA']: possibly delisted; no timezone found
$CBH: possibly delisted; no timezone found
$BUD: Data doesn't exist for startDate = 1182484800, endDate = 1183435200
$CBH: possibly delisted; no timezone found

1 Failed download:
['BUD']: Data doesn't exist for startDate = 1182484800, endDate = 1183435200

1 Failed download:
['CBH']: possibly delisted; no timezone found
$CCE: possibly delisted; no price data found  (1d 1927-10-10 -> 2026-09-15)
$CBS: possibly delisted; no timezone found
$CBS: possibly delisted; no timezone found

1 Failed download:
['CBS']: possibly delisted; no timezone found
$CCE: possibly delisted; no price data found  (1d 2007-06-22 -> 2007-07-03)

1 Failed download:
['CCE']: possibly delisted; no price data found  (1d 2007-06-22 -> 2007-07-03)
$CELG: possibly delisted; no timezone found
$CHK: possibly delisted; no timezone found
$CELG: possibly delisted; no timezone found

1 Failed download:
['CELG']: possibly delisted; no timezone found
$CHK: possibly delisted; no timezone found

1 Failed download:
['CHK']: possibly delisted; no timezone found
$CEG: Data doesn't exist for startDate = 1182484800, endDate = 1642482000

1 Failed download:
['CEG']: Data doesn't exist for startDate = 1182484800, endDate = 1642482000
$CMA: possibly delisted; no timezone found
$CMA: possibly delisted; no timezone found

1 Failed download:
['CMA']: possibly delisted; no timezone found
$COL: possibly delisted; no price data found  (1d 2007-06-22 -> 2012-08-01)

1 Failed download:
['COL']: possibly delisted; no price data found  (1d 2007-06-22 -> 2012-08-01)
$CTL: possibly delisted; no timezone found
$CTL: possibly delisted; no timezone found

1 Failed download:
['CTL']: possibly delisted; no timezone found
$CTXS: possibly delisted; no timezone found
$CTXS: possibly delisted; no timezone found

1 Failed download:
['CTXS']: possibly delisted; no timezone found
$DDR: possibly delisted; no price data found  (1d 1927-10-10 -> 2026-09-15)
$DDR: possibly delisted; no price data found  (1d 2007-06-22 -> 2007-07-03)

1 Failed download:
['DDR']: possibly delisted; no price data found  (1d 2007-06-22 -> 2007-07-03)
$DF: possibly delisted; no timezone found
$DFS: possibly delisted; no timezone found
$DF: possibly delisted; no timezone found

1 Failed download:
['DF']: possibly delisted; no timezone found
$DFS: possibly delisted; no timezone found

1 Failed download:
['DFS']: possibly delisted; no timezone found
$DELL: Data doesn't exist for startDate = 1182484800, endDate = 1471320000

1 Failed download:
['DELL']: Data doesn't exist for startDate = 1182484800, endDate = 1471320000
$DG: Data doesn't exist for startDate = 1182484800, endDate = 1258002000

1 Failed download:
['DG']: Data doesn't exist for startDate = 1182484800, endDate = 1258002000
$DTV: possibly delisted; no timezone found
$DOW: Data doesn't exist for startDate = 1182484800, endDate = 1552968000
$DTV: possibly delisted; no timezone found

1 Failed download:
['DOW']: Data doesn't exist for startDate = 1182484800, endDate = 1552968000

1 Failed download:
['DTV']: possibly delisted; no timezone found
$EA: Data doesn't exist for startDate = 1182484800, endDate = 1784174400

1 Failed download:
['EA']: Data doesn't exist for startDate = 1182484800, endDate = 1784174400
$DYN: Data doesn't exist for startDate = 1182484800, endDate = 1183435200

1 Failed download:
['DYN']: Data doesn't exist for startDate = 1182484800, endDate = 1183435200
$EMC: Data doesn't exist for startDate = 1182484800, endDate = 1183435200

1 Failed download:
['EMC']: Data doesn't exist for startDate = 1182484800, endDate = 1183435200
$ESV: possibly delisted; no timezone found
$EQR: Data doesn't exist for startDate = 1182484800, endDate = 1784174400
$ETFC: possibly delisted; no timezone found

1 Failed download:
['EQR']: Data doesn't exist for startDate = 1182484800, endDate = 1784174400
$ESV: possibly delisted; no timezone found
$ETFC: possibly delisted; no timezone found

1 Failed download:
['ESV']: possibly delisted; no timezone found

1 Failed download:
['ETFC']: possibly delisted; no timezone found
$FDC: possibly delisted; no timezone found
$EQ: Data doesn't exist for startDate = 1182484800, endDate = 1183435200
$FDC: possibly delisted; no timezone found

1 Failed download:

1 Failed download:
['EQ']: Data doesn't exist for startDate = 1182484800, endDate = 1183435200
['FDC']: possibly delisted; no timezone found
$FII: possibly delisted; no timezone found
$FII: possibly delisted; no timezone found

1 Failed download:
['FII']: possibly delisted; no timezone found
$GAS: possibly delisted; no price data found  (1d 1927-10-10 -> 2026-09-15)
$FTR: possibly delisted; no timezone found
$FRX: possibly delisted; no timezone found
$FTR: possibly delisted; no timezone found

1 Failed download:
['FTR']: possibly delisted; no timezone found
$FRX: possibly delisted; no timezone found

1 Failed download:
['FRX']: possibly delisted; no timezone found
$GGP: possibly delisted; no price data found  (1d 1927-10-10 -> 2026-09-15)
$GAS: Data doesn't exist for startDate = 1182484800, endDate = 1183435200

1 Failed download:
['GAS']: Data doesn't exist for startDate = 1182484800, endDate = 1183435200
$FOXA: Data doesn't exist for startDate = 1182484800, endDate = 1552276800

1 Failed download:
['FOXA']: Data doesn't exist for startDate = 1182484800, endDate = 1552276800
$GGP: possibly delisted; no price data found  (1d 2007-06-22 -> 2007-07-03)

1 Failed download:
['GGP']: possibly delisted; no price data found  (1d 2007-06-22 -> 2007-07-03)
$GPS: possibly delisted; no timezone found
$GPS: possibly delisted; no timezone found

1 Failed download:
['GPS']: possibly delisted; no timezone found
$HAR: possibly delisted; no price data found  (1d 1927-10-10 -> 2026-09-15)
$HAR: Data doesn't exist for startDate = 1182484800, endDate = 1183435200

1 Failed download:
['HAR']: Data doesn't exist for startDate = 1182484800, endDate = 1183435200
$HCBK: possibly delisted; no price data found  (1d 1927-10-10 -> 2026-09-15)
$HCR: possibly delisted; no timezone found
$HCBK: possibly delisted; no price data found  (1d 2007-06-22 -> 2007-07-03)

1 Failed download:
['HCBK']: possibly delisted; no price data found  (1d 2007-06-22 -> 2007-07-03)
$HCR: possibly delisted; no timezone found

1 Failed download:
['HCR']: possibly delisted; no timezone found
$HES: possibly delisted; no timezone found
$HES: possibly delisted; no timezone found

1 Failed download:
['HES']: possibly delisted; no timezone found
$HSP: possibly delisted; no price data found  (1d 1927-10-10 -> 2026-09-15)
$HOT: possibly delisted; no price data found  (1d 2007-06-22 -> 2015-01-01)

1 Failed download:
['HOT']: possibly delisted; no price data found  (1d 2007-06-22 -> 2015-01-01)
$HSP: possibly delisted; no price data found  (1d 2007-06-22 -> 2007-07-03)

1 Failed download:
['HSP']: possibly delisted; no price data found  (1d 2007-06-22 -> 2007-07-03)
$HLT: Data doesn't exist for startDate = 1182484800, endDate = 1386738000

1 Failed download:
['HLT']: Data doesn't exist for startDate = 1182484800, endDate = 1386738000
$IAC: possibly delisted; no timezone found
$IAC: possibly delisted; no timezone found

1 Failed download:
['IAC']: possibly delisted; no timezone found
$IGT: possibly delisted; no timezone found
$IGT: possibly delisted; no timezone found

1 Failed download:
['IGT']: possibly delisted; no timezone found
$IPG: possibly delisted; no timezone found
$IPG: possibly delisted; no timezone found

1 Failed download:
['IPG']: possibly delisted; no timezone found
$IR: Data doesn't exist for startDate = 1182484800, endDate = 1494475200
$JCP: possibly delisted; no timezone found
$JNS: possibly delisted; no price data found  (1d 1927-10-10 -> 2026-09-15)

1 Failed download:
['IR']: Data doesn't exist for startDate = 1182484800, endDate = 1494475200
$JNPR: possibly delisted; no timezone found
$JCP: possibly delisted; no timezone found

1 Failed download:
['JCP']: possibly delisted; no timezone found
$JNPR: possibly delisted; no timezone found

1 Failed download:
['JNPR']: possibly delisted; no timezone found
$JNS: possibly delisted; no price data found  (1d 2007-06-22 -> 2007-07-03)

1 Failed download:
['JNS']: possibly delisted; no price data found  (1d 2007-06-22 -> 2007-07-03)
$KATE: possibly delisted; no price data found  (1d 1927-10-10 -> 2026-09-15)
$K: possibly delisted; no timezone found
$K: possibly delisted; no timezone found
$JWN: possibly delisted; no timezone found

1 Failed download:
['K']: possibly delisted; no timezone found
$JWN: possibly delisted; no timezone found

1 Failed download:
['JWN']: possibly delisted; no timezone found
$KATE: possibly delisted; no price data found  (1d 2007-06-22 -> 2007-07-03)

1 Failed download:
['KATE']: possibly delisted; no price data found  (1d 2007-06-22 -> 2007-07-03)
$LB: Data doesn't exist for startDate = 1182484800, endDate = 1183435200

1 Failed download:
['LB']: Data doesn't exist for startDate = 1182484800, endDate = 1183435200
$KG: Data doesn't exist for startDate = 1182484800, endDate = 1209960000

1 Failed download:
['KG']: Data doesn't exist for startDate = 1182484800, endDate = 1209960000
$LLTC: possibly delisted; no price data found  (1d 1927-10-10 -> 2026-09-15)
$LLL: possibly delisted; no timezone found
$LEG: Data doesn't exist for startDate = 1182484800, endDate = 1183435200

1 Failed download:
['LEG']: Data doesn't exist for startDate = 1182484800, endDate = 1183435200
$LLTC: possibly delisted; no price data found  (1d 2007-06-22 -> 2007-07-03)

1 Failed download:
['LLTC']: possibly delisted; no price data found  (1d 2007-06-22 -> 2007-07-03)
$LLL: possibly delisted; no timezone found

1 Failed download:
['LLL']: possibly delisted; no timezone found
$LM: possibly delisted; no timezone found
$LM: possibly delisted; no timezone found
$LSI: possibly delisted; no timezone found
$LSI: possibly delisted; no timezone found

1 Failed download:
['LM']: possibly delisted; no timezone found

1 Failed download:
['LSI']: possibly delisted; no timezone found
$LXK: possibly delisted; no price data found  (1d 1927-10-10 -> 2026-09-15)
$LXK: possibly delisted; no price data found  (1d 2007-06-22 -> 2007-07-03)

1 Failed download:
['LXK']: possibly delisted; no price data found  (1d 2007-06-22 -> 2007-07-03)
$MIL: possibly delisted; no price data found  (1d 1927-10-10 -> 2026-09-15)
$MDP: possibly delisted; no timezone found
$MDP: possibly delisted; no timezone found

1 Failed download:
['MDP']: possibly delisted; no timezone found
$MIL: possibly delisted; no price data found  (1d 2007-06-22 -> 2007-07-03)

1 Failed download:
['MIL']: possibly delisted; no price data found  (1d 2007-06-22 -> 2007-07-03)
$MI: Data doesn't exist for startDate = 1182484800, endDate = 1183435200

1 Failed download:
['MI']: Data doesn't exist for startDate = 1182484800, endDate = 1183435200
$MMC: possibly delisted; no timezone found
$MMC: possibly delisted; no timezone found

1 Failed download:
['MMC']: possibly delisted; no timezone found
$MRO: possibly delisted; no timezone found
$MRO: possibly delisted; no timezone found
$MON: possibly delisted; no timezone found

1 Failed download:
['MRO']: possibly delisted; no timezone found
$MON: possibly delisted; no timezone found

1 Failed download:
['MON']: possibly delisted; no timezone found
$MWW: possibly delisted; no price data found  (1d 1927-10-10 -> 2026-09-15)
$MWW: possibly delisted; no price data found  (1d 2007-06-22 -> 2007-07-03)

1 Failed download:
['MWW']: possibly delisted; no price data found  (1d 2007-06-22 -> 2007-07-03)
$MYL: possibly delisted; no timezone found
$MXIM: possibly delisted; no timezone found
$MYL: possibly delisted; no timezone found
$MXIM: possibly delisted; no timezone found

1 Failed download:
['MYL']: possibly delisted; no timezone found

1 Failed download:
['MXIM']: possibly delisted; no timezone found
$NCR: possibly delisted; no timezone found
$NCR: possibly delisted; no timezone found

1 Failed download:
['NCR']: possibly delisted; no timezone found
$NE: Data doesn't exist for startDate = 1182484800, endDate = 1183435200

1 Failed download:
['NE']: Data doesn't exist for startDate = 1182484800, endDate = 1183435200
$NSM: Data doesn't exist for startDate = 1182484800, endDate = 1183435200

1 Failed download:
['NSM']: Data doesn't exist for startDate = 1182484800, endDate = 1183435200
$NVLS: possibly delisted; no price data found  (1d 1927-10-10 -> 2026-09-15)
$NVLS: possibly delisted; no price data found  (1d 2007-06-22 -> 2007-07-03)

1 Failed download:
['NVLS']: possibly delisted; no price data found  (1d 2007-06-22 -> 2007-07-03)
$ODP: possibly delisted; no timezone found
$ODP: possibly delisted; no timezone found

1 Failed download:
['ODP']: possibly delisted; no timezone found
$PCP: possibly delisted; no price data found  (1d 1927-10-10 -> 2026-09-15)
$PCL: Data doesn't exist for startDate = 1182484800, endDate = 1183435200

1 Failed download:
['PCL']: Data doesn't exist for startDate = 1182484800, endDate = 1183435200
$PCP: Data doesn't exist for startDate = 1182484800, endDate = 1183435200

1 Failed download:
['PCP']: Data doesn't exist for startDate = 1182484800, endDate = 1183435200
$PDCO: possibly delisted; no timezone found
$PDCO: possibly delisted; no timezone found

1 Failed download:
['PDCO']: possibly delisted; no timezone found
$PGN: possibly delisted; no price data found  (1d 1927-10-10 -> 2026-09-15)
$PGN: possibly delisted; no price data found  (1d 2007-06-22 -> 2007-07-03)

1 Failed download:
['PGN']: possibly delisted; no price data found  (1d 2007-06-22 -> 2007-07-03)
$PKI: possibly delisted; no timezone found
$PKI: possibly delisted; no timezone found

1 Failed download:
['PKI']: possibly delisted; no timezone found
$PLL: possibly delisted; no timezone found
$PLL: possibly delisted; no timezone found

1 Failed download:
['PLL']: possibly delisted; no timezone found
$QLGC: possibly delisted; no price data found  (1d 1927-10-10 -> 2026-09-15)
$PX: possibly delisted; no timezone found
$QLGC: possibly delisted; no price data found  (1d 2007-06-22 -> 2007-07-03)

1 Failed download:
['QLGC']: possibly delisted; no price data found  (1d 2007-06-22 -> 2007-07-03)
$PX: possibly delisted; no timezone found

1 Failed download:
['PX']: possibly delisted; no timezone found
$Q: Data doesn't exist for startDate = 1182484800, endDate = 1761451200
$RAI: possibly delisted; no price data found  (1d 1927-10-10 -> 2026-09-15)

1 Failed download:
['Q']: Data doesn't exist for startDate = 1182484800, endDate = 1761451200
$RAI: possibly delisted; no price data found  (1d 2007-06-22 -> 2007-07-03)

1 Failed download:
['RAI']: possibly delisted; no price data found  (1d 2007-06-22 -> 2007-07-03)
$RDC: possibly delisted; no timezone found
$RDC: possibly delisted; no timezone found

1 Failed download:
['RDC']: possibly delisted; no timezone found
$RRD: possibly delisted; no timezone found
$RTN: possibly delisted; no timezone found
$RRD: possibly delisted; no timezone found

1 Failed download:
['RRD']: possibly delisted; no timezone found
$RTN: possibly delisted; no timezone found

1 Failed download:
['RTN']: possibly delisted; no timezone found
$SEE: possibly delisted; no timezone found
$S: Data doesn't exist for startDate = 1182484800, endDate = 1183435200

1 Failed download:
['S']: Data doesn't exist for startDate = 1182484800, endDate = 1183435200
$SEE: possibly delisted; no timezone found

1 Failed download:
['SEE']: possibly delisted; no timezone found
$SIAL: possibly delisted; no price data found  (1d 1927-10-10 -> 2026-09-15)
$SGP: Data doesn't exist for startDate = 1182484800, endDate = 1183435200
$SE: Data doesn't exist for startDate = 1182484800, endDate = 1183435200

1 Failed download:
['SGP']: Data doesn't exist for startDate = 1182484800, endDate = 1183435200

1 Failed download:
['SE']: Data doesn't exist for startDate = 1182484800, endDate = 1183435200
$SIAL: possibly delisted; no price data found  (1d 2007-06-22 -> 2007-07-03)

1 Failed download:
['SIAL']: possibly delisted; no price data found  (1d 2007-06-22 -> 2007-07-03)
$SNV: possibly delisted; no timezone found
$SHLD: Data doesn't exist for startDate = 1182484800, endDate = 1183435200

1 Failed download:
['SHLD']: Data doesn't exist for startDate = 1182484800, endDate = 1183435200
$SII: Data doesn't exist for startDate = 1182484800, endDate = 1183435200
$SNDK: Data doesn't exist for startDate = 1182484800, endDate = 1739336400

1 Failed download:

1 Failed download:
['SII']: Data doesn't exist for startDate = 1182484800, endDate = 1183435200
$SNV: possibly delisted; no timezone found
['SNDK']: Data doesn't exist for startDate = 1182484800, endDate = 1739336400

1 Failed download:
['SNV']: possibly delisted; no timezone found
$SPLS: Data doesn't exist for startDate = 1182484800, endDate = 1183435200

1 Failed download:
['SPLS']: Data doesn't exist for startDate = 1182484800, endDate = 1183435200
$STJ: possibly delisted; no price data found  (1d 1927-10-10 -> 2026-09-15)
$STI: Data doesn't exist for startDate = 1182484800, endDate = 1183435200
$STR: possibly delisted; no timezone found

1 Failed download:
['STI']: Data doesn't exist for startDate = 1182484800, endDate = 1183435200
$STJ: possibly delisted; no price data found  (1d 2007-06-22 -> 2007-07-03)

1 Failed download:
$STR: possibly delisted; no timezone found
['STJ']: possibly delisted; no price data found  (1d 2007-06-22 -> 2007-07-03)
$SUNEQ: possibly delisted; no price data found  (1d 1927-10-10 -> 2026-09-15)

1 Failed download:
['STR']: possibly delisted; no timezone found
$SUNEQ: possibly delisted; no price data found  (1d 2007-06-22 -> 2007-07-03)

1 Failed download:
['SUNEQ']: possibly delisted; no price data found  (1d 2007-06-22 -> 2007-07-03)
$SYMC: possibly delisted; no timezone found
$SYMC: possibly delisted; no timezone found

1 Failed download:
['SYMC']: possibly delisted; no timezone found
$SUN: Data doesn't exist for startDate = 1182484800, endDate = 1183435200

1 Failed download:
['SUN']: Data doesn't exist for startDate = 1182484800, endDate = 1183435200
$TE: Data doesn't exist for startDate = 1182484800, endDate = 1183435200

1 Failed download:
['TE']: Data doesn't exist for startDate = 1182484800, endDate = 1183435200
$TGNA: possibly delisted; no timezone found
$TIF: possibly delisted; no timezone found
$TGNA: possibly delisted; no timezone found
$TIF: possibly delisted; no timezone found

1 Failed download:

1 Failed download:
['TGNA']: possibly delisted; no timezone found
['TIF']: possibly delisted; no timezone found
$TMK: possibly delisted; no timezone found
$TMK: possibly delisted; no timezone found

1 Failed download:
['TMK']: possibly delisted; no timezone found
$UTX: possibly delisted; no timezone found
$VAR: possibly delisted; no timezone found
$UTX: possibly delisted; no timezone found
$VAR: possibly delisted; no timezone found

1 Failed download:
['VAR']: possibly delisted; no timezone found

1 Failed download:
['UTX']: possibly delisted; no timezone found
$VIAB: possibly delisted; no timezone found
$VIAB: possibly delisted; no timezone found

1 Failed download:
['VIAB']: possibly delisted; no timezone found
$WBA: possibly delisted; no timezone found
$WBA: possibly delisted; no timezone found

1 Failed download:
['WBA']: possibly delisted; no timezone found
$WFM: possibly delisted; no price data found  (1d 1927-10-10 -> 2026-09-15)
$WB: Data doesn't exist for startDate = 1182484800, endDate = 1183435200

1 Failed download:
['WB']: Data doesn't exist for startDate = 1182484800, endDate = 1183435200
$WFT: possibly delisted; no timezone found
$WFT: possibly delisted; no timezone found
$WIN: possibly delisted; no timezone found
$WIN: possibly delisted; no timezone found

1 Failed download:
['WFT']: possibly delisted; no timezone found

1 Failed download:
['WIN']: possibly delisted; no timezone found
$WFM: possibly delisted; no price data found  (1d 2007-06-22 -> 2007-07-03)

1 Failed download:
['WFM']: possibly delisted; no price data found  (1d 2007-06-22 -> 2007-07-03)
$X: possibly delisted; no timezone found
$XL: possibly delisted; no timezone found
$X: possibly delisted; no timezone found

1 Failed download:
['X']: possibly delisted; no timezone found
$WYND: possibly delisted; no timezone found
$XL: possibly delisted; no timezone found

1 Failed download:
['XL']: possibly delisted; no timezone found
$WYND: possibly delisted; no timezone found

1 Failed download:
['WYND']: possibly delisted; no timezone found
$XLNX: possibly delisted; no timezone found
$XLNX: possibly delisted; no timezone found

1 Failed download:
['XLNX']: possibly delisted; no timezone found
$ACAS: possibly delisted; no price data found  (1d 1927-10-10 -> 2026-09-15)
$AABA: possibly delisted; no timezone found
$AABA: possibly delisted; no timezone found
$ABC: possibly delisted; no timezone found
$ABC: possibly delisted; no timezone found
$ACAS: possibly delisted; no price data found  (1d 2007-12-23 -> 2008-01-03)

1 Failed download:
['AABA']: possibly delisted; no timezone found

1 Failed download:
['ABC']: possibly delisted; no timezone found

1 Failed download:
['ACAS']: possibly delisted; no price data found  (1d 2007-12-23 -> 2008-01-03)
$AGN: possibly delisted; no timezone found
$AGN: possibly delisted; no timezone found

1 Failed download:
['AGN']: possibly delisted; no timezone found
$ALTR: possibly delisted; no timezone found
$ALTR: possibly delisted; no timezone found

1 Failed download:
['ALTR']: possibly delisted; no timezone found
$AKAM: possibly delisted; no price data found  (1d 2007-12-23 -> 2007-12-23)

1 Failed download:
['AKAM']: possibly delisted; no price data found  (1d 2007-12-23 -> 2007-12-23)
$ANTM: possibly delisted; no timezone found
$ANTM: possibly delisted; no timezone found

1 Failed download:
['ANTM']: possibly delisted; no timezone found
$APOL: possibly delisted; no price data found  (1d 1927-10-10 -> 2026-09-15)
$ANDV: possibly delisted; no price data found  (1d 2007-12-23 -> 2007-12-23)

1 Failed download:
['ANDV']: possibly delisted; no price data found  (1d 2007-12-23 -> 2007-12-23)
$ARNC: possibly delisted; no timezone found
$APC: Data doesn't exist for startDate = 1198386000, endDate = 1199336400

1 Failed download:
['APC']: Data doesn't exist for startDate = 1198386000, endDate = 1199336400
$APOL: possibly delisted; no price data found  (1d 2007-12-23 -> 2008-01-03)

1 Failed download:
['APOL']: possibly delisted; no price data found  (1d 2007-12-23 -> 2008-01-03)
$ARNC: possibly delisted; no timezone found

1 Failed download:
['ARNC']: possibly delisted; no timezone found
$AVB: Data doesn't exist for startDate = 1198386000, endDate = 1784174400

1 Failed download:
['AVB']: Data doesn't exist for startDate = 1198386000, endDate = 1784174400
$AVP: possibly delisted; no timezone found
$AVP: possibly delisted; no timezone found

1 Failed download:
['AVP']: possibly delisted; no timezone found
$BBBY: Data doesn't exist for startDate = 1198386000, endDate = 1199336400

1 Failed download:
['BBBY']: Data doesn't exist for startDate = 1198386000, endDate = 1199336400
$BCR: possibly delisted; no price data found  (1d 1927-10-10 -> 2026-09-15)
$BCR: possibly delisted; no price data found  (1d 2007-12-23 -> 2008-01-03)

1 Failed download:
['BCR']: possibly delisted; no price data found  (1d 2007-12-23 -> 2008-01-03)
$BEAM: Data doesn't exist for startDate = 1198386000, endDate = 1199336400

1 Failed download:
['BEAM']: Data doesn't exist for startDate = 1198386000, endDate = 1199336400
$BHGE: possibly delisted; no timezone found
$BIG: possibly delisted; no timezone found
$BIG: possibly delisted; no timezone found
$BHGE: possibly delisted; no timezone found

1 Failed download:
['BHGE']: possibly delisted; no timezone found

1 Failed download:
['BIG']: possibly delisted; no timezone found
$BRCM: possibly delisted; no price data found  (1d 1927-10-10 -> 2026-09-15)
$BK: possibly delisted; no timezone found
$BK: possibly delisted; no timezone found
$BLL: possibly delisted; no timezone found
$BTUUQ: possibly delisted; no price data found  (1d 1927-10-10 -> 2026-09-15)

1 Failed download:
['BK']: possibly delisted; no timezone found
$BRCM: possibly delisted; no price data found  (1d 2007-12-23 -> 2008-01-03)

1 Failed download:
['BRCM']: possibly delisted; no price data found  (1d 2007-12-23 -> 2008-01-03)
$BLL: possibly delisted; no timezone found

1 Failed download:
['BLL']: possibly delisted; no timezone found
$BTUUQ: possibly delisted; no price data found  (1d 2007-12-23 -> 2008-01-03)

1 Failed download:
['BTUUQ']: possibly delisted; no price data found  (1d 2007-12-23 -> 2008-01-03)
$CA: possibly delisted; no timezone found
$CA: possibly delisted; no timezone found

1 Failed download:
['CA']: possibly delisted; no timezone found
$CBH: possibly delisted; no timezone found
$BUD: Data doesn't exist for startDate = 1198386000, endDate = 1199336400
$CBH: possibly delisted; no timezone found

1 Failed download:
['CBH']: possibly delisted; no timezone found

1 Failed download:
['BUD']: Data doesn't exist for startDate = 1198386000, endDate = 1199336400
$CCE: possibly delisted; no price data found  (1d 1927-10-10 -> 2026-09-15)
$CBS: possibly delisted; no timezone found
$CELG: possibly delisted; no timezone found
$CHK: possibly delisted; no timezone found
$CCE: possibly delisted; no price data found  (1d 2007-12-23 -> 2008-01-03)

1 Failed download:
['CCE']: possibly delisted; no price data found  (1d 2007-12-23 -> 2008-01-03)
$CBS: possibly delisted; no timezone found

1 Failed download:
['CBS']: possibly delisted; no timezone found
$CELG: possibly delisted; no timezone found

1 Failed download:
['CELG']: possibly delisted; no timezone found
$CHK: possibly delisted; no timezone found

1 Failed download:
['CHK']: possibly delisted; no timezone found
$CEG: Data doesn't exist for startDate = 1198386000, endDate = 1642482000

1 Failed download:
['CEG']: Data doesn't exist for startDate = 1198386000, endDate = 1642482000
$CMA: possibly delisted; no timezone found
$CMA: possibly delisted; no timezone found

1 Failed download:
['CMA']: possibly delisted; no timezone found
$COL: possibly delisted; no price data found  (1d 2007-12-23 -> 2012-08-01)

1 Failed download:
['COL']: possibly delisted; no price data found  (1d 2007-12-23 -> 2012-08-01)
$CTXS: possibly delisted; no timezone found
$CTL: possibly delisted; no timezone found
$CTXS: possibly delisted; no timezone found

1 Failed download:
['CTXS']: possibly delisted; no timezone found
$CTL: possibly delisted; no timezone found

1 Failed download:
['CTL']: possibly delisted; no timezone found
$DDR: possibly delisted; no price data found  (1d 1927-10-10 -> 2026-09-15)
$DDR: possibly delisted; no price data found  (1d 2007-12-23 -> 2008-01-03)

1 Failed download:
['DDR']: possibly delisted; no price data found  (1d 2007-12-23 -> 2008-01-03)
$DF: possibly delisted; no timezone found
$DF: possibly delisted; no timezone found

1 Failed download:
['DF']: possibly delisted; no timezone found
$DFS: possibly delisted; no timezone found
$DELL: Data doesn't exist for startDate = 1198386000, endDate = 1471320000

1 Failed download:
['DELL']: Data doesn't exist for startDate = 1198386000, endDate = 1471320000
$DFS: possibly delisted; no timezone found

1 Failed download:
['DFS']: possibly delisted; no timezone found
$DTV: possibly delisted; no timezone found
$DTV: possibly delisted; no timezone found

1 Failed download:
['DTV']: possibly delisted; no timezone found
$DOW: Data doesn't exist for startDate = 1198386000, endDate = 1552968000

1 Failed download:
['DOW']: Data doesn't exist for startDate = 1198386000, endDate = 1552968000
$DYN: Data doesn't exist for startDate = 1198386000, endDate = 1199336400

1 Failed download:
['DYN']: Data doesn't exist for startDate = 1198386000, endDate = 1199336400
$EA: Data doesn't exist for startDate = 1198386000, endDate = 1784174400

1 Failed download:
['EA']: Data doesn't exist for startDate = 1198386000, endDate = 1784174400
$EMC: Data doesn't exist for startDate = 1198386000, endDate = 1199336400

1 Failed download:
['EMC']: Data doesn't exist for startDate = 1198386000, endDate = 1199336400
$ESV: possibly delisted; no timezone found
$ETFC: possibly delisted; no timezone found
$EQR: Data doesn't exist for startDate = 1198386000, endDate = 1784174400
$ESV: possibly delisted; no timezone found
$ETFC: possibly delisted; no timezone found

1 Failed download:
['EQR']: Data doesn't exist for startDate = 1198386000, endDate = 1784174400

1 Failed download:
['ESV']: possibly delisted; no timezone found

1 Failed download:
['ETFC']: possibly delisted; no timezone found
$EQ: Data doesn't exist for startDate = 1198386000, endDate = 1199336400

1 Failed download:
['EQ']: Data doesn't exist for startDate = 1198386000, endDate = 1199336400
$EXPE: possibly delisted; no price data found  (1d 2007-12-23 -> 2007-12-23)

1 Failed download:
['EXPE']: possibly delisted; no price data found  (1d 2007-12-23 -> 2007-12-23)
$FII: possibly delisted; no timezone found
$EXPD: possibly delisted; no price data found  (1d 2007-12-23 -> 2007-12-23)

1 Failed download:
['EXPD']: possibly delisted; no price data found  (1d 2007-12-23 -> 2007-12-23)
$FII: possibly delisted; no timezone found

1 Failed download:
['FII']: possibly delisted; no timezone found
$GAS: possibly delisted; no price data found  (1d 1927-10-10 -> 2026-09-15)
$FRX: possibly delisted; no timezone found
$FRX: possibly delisted; no timezone found
$FTR: possibly delisted; no timezone found

1 Failed download:
['FRX']: possibly delisted; no timezone found
$FTR: possibly delisted; no timezone found

1 Failed download:
['FTR']: possibly delisted; no timezone found
$GAS: Data doesn't exist for startDate = 1198386000, endDate = 1199336400

1 Failed download:
['GAS']: Data doesn't exist for startDate = 1198386000, endDate = 1199336400
$GGP: possibly delisted; no price data found  (1d 1927-10-10 -> 2026-09-15)
$FOXA: Data doesn't exist for startDate = 1198386000, endDate = 1552276800
$GGP: possibly delisted; no price data found  (1d 2007-12-23 -> 2008-01-03)

1 Failed download:

1 Failed download:
['FOXA']: Data doesn't exist for startDate = 1198386000, endDate = 1552276800
['GGP']: possibly delisted; no price data found  (1d 2007-12-23 -> 2008-01-03)
$GME: possibly delisted; no price data found  (1d 2007-12-23 -> 2007-12-23)

1 Failed download:
['GME']: possibly delisted; no price data found  (1d 2007-12-23 -> 2007-12-23)
$GPS: possibly delisted; no timezone found
$GPS: possibly delisted; no timezone found

1 Failed download:
['GPS']: possibly delisted; no timezone found
$HAR: possibly delisted; no price data found  (1d 1927-10-10 -> 2026-09-15)
$HCBK: possibly delisted; no price data found  (1d 1927-10-10 -> 2026-09-15)
$GHC: possibly delisted; no price data found  (1d 2007-12-23 -> 2007-12-23)

1 Failed download:
['GHC']: possibly delisted; no price data found  (1d 2007-12-23 -> 2007-12-23)
$HCBK: possibly delisted; no price data found  (1d 2007-12-23 -> 2008-01-03)

1 Failed download:
['HCBK']: possibly delisted; no price data found  (1d 2007-12-23 -> 2008-01-03)
$HAR: Data doesn't exist for startDate = 1198386000, endDate = 1199336400
$HES: possibly delisted; no timezone found

1 Failed download:
['HAR']: Data doesn't exist for startDate = 1198386000, endDate = 1199336400
$HES: possibly delisted; no timezone found

1 Failed download:
['HES']: possibly delisted; no timezone found
$HSP: possibly delisted; no price data found  (1d 1927-10-10 -> 2026-09-15)
$HSP: possibly delisted; no price data found  (1d 2007-12-23 -> 2008-01-03)

1 Failed download:
['HSP']: possibly delisted; no price data found  (1d 2007-12-23 -> 2008-01-03)
$HOT: possibly delisted; no price data found  (1d 2007-12-23 -> 2015-01-01)

1 Failed download:
['HOT']: possibly delisted; no price data found  (1d 2007-12-23 -> 2015-01-01)
$IAC: possibly delisted; no timezone found
$IAC: possibly delisted; no timezone found

1 Failed download:
['IAC']: possibly delisted; no timezone found
$IGT: possibly delisted; no timezone found
$IGT: possibly delisted; no timezone found

1 Failed download:
['IGT']: possibly delisted; no timezone found
$IPG: possibly delisted; no timezone found
$IPG: possibly delisted; no timezone found
$ICE: possibly delisted; no price data found  (1d 2007-12-23 -> 2007-12-23)

1 Failed download:

1 Failed download:
['ICE']: possibly delisted; no price data found  (1d 2007-12-23 -> 2007-12-23)
['IPG']: possibly delisted; no timezone found
$IR: Data doesn't exist for startDate = 1198386000, endDate = 1494475200

1 Failed download:
['IR']: Data doesn't exist for startDate = 1198386000, endDate = 1494475200
$JEC: possibly delisted; no timezone found
$JCP: possibly delisted; no timezone found
$JCP: possibly delisted; no timezone found
$JEC: possibly delisted; no timezone found

1 Failed download:
['JEC']: possibly delisted; no timezone found

1 Failed download:
['JCP']: possibly delisted; no timezone found
$JNS: possibly delisted; no price data found  (1d 1927-10-10 -> 2026-09-15)
$JNPR: possibly delisted; no timezone found
$KATE: possibly delisted; no price data found  (1d 1927-10-10 -> 2026-09-15)
$JNS: possibly delisted; no price data found  (1d 2007-12-23 -> 2008-01-03)

1 Failed download:
['JNS']: possibly delisted; no price data found  (1d 2007-12-23 -> 2008-01-03)
$JNPR: possibly delisted; no timezone found
$JEF: possibly delisted; no price data found  (1d 2007-12-23 -> 2007-12-23)

1 Failed download:
['JNPR']: possibly delisted; no timezone found

1 Failed download:
['JEF']: possibly delisted; no price data found  (1d 2007-12-23 -> 2007-12-23)
$KATE: possibly delisted; no price data found  (1d 2007-12-23 -> 2008-01-03)

1 Failed download:
['KATE']: possibly delisted; no price data found  (1d 2007-12-23 -> 2008-01-03)
$K: possibly delisted; no timezone found
$JWN: possibly delisted; no timezone found
$K: possibly delisted; no timezone found

1 Failed download:
['K']: possibly delisted; no timezone found
$JWN: possibly delisted; no timezone found

1 Failed download:
['JWN']: possibly delisted; no timezone found
$KG: Data doesn't exist for startDate = 1198386000, endDate = 1209960000

1 Failed download:
['KG']: Data doesn't exist for startDate = 1198386000, endDate = 1209960000
$LLTC: possibly delisted; no price data found  (1d 1927-10-10 -> 2026-09-15)
$LLL: possibly delisted; no timezone found
$LEG: Data doesn't exist for startDate = 1198386000, endDate = 1199336400

1 Failed download:
['LEG']: Data doesn't exist for startDate = 1198386000, endDate = 1199336400
$LB: Data doesn't exist for startDate = 1198386000, endDate = 1199336400

1 Failed download:
['LB']: Data doesn't exist for startDate = 1198386000, endDate = 1199336400
$LLL: possibly delisted; no timezone found

1 Failed download:
['LLL']: possibly delisted; no timezone found
$LLTC: possibly delisted; no price data found  (1d 2007-12-23 -> 2008-01-03)

1 Failed download:
['LLTC']: possibly delisted; no price data found  (1d 2007-12-23 -> 2008-01-03)
$LSI: possibly delisted; no timezone found
$LM: possibly delisted; no timezone found
$LSI: possibly delisted; no timezone found

1 Failed download:
['LSI']: possibly delisted; no timezone found
$LXK: possibly delisted; no price data found  (1d 1927-10-10 -> 2026-09-15)
$LM: possibly delisted; no timezone found

1 Failed download:
['LM']: possibly delisted; no timezone found
$LXK: possibly delisted; no price data found  (1d 2007-12-23 -> 2008-01-03)

1 Failed download:
['LXK']: possibly delisted; no price data found  (1d 2007-12-23 -> 2008-01-03)
$MDP: possibly delisted; no timezone found
$MDP: possibly delisted; no timezone found
$MCHP: possibly delisted; no price data found  (1d 2007-12-23 -> 2007-12-23)

1 Failed download:
['MDP']: possibly delisted; no timezone found

1 Failed download:
['MCHP']: possibly delisted; no price data found  (1d 2007-12-23 -> 2007-12-23)
$MIL: possibly delisted; no price data found  (1d 1927-10-10 -> 2026-09-15)
$MIL: possibly delisted; no price data found  (1d 2007-12-23 -> 2008-01-03)

1 Failed download:
['MIL']: possibly delisted; no price data found  (1d 2007-12-23 -> 2008-01-03)
$MMC: possibly delisted; no timezone found
$MMC: possibly delisted; no timezone found

1 Failed download:
['MMC']: possibly delisted; no timezone found
$MON: possibly delisted; no timezone found
$MON: possibly delisted; no timezone found

1 Failed download:
['MON']: possibly delisted; no timezone found
$MRO: possibly delisted; no timezone found
$MRO: possibly delisted; no timezone found

1 Failed download:
['MRO']: possibly delisted; no timezone found
$MI: Data doesn't exist for startDate = 1198386000, endDate = 1199336400

1 Failed download:
['MI']: Data doesn't exist for startDate = 1198386000, endDate = 1199336400
$MWW: possibly delisted; no price data found  (1d 1927-10-10 -> 2026-09-15)
$MYL: possibly delisted; no timezone found
$MYL: possibly delisted; no timezone found

1 Failed download:
['MYL']: possibly delisted; no timezone found
$MWW: possibly delisted; no price data found  (1d 2007-12-23 -> 2008-01-03)

1 Failed download:
['MWW']: possibly delisted; no price data found  (1d 2007-12-23 -> 2008-01-03)
$NBL: possibly delisted; no timezone found
$NBL: possibly delisted; no timezone found

1 Failed download:
['NBL']: possibly delisted; no timezone found
$MTW: possibly delisted; no price data found  (1d 2007-12-23 -> 2007-12-23)

1 Failed download:
['MTW']: possibly delisted; no price data found  (1d 2007-12-23 -> 2007-12-23)
$NE: Data doesn't exist for startDate = 1198386000, endDate = 1199336400

1 Failed download:
['NE']: Data doesn't exist for startDate = 1198386000, endDate = 1199336400
$NVLS: possibly delisted; no price data found  (1d 1927-10-10 -> 2026-09-15)
$NSM: Data doesn't exist for startDate = 1198386000, endDate = 1199336400

1 Failed download:
['NSM']: Data doesn't exist for startDate = 1198386000, endDate = 1199336400
$NVLS: possibly delisted; no price data found  (1d 2007-12-23 -> 2008-01-03)

1 Failed download:
['NVLS']: possibly delisted; no price data found  (1d 2007-12-23 -> 2008-01-03)
$ODP: possibly delisted; no timezone found
$ODP: possibly delisted; no timezone found

1 Failed download:
['ODP']: possibly delisted; no timezone found
$PCP: possibly delisted; no price data found  (1d 1927-10-10 -> 2026-09-15)
$PDCO: possibly delisted; no timezone found
$PCL: Data doesn't exist for startDate = 1198386000, endDate = 1199336400

1 Failed download:
$PCP: Data doesn't exist for startDate = 1198386000, endDate = 1199336400
['PCL']: Data doesn't exist for startDate = 1198386000, endDate = 1199336400
$PDCO: possibly delisted; no timezone found

1 Failed download:
['PCP']: Data doesn't exist for startDate = 1198386000, endDate = 1199336400

1 Failed download:
['PDCO']: possibly delisted; no timezone found
$PGN: possibly delisted; no price data found  (1d 1927-10-10 -> 2026-09-15)
$PGN: possibly delisted; no price data found  (1d 2007-12-23 -> 2008-01-03)

1 Failed download:
['PGN']: possibly delisted; no price data found  (1d 2007-12-23 -> 2008-01-03)
$PKI: possibly delisted; no timezone found
$PKI: possibly delisted; no timezone found

1 Failed download:
['PKI']: possibly delisted; no timezone found
$PLL: possibly delisted; no timezone found
$PLL: possibly delisted; no timezone found

1 Failed download:
['PLL']: possibly delisted; no timezone found
$POM: Data doesn't exist for startDate = 1198386000, endDate = 1199336400

1 Failed download:
['POM']: Data doesn't exist for startDate = 1198386000, endDate = 1199336400
$QLGC: possibly delisted; no price data found  (1d 1927-10-10 -> 2026-09-15)
$RAI: possibly delisted; no price data found  (1d 1927-10-10 -> 2026-09-15)
$QLGC: possibly delisted; no price data found  (1d 2007-12-23 -> 2008-01-03)

1 Failed download:
['QLGC']: possibly delisted; no price data found  (1d 2007-12-23 -> 2008-01-03)
$PX: possibly delisted; no timezone found
$RDC: possibly delisted; no timezone found
$Q: Data doesn't exist for startDate = 1198386000, endDate = 1761451200
$PX: possibly delisted; no timezone found
$RAI: possibly delisted; no price data found  (1d 2007-12-23 -> 2008-01-03)
$RDC: possibly delisted; no timezone found

1 Failed download:
['RDC']: possibly delisted; no timezone found

1 Failed download:
['RAI']: possibly delisted; no price data found  (1d 2007-12-23 -> 2008-01-03)

1 Failed download:

1 Failed download:
['Q']: Data doesn't exist for startDate = 1198386000, endDate = 1761451200
['PX']: possibly delisted; no timezone found
$RRD: possibly delisted; no timezone found
$RTN: possibly delisted; no timezone found
$RRD: possibly delisted; no timezone found

1 Failed download:
['RRD']: possibly delisted; no timezone found
$RTN: possibly delisted; no timezone found

1 Failed download:
['RTN']: possibly delisted; no timezone found
$S: Data doesn't exist for startDate = 1198386000, endDate = 1199336400

1 Failed download:
['S']: Data doesn't exist for startDate = 1198386000, endDate = 1199336400
$SEE: possibly delisted; no timezone found
$SIAL: possibly delisted; no price data found  (1d 1927-10-10 -> 2026-09-15)
$SHLD: Data doesn't exist for startDate = 1198386000, endDate = 1199336400
$SGP: Data doesn't exist for startDate = 1198386000, endDate = 1199336400

1 Failed download:
['SGP']: Data doesn't exist for startDate = 1198386000, endDate = 1199336400

1 Failed download:
['SHLD']: Data doesn't exist for startDate = 1198386000, endDate = 1199336400
$RRC: possibly delisted; no price data found  (1d 2007-12-23 -> 2007-12-23)

1 Failed download:
['RRC']: possibly delisted; no price data found  (1d 2007-12-23 -> 2007-12-23)
$SEE: possibly delisted; no timezone found

1 Failed download:
['SEE']: possibly delisted; no timezone found
$SIAL: possibly delisted; no price data found  (1d 2007-12-23 -> 2008-01-03)

1 Failed download:
['SIAL']: possibly delisted; no price data found  (1d 2007-12-23 -> 2008-01-03)
$SE: Data doesn't exist for startDate = 1198386000, endDate = 1199336400

1 Failed download:
['SE']: Data doesn't exist for startDate = 1198386000, endDate = 1199336400
$SNDK: Data doesn't exist for startDate = 1198386000, endDate = 1739336400

1 Failed download:
['SNDK']: Data doesn't exist for startDate = 1198386000, endDate = 1739336400
$STJ: possibly delisted; no price data found  (1d 1927-10-10 -> 2026-09-15)
$SII: Data doesn't exist for startDate = 1198386000, endDate = 1199336400

1 Failed download:
['SII']: Data doesn't exist for startDate = 1198386000, endDate = 1199336400
$STJ: possibly delisted; no price data found  (1d 2007-12-23 -> 2008-01-03)

1 Failed download:
['STJ']: possibly delisted; no price data found  (1d 2007-12-23 -> 2008-01-03)
$STR: possibly delisted; no timezone found
$SPLS: Data doesn't exist for startDate = 1198386000, endDate = 1199336400

1 Failed download:
['SPLS']: Data doesn't exist for startDate = 1198386000, endDate = 1199336400
$SUNEQ: possibly delisted; no price data found  (1d 1927-10-10 -> 2026-09-15)
$STR: possibly delisted; no timezone found

1 Failed download:
['STR']: possibly delisted; no timezone found
$SUNEQ: possibly delisted; no price data found  (1d 2007-12-23 -> 2008-01-03)

1 Failed download:
['SUNEQ']: possibly delisted; no price data found  (1d 2007-12-23 -> 2008-01-03)
$STI: Data doesn't exist for startDate = 1198386000, endDate = 1199336400

1 Failed download:
['STI']: Data doesn't exist for startDate = 1198386000, endDate = 1199336400
$SYMC: possibly delisted; no timezone found
$SYMC: possibly delisted; no timezone found

1 Failed download:
['SYMC']: possibly delisted; no timezone found
$SUN: Data doesn't exist for startDate = 1198386000, endDate = 1199336400

1 Failed download:
['SUN']: Data doesn't exist for startDate = 1198386000, endDate = 1199336400
$TDC: possibly delisted; no price data found  (1d 2007-12-23 -> 2007-12-23)

1 Failed download:
['TDC']: possibly delisted; no price data found  (1d 2007-12-23 -> 2007-12-23)
$TE: Data doesn't exist for startDate = 1198386000, endDate = 1199336400

1 Failed download:
$TGNA: possibly delisted; no timezone found
['TE']: Data doesn't exist for startDate = 1198386000, endDate = 1199336400
$TGNA: possibly delisted; no timezone found

1 Failed download:
['TGNA']: possibly delisted; no timezone found
$TIF: possibly delisted; no timezone found
$TIF: possibly delisted; no timezone found
$TMK: possibly delisted; no timezone found
$TMK: possibly delisted; no timezone found

1 Failed download:
['TIF']: possibly delisted; no timezone found

1 Failed download:
['TMK']: possibly delisted; no timezone found
$TSS: possibly delisted; no timezone found
$TSS: possibly delisted; no timezone found

1 Failed download:
['TSS']: possibly delisted; no timezone found
$UTX: possibly delisted; no timezone found
$UTX: possibly delisted; no timezone found

1 Failed download:
['UTX']: possibly delisted; no timezone found
$VAR: possibly delisted; no timezone found
$VAR: possibly delisted; no timezone found

1 Failed download:
['VAR']: possibly delisted; no timezone found
$VIAB: possibly delisted; no timezone found
$VIAB: possibly delisted; no timezone found

1 Failed download:
['VIAB']: possibly delisted; no timezone found
$WBA: possibly delisted; no timezone found
$WFM: possibly delisted; no price data found  (1d 1927-10-10 -> 2026-09-15)
$WBA: possibly delisted; no timezone found

1 Failed download:
['WBA']: possibly delisted; no timezone found
$WB: Data doesn't exist for startDate = 1198386000, endDate = 1199336400

1 Failed download:
['WB']: Data doesn't exist for startDate = 1198386000, endDate = 1199336400
$WFT: possibly delisted; no timezone found
$WFT: possibly delisted; no timezone found

1 Failed download:
['WFT']: possibly delisted; no timezone found
$WFM: possibly delisted; no price data found  (1d 2007-12-23 -> 2008-01-03)

1 Failed download:
['WFM']: possibly delisted; no price data found  (1d 2007-12-23 -> 2008-01-03)
$WIN: possibly delisted; no timezone found
$X: possibly delisted; no timezone found
$WYND: possibly delisted; no timezone found
$WIN: possibly delisted; no timezone found

1 Failed download:
['WIN']: possibly delisted; no timezone found
$X: possibly delisted; no timezone found

1 Failed download:
['X']: possibly delisted; no timezone found
$WYND: possibly delisted; no timezone found

1 Failed download:
['WYND']: possibly delisted; no timezone found
$XL: possibly delisted; no timezone found
$XLNX: possibly delisted; no timezone found
$XL: possibly delisted; no timezone found
$XLNX: possibly delisted; no timezone found

1 Failed download:

1 Failed download:
['XL']: possibly delisted; no timezone found
['XLNX']: possibly delisted; no timezone found
$ACAS: possibly delisted; no price data found  (1d 1927-10-10 -> 2026-09-15)
$AABA: possibly delisted; no timezone found
$AABA: possibly delisted; no timezone found
$ABC: possibly delisted; no timezone found
$ABC: possibly delisted; no timezone found
$ACAS: possibly delisted; no price data found  (1d 2008-06-21 -> 2008-07-02)

1 Failed download:
['AABA']: possibly delisted; no timezone found

1 Failed download:
['ABC']: possibly delisted; no timezone found

1 Failed download:
['ACAS']: possibly delisted; no price data found  (1d 2008-06-21 -> 2008-07-02)
$AGN: possibly delisted; no timezone found
$AGN: possibly delisted; no timezone found

1 Failed download:
['AGN']: possibly delisted; no timezone found
$ALTR: possibly delisted; no timezone found
$ALTR: possibly delisted; no timezone found
$AKS: possibly delisted; no timezone found

1 Failed download:
['ALTR']: possibly delisted; no timezone found
$AKS: possibly delisted; no timezone found

1 Failed download:
['AKS']: possibly delisted; no timezone found
$ANTM: possibly delisted; no timezone found
$ANTM: possibly delisted; no timezone found

1 Failed download:
['ANTM']: possibly delisted; no timezone found
$APOL: possibly delisted; no price data found  (1d 1927-10-10 -> 2026-09-15)
$ARNC: possibly delisted; no timezone found
$APC: Data doesn't exist for startDate = 1214020800, endDate = 1214971200
$APOL: possibly delisted; no price data found  (1d 2008-06-21 -> 2008-07-02)

1 Failed download:
['APC']: Data doesn't exist for startDate = 1214020800, endDate = 1214971200
$ARNC: possibly delisted; no timezone found

1 Failed download:
['ARNC']: possibly delisted; no timezone found

1 Failed download:
['APOL']: possibly delisted; no price data found  (1d 2008-06-21 -> 2008-07-02)
$AVP: possibly delisted; no timezone found
$AVP: possibly delisted; no timezone found

1 Failed download:
['AVP']: possibly delisted; no timezone found
$AVB: Data doesn't exist for startDate = 1214020800, endDate = 1784174400

1 Failed download:
['AVB']: Data doesn't exist for startDate = 1214020800, endDate = 1784174400
$BCR: possibly delisted; no price data found  (1d 1927-10-10 -> 2026-09-15)
$BBBY: Data doesn't exist for startDate = 1214020800, endDate = 1214971200

1 Failed download:
['BBBY']: Data doesn't exist for startDate = 1214020800, endDate = 1214971200
$BCR: possibly delisted; no price data found  (1d 2008-06-21 -> 2008-07-02)

1 Failed download:
['BCR']: possibly delisted; no price data found  (1d 2008-06-21 -> 2008-07-02)
$BHGE: possibly delisted; no timezone found
$BHGE: possibly delisted; no timezone found

1 Failed download:
['BHGE']: possibly delisted; no timezone found
$BRCM: possibly delisted; no price data found  (1d 1927-10-10 -> 2026-09-15)
$BTUUQ: possibly delisted; no price data found  (1d 1927-10-10 -> 2026-09-15)
$BLL: possibly delisted; no timezone found
$BEAM: Data doesn't exist for startDate = 1214020800, endDate = 1214971200
$BK: possibly delisted; no timezone found

1 Failed download:
['BEAM']: Data doesn't exist for startDate = 1214020800, endDate = 1214971200
$BRCM: possibly delisted; no price data found  (1d 2008-06-21 -> 2008-07-02)
$BLL: possibly delisted; no timezone found

1 Failed download:
['BRCM']: possibly delisted; no price data found  (1d 2008-06-21 -> 2008-07-02)
$BK: possibly delisted; no timezone found

1 Failed download:
['BK']: possibly delisted; no timezone found

1 Failed download:
['BLL']: possibly delisted; no timezone found
$BIG: possibly delisted; no timezone found
$BIG: possibly delisted; no timezone found
$BTUUQ: possibly delisted; no price data found  (1d 2008-06-21 -> 2008-07-02)

1 Failed download:
['BTUUQ']: possibly delisted; no price data found  (1d 2008-06-21 -> 2008-07-02)

1 Failed download:
['BIG']: possibly delisted; no timezone found
$CA: possibly delisted; no timezone found
$CA: possibly delisted; no timezone found

1 Failed download:
['CA']: possibly delisted; no timezone found
$CAM: Data doesn't exist for startDate = 1214020800, endDate = 1214971200

1 Failed download:
['CAM']: Data doesn't exist for startDate = 1214020800, endDate = 1214971200
$CCE: possibly delisted; no price data found  (1d 1927-10-10 -> 2026-09-15)
$CBS: possibly delisted; no timezone found
$BUD: Data doesn't exist for startDate = 1214020800, endDate = 1214971200

1 Failed download:
['BUD']: Data doesn't exist for startDate = 1214020800, endDate = 1214971200
$CBS: possibly delisted; no timezone found

1 Failed download:
['CBS']: possibly delisted; no timezone found
$CCE: possibly delisted; no price data found  (1d 2008-06-21 -> 2008-07-02)

1 Failed download:
['CCE']: possibly delisted; no price data found  (1d 2008-06-21 -> 2008-07-02)
$CHK: possibly delisted; no timezone found
$CELG: possibly delisted; no timezone found
$CHK: possibly delisted; no timezone found
$CELG: possibly delisted; no timezone found

1 Failed download:
['CHK']: possibly delisted; no timezone found

1 Failed download:
['CELG']: possibly delisted; no timezone found
$CEG: Data doesn't exist for startDate = 1214020800, endDate = 1642482000

1 Failed download:
['CEG']: Data doesn't exist for startDate = 1214020800, endDate = 1642482000
$CMA: possibly delisted; no timezone found
$CMA: possibly delisted; no timezone found

1 Failed download:
['CMA']: possibly delisted; no timezone found
$COG: possibly delisted; no timezone found
$COG: possibly delisted; no timezone found

1 Failed download:
['COG']: possibly delisted; no timezone found
$COL: possibly delisted; no price data found  (1d 2008-06-21 -> 2012-08-01)

1 Failed download:
['COL']: possibly delisted; no price data found  (1d 2008-06-21 -> 2012-08-01)
$CTL: possibly delisted; no timezone found
$CTL: possibly delisted; no timezone found

1 Failed download:
['CTL']: possibly delisted; no timezone found
$CTXS: possibly delisted; no timezone found
$CTXS: possibly delisted; no timezone found

1 Failed download:
['CTXS']: possibly delisted; no timezone found
$DDR: possibly delisted; no price data found  (1d 1927-10-10 -> 2026-09-15)
$DDR: possibly delisted; no price data found  (1d 2008-06-21 -> 2008-07-02)

1 Failed download:
['DDR']: possibly delisted; no price data found  (1d 2008-06-21 -> 2008-07-02)
$DF: possibly delisted; no timezone found
$DF: possibly delisted; no timezone found

1 Failed download:
['DF']: possibly delisted; no timezone found
$DFS: possibly delisted; no timezone found
$DELL: Data doesn't exist for startDate = 1214020800, endDate = 1471320000

1 Failed download:
['DELL']: Data doesn't exist for startDate = 1214020800, endDate = 1471320000
$DFS: possibly delisted; no timezone found

1 Failed download:
['DFS']: possibly delisted; no timezone found
$DTV: possibly delisted; no timezone found
$DTV: possibly delisted; no timezone found

1 Failed download:
['DTV']: possibly delisted; no timezone found
$DOW: Data doesn't exist for startDate = 1214020800, endDate = 1552968000

1 Failed download:
['DOW']: Data doesn't exist for startDate = 1214020800, endDate = 1552968000
$EA: Data doesn't exist for startDate = 1214020800, endDate = 1784174400

1 Failed download:
['EA']: Data doesn't exist for startDate = 1214020800, endDate = 1784174400
$DYN: Data doesn't exist for startDate = 1214020800, endDate = 1214971200

1 Failed download:
['DYN']: Data doesn't exist for startDate = 1214020800, endDate = 1214971200
$EMC: Data doesn't exist for startDate = 1214020800, endDate = 1214971200

1 Failed download:
['EMC']: Data doesn't exist for startDate = 1214020800, endDate = 1214971200
$EQ: Data doesn't exist for startDate = 1214020800, endDate = 1214971200
$ESV: possibly delisted; no timezone found
$ESV: possibly delisted; no timezone found

1 Failed download:
['EQ']: Data doesn't exist for startDate = 1214020800, endDate = 1214971200
$ETFC: possibly delisted; no timezone found
$ETFC: possibly delisted; no timezone found

1 Failed download:
['ESV']: possibly delisted; no timezone found

1 Failed download:
['ETFC']: possibly delisted; no timezone found
$EQR: Data doesn't exist for startDate = 1214020800, endDate = 1784174400

1 Failed download:
['EQR']: Data doesn't exist for startDate = 1214020800, endDate = 1784174400
$FII: possibly delisted; no timezone found
$FII: possibly delisted; no timezone found

1 Failed download:
['FII']: possibly delisted; no timezone found
$GAS: possibly delisted; no price data found  (1d 1927-10-10 -> 2026-09-15)
$FRX: possibly delisted; no timezone found
$FTR: possibly delisted; no timezone found
$GAS: Data doesn't exist for startDate = 1214020800, endDate = 1214971200
$FTR: possibly delisted; no timezone found

1 Failed download:
['GAS']: Data doesn't exist for startDate = 1214020800, endDate = 1214971200
$FRX: possibly delisted; no timezone found

1 Failed download:
['FTR']: possibly delisted; no timezone found
$FOXA: Data doesn't exist for startDate = 1214020800, endDate = 1552276800

1 Failed download:
['FOXA']: Data doesn't exist for startDate = 1214020800, endDate = 1552276800

1 Failed download:
['FRX']: possibly delisted; no timezone found
$GGP: possibly delisted; no price data found  (1d 1927-10-10 -> 2026-09-15)
$GGP: possibly delisted; no price data found  (1d 2008-06-21 -> 2008-07-02)

1 Failed download:
['GGP']: possibly delisted; no price data found  (1d 2008-06-21 -> 2008-07-02)
$GPS: possibly delisted; no timezone found
$GPS: possibly delisted; no timezone found

1 Failed download:
['GPS']: possibly delisted; no timezone found
$HAR: possibly delisted; no price data found  (1d 1927-10-10 -> 2026-09-15)
$HCBK: possibly delisted; no price data found  (1d 1927-10-10 -> 2026-09-15)
$HCP: possibly delisted; no timezone found
$HAR: Data doesn't exist for startDate = 1214020800, endDate = 1214971200

1 Failed download:
['HAR']: Data doesn't exist for startDate = 1214020800, endDate = 1214971200
$HCP: possibly delisted; no timezone found

1 Failed download:
['HCP']: possibly delisted; no timezone found
$HCBK: possibly delisted; no price data found  (1d 2008-06-21 -> 2008-07-02)

1 Failed download:
['HCBK']: possibly delisted; no price data found  (1d 2008-06-21 -> 2008-07-02)
$HES: possibly delisted; no timezone found
$HES: possibly delisted; no timezone found

1 Failed download:
['HES']: possibly delisted; no timezone found
$HSP: possibly delisted; no price data found  (1d 1927-10-10 -> 2026-09-15)
$HOT: possibly delisted; no price data found  (1d 2008-06-21 -> 2015-01-01)

1 Failed download:
['HOT']: possibly delisted; no price data found  (1d 2008-06-21 -> 2015-01-01)
$HSP: possibly delisted; no price data found  (1d 2008-06-21 -> 2008-07-02)

1 Failed download:
['HSP']: possibly delisted; no price data found  (1d 2008-06-21 -> 2008-07-02)
$IAC: possibly delisted; no timezone found
$IAC: possibly delisted; no timezone found

1 Failed download:
['IAC']: possibly delisted; no timezone found
$IGT: possibly delisted; no timezone found
$IGT: possibly delisted; no timezone found

1 Failed download:
['IGT']: possibly delisted; no timezone found
$IPG: possibly delisted; no timezone found
$IPG: possibly delisted; no timezone found

1 Failed download:
['IPG']: possibly delisted; no timezone found
$JCP: possibly delisted; no timezone found
$IR: Data doesn't exist for startDate = 1214020800, endDate = 1494475200

1 Failed download:
['IR']: Data doesn't exist for startDate = 1214020800, endDate = 1494475200
$JCP: possibly delisted; no timezone found
$ISRG: possibly delisted; no price data found  (1d 2008-06-21 -> 2008-06-22)

1 Failed download:

1 Failed download:
['JCP']: possibly delisted; no timezone found
['ISRG']: possibly delisted; no price data found  (1d 2008-06-21 -> 2008-06-22)
$JNS: possibly delisted; no price data found  (1d 1927-10-10 -> 2026-09-15)
$JEC: possibly delisted; no timezone found
$JEC: possibly delisted; no timezone found
$KATE: possibly delisted; no price data found  (1d 1927-10-10 -> 2026-09-15)

1 Failed download:
['JEC']: possibly delisted; no timezone found
$JWN: possibly delisted; no timezone found
$JNPR: possibly delisted; no timezone found
$K: possibly delisted; no timezone found
$JNS: possibly delisted; no price data found  (1d 2008-06-21 -> 2008-07-02)
$JWN: possibly delisted; no timezone found
$JNPR: possibly delisted; no timezone found
$K: possibly delisted; no timezone found

1 Failed download:
['K']: possibly delisted; no timezone found

1 Failed download:
['JNS']: possibly delisted; no price data found  (1d 2008-06-21 -> 2008-07-02)

1 Failed download:
['JWN']: possibly delisted; no timezone found

1 Failed download:
['JNPR']: possibly delisted; no timezone found
$KATE: possibly delisted; no price data found  (1d 2008-06-21 -> 2008-07-02)

1 Failed download:
['KATE']: possibly delisted; no price data found  (1d 2008-06-21 -> 2008-07-02)
$LB: Data doesn't exist for startDate = 1214020800, endDate = 1214971200
$LLTC: possibly delisted; no price data found  (1d 1927-10-10 -> 2026-09-15)
$LEG: Data doesn't exist for startDate = 1214020800, endDate = 1214971200

1 Failed download:
['LEG']: Data doesn't exist for startDate = 1214020800, endDate = 1214971200

1 Failed download:
['LB']: Data doesn't exist for startDate = 1214020800, endDate = 1214971200
$LLL: possibly delisted; no timezone found
$LLTC: possibly delisted; no price data found  (1d 2008-06-21 -> 2008-07-02)

1 Failed download:
['LLTC']: possibly delisted; no price data found  (1d 2008-06-21 -> 2008-07-02)
$LLL: possibly delisted; no timezone found

1 Failed download:
['LLL']: possibly delisted; no timezone found
$LM: possibly delisted; no timezone found
$LM: possibly delisted; no timezone found

1 Failed download:
['LM']: possibly delisted; no timezone found
$LXK: possibly delisted; no price data found  (1d 1927-10-10 -> 2026-09-15)
$LSI: possibly delisted; no timezone found
$LSI: possibly delisted; no timezone found
$LXK: possibly delisted; no price data found  (1d 2008-06-21 -> 2008-07-02)

1 Failed download:
['LSI']: possibly delisted; no timezone found

1 Failed download:
['LXK']: possibly delisted; no price data found  (1d 2008-06-21 -> 2008-07-02)
$MDP: possibly delisted; no timezone found
$MIL: possibly delisted; no price data found  (1d 1927-10-10 -> 2026-09-15)
$MDP: possibly delisted; no timezone found

1 Failed download:
['MDP']: possibly delisted; no timezone found
$MIL: possibly delisted; no price data found  (1d 2008-06-21 -> 2008-07-02)

1 Failed download:
['MIL']: possibly delisted; no price data found  (1d 2008-06-21 -> 2008-07-02)
$MI: Data doesn't exist for startDate = 1214020800, endDate = 1214971200
$MMC: possibly delisted; no timezone found

1 Failed download:
['MI']: Data doesn't exist for startDate = 1214020800, endDate = 1214971200
$MMC: possibly delisted; no timezone found
$MON: possibly delisted; no timezone found
$MON: possibly delisted; no timezone found

1 Failed download:
['MON']: possibly delisted; no timezone found

1 Failed download:
['MMC']: possibly delisted; no timezone found
$MRO: possibly delisted; no timezone found
$MRO: possibly delisted; no timezone found

1 Failed download:
['MRO']: possibly delisted; no timezone found
$MWW: possibly delisted; no price data found  (1d 1927-10-10 -> 2026-09-15)
$MWW: possibly delisted; no price data found  (1d 2008-06-21 -> 2008-07-02)

1 Failed download:
['MWW']: possibly delisted; no price data found  (1d 2008-06-21 -> 2008-07-02)
$NBL: possibly delisted; no timezone found
$NBL: possibly delisted; no timezone found

1 Failed download:
['NBL']: possibly delisted; no timezone found
$MYL: possibly delisted; no timezone found
$MYL: possibly delisted; no timezone found

1 Failed download:
['MYL']: possibly delisted; no timezone found
$NE: Data doesn't exist for startDate = 1214020800, endDate = 1214971200

1 Failed download:
['NE']: Data doesn't exist for startDate = 1214020800, endDate = 1214971200
$NVLS: possibly delisted; no price data found  (1d 1927-10-10 -> 2026-09-15)
$NVLS: possibly delisted; no price data found  (1d 2008-06-21 -> 2008-07-02)

1 Failed download:
['NVLS']: possibly delisted; no price data found  (1d 2008-06-21 -> 2008-07-02)
$NSM: Data doesn't exist for startDate = 1214020800, endDate = 1214971200

1 Failed download:
['NSM']: Data doesn't exist for startDate = 1214020800, endDate = 1214971200
$ODP: possibly delisted; no timezone found
$ODP: possibly delisted; no timezone found

1 Failed download:
['ODP']: possibly delisted; no timezone found
$PCP: possibly delisted; no price data found  (1d 1927-10-10 -> 2026-09-15)
$PDCO: possibly delisted; no timezone found
$PCL: Data doesn't exist for startDate = 1214020800, endDate = 1214971200

1 Failed download:
['PCL']: Data doesn't exist for startDate = 1214020800, endDate = 1214971200
$PDCO: possibly delisted; no timezone found

1 Failed download:
['PDCO']: possibly delisted; no timezone found
$PCP: Data doesn't exist for startDate = 1214020800, endDate = 1214971200

1 Failed download:
['PCP']: Data doesn't exist for startDate = 1214020800, endDate = 1214971200
$PGN: possibly delisted; no price data found  (1d 1927-10-10 -> 2026-09-15)
$PGN: possibly delisted; no price data found  (1d 2008-06-21 -> 2008-07-02)

1 Failed download:
['PGN']: possibly delisted; no price data found  (1d 2008-06-21 -> 2008-07-02)
$PKI: possibly delisted; no timezone found
$PKI: possibly delisted; no timezone found

1 Failed download:
['PKI']: possibly delisted; no timezone found
$PLL: possibly delisted; no timezone found
$PLL: possibly delisted; no timezone found

1 Failed download:
['PLL']: possibly delisted; no timezone found
$PM: possibly delisted; no price data found  (1d 2008-06-21 -> 2008-06-22)

1 Failed download:
['PM']: possibly delisted; no price data found  (1d 2008-06-21 -> 2008-06-22)
$PX: possibly delisted; no timezone found
$POM: Data doesn't exist for startDate = 1214020800, endDate = 1214971200

1 Failed download:
['POM']: Data doesn't exist for startDate = 1214020800, endDate = 1214971200
$PX: possibly delisted; no timezone found

1 Failed download:
['PX']: possibly delisted; no timezone found
$Q: Data doesn't exist for startDate = 1214020800, endDate = 1761451200

1 Failed download:
['Q']: Data doesn't exist for startDate = 1214020800, endDate = 1761451200
$QLGC: possibly delisted; no price data found  (1d 1927-10-10 -> 2026-09-15)
$RAI: possibly delisted; no price data found  (1d 1927-10-10 -> 2026-09-15)
$RAI: possibly delisted; no price data found  (1d 2008-06-21 -> 2008-07-02)

1 Failed download:
['RAI']: possibly delisted; no price data found  (1d 2008-06-21 -> 2008-07-02)
$QLGC: possibly delisted; no price data found  (1d 2008-06-21 -> 2008-07-02)

1 Failed download:
['QLGC']: possibly delisted; no price data found  (1d 2008-06-21 -> 2008-07-02)
$RDC: possibly delisted; no timezone found
$RDC: possibly delisted; no timezone found

1 Failed download:
['RDC']: possibly delisted; no timezone found
$RTN: possibly delisted; no timezone found
$RRD: possibly delisted; no timezone found
$RTN: possibly delisted; no timezone found

1 Failed download:
['RTN']: possibly delisted; no timezone found
$RRD: possibly delisted; no timezone found

1 Failed download:
['RRD']: possibly delisted; no timezone found
$S: Data doesn't exist for startDate = 1214020800, endDate = 1214971200

1 Failed download:
['S']: Data doesn't exist for startDate = 1214020800, endDate = 1214971200
$SIAL: possibly delisted; no price data found  (1d 1927-10-10 -> 2026-09-15)
$SIAL: possibly delisted; no price data found  (1d 2008-06-21 -> 2008-07-02)

1 Failed download:
['SIAL']: possibly delisted; no price data found  (1d 2008-06-21 -> 2008-07-02)
$SE: Data doesn't exist for startDate = 1214020800, endDate = 1214971200
$SEE: possibly delisted; no timezone found

1 Failed download:
['SE']: Data doesn't exist for startDate = 1214020800, endDate = 1214971200
$SNI: possibly delisted; no price data found  (1d 1927-10-10 -> 2026-09-15)
$SGP: Data doesn't exist for startDate = 1214020800, endDate = 1214971200

1 Failed download:
['SGP']: Data doesn't exist for startDate = 1214020800, endDate = 1214971200
$SHLD: Data doesn't exist for startDate = 1214020800, endDate = 1214971200

1 Failed download:
['SHLD']: Data doesn't exist for startDate = 1214020800, endDate = 1214971200
$SEE: possibly delisted; no timezone found

1 Failed download:
['SEE']: possibly delisted; no timezone found
$SII: Data doesn't exist for startDate = 1214020800, endDate = 1214971200

1 Failed download:
['SII']: Data doesn't exist for startDate = 1214020800, endDate = 1214971200
$STJ: possibly delisted; no price data found  (1d 1927-10-10 -> 2026-09-15)
$SNI: possibly delisted; no price data found  (1d 2008-06-21 -> 2008-07-02)

1 Failed download:
['SNI']: possibly delisted; no price data found  (1d 2008-06-21 -> 2008-07-02)
$STR: possibly delisted; no timezone found
$SNDK: Data doesn't exist for startDate = 1214020800, endDate = 1739336400

1 Failed download:
['SNDK']: Data doesn't exist for startDate = 1214020800, endDate = 1739336400
$STJ: possibly delisted; no price data found  (1d 2008-06-21 -> 2008-07-02)

1 Failed download:
['STJ']: possibly delisted; no price data found  (1d 2008-06-21 -> 2008-07-02)
$STI: Data doesn't exist for startDate = 1214020800, endDate = 1214971200

1 Failed download:
['STI']: Data doesn't exist for startDate = 1214020800, endDate = 1214971200
$STR: possibly delisted; no timezone found

1 Failed download:
['STR']: possibly delisted; no timezone found
$SUNEQ: possibly delisted; no price data found  (1d 1927-10-10 -> 2026-09-15)
$SPLS: Data doesn't exist for startDate = 1214020800, endDate = 1214971200

1 Failed download:
['SPLS']: Data doesn't exist for startDate = 1214020800, endDate = 1214971200
$SUNEQ: possibly delisted; no price data found  (1d 2008-06-21 -> 2008-07-02)

1 Failed download:
['SUNEQ']: possibly delisted; no price data found  (1d 2008-06-21 -> 2008-07-02)
$SUN: Data doesn't exist for startDate = 1214020800, endDate = 1214971200
$SWN: possibly delisted; no timezone found
$SWN: possibly delisted; no timezone found

1 Failed download:
['SUN']: Data doesn't exist for startDate = 1214020800, endDate = 1214971200

1 Failed download:
['SWN']: possibly delisted; no timezone found
$SYMC: possibly delisted; no timezone found
$SYMC: possibly delisted; no timezone found

1 Failed download:
['SYMC']: possibly delisted; no timezone found
$TGNA: possibly delisted; no timezone found
$TE: Data doesn't exist for startDate = 1214020800, endDate = 1214971200

1 Failed download:
['TE']: Data doesn't exist for startDate = 1214020800, endDate = 1214971200
$TGNA: possibly delisted; no timezone found

1 Failed download:
['TGNA']: possibly delisted; no timezone found
$TIF: possibly delisted; no timezone found
$TMK: possibly delisted; no timezone found
$TIF: possibly delisted; no timezone found

1 Failed download:
$TMK: possibly delisted; no timezone found
['TIF']: possibly delisted; no timezone found

1 Failed download:
['TMK']: possibly delisted; no timezone found
$TSS: possibly delisted; no timezone found
$TSS: possibly delisted; no timezone found

1 Failed download:
['TSS']: possibly delisted; no timezone found
$UTX: possibly delisted; no timezone found
$UTX: possibly delisted; no timezone found

1 Failed download:
['UTX']: possibly delisted; no timezone found
$VAR: possibly delisted; no timezone found
$VAR: possibly delisted; no timezone found

1 Failed download:
['VAR']: possibly delisted; no timezone found
$VIAB: possibly delisted; no timezone found
$VIAB: possibly delisted; no timezone found

1 Failed download:
['VIAB']: possibly delisted; no timezone found
$WBA: possibly delisted; no timezone found
$WBA: possibly delisted; no timezone found

1 Failed download:
['WBA']: possibly delisted; no timezone found
$WFM: possibly delisted; no price data found  (1d 1927-10-10 -> 2026-09-15)
$WB: Data doesn't exist for startDate = 1214020800, endDate = 1214971200

1 Failed download:
['WB']: Data doesn't exist for startDate = 1214020800, endDate = 1214971200
$WFT: possibly delisted; no timezone found
$WFM: possibly delisted; no price data found  (1d 2008-06-21 -> 2008-07-02)

1 Failed download:
['WFM']: possibly delisted; no price data found  (1d 2008-06-21 -> 2008-07-02)
$WFT: possibly delisted; no timezone found

1 Failed download:
['WFT']: possibly delisted; no timezone found
$WIN: possibly delisted; no timezone found
$WIN: possibly delisted; no timezone found

1 Failed download:
['WIN']: possibly delisted; no timezone found
$WYND: possibly delisted; no timezone found
$X: possibly delisted; no timezone found
$WYND: possibly delisted; no timezone found

1 Failed download:
['WYND']: possibly delisted; no timezone found
$X: possibly delisted; no timezone found

1 Failed download:
['X']: possibly delisted; no timezone found
$XL: possibly delisted; no timezone found
$XL: possibly delisted; no timezone found

1 Failed download:
['XL']: possibly delisted; no timezone found
$XLNX: possibly delisted; no timezone found
$XLNX: possibly delisted; no timezone found

1 Failed download:
['XLNX']: possibly delisted; no timezone found
$ACAS: possibly delisted; no price data found  (1d 1927-10-10 -> 2026-09-15)
$AABA: possibly delisted; no timezone found
$ABC: possibly delisted; no timezone found
$AABA: possibly delisted; no timezone found

1 Failed download:
['AABA']: possibly delisted; no timezone found
$ACAS: possibly delisted; no price data found  (1d 2008-12-23 -> 2009-01-03)

1 Failed download:
['ACAS']: possibly delisted; no price data found  (1d 2008-12-23 -> 2009-01-03)
$ABC: possibly delisted; no timezone found

1 Failed download:
['ABC']: possibly delisted; no timezone found
$AGN: possibly delisted; no timezone found
$AGN: possibly delisted; no timezone found

1 Failed download:
['AGN']: possibly delisted; no timezone found
$AKS: possibly delisted; no timezone found
$ALTR: possibly delisted; no timezone found
$AKS: possibly delisted; no timezone found

1 Failed download:
['AKS']: possibly delisted; no timezone found
$ALTR: possibly delisted; no timezone found

1 Failed download:
['ALTR']: possibly delisted; no timezone found
$APOL: possibly delisted; no price data found  (1d 1927-10-10 -> 2026-09-15)
$ANTM: possibly delisted; no timezone found
$ANTM: possibly delisted; no timezone found

1 Failed download:
['ANTM']: possibly delisted; no timezone found
$APOL: possibly delisted; no price data found  (1d 2008-12-23 -> 2009-01-03)

1 Failed download:
['APOL']: possibly delisted; no price data found  (1d 2008-12-23 -> 2009-01-03)
$ARNC: possibly delisted; no timezone found
$AVP: possibly delisted; no timezone found
$APC: Data doesn't exist for startDate = 1230008400, endDate = 1230958800
$ARNC: possibly delisted; no timezone found

1 Failed download:
['APC']: Data doesn't exist for startDate = 1230008400, endDate = 1230958800
$AVP: possibly delisted; no timezone found

1 Failed download:
['ARNC']: possibly delisted; no timezone found

1 Failed download:
['AVP']: possibly delisted; no timezone found
$AVB: Data doesn't exist for startDate = 1230008400, endDate = 1784174400

1 Failed download:
['AVB']: Data doesn't exist for startDate = 1230008400, endDate = 1784174400
$BCR: possibly delisted; no price data found  (1d 1927-10-10 -> 2026-09-15)
$BBBY: Data doesn't exist for startDate = 1230008400, endDate = 1230958800

1 Failed download:
['BBBY']: Data doesn't exist for startDate = 1230008400, endDate = 1230958800
$BCR: possibly delisted; no price data found  (1d 2008-12-23 -> 2009-01-03)

1 Failed download:
['BCR']: possibly delisted; no price data found  (1d 2008-12-23 -> 2009-01-03)
$BHGE: possibly delisted; no timezone found
$BEAM: Data doesn't exist for startDate = 1230008400, endDate = 1230958800

1 Failed download:
['BEAM']: Data doesn't exist for startDate = 1230008400, endDate = 1230958800
$BHGE: possibly delisted; no timezone found

1 Failed download:
['BHGE']: possibly delisted; no timezone found
$BLL: possibly delisted; no timezone found
$BK: possibly delisted; no timezone found
$BIG: possibly delisted; no timezone found
$BTUUQ: possibly delisted; no price data found  (1d 1927-10-10 -> 2026-09-15)
$BLL: possibly delisted; no timezone found
$BRCM: possibly delisted; no price data found  (1d 1927-10-10 -> 2026-09-15)

1 Failed download:
['BLL']: possibly delisted; no timezone found
$BK: possibly delisted; no timezone found

1 Failed download:
['BK']: possibly delisted; no timezone found
$BIG: possibly delisted; no timezone found

1 Failed download:
['BIG']: possibly delisted; no timezone found
$BTUUQ: possibly delisted; no price data found  (1d 2008-12-23 -> 2009-01-03)

1 Failed download:
['BTUUQ']: possibly delisted; no price data found  (1d 2008-12-23 -> 2009-01-03)
$BRCM: possibly delisted; no price data found  (1d 2008-12-23 -> 2009-01-03)

1 Failed download:
['BRCM']: possibly delisted; no price data found  (1d 2008-12-23 -> 2009-01-03)
$CA: possibly delisted; no timezone found
$CA: possibly delisted; no timezone found

1 Failed download:
['CA']: possibly delisted; no timezone found
$CAM: Data doesn't exist for startDate = 1230008400, endDate = 1230958800

1 Failed download:
['CAM']: Data doesn't exist for startDate = 1230008400, endDate = 1230958800
$CCE: possibly delisted; no price data found  (1d 1927-10-10 -> 2026-09-15)
$CBS: possibly delisted; no timezone found
$CCE: possibly delisted; no price data found  (1d 2008-12-23 -> 2009-01-03)

1 Failed download:
['CCE']: possibly delisted; no price data found  (1d 2008-12-23 -> 2009-01-03)
$CBS: possibly delisted; no timezone found

1 Failed download:
['CBS']: possibly delisted; no timezone found
$CHK: possibly delisted; no timezone found
$CHK: possibly delisted; no timezone found
$CELG: possibly delisted; no timezone found
$CELG: possibly delisted; no timezone found

1 Failed download:
['CHK']: possibly delisted; no timezone found

1 Failed download:
['CELG']: possibly delisted; no timezone found
$CEG: Data doesn't exist for startDate = 1230008400, endDate = 1642482000

1 Failed download:
['CEG']: Data doesn't exist for startDate = 1230008400, endDate = 1642482000
$CMA: possibly delisted; no timezone found
$CMA: possibly delisted; no timezone found

1 Failed download:
['CMA']: possibly delisted; no timezone found
$COG: possibly delisted; no timezone found
$COG: possibly delisted; no timezone found

1 Failed download:
['COG']: possibly delisted; no timezone found
$COL: possibly delisted; no price data found  (1d 2008-12-23 -> 2012-08-01)

1 Failed download:
['COL']: possibly delisted; no price data found  (1d 2008-12-23 -> 2012-08-01)
$CTL: possibly delisted; no timezone found
$CTL: possibly delisted; no timezone found

1 Failed download:
['CTL']: possibly delisted; no timezone found
$CTXS: possibly delisted; no timezone found
$CTXS: possibly delisted; no timezone found

1 Failed download:
['CTXS']: possibly delisted; no timezone found
$DDR: possibly delisted; no price data found  (1d 1927-10-10 -> 2026-09-15)
$DDR: possibly delisted; no price data found  (1d 2008-12-23 -> 2009-01-03)

1 Failed download:
['DDR']: possibly delisted; no price data found  (1d 2008-12-23 -> 2009-01-03)
$DFS: possibly delisted; no timezone found
$DF: possibly delisted; no timezone found
$DFS: possibly delisted; no timezone found

1 Failed download:
['DFS']: possibly delisted; no timezone found
$DF: possibly delisted; no timezone found

1 Failed download:
['DF']: possibly delisted; no timezone found
$DELL: Data doesn't exist for startDate = 1230008400, endDate = 1471320000

1 Failed download:
['DELL']: Data doesn't exist for startDate = 1230008400, endDate = 1471320000
$DNB: possibly delisted; no timezone found
$DNB: possibly delisted; no timezone found

1 Failed download:
['DNB']: possibly delisted; no timezone found
$DTV: possibly delisted; no timezone found
$DOW: Data doesn't exist for startDate = 1230008400, endDate = 1552968000

1 Failed download:
['DOW']: Data doesn't exist for startDate = 1230008400, endDate = 1552968000
$DYN: Data doesn't exist for startDate = 1230008400, endDate = 1230958800
$EA: Data doesn't exist for startDate = 1230008400, endDate = 1784174400

1 Failed download:
['DYN']: Data doesn't exist for startDate = 1230008400, endDate = 1230958800

1 Failed download:
['EA']: Data doesn't exist for startDate = 1230008400, endDate = 1784174400
$DTV: possibly delisted; no timezone found

1 Failed download:
['DTV']: possibly delisted; no timezone found
$EMC: Data doesn't exist for startDate = 1230008400, endDate = 1230958800

1 Failed download:
['EMC']: Data doesn't exist for startDate = 1230008400, endDate = 1230958800
$ESV: possibly delisted; no timezone found
$EQ: Data doesn't exist for startDate = 1230008400, endDate = 1230958800

1 Failed download:
['EQ']: Data doesn't exist for startDate = 1230008400, endDate = 1230958800
$EQR: Data doesn't exist for startDate = 1230008400, endDate = 1784174400

1 Failed download:
['EQR']: Data doesn't exist for startDate = 1230008400, endDate = 1784174400
$ESV: possibly delisted; no timezone found

1 Failed download:
['ESV']: possibly delisted; no timezone found
$ETFC: possibly delisted; no timezone found
$ETFC: possibly delisted; no timezone found

1 Failed download:
['ETFC']: possibly delisted; no timezone found
$FII: possibly delisted; no timezone found
$FII: possibly delisted; no timezone found

1 Failed download:
['FII']: possibly delisted; no timezone found
$FLIR: possibly delisted; no timezone found
$FLIR: possibly delisted; no timezone found
$FRX: possibly delisted; no timezone found
$FRX: possibly delisted; no timezone found

1 Failed download:
['FLIR']: possibly delisted; no timezone found

1 Failed download:
['FRX']: possibly delisted; no timezone found
$GAS: possibly delisted; no price data found  (1d 1927-10-10 -> 2026-09-15)
$FOXA: Data doesn't exist for startDate = 1230008400, endDate = 1552276800

1 Failed download:
['FOXA']: Data doesn't exist for startDate = 1230008400, endDate = 1552276800
$FTR: possibly delisted; no timezone found
$FTR: possibly delisted; no timezone found

1 Failed download:
['FTR']: possibly delisted; no timezone found
$GAS: Data doesn't exist for startDate = 1230008400, endDate = 1230958800

1 Failed download:
['GAS']: Data doesn't exist for startDate = 1230008400, endDate = 1230958800
$GPS: possibly delisted; no timezone found
$HAR: possibly delisted; no price data found  (1d 1927-10-10 -> 2026-09-15)
$GPS: possibly delisted; no timezone found

1 Failed download:
['GPS']: possibly delisted; no timezone found
$HCBK: possibly delisted; no price data found  (1d 1927-10-10 -> 2026-09-15)
$HAR: Data doesn't exist for startDate = 1230008400, endDate = 1230958800

1 Failed download:
['HAR']: Data doesn't exist for startDate = 1230008400, endDate = 1230958800
$HCP: possibly delisted; no timezone found
$HES: possibly delisted; no timezone found
$HCP: possibly delisted; no timezone found

1 Failed download:
['HCP']: possibly delisted; no timezone found
$HCBK: possibly delisted; no price data found  (1d 2008-12-23 -> 2009-01-03)
$HES: possibly delisted; no timezone found

1 Failed download:
['HCBK']: possibly delisted; no price data found  (1d 2008-12-23 -> 2009-01-03)

1 Failed download:
['HES']: possibly delisted; no timezone found
$HSP: possibly delisted; no price data found  (1d 1927-10-10 -> 2026-09-15)
$HOT: possibly delisted; no price data found  (1d 2008-12-23 -> 2015-01-01)

1 Failed download:
['HOT']: possibly delisted; no price data found  (1d 2008-12-23 -> 2015-01-01)
$HSP: possibly delisted; no price data found  (1d 2008-12-23 -> 2009-01-03)

1 Failed download:
['HSP']: possibly delisted; no price data found  (1d 2008-12-23 -> 2009-01-03)
$HRS: possibly delisted; no timezone found
$HRS: possibly delisted; no timezone found

1 Failed download:
['HRS']: possibly delisted; no timezone found
$IGT: possibly delisted; no timezone found
$IGT: possibly delisted; no timezone found

1 Failed download:
['IGT']: possibly delisted; no timezone found
$IPG: possibly delisted; no timezone found
$IPG: possibly delisted; no timezone found

1 Failed download:
['IPG']: possibly delisted; no timezone found
$JCP: possibly delisted; no timezone found
$JCP: possibly delisted; no timezone found
$IR: Data doesn't exist for startDate = 1230008400, endDate = 1494475200

1 Failed download:

1 Failed download:
['IR']: Data doesn't exist for startDate = 1230008400, endDate = 1494475200
['JCP']: possibly delisted; no timezone found
$JEC: possibly delisted; no timezone found
$JEC: possibly delisted; no timezone found
$JNPR: possibly delisted; no timezone found
$JNPR: possibly delisted; no timezone found

1 Failed download:
['JEC']: possibly delisted; no timezone found
$JNS: possibly delisted; no price data found  (1d 1927-10-10 -> 2026-09-15)

1 Failed download:
['JNPR']: possibly delisted; no timezone found
$JWN: possibly delisted; no timezone found
$K: possibly delisted; no timezone found
$JWN: possibly delisted; no timezone found
$JNS: possibly delisted; no price data found  (1d 2008-12-23 -> 2009-01-03)
$K: possibly delisted; no timezone found

1 Failed download:
['JNS']: possibly delisted; no price data found  (1d 2008-12-23 -> 2009-01-03)

1 Failed download:
['JWN']: possibly delisted; no timezone found

1 Failed download:
['K']: possibly delisted; no timezone found
$LB: Data doesn't exist for startDate = 1230008400, endDate = 1230958800

1 Failed download:
['LB']: Data doesn't exist for startDate = 1230008400, endDate = 1230958800
$LEG: Data doesn't exist for startDate = 1230008400, endDate = 1230958800

1 Failed download:
['LEG']: Data doesn't exist for startDate = 1230008400, endDate = 1230958800
$LLL: possibly delisted; no timezone found
$LLL: possibly delisted; no timezone found

1 Failed download:
['LLL']: possibly delisted; no timezone found
$LLTC: possibly delisted; no price data found  (1d 1927-10-10 -> 2026-09-15)
$LIFE: Data doesn't exist for startDate = 1230008400, endDate = 1230958800

1 Failed download:
['LIFE']: Data doesn't exist for startDate = 1230008400, endDate = 1230958800
$LM: possibly delisted; no timezone found
$LSI: possibly delisted; no timezone found
$LM: possibly delisted; no timezone found
$LSI: possibly delisted; no timezone found
$LLTC: possibly delisted; no price data found  (1d 2008-12-23 -> 2009-01-03)
$LXK: possibly delisted; no price data found  (1d 1927-10-10 -> 2026-09-15)

1 Failed download:
['LM']: possibly delisted; no timezone found

1 Failed download:
['LLTC']: possibly delisted; no price data found  (1d 2008-12-23 -> 2009-01-03)

1 Failed download:
['LSI']: possibly delisted; no timezone found
$LXK: possibly delisted; no price data found  (1d 2008-12-23 -> 2009-01-03)

1 Failed download:
['LXK']: possibly delisted; no price data found  (1d 2008-12-23 -> 2009-01-03)
$MIL: possibly delisted; no price data found  (1d 1927-10-10 -> 2026-09-15)
$MDP: possibly delisted; no timezone found
$MDP: possibly delisted; no timezone found

1 Failed download:
['MDP']: possibly delisted; no timezone found
$MIL: possibly delisted; no price data found  (1d 2008-12-23 -> 2009-01-03)

1 Failed download:
['MIL']: possibly delisted; no price data found  (1d 2008-12-23 -> 2009-01-03)
$MMC: possibly delisted; no timezone found
$MMC: possibly delisted; no timezone found
$MI: Data doesn't exist for startDate = 1230008400, endDate = 1230958800

1 Failed download:
['MMC']: possibly delisted; no timezone found

1 Failed download:
['MI']: Data doesn't exist for startDate = 1230008400, endDate = 1230958800
$MRO: possibly delisted; no timezone found
$MON: possibly delisted; no timezone found
$MRO: possibly delisted; no timezone found

1 Failed download:
['MRO']: possibly delisted; no timezone found
$MON: possibly delisted; no timezone found

1 Failed download:
['MON']: possibly delisted; no timezone found
$MWW: possibly delisted; no price data found  (1d 1927-10-10 -> 2026-09-15)
$MWW: possibly delisted; no price data found  (1d 2008-12-23 -> 2009-01-03)

1 Failed download:
['MWW']: possibly delisted; no price data found  (1d 2008-12-23 -> 2009-01-03)
$NBL: possibly delisted; no timezone found
$NBL: possibly delisted; no timezone found

1 Failed download:
['NBL']: possibly delisted; no timezone found
$MYL: possibly delisted; no timezone found
$MYL: possibly delisted; no timezone found

1 Failed download:
['MYL']: possibly delisted; no timezone found
$NE: Data doesn't exist for startDate = 1230008400, endDate = 1230958800

1 Failed download:
['NE']: Data doesn't exist for startDate = 1230008400, endDate = 1230958800
$NVLS: possibly delisted; no price data found  (1d 1927-10-10 -> 2026-09-15)
$NVLS: possibly delisted; no price data found  (1d 2008-12-23 -> 2009-01-03)

1 Failed download:
['NVLS']: possibly delisted; no price data found  (1d 2008-12-23 -> 2009-01-03)
$NSM: Data doesn't exist for startDate = 1230008400, endDate = 1230958800

1 Failed download:
['NSM']: Data doesn't exist for startDate = 1230008400, endDate = 1230958800
$ODP: possibly delisted; no timezone found
$ODP: possibly delisted; no timezone found

1 Failed download:
['ODP']: possibly delisted; no timezone found
$PBCT: possibly delisted; no timezone found
$PBCT: possibly delisted; no timezone found

1 Failed download:
['PBCT']: possibly delisted; no timezone found
$PCP: possibly delisted; no price data found  (1d 1927-10-10 -> 2026-09-15)
$PDCO: possibly delisted; no timezone found
$PGN: possibly delisted; no price data found  (1d 1927-10-10 -> 2026-09-15)
$PCL: Data doesn't exist for startDate = 1230008400, endDate = 1230958800

1 Failed download:
['PCL']: Data doesn't exist for startDate = 1230008400, endDate = 1230958800
$PCP: Data doesn't exist for startDate = 1230008400, endDate = 1230958800

1 Failed download:
['PCP']: Data doesn't exist for startDate = 1230008400, endDate = 1230958800
$PDCO: possibly delisted; no timezone found

1 Failed download:
['PDCO']: possibly delisted; no timezone found
$PGN: possibly delisted; no price data found  (1d 2008-12-23 -> 2009-01-03)

1 Failed download:
['PGN']: possibly delisted; no price data found  (1d 2008-12-23 -> 2009-01-03)
$PLL: possibly delisted; no timezone found
$PKI: possibly delisted; no timezone found
$PLL: possibly delisted; no timezone found
$PKI: possibly delisted; no timezone found

1 Failed download:
['PKI']: possibly delisted; no timezone found

1 Failed download:
['PLL']: possibly delisted; no timezone found
$PXD: possibly delisted; no timezone found
$POM: Data doesn't exist for startDate = 1230008400, endDate = 1230958800
$PX: possibly delisted; no timezone found

1 Failed download:
$PXD: possibly delisted; no timezone found
['POM']: Data doesn't exist for startDate = 1230008400, endDate = 1230958800
$QLGC: possibly delisted; no price data found  (1d 1927-10-10 -> 2026-09-15)

1 Failed download:
['PXD']: possibly delisted; no timezone found
$PX: possibly delisted; no timezone found

1 Failed download:
['PX']: possibly delisted; no timezone found
$RAI: possibly delisted; no price data found  (1d 1927-10-10 -> 2026-09-15)
$QLGC: possibly delisted; no price data found  (1d 2008-12-23 -> 2009-01-03)

1 Failed download:
['QLGC']: possibly delisted; no price data found  (1d 2008-12-23 -> 2009-01-03)
$RDC: possibly delisted; no timezone found
$Q: Data doesn't exist for startDate = 1230008400, endDate = 1761451200
$RDC: possibly delisted; no timezone found

1 Failed download:
['RDC']: possibly delisted; no timezone found

1 Failed download:
['Q']: Data doesn't exist for startDate = 1230008400, endDate = 1761451200
$RAI: possibly delisted; no price data found  (1d 2008-12-23 -> 2009-01-03)

1 Failed download:
['RAI']: possibly delisted; no price data found  (1d 2008-12-23 -> 2009-01-03)
$RTN: possibly delisted; no timezone found
$RRD: possibly delisted; no timezone found
$RTN: possibly delisted; no timezone found

1 Failed download:
['RTN']: possibly delisted; no timezone found
$RRD: possibly delisted; no timezone found

1 Failed download:
['RRD']: possibly delisted; no timezone found
$S: Data doesn't exist for startDate = 1230008400, endDate = 1230958800

1 Failed download:
['S']: Data doesn't exist for startDate = 1230008400, endDate = 1230958800
$SEE: possibly delisted; no timezone found
$SIAL: possibly delisted; no price data found  (1d 1927-10-10 -> 2026-09-15)
$SCG: Data doesn't exist for startDate = 1230008400, endDate = 1436932800

1 Failed download:
['SCG']: Data doesn't exist for startDate = 1230008400, endDate = 1436932800
$SGP: Data doesn't exist for startDate = 1230008400, endDate = 1230958800

1 Failed download:
['SGP']: Data doesn't exist for startDate = 1230008400, endDate = 1230958800
$SHLD: Data doesn't exist for startDate = 1230008400, endDate = 1230958800

1 Failed download:
['SHLD']: Data doesn't exist for startDate = 1230008400, endDate = 1230958800
$SE: Data doesn't exist for startDate = 1230008400, endDate = 1230958800
$SEE: possibly delisted; no timezone found

1 Failed download:
['SE']: Data doesn't exist for startDate = 1230008400, endDate = 1230958800

1 Failed download:
['SEE']: possibly delisted; no timezone found
$SNI: possibly delisted; no price data found  (1d 1927-10-10 -> 2026-09-15)
$SIAL: possibly delisted; no price data found  (1d 2008-12-23 -> 2009-01-03)

1 Failed download:
['SIAL']: possibly delisted; no price data found  (1d 2008-12-23 -> 2009-01-03)
$SII: Data doesn't exist for startDate = 1230008400, endDate = 1230958800

1 Failed download:
['SII']: Data doesn't exist for startDate = 1230008400, endDate = 1230958800
$STJ: possibly delisted; no price data found  (1d 1927-10-10 -> 2026-09-15)
$SRCL: possibly delisted; no timezone found
$SNI: possibly delisted; no price data found  (1d 2008-12-23 -> 2009-01-03)

1 Failed download:
['SNI']: possibly delisted; no price data found  (1d 2008-12-23 -> 2009-01-03)
$SNDK: Data doesn't exist for startDate = 1230008400, endDate = 1739336400

1 Failed download:
['SNDK']: Data doesn't exist for startDate = 1230008400, endDate = 1739336400
$STR: possibly delisted; no timezone found
$SUNEQ: possibly delisted; no price data found  (1d 1927-10-10 -> 2026-09-15)
$SPLS: Data doesn't exist for startDate = 1230008400, endDate = 1230958800
$STI: Data doesn't exist for startDate = 1230008400, endDate = 1230958800

1 Failed download:
['SPLS']: Data doesn't exist for startDate = 1230008400, endDate = 1230958800

1 Failed download:
['STI']: Data doesn't exist for startDate = 1230008400, endDate = 1230958800
$SRCL: possibly delisted; no timezone found

1 Failed download:
['SRCL']: possibly delisted; no timezone found
$STR: possibly delisted; no timezone found

1 Failed download:
['STR']: possibly delisted; no timezone found
$STJ: possibly delisted; no price data found  (1d 2008-12-23 -> 2009-01-03)
$SUNEQ: possibly delisted; no price data found  (1d 2008-12-23 -> 2009-01-03)

1 Failed download:
['STJ']: possibly delisted; no price data found  (1d 2008-12-23 -> 2009-01-03)

1 Failed download:
['SUNEQ']: possibly delisted; no price data found  (1d 2008-12-23 -> 2009-01-03)
$SWN: possibly delisted; no timezone found
$SWN: possibly delisted; no timezone found

1 Failed download:
['SWN']: possibly delisted; no timezone found
$SYMC: possibly delisted; no timezone found
$SUN: Data doesn't exist for startDate = 1230008400, endDate = 1230958800

1 Failed download:
['SUN']: Data doesn't exist for startDate = 1230008400, endDate = 1230958800
$SYMC: possibly delisted; no timezone found

1 Failed download:
['SYMC']: possibly delisted; no timezone found
$TGNA: possibly delisted; no timezone found
$TGNA: possibly delisted; no timezone found

1 Failed download:
['TGNA']: possibly delisted; no timezone found
$TMK: possibly delisted; no timezone found
$TIF: possibly delisted; no timezone found
$TE: Data doesn't exist for startDate = 1230008400, endDate = 1230958800

1 Failed download:
['TE']: Data doesn't exist for startDate = 1230008400, endDate = 1230958800
$TMK: possibly delisted; no timezone found
$TIF: possibly delisted; no timezone found

1 Failed download:
['TMK']: possibly delisted; no timezone found

1 Failed download:
['TIF']: possibly delisted; no timezone found
$TSS: possibly delisted; no timezone found
$TSS: possibly delisted; no timezone found

1 Failed download:
['TSS']: possibly delisted; no timezone found
$VAR: possibly delisted; no timezone found
$VAR: possibly delisted; no timezone found

1 Failed download:
$UTX: possibly delisted; no timezone found
['VAR']: possibly delisted; no timezone found
$UTX: possibly delisted; no timezone found

1 Failed download:
['UTX']: possibly delisted; no timezone found
$VIAB: possibly delisted; no timezone found
$VIAB: possibly delisted; no timezone found

1 Failed download:
['VIAB']: possibly delisted; no timezone found
$WBA: possibly delisted; no timezone found
$WBA: possibly delisted; no timezone found

1 Failed download:
['WBA']: possibly delisted; no timezone found
$WFM: possibly delisted; no price data found  (1d 1927-10-10 -> 2026-09-15)
$WFM: possibly delisted; no price data found  (1d 2008-12-23 -> 2009-01-03)

1 Failed download:
['WFM']: possibly delisted; no price data found  (1d 2008-12-23 -> 2009-01-03)
$WFT: possibly delisted; no timezone found
$WFT: possibly delisted; no timezone found

1 Failed download:
['WFT']: possibly delisted; no timezone found
$WIN: possibly delisted; no timezone found
$WIN: possibly delisted; no timezone found

1 Failed download:
['WIN']: possibly delisted; no timezone found
$WYND: possibly delisted; no timezone found
$WYND: possibly delisted; no timezone found

1 Failed download:
['WYND']: possibly delisted; no timezone found
$XL: possibly delisted; no timezone found
$X: possibly delisted; no timezone found
$XL: possibly delisted; no timezone found

1 Failed download:
['XL']: possibly delisted; no timezone found
$X: possibly delisted; no timezone found

1 Failed download:
['X']: possibly delisted; no timezone found
$XLNX: possibly delisted; no timezone found
$XLNX: possibly delisted; no timezone found

1 Failed download:
['XLNX']: possibly delisted; no timezone found
$AABA: possibly delisted; no timezone found
$ABC: possibly delisted; no timezone found
$AABA: possibly delisted; no timezone found

1 Failed download:
['AABA']: possibly delisted; no timezone found
$ABC: possibly delisted; no timezone found

1 Failed download:
['ABC']: possibly delisted; no timezone found
$AGN: possibly delisted; no timezone found
$AGN: possibly delisted; no timezone found

1 Failed download:
['AGN']: possibly delisted; no timezone found
$AKS: possibly delisted; no timezone found
$AKS: possibly delisted; no timezone found
$ALTR: possibly delisted; no timezone found

1 Failed download:
['AKS']: possibly delisted; no timezone found
$ALTR: possibly delisted; no timezone found

1 Failed download:
['ALTR']: possibly delisted; no timezone found
$ANTM: possibly delisted; no timezone found
$ANTM: possibly delisted; no timezone found

1 Failed download:
['ANTM']: possibly delisted; no timezone found
$APOL: possibly delisted; no price data found  (1d 1927-10-10 -> 2026-09-15)
$APOL: possibly delisted; no price data found  (1d 2009-06-21 -> 2009-07-02)

1 Failed download:
['APOL']: possibly delisted; no price data found  (1d 2009-06-21 -> 2009-07-02)
$ARNC: possibly delisted; no timezone found
$ATGE: possibly delisted; no timezone found
$APC: Data doesn't exist for startDate = 1245556800, endDate = 1246507200

1 Failed download:
['APC']: Data doesn't exist for startDate = 1245556800, endDate = 1246507200
$AVP: possibly delisted; no timezone found
$ARNC: possibly delisted; no timezone found

1 Failed download:
['ARNC']: possibly delisted; no timezone found
$ATGE: possibly delisted; no timezone found

1 Failed download:
['ATGE']: possibly delisted; no timezone found
$AVP: possibly delisted; no timezone found
$AVB: Data doesn't exist for startDate = 1245556800, endDate = 1784174400

1 Failed download:
['AVP']: possibly delisted; no timezone found

1 Failed download:
['AVB']: Data doesn't exist for startDate = 1245556800, endDate = 1784174400
$BCR: possibly delisted; no price data found  (1d 1927-10-10 -> 2026-09-15)
$BCR: possibly delisted; no price data found  (1d 2009-06-21 -> 2009-07-02)

1 Failed download:
['BCR']: possibly delisted; no price data found  (1d 2009-06-21 -> 2009-07-02)
$BBBY: Data doesn't exist for startDate = 1245556800, endDate = 1246507200

1 Failed download:
['BBBY']: Data doesn't exist for startDate = 1245556800, endDate = 1246507200
$BHGE: possibly delisted; no timezone found
$BHGE: possibly delisted; no timezone found

1 Failed download:
['BHGE']: possibly delisted; no timezone found
$BLL: possibly delisted; no timezone found
$BEAM: Data doesn't exist for startDate = 1245556800, endDate = 1246507200

1 Failed download:
['BEAM']: Data doesn't exist for startDate = 1245556800, endDate = 1246507200
$BRCM: possibly delisted; no price data found  (1d 1927-10-10 -> 2026-09-15)
$BIG: possibly delisted; no timezone found
$BLL: possibly delisted; no timezone found
$BK: possibly delisted; no timezone found

1 Failed download:
['BLL']: possibly delisted; no timezone found
$BIG: possibly delisted; no timezone found

1 Failed download:
['BIG']: possibly delisted; no timezone found
$BK: possibly delisted; no timezone found

1 Failed download:
['BK']: possibly delisted; no timezone found
$BTUUQ: possibly delisted; no price data found  (1d 1927-10-10 -> 2026-09-15)
$BRCM: possibly delisted; no price data found  (1d 2009-06-21 -> 2009-07-02)

1 Failed download:
['BRCM']: possibly delisted; no price data found  (1d 2009-06-21 -> 2009-07-02)
$CA: possibly delisted; no timezone found
$CA: possibly delisted; no timezone found
$BTUUQ: possibly delisted; no price data found  (1d 2009-06-21 -> 2009-07-02)

1 Failed download:

1 Failed download:
['CA']: possibly delisted; no timezone found
['BTUUQ']: possibly delisted; no price data found  (1d 2009-06-21 -> 2009-07-02)
$CAM: Data doesn't exist for startDate = 1245556800, endDate = 1246507200

1 Failed download:
['CAM']: Data doesn't exist for startDate = 1245556800, endDate = 1246507200
$CBS: possibly delisted; no timezone found
$CBS: possibly delisted; no timezone found

1 Failed download:
['CBS']: possibly delisted; no timezone found
$CCE: possibly delisted; no price data found  (1d 1927-10-10 -> 2026-09-15)
$CCE: possibly delisted; no price data found  (1d 2009-06-21 -> 2009-07-02)

1 Failed download:
['CCE']: possibly delisted; no price data found  (1d 2009-06-21 -> 2009-07-02)
$CHK: possibly delisted; no timezone found
$CELG: possibly delisted; no timezone found
$CHK: possibly delisted; no timezone found
$CELG: possibly delisted; no timezone found

1 Failed download:
['CHK']: possibly delisted; no timezone found

1 Failed download:
['CELG']: possibly delisted; no timezone found
$CEG: Data doesn't exist for startDate = 1245556800, endDate = 1642482000

1 Failed download:
['CEG']: Data doesn't exist for startDate = 1245556800, endDate = 1642482000
$CMA: possibly delisted; no timezone found
$CMA: possibly delisted; no timezone found

1 Failed download:
['CMA']: possibly delisted; no timezone found
$COG: possibly delisted; no timezone found
$COG: possibly delisted; no timezone found

1 Failed download:
['COG']: possibly delisted; no timezone found
$COL: possibly delisted; no price data found  (1d 2009-06-21 -> 2012-08-01)

1 Failed download:
['COL']: possibly delisted; no price data found  (1d 2009-06-21 -> 2012-08-01)
$CTL: possibly delisted; no timezone found
$CTL: possibly delisted; no timezone found

1 Failed download:
['CTL']: possibly delisted; no timezone found
$CTXS: possibly delisted; no timezone found
$CTXS: possibly delisted; no timezone found

1 Failed download:
['CTXS']: possibly delisted; no timezone found
$DFS: possibly delisted; no timezone found
$DFS: possibly delisted; no timezone found

1 Failed download:
['DFS']: possibly delisted; no timezone found
$DF: possibly delisted; no timezone found
$DF: possibly delisted; no timezone found

1 Failed download:
['DF']: possibly delisted; no timezone found
$DELL: Data doesn't exist for startDate = 1245556800, endDate = 1471320000

1 Failed download:
['DELL']: Data doesn't exist for startDate = 1245556800, endDate = 1471320000
$DNR: possibly delisted; no timezone found
$DO: possibly delisted; no timezone found
$DNB: possibly delisted; no timezone found
$DNR: possibly delisted; no timezone found

1 Failed download:
['DNR']: possibly delisted; no timezone found
$DO: possibly delisted; no timezone found
$DNB: possibly delisted; no timezone found

1 Failed download:
['DNB']: possibly delisted; no timezone found

1 Failed download:
['DO']: possibly delisted; no timezone found
$DTV: possibly delisted; no timezone found
$DTV: possibly delisted; no timezone found

1 Failed download:
['DTV']: possibly delisted; no timezone found
$DOW: Data doesn't exist for startDate = 1245556800, endDate = 1552968000

1 Failed download:
['DOW']: Data doesn't exist for startDate = 1245556800, endDate = 1552968000
$DYN: Data doesn't exist for startDate = 1245556800, endDate = 1246507200

1 Failed download:
['DYN']: Data doesn't exist for startDate = 1245556800, endDate = 1246507200
$EA: Data doesn't exist for startDate = 1245556800, endDate = 1784174400

1 Failed download:
['EA']: Data doesn't exist for startDate = 1245556800, endDate = 1784174400
$EMC: Data doesn't exist for startDate = 1245556800, endDate = 1246507200

1 Failed download:
['EMC']: Data doesn't exist for startDate = 1245556800, endDate = 1246507200
$EQR: Data doesn't exist for startDate = 1245556800, endDate = 1784174400

1 Failed download:
['EQR']: Data doesn't exist for startDate = 1245556800, endDate = 1784174400
$ESV: possibly delisted; no timezone found
$ESV: possibly delisted; no timezone found

1 Failed download:
['ESV']: possibly delisted; no timezone found
$ETFC: possibly delisted; no timezone found
$ETFC: possibly delisted; no timezone found

1 Failed download:
['ETFC']: possibly delisted; no timezone found
$ES: possibly delisted; no price data found  (1d 2009-06-21 -> 2009-06-21)

1 Failed download:
['ES']: possibly delisted; no price data found  (1d 2009-06-21 -> 2009-06-21)
$FII: possibly delisted; no timezone found
$FII: possibly delisted; no timezone found

1 Failed download:
['FII']: possibly delisted; no timezone found
$FRX: possibly delisted; no timezone found
$FLIR: possibly delisted; no timezone found
$FRX: possibly delisted; no timezone found

1 Failed download:
['FRX']: possibly delisted; no timezone found
$FLIR: possibly delisted; no timezone found

1 Failed download:
['FLIR']: possibly delisted; no timezone found
$FTR: possibly delisted; no timezone found
$FTR: possibly delisted; no timezone found

1 Failed download:
['FTR']: possibly delisted; no timezone found
$GAS: possibly delisted; no price data found  (1d 1927-10-10 -> 2026-09-15)
$GAS: Data doesn't exist for startDate = 1245556800, endDate = 1246507200
$FOXA: Data doesn't exist for startDate = 1245556800, endDate = 1552276800

1 Failed download:
['GAS']: Data doesn't exist for startDate = 1245556800, endDate = 1246507200

1 Failed download:
['FOXA']: Data doesn't exist for startDate = 1245556800, endDate = 1552276800
$FTI: possibly delisted; no price data found  (1d 2009-06-21 -> 2009-06-21)

1 Failed download:
['FTI']: possibly delisted; no price data found  (1d 2009-06-21 -> 2009-06-21)
$GPS: possibly delisted; no timezone found
$GPS: possibly delisted; no timezone found

1 Failed download:
['GPS']: possibly delisted; no timezone found
$HAR: possibly delisted; no price data found  (1d 1927-10-10 -> 2026-09-15)
$HCBK: possibly delisted; no price data found  (1d 1927-10-10 -> 2026-09-15)
$HAR: Data doesn't exist for startDate = 1245556800, endDate = 1246507200

1 Failed download:
$HES: possibly delisted; no timezone found
['HAR']: Data doesn't exist for startDate = 1245556800, endDate = 1246507200
$HCBK: possibly delisted; no price data found  (1d 2009-06-21 -> 2009-07-02)

1 Failed download:
['HCBK']: possibly delisted; no price data found  (1d 2009-06-21 -> 2009-07-02)
$HES: possibly delisted; no timezone found

1 Failed download:
['HES']: possibly delisted; no timezone found
$HCP: possibly delisted; no timezone found
$HCP: possibly delisted; no timezone found

1 Failed download:
['HCP']: possibly delisted; no timezone found
$HOT: possibly delisted; no price data found  (1d 2009-06-21 -> 2015-01-01)
$HRS: possibly delisted; no timezone found

1 Failed download:
$HSP: possibly delisted; no price data found  (1d 1927-10-10 -> 2026-09-15)
['HOT']: possibly delisted; no price data found  (1d 2009-06-21 -> 2015-01-01)
$HRS: possibly delisted; no timezone found

1 Failed download:
['HRS']: possibly delisted; no timezone found
$HSP: possibly delisted; no price data found  (1d 2009-06-21 -> 2009-07-02)

1 Failed download:
['HSP']: possibly delisted; no price data found  (1d 2009-06-21 -> 2009-07-02)
$HRL: possibly delisted; no price data found  (1d 2009-06-21 -> 2009-06-21)

1 Failed download:
['HRL']: possibly delisted; no price data found  (1d 2009-06-21 -> 2009-06-21)
$IGT: possibly delisted; no timezone found
$IGT: possibly delisted; no timezone found

1 Failed download:
['IGT']: possibly delisted; no timezone found
$IRM: possibly delisted; no price data found  (1d 2009-06-21 -> 2009-06-21)
$IPG: possibly delisted; no timezone found

1 Failed download:
['IRM']: possibly delisted; no price data found  (1d 2009-06-21 -> 2009-06-21)
$IPG: possibly delisted; no timezone found

1 Failed download:
['IPG']: possibly delisted; no timezone found
$JCP: possibly delisted; no timezone found
$JEC: possibly delisted; no timezone found
$JEC: possibly delisted; no timezone found

1 Failed download:
['JEC']: possibly delisted; no timezone found
$JCP: possibly delisted; no timezone found

1 Failed download:
['JCP']: possibly delisted; no timezone found
$JNS: possibly delisted; no price data found  (1d 1927-10-10 -> 2026-09-15)
$JNPR: possibly delisted; no timezone found
$K: possibly delisted; no timezone found
$JWN: possibly delisted; no timezone found
$JNPR: possibly delisted; no timezone found

1 Failed download:
['JNPR']: possibly delisted; no timezone found
$JNS: possibly delisted; no price data found  (1d 2009-06-21 -> 2009-07-02)
$JWN: possibly delisted; no timezone found
$K: possibly delisted; no timezone found

1 Failed download:
['JNS']: possibly delisted; no price data found  (1d 2009-06-21 -> 2009-07-02)

1 Failed download:
['JWN']: possibly delisted; no timezone found

1 Failed download:
['K']: possibly delisted; no timezone found
$LB: Data doesn't exist for startDate = 1245556800, endDate = 1246507200

1 Failed download:
['LB']: Data doesn't exist for startDate = 1245556800, endDate = 1246507200
$LLTC: possibly delisted; no price data found  (1d 1927-10-10 -> 2026-09-15)
$LLL: possibly delisted; no timezone found
$LM: possibly delisted; no timezone found
$LEG: Data doesn't exist for startDate = 1245556800, endDate = 1246507200

1 Failed download:
['LEG']: Data doesn't exist for startDate = 1245556800, endDate = 1246507200
$LIFE: Data doesn't exist for startDate = 1245556800, endDate = 1246507200

1 Failed download:
['LIFE']: Data doesn't exist for startDate = 1245556800, endDate = 1246507200
$LSI: possibly delisted; no timezone found
$LLL: possibly delisted; no timezone found

1 Failed download:
['LLL']: possibly delisted; no timezone found
$LM: possibly delisted; no timezone found

1 Failed download:
['LM']: possibly delisted; no timezone found
$LLTC: possibly delisted; no price data found  (1d 2009-06-21 -> 2009-07-02)

1 Failed download:
['LLTC']: possibly delisted; no price data found  (1d 2009-06-21 -> 2009-07-02)
$LSI: possibly delisted; no timezone found

1 Failed download:
['LSI']: possibly delisted; no timezone found
$LXK: possibly delisted; no price data found  (1d 1927-10-10 -> 2026-09-15)
$LXK: possibly delisted; no price data found  (1d 2009-06-21 -> 2009-07-02)

1 Failed download:
['LXK']: possibly delisted; no price data found  (1d 2009-06-21 -> 2009-07-02)
$MDP: possibly delisted; no timezone found
$MIL: possibly delisted; no price data found  (1d 1927-10-10 -> 2026-09-15)
$MDP: possibly delisted; no timezone found

1 Failed download:
['MDP']: possibly delisted; no timezone found
$MIL: possibly delisted; no price data found  (1d 2009-06-21 -> 2009-07-02)

1 Failed download:
['MIL']: possibly delisted; no price data found  (1d 2009-06-21 -> 2009-07-02)
$MMC: possibly delisted; no timezone found
$MON: possibly delisted; no timezone found
$MMC: possibly delisted; no timezone found

1 Failed download:
['MMC']: possibly delisted; no timezone found
$MON: possibly delisted; no timezone found

1 Failed download:
['MON']: possibly delisted; no timezone found
$MI: Data doesn't exist for startDate = 1245556800, endDate = 1246507200

1 Failed download:
['MI']: Data doesn't exist for startDate = 1245556800, endDate = 1246507200
$MRO: possibly delisted; no timezone found
$MRO: possibly delisted; no timezone found

1 Failed download:
['MRO']: possibly delisted; no timezone found
$MWW: possibly delisted; no price data found  (1d 1927-10-10 -> 2026-09-15)
$MWW: possibly delisted; no price data found  (1d 2009-06-21 -> 2009-07-02)

1 Failed download:
['MWW']: possibly delisted; no price data found  (1d 2009-06-21 -> 2009-07-02)
$MYL: possibly delisted; no timezone found
$MYL: possibly delisted; no timezone found

1 Failed download:
['MYL']: possibly delisted; no timezone found
$NBL: possibly delisted; no timezone found
$NBL: possibly delisted; no timezone found

1 Failed download:
['NBL']: possibly delisted; no timezone found
$NSM: Data doesn't exist for startDate = 1245556800, endDate = 1246507200

1 Failed download:
['NSM']: Data doesn't exist for startDate = 1245556800, endDate = 1246507200
$NVLS: possibly delisted; no price data found  (1d 1927-10-10 -> 2026-09-15)
$NVLS: possibly delisted; no price data found  (1d 2009-06-21 -> 2009-07-02)

1 Failed download:
['NVLS']: possibly delisted; no price data found  (1d 2009-06-21 -> 2009-07-02)
$ODP: possibly delisted; no timezone found
$ODP: possibly delisted; no timezone found

1 Failed download:
['ODP']: possibly delisted; no timezone found
$PBCT: possibly delisted; no timezone found
$PBCT: possibly delisted; no timezone found

1 Failed download:
['PBCT']: possibly delisted; no timezone found
$ORLY: possibly delisted; no price data found  (1d 2009-06-21 -> 2009-06-21)

1 Failed download:
['ORLY']: possibly delisted; no price data found  (1d 2009-06-21 -> 2009-06-21)
$PCP: possibly delisted; no price data found  (1d 1927-10-10 -> 2026-09-15)
$PCL: Data doesn't exist for startDate = 1245556800, endDate = 1246507200
$PDCO: possibly delisted; no timezone found

1 Failed download:
['PCL']: Data doesn't exist for startDate = 1245556800, endDate = 1246507200
$PCP: Data doesn't exist for startDate = 1245556800, endDate = 1246507200
$PDCO: possibly delisted; no timezone found

1 Failed download:
['PCP']: Data doesn't exist for startDate = 1245556800, endDate = 1246507200

1 Failed download:
['PDCO']: possibly delisted; no timezone found
$PGN: possibly delisted; no price data found  (1d 1927-10-10 -> 2026-09-15)
$PGN: possibly delisted; no price data found  (1d 2009-06-21 -> 2009-07-02)

1 Failed download:
['PGN']: possibly delisted; no price data found  (1d 2009-06-21 -> 2009-07-02)
$PKI: possibly delisted; no timezone found
$PKI: possibly delisted; no timezone found

1 Failed download:
['PKI']: possibly delisted; no timezone found
$PLL: possibly delisted; no timezone found
$PLL: possibly delisted; no timezone found

1 Failed download:
['PLL']: possibly delisted; no timezone found
$POM: Data doesn't exist for startDate = 1245556800, endDate = 1246507200

1 Failed download:
['POM']: Data doesn't exist for startDate = 1245556800, endDate = 1246507200
$QLGC: possibly delisted; no price data found  (1d 1927-10-10 -> 2026-09-15)
$PX: possibly delisted; no timezone found
$PXD: possibly delisted; no timezone found
$PX: possibly delisted; no timezone found

1 Failed download:
['PX']: possibly delisted; no timezone found
$PXD: possibly delisted; no timezone found

1 Failed download:
['PXD']: possibly delisted; no timezone found
$QLGC: possibly delisted; no price data found  (1d 2009-06-21 -> 2009-07-02)

1 Failed download:
['QLGC']: possibly delisted; no price data found  (1d 2009-06-21 -> 2009-07-02)
$RAI: possibly delisted; no price data found  (1d 1927-10-10 -> 2026-09-15)
$Q: Data doesn't exist for startDate = 1245556800, endDate = 1761451200

1 Failed download:
['Q']: Data doesn't exist for startDate = 1245556800, endDate = 1761451200
$RDC: possibly delisted; no timezone found
$PWR: possibly delisted; no price data found  (1d 2009-06-21 -> 2009-06-21)
$RDC: possibly delisted; no timezone found

1 Failed download:

1 Failed download:
['PWR']: possibly delisted; no price data found  (1d 2009-06-21 -> 2009-06-21)
['RDC']: possibly delisted; no timezone found
$RAI: possibly delisted; no price data found  (1d 2009-06-21 -> 2009-07-02)

1 Failed download:
['RAI']: possibly delisted; no price data found  (1d 2009-06-21 -> 2009-07-02)
$RTN: possibly delisted; no timezone found
$RTN: possibly delisted; no timezone found

1 Failed download:
['RTN']: possibly delisted; no timezone found
$RRD: possibly delisted; no timezone found
$RRD: possibly delisted; no timezone found

1 Failed download:
['RRD']: possibly delisted; no timezone found
$SIAL: possibly delisted; no price data found  (1d 1927-10-10 -> 2026-09-15)
$SEE: possibly delisted; no timezone found
$S: Data doesn't exist for startDate = 1245556800, endDate = 1246507200

1 Failed download:
['S']: Data doesn't exist for startDate = 1245556800, endDate = 1246507200
$SGP: Data doesn't exist for startDate = 1245556800, endDate = 1246507200

1 Failed download:
['SGP']: Data doesn't exist for startDate = 1245556800, endDate = 1246507200
$SHLD: Data doesn't exist for startDate = 1245556800, endDate = 1246507200

1 Failed download:
['SHLD']: Data doesn't exist for startDate = 1245556800, endDate = 1246507200
$SIAL: possibly delisted; no price data found  (1d 2009-06-21 -> 2009-07-02)
$SEE: possibly delisted; no timezone found

1 Failed download:
['SEE']: possibly delisted; no timezone found

1 Failed download:
['SIAL']: possibly delisted; no price data found  (1d 2009-06-21 -> 2009-07-02)
$SNI: possibly delisted; no price data found  (1d 1927-10-10 -> 2026-09-15)
$SCG: Data doesn't exist for startDate = 1245556800, endDate = 1436932800
$SE: Data doesn't exist for startDate = 1245556800, endDate = 1246507200

1 Failed download:
['SE']: Data doesn't exist for startDate = 1245556800, endDate = 1246507200

1 Failed download:
['SCG']: Data doesn't exist for startDate = 1245556800, endDate = 1436932800
$SNI: possibly delisted; no price data found  (1d 2009-06-21 -> 2009-07-02)

1 Failed download:
['SNI']: possibly delisted; no price data found  (1d 2009-06-21 -> 2009-07-02)
$SII: Data doesn't exist for startDate = 1245556800, endDate = 1246507200

1 Failed download:
['SII']: Data doesn't exist for startDate = 1245556800, endDate = 1246507200
$SNDK: Data doesn't exist for startDate = 1245556800, endDate = 1739336400

1 Failed download:
['SNDK']: Data doesn't exist for startDate = 1245556800, endDate = 1739336400
$SRCL: possibly delisted; no timezone found
$STJ: possibly delisted; no price data found  (1d 1927-10-10 -> 2026-09-15)
$SRCL: possibly delisted; no timezone found

1 Failed download:
['SRCL']: possibly delisted; no timezone found
$STJ: possibly delisted; no price data found  (1d 2009-06-21 -> 2009-07-02)

1 Failed download:
['STJ']: possibly delisted; no price data found  (1d 2009-06-21 -> 2009-07-02)
$STR: possibly delisted; no timezone found
$SPLS: Data doesn't exist for startDate = 1245556800, endDate = 1246507200
$STR: possibly delisted; no timezone found

1 Failed download:
['SPLS']: Data doesn't exist for startDate = 1245556800, endDate = 1246507200

1 Failed download:
['STR']: possibly delisted; no timezone found
$SUNEQ: possibly delisted; no price data found  (1d 1927-10-10 -> 2026-09-15)
$SUNEQ: possibly delisted; no price data found  (1d 2009-06-21 -> 2009-07-02)

1 Failed download:
['SUNEQ']: possibly delisted; no price data found  (1d 2009-06-21 -> 2009-07-02)
$STI: Data doesn't exist for startDate = 1245556800, endDate = 1246507200

1 Failed download:
['STI']: Data doesn't exist for startDate = 1245556800, endDate = 1246507200
$SYMC: possibly delisted; no timezone found
$SYMC: possibly delisted; no timezone found
$SWN: possibly delisted; no timezone found
$SWN: possibly delisted; no timezone found

1 Failed download:
['SYMC']: possibly delisted; no timezone found

1 Failed download:
['SWN']: possibly delisted; no timezone found
$SUN: Data doesn't exist for startDate = 1245556800, endDate = 1246507200

1 Failed download:
['SUN']: Data doesn't exist for startDate = 1245556800, endDate = 1246507200
$TE: Data doesn't exist for startDate = 1245556800, endDate = 1246507200

1 Failed download:
['TE']: Data doesn't exist for startDate = 1245556800, endDate = 1246507200
$TGNA: possibly delisted; no timezone found
$TGNA: possibly delisted; no timezone found

1 Failed download:
['TGNA']: possibly delisted; no timezone found
$TMK: possibly delisted; no timezone found
$TMK: possibly delisted; no timezone found

1 Failed download:
['TMK']: possibly delisted; no timezone found
$TIF: possibly delisted; no timezone found
$TIF: possibly delisted; no timezone found

1 Failed download:
['TIF']: possibly delisted; no timezone found
$TWC: possibly delisted; no price data found  (1d 1927-10-10 -> 2026-09-15)
$TSS: possibly delisted; no timezone found
$TWC: possibly delisted; no price data found  (1d 2009-06-21 -> 2009-07-02)

1 Failed download:
['TWC']: possibly delisted; no price data found  (1d 2009-06-21 -> 2009-07-02)
$TMUS: possibly delisted; no price data found  (1d 2009-06-21 -> 2009-06-21)

1 Failed download:
['TMUS']: possibly delisted; no price data found  (1d 2009-06-21 -> 2009-06-21)
$TSS: possibly delisted; no timezone found

1 Failed download:
['TSS']: possibly delisted; no timezone found
$UTX: possibly delisted; no timezone found
$VAR: possibly delisted; no timezone found
$VAR: possibly delisted; no timezone found
$UTX: possibly delisted; no timezone found

1 Failed download:
['VAR']: possibly delisted; no timezone found

1 Failed download:
['UTX']: possibly delisted; no timezone found
$VIAB: possibly delisted; no timezone found
$VIAB: possibly delisted; no timezone found

1 Failed download:
['VIAB']: possibly delisted; no timezone found
$WBA: possibly delisted; no timezone found
$WBA: possibly delisted; no timezone found

1 Failed download:
['WBA']: possibly delisted; no timezone found
$WFM: possibly delisted; no price data found  (1d 1927-10-10 -> 2026-09-15)
$VTR: possibly delisted; no price data found  (1d 2009-06-21 -> 2009-06-21)

1 Failed download:
['VTR']: possibly delisted; no price data found  (1d 2009-06-21 -> 2009-06-21)
$WFM: possibly delisted; no price data found  (1d 2009-06-21 -> 2009-07-02)

1 Failed download:
['WFM']: possibly delisted; no price data found  (1d 2009-06-21 -> 2009-07-02)
$WIN: possibly delisted; no timezone found
$WDC: possibly delisted; no price data found  (1d 2009-06-21 -> 2009-06-21)

1 Failed download:
['WDC']: possibly delisted; no price data found  (1d 2009-06-21 -> 2009-06-21)
$WIN: possibly delisted; no timezone found

1 Failed download:
['WIN']: possibly delisted; no timezone found
$X: possibly delisted; no timezone found
$WYND: possibly delisted; no timezone found
$WELL: possibly delisted; no price data found  (1d 2009-06-21 -> 2009-06-21)

1 Failed download:
['WELL']: possibly delisted; no price data found  (1d 2009-06-21 -> 2009-06-21)
$X: possibly delisted; no timezone found

1 Failed download:
['X']: possibly delisted; no timezone found
$WYND: possibly delisted; no timezone found

1 Failed download:
['WYND']: possibly delisted; no timezone found
$XLNX: possibly delisted; no timezone found
$XLNX: possibly delisted; no timezone found

1 Failed download:
['XLNX']: possibly delisted; no timezone found
$XL: possibly delisted; no timezone found
$XL: possibly delisted; no timezone found

1 Failed download:
['XL']: possibly delisted; no timezone found
[h_corr]   보유종목 상관관계 신호 구축...
/opt/quant/analysis/2026-08-22_regime_conditional_satellite_switch/h12_regime_switch.py:84: FutureWarning: Downcasting object dtype arrays on .fillna, .ffill, .bfill is deprecated and will change in a future version. Call result.infer_objects(copy=False) instead. To opt-in to the future behavior, set `pd.set_option('future.no_silent_downcasting', True)`
  signal_lagged = regime_aligned.shift(1).fillna(False)  # 전일 신호를 오늘 적용(챔피언 관례와 동일)
/opt/quant/analysis/2026-08-22_regime_conditional_satellite_switch/h12_regime_switch.py:84: FutureWarning: Downcasting object dtype arrays on .fillna, .ffill, .bfill is deprecated and will change in a future version. Call result.infer_objects(copy=False) instead. To opt-in to the future behavior, set `pd.set_option('future.no_silent_downcasting', True)`
  signal_lagged = regime_aligned.shift(1).fillna(False)  # 전일 신호를 오늘 적용(챔피언 관례와 동일)
/opt/quant/analysis/2026-08-22_regime_conditional_satellite_switch/h12_regime_switch.py:84: FutureWarning: Downcasting object dtype arrays on .fillna, .ffill, .bfill is deprecated and will change in a future version. Call result.infer_objects(copy=False) instead. To opt-in to the future behavior, set `pd.set_option('future.no_silent_downcasting', True)`
  signal_lagged = regime_aligned.shift(1).fillna(False)  # 전일 신호를 오늘 적용(챔피언 관례와 동일)
/opt/quant/analysis/2026-08-22_regime_conditional_satellite_switch/h12_regime_switch.py:84: FutureWarning: Downcasting object dtype arrays on .fillna, .ffill, .bfill is deprecated and will change in a future version. Call result.infer_objects(copy=False) instead. To opt-in to the future behavior, set `pd.set_option('future.no_silent_downcasting', True)`
  signal_lagged = regime_aligned.shift(1).fillna(False)  # 전일 신호를 오늘 적용(챔피언 관례와 동일)
/opt/quant/analysis/2026-08-22_regime_conditional_satellite_switch/h12_regime_switch.py:84: FutureWarning: Downcasting object dtype arrays on .fillna, .ffill, .bfill is deprecated and will change in a future version. Call result.infer_objects(copy=False) instead. To opt-in to the future behavior, set `pd.set_option('future.no_silent_downcasting', True)`
  signal_lagged = regime_aligned.shift(1).fillna(False)  # 전일 신호를 오늘 적용(챔피언 관례와 동일)
/opt/quant/analysis/2026-08-22_regime_conditional_satellite_switch/h12_regime_switch.py:84: FutureWarning: Downcasting object dtype arrays on .fillna, .ffill, .bfill is deprecated and will change in a future version. Call result.infer_objects(copy=False) instead. To opt-in to the future behavior, set `pd.set_option('future.no_silent_downcasting', True)`
  signal_lagged = regime_aligned.shift(1).fillna(False)  # 전일 신호를 오늘 적용(챔피언 관례와 동일)
/opt/quant/analysis/2026-08-22_regime_conditional_satellite_switch/h12_regime_switch.py:84: FutureWarning: Downcasting object dtype arrays on .fillna, .ffill, .bfill is deprecated and will change in a future version. Call result.infer_objects(copy=False) instead. To opt-in to the future behavior, set `pd.set_option('future.no_silent_downcasting', True)`
  signal_lagged = regime_aligned.shift(1).fillna(False)  # 전일 신호를 오늘 적용(챔피언 관례와 동일)
/opt/quant/analysis/2026-08-22_regime_conditional_satellite_switch/h12_regime_switch.py:84: FutureWarning: Downcasting object dtype arrays on .fillna, .ffill, .bfill is deprecated and will change in a future version. Call result.infer_objects(copy=False) instead. To opt-in to the future behavior, set `pd.set_option('future.no_silent_downcasting', True)`
  signal_lagged = regime_aligned.shift(1).fillna(False)  # 전일 신호를 오늘 적용(챔피언 관례와 동일)
/opt/quant/analysis/2026-08-22_regime_conditional_satellite_switch/h12_regime_switch.py:84: FutureWarning: Downcasting object dtype arrays on .fillna, .ffill, .bfill is deprecated and will change in a future version. Call result.infer_objects(copy=False) instead. To opt-in to the future behavior, set `pd.set_option('future.no_silent_downcasting', True)`
  signal_lagged = regime_aligned.shift(1).fillna(False)  # 전일 신호를 오늘 적용(챔피언 관례와 동일)
/opt/quant/analysis/2026-08-22_regime_conditional_satellite_switch/h12_regime_switch.py:84: FutureWarning: Downcasting object dtype arrays on .fillna, .ffill, .bfill is deprecated and will change in a future version. Call result.infer_objects(copy=False) instead. To opt-in to the future behavior, set `pd.set_option('future.no_silent_downcasting', True)`
  signal_lagged = regime_aligned.shift(1).fillna(False)  # 전일 신호를 오늘 적용(챔피언 관례와 동일)
/opt/quant/analysis/2026-08-22_regime_conditional_satellite_switch/h12_regime_switch.py:84: FutureWarning: Downcasting object dtype arrays on .fillna, .ffill, .bfill is deprecated and will change in a future version. Call result.infer_objects(copy=False) instead. To opt-in to the future behavior, set `pd.set_option('future.no_silent_downcasting', True)`
  signal_lagged = regime_aligned.shift(1).fillna(False)  # 전일 신호를 오늘 적용(챔피언 관례와 동일)
/opt/quant/analysis/2026-08-22_regime_conditional_satellite_switch/h12_regime_switch.py:84: FutureWarning: Downcasting object dtype arrays on .fillna, .ffill, .bfill is deprecated and will change in a future version. Call result.infer_objects(copy=False) instead. To opt-in to the future behavior, set `pd.set_option('future.no_silent_downcasting', True)`
  signal_lagged = regime_aligned.shift(1).fillna(False)  # 전일 신호를 오늘 적용(챔피언 관례와 동일)
/opt/quant/analysis/2026-08-22_regime_conditional_satellite_switch/h12_regime_switch.py:84: FutureWarning: Downcasting object dtype arrays on .fillna, .ffill, .bfill is deprecated and will change in a future version. Call result.infer_objects(copy=False) instead. To opt-in to the future behavior, set `pd.set_option('future.no_silent_downcasting', True)`
  signal_lagged = regime_aligned.shift(1).fillna(False)  # 전일 신호를 오늘 적용(챔피언 관례와 동일)
/opt/quant/analysis/2026-08-22_regime_conditional_satellite_switch/h12_regime_switch.py:84: FutureWarning: Downcasting object dtype arrays on .fillna, .ffill, .bfill is deprecated and will change in a future version. Call result.infer_objects(copy=False) instead. To opt-in to the future behavior, set `pd.set_option('future.no_silent_downcasting', True)`
  signal_lagged = regime_aligned.shift(1).fillna(False)  # 전일 신호를 오늘 적용(챔피언 관례와 동일)
/opt/quant/analysis/2026-08-22_regime_conditional_satellite_switch/h12_regime_switch.py:84: FutureWarning: Downcasting object dtype arrays on .fillna, .ffill, .bfill is deprecated and will change in a future version. Call result.infer_objects(copy=False) instead. To opt-in to the future behavior, set `pd.set_option('future.no_silent_downcasting', True)`
  signal_lagged = regime_aligned.shift(1).fillna(False)  # 전일 신호를 오늘 적용(챔피언 관례와 동일)
/opt/quant/analysis/2026-08-22_regime_conditional_satellite_switch/h12_regime_switch.py:84: FutureWarning: Downcasting object dtype arrays on .fillna, .ffill, .bfill is deprecated and will change in a future version. Call result.infer_objects(copy=False) instead. To opt-in to the future behavior, set `pd.set_option('future.no_silent_downcasting', True)`
  signal_lagged = regime_aligned.shift(1).fillna(False)  # 전일 신호를 오늘 적용(챔피언 관례와 동일)
/opt/quant/analysis/2026-08-22_regime_conditional_satellite_switch/h12_regime_switch.py:84: FutureWarning: Downcasting object dtype arrays on .fillna, .ffill, .bfill is deprecated and will change in a future version. Call result.infer_objects(copy=False) instead. To opt-in to the future behavior, set `pd.set_option('future.no_silent_downcasting', True)`
  signal_lagged = regime_aligned.shift(1).fillna(False)  # 전일 신호를 오늘 적용(챔피언 관례와 동일)
/opt/quant/analysis/2026-08-22_regime_conditional_satellite_switch/h12_regime_switch.py:84: FutureWarning: Downcasting object dtype arrays on .fillna, .ffill, .bfill is deprecated and will change in a future version. Call result.infer_objects(copy=False) instead. To opt-in to the future behavior, set `pd.set_option('future.no_silent_downcasting', True)`
  signal_lagged = regime_aligned.shift(1).fillna(False)  # 전일 신호를 오늘 적용(챔피언 관례와 동일)
/opt/quant/analysis/2026-08-22_regime_conditional_satellite_switch/h12_regime_switch.py:84: FutureWarning: Downcasting object dtype arrays on .fillna, .ffill, .bfill is deprecated and will change in a future version. Call result.infer_objects(copy=False) instead. To opt-in to the future behavior, set `pd.set_option('future.no_silent_downcasting', True)`
  signal_lagged = regime_aligned.shift(1).fillna(False)  # 전일 신호를 오늘 적용(챔피언 관례와 동일)
/opt/quant/analysis/2026-08-22_regime_conditional_satellite_switch/h12_regime_switch.py:84: FutureWarning: Downcasting object dtype arrays on .fillna, .ffill, .bfill is deprecated and will change in a future version. Call result.infer_objects(copy=False) instead. To opt-in to the future behavior, set `pd.set_option('future.no_silent_downcasting', True)`
  signal_lagged = regime_aligned.shift(1).fillna(False)  # 전일 신호를 오늘 적용(챔피언 관례와 동일)
[h_corr]   gfc_2008 완료 (596.1s)
[h_corr] === covid_2020: 코어 구축 2019-01-01~2020-12-31 (pool_signal=False) ===
$XLC: Data doesn't exist for startDate = 1511758800, endDate = 1529294400

1 Failed download:
['XLC']: Data doesn't exist for startDate = 1511758800, endDate = 1529294400
[h_corr]   새틀라이트(정적보유, point-in-time, 추세추종) 구축...
[h11]   반기 리밸런싱 4회(trend_following): ['2019-01-02', '2019-07-01', '2020-01-02', '2020-07-01']
$ABMD: possibly delisted; no timezone found
$ABC: possibly delisted; no timezone found
$ABC: possibly delisted; no timezone found
$ABMD: possibly delisted; no timezone found

1 Failed download:
['ABMD']: possibly delisted; no timezone found

1 Failed download:
['ABC']: possibly delisted; no timezone found
$ADS: possibly delisted; no timezone found
$ADS: possibly delisted; no timezone found

1 Failed download:
['ADS']: possibly delisted; no timezone found
$AGN: possibly delisted; no timezone found
$AGN: possibly delisted; no timezone found

1 Failed download:
['AGN']: possibly delisted; no timezone found
$ALXN: possibly delisted; no timezone found
$ALXN: possibly delisted; no timezone found

1 Failed download:
['ALXN']: possibly delisted; no timezone found
$ANSS: possibly delisted; no timezone found
$ANSS: possibly delisted; no timezone found

1 Failed download:
['ANSS']: possibly delisted; no timezone found
$ANET: possibly delisted; no price data found  (1d 2018-12-23 -> 2018-12-23)

1 Failed download:
['ANET']: possibly delisted; no price data found  (1d 2018-12-23 -> 2018-12-23)
$ANTM: possibly delisted; no timezone found
$ANTM: possibly delisted; no timezone found

1 Failed download:
['ANTM']: possibly delisted; no timezone found
$APC: Data doesn't exist for startDate = 1545541200, endDate = 1546491600

1 Failed download:
['APC']: Data doesn't exist for startDate = 1545541200, endDate = 1546491600
$ARNC: possibly delisted; no timezone found
$ATVI: possibly delisted; no timezone found
$ATVI: possibly delisted; no timezone found
$ARNC: possibly delisted; no timezone found

1 Failed download:
['ATVI']: possibly delisted; no timezone found

1 Failed download:
['ARNC']: possibly delisted; no timezone found
$AVB: Data doesn't exist for startDate = 1545541200, endDate = 1784174400

1 Failed download:
['AVB']: Data doesn't exist for startDate = 1545541200, endDate = 1784174400
$BHGE: possibly delisted; no timezone found
$BHGE: possibly delisted; no timezone found

1 Failed download:
['BHGE']: possibly delisted; no timezone found
$BK: possibly delisted; no timezone found
$BK: possibly delisted; no timezone found

1 Failed download:
['BK']: possibly delisted; no timezone found
$BLL: possibly delisted; no timezone found
$BLL: possibly delisted; no timezone found

1 Failed download:
['BLL']: possibly delisted; no timezone found
$CBS: possibly delisted; no timezone found
$CBS: possibly delisted; no timezone found

1 Failed download:
['CBS']: possibly delisted; no timezone found
$CELG: possibly delisted; no timezone found
$CERN: possibly delisted; no timezone found
$CELG: possibly delisted; no timezone found
$CERN: possibly delisted; no timezone found

1 Failed download:
['CELG']: possibly delisted; no timezone found

1 Failed download:
['CERN']: possibly delisted; no timezone found
$CMA: possibly delisted; no timezone found
$CMA: possibly delisted; no timezone found

1 Failed download:
['CMA']: possibly delisted; no timezone found
$COG: possibly delisted; no timezone found
$COG: possibly delisted; no timezone found

1 Failed download:
['COG']: possibly delisted; no timezone found
$CTL: possibly delisted; no timezone found
$CTL: possibly delisted; no timezone found

1 Failed download:
['CTL']: possibly delisted; no timezone found
$CXO: possibly delisted; no timezone found
$CTXS: possibly delisted; no timezone found
$CXO: possibly delisted; no timezone found
$CTXS: possibly delisted; no timezone found

1 Failed download:
['CXO']: possibly delisted; no timezone found

1 Failed download:
['CTXS']: possibly delisted; no timezone found
$DFS: possibly delisted; no timezone found
$DFS: possibly delisted; no timezone found

1 Failed download:
['DFS']: possibly delisted; no timezone found
$DISCA: possibly delisted; no timezone found
$DISCA: possibly delisted; no timezone found

1 Failed download:
['DISCA']: possibly delisted; no timezone found
$DISH: possibly delisted; no timezone found
$DISH: possibly delisted; no timezone found

1 Failed download:
['DISH']: possibly delisted; no timezone found
$DISCK: possibly delisted; no timezone found
$DISCK: possibly delisted; no timezone found

1 Failed download:
['DISCK']: possibly delisted; no timezone found
$DRE: possibly delisted; no timezone found
$DRE: possibly delisted; no timezone found

1 Failed download:
['DRE']: possibly delisted; no timezone found
$DWDP: possibly delisted; no timezone found
$DWDP: possibly delisted; no timezone found

1 Failed download:
['DWDP']: possibly delisted; no timezone found
$EA: Data doesn't exist for startDate = 1545541200, endDate = 1784174400

1 Failed download:
['EA']: Data doesn't exist for startDate = 1545541200, endDate = 1784174400
$EQR: Data doesn't exist for startDate = 1545541200, endDate = 1784174400

1 Failed download:
['EQR']: Data doesn't exist for startDate = 1545541200, endDate = 1784174400
$ETFC: possibly delisted; no timezone found
$ETFC: possibly delisted; no timezone found

1 Failed download:
['ETFC']: possibly delisted; no timezone found
$FANG: possibly delisted; no price data found  (1d 2018-12-23 -> 2018-12-23)

1 Failed download:
['FANG']: possibly delisted; no price data found  (1d 2018-12-23 -> 2018-12-23)
$FBHS: possibly delisted; no timezone found
$FB: Data doesn't exist for startDate = 1545541200, endDate = 1546491600
$FBHS: possibly delisted; no timezone found

1 Failed download:
['FBHS']: possibly delisted; no timezone found

1 Failed download:
['FB']: Data doesn't exist for startDate = 1545541200, endDate = 1546491600
$FLIR: possibly delisted; no timezone found
$FL: possibly delisted; no timezone found
$FLIR: possibly delisted; no timezone found

1 Failed download:
['FLIR']: possibly delisted; no timezone found
$FL: possibly delisted; no timezone found

1 Failed download:
['FL']: possibly delisted; no timezone found
$FLT: possibly delisted; no timezone found
$FLT: possibly delisted; no timezone found

1 Failed download:
['FLT']: possibly delisted; no timezone found
$FRC: possibly delisted; no timezone found
$FOXA: Data doesn't exist for startDate = 1545541200, endDate = 1552276800
$FOX: Data doesn't exist for startDate = 1545541200, endDate = 1552363200

1 Failed download:
['FOXA']: Data doesn't exist for startDate = 1545541200, endDate = 1552276800
$FRC: possibly delisted; no timezone found

1 Failed download:
['FOX']: Data doesn't exist for startDate = 1545541200, endDate = 1552363200

1 Failed download:
['FRC']: possibly delisted; no timezone found
$FTNT: possibly delisted; no price data found  (1d 2018-12-23 -> 2018-12-23)

1 Failed download:
['FTNT']: possibly delisted; no price data found  (1d 2018-12-23 -> 2018-12-23)
$GPS: possibly delisted; no timezone found
$GPS: possibly delisted; no timezone found

1 Failed download:
['GPS']: possibly delisted; no timezone found
$HBI: possibly delisted; no timezone found
$HCP: possibly delisted; no timezone found
$HBI: possibly delisted; no timezone found

1 Failed download:
['HBI']: possibly delisted; no timezone found
$HCP: possibly delisted; no timezone found

1 Failed download:
['HCP']: possibly delisted; no timezone found
$HFC: possibly delisted; no timezone found
$HES: possibly delisted; no timezone found
$HFC: possibly delisted; no timezone found

1 Failed download:
$HES: possibly delisted; no timezone found
['HFC']: possibly delisted; no timezone found

1 Failed download:
['HES']: possibly delisted; no timezone found
$HOLX: possibly delisted; no timezone found
$HOLX: possibly delisted; no timezone found

1 Failed download:
['HOLX']: possibly delisted; no timezone found
$HRS: possibly delisted; no timezone found
$HRS: possibly delisted; no timezone found

1 Failed download:
['HRS']: possibly delisted; no timezone found
$INFO: Data doesn't exist for startDate = 1545541200, endDate = 1546491600

1 Failed download:
['INFO']: Data doesn't exist for startDate = 1545541200, endDate = 1546491600
$IPG: possibly delisted; no timezone found
$IPG: possibly delisted; no timezone found

1 Failed download:
['IPG']: possibly delisted; no timezone found
$JEC: possibly delisted; no timezone found
$JEC: possibly delisted; no timezone found

1 Failed download:
['JEC']: possibly delisted; no timezone found
$JNPR: possibly delisted; no timezone found
$JNPR: possibly delisted; no timezone found

1 Failed download:
['JNPR']: possibly delisted; no timezone found
$JKHY: possibly delisted; no price data found  (1d 2018-12-23 -> 2018-12-23)

1 Failed download:
['JKHY']: possibly delisted; no price data found  (1d 2018-12-23 -> 2018-12-23)
$K: possibly delisted; no timezone found
$JWN: possibly delisted; no timezone found
$KEYS: possibly delisted; no price data found  (1d 2018-12-23 -> 2018-12-23)
$K: possibly delisted; no timezone found
$JWN: possibly delisted; no timezone found

1 Failed download:
['KEYS']: possibly delisted; no price data found  (1d 2018-12-23 -> 2018-12-23)

1 Failed download:
['JWN']: possibly delisted; no timezone found

1 Failed download:
['K']: possibly delisted; no timezone found
$KSU: possibly delisted; no timezone found
$KSU: possibly delisted; no timezone found

1 Failed download:
['KSU']: possibly delisted; no timezone found
$LLL: possibly delisted; no timezone found
$LEG: Data doesn't exist for startDate = 1545541200, endDate = 1546491600
$LB: Data doesn't exist for startDate = 1545541200, endDate = 1546491600
$LLL: possibly delisted; no timezone found

1 Failed download:
['LB']: Data doesn't exist for startDate = 1545541200, endDate = 1546491600

1 Failed download:
['LEG']: Data doesn't exist for startDate = 1545541200, endDate = 1546491600

1 Failed download:
['LLL']: possibly delisted; no timezone found
$LW: possibly delisted; no price data found  (1d 2018-12-23 -> 2018-12-23)

1 Failed download:
['LW']: possibly delisted; no price data found  (1d 2018-12-23 -> 2018-12-23)
$MMC: possibly delisted; no timezone found
$MMC: possibly delisted; no timezone found

1 Failed download:
['MMC']: possibly delisted; no timezone found
$MRO: possibly delisted; no timezone found
$MRO: possibly delisted; no timezone found

1 Failed download:
['MRO']: possibly delisted; no timezone found
$MXIM: possibly delisted; no timezone found
$MXIM: possibly delisted; no timezone found

1 Failed download:
['MXIM']: possibly delisted; no timezone found
$MYL: possibly delisted; no timezone found
$MYL: possibly delisted; no timezone found
$NBL: possibly delisted; no timezone found
$NBL: possibly delisted; no timezone found

1 Failed download:
['MYL']: possibly delisted; no timezone found

1 Failed download:
['NBL']: possibly delisted; no timezone found
$NLSN: possibly delisted; no timezone found
$NFX: Data doesn't exist for startDate = 1545541200, endDate = 1546491600
$NLSN: possibly delisted; no timezone found

1 Failed download:

1 Failed download:
['NLSN']: possibly delisted; no timezone found
['NFX']: Data doesn't exist for startDate = 1545541200, endDate = 1546491600
$PBCT: possibly delisted; no timezone found
$PBCT: possibly delisted; no timezone found

1 Failed download:
['PBCT']: possibly delisted; no timezone found
$PKI: possibly delisted; no timezone found
$PKI: possibly delisted; no timezone found

1 Failed download:
['PKI']: possibly delisted; no timezone found
$PXD: possibly delisted; no timezone found
$PXD: possibly delisted; no timezone found

1 Failed download:
['PXD']: possibly delisted; no timezone found
$RHT: possibly delisted; no timezone found
$RHT: possibly delisted; no timezone found

1 Failed download:
['RHT']: possibly delisted; no timezone found
$RE: possibly delisted; no timezone found
$RE: possibly delisted; no timezone found

1 Failed download:
['RE']: possibly delisted; no timezone found
$RTN: possibly delisted; no timezone found
$RTN: possibly delisted; no timezone found

1 Failed download:
['RTN']: possibly delisted; no timezone found
$SEE: possibly delisted; no timezone found
$SEE: possibly delisted; no timezone found

1 Failed download:
['SEE']: possibly delisted; no timezone found
$ROL: possibly delisted; no price data found  (1d 2018-12-23 -> 2018-12-23)

1 Failed download:
['ROL']: possibly delisted; no price data found  (1d 2018-12-23 -> 2018-12-23)
$SIVB: possibly delisted; no timezone found
$SIVB: possibly delisted; no timezone found

1 Failed download:
['SIVB']: possibly delisted; no timezone found
$STI: Data doesn't exist for startDate = 1545541200, endDate = 1546491600

1 Failed download:
['STI']: Data doesn't exist for startDate = 1545541200, endDate = 1546491600
$SYMC: possibly delisted; no timezone found
$SYMC: possibly delisted; no timezone found

1 Failed download:
['SYMC']: possibly delisted; no timezone found
$TIF: possibly delisted; no timezone found
$TIF: possibly delisted; no timezone found

1 Failed download:
['TIF']: possibly delisted; no timezone found
$TMK: possibly delisted; no timezone found
$TMK: possibly delisted; no timezone found

1 Failed download:
['TMK']: possibly delisted; no timezone found
$TSS: possibly delisted; no timezone found
$TWTR: possibly delisted; no timezone found
$TSS: possibly delisted; no timezone found
$TWTR: possibly delisted; no timezone found

1 Failed download:
['TSS']: possibly delisted; no timezone found

1 Failed download:
['TWTR']: possibly delisted; no timezone found
$UTX: possibly delisted; no timezone found
$UTX: possibly delisted; no timezone found

1 Failed download:
['UTX']: possibly delisted; no timezone found
$VIAB: possibly delisted; no timezone found
$VIAB: possibly delisted; no timezone found
$VAR: possibly delisted; no timezone found
$VAR: possibly delisted; no timezone found

1 Failed download:
['VIAB']: possibly delisted; no timezone found

1 Failed download:
['VAR']: possibly delisted; no timezone found
$WCG: possibly delisted; no timezone found
$WCG: possibly delisted; no timezone found

1 Failed download:
['WCG']: possibly delisted; no timezone found
$WBA: possibly delisted; no timezone found
$WBA: possibly delisted; no timezone found

1 Failed download:
['WBA']: possibly delisted; no timezone found
$WRK: possibly delisted; no timezone found
$WRK: possibly delisted; no timezone found

1 Failed download:
['WRK']: possibly delisted; no timezone found
$WLTW: possibly delisted; no timezone found
$WLTW: possibly delisted; no timezone found

1 Failed download:
['WLTW']: possibly delisted; no timezone found
$XEC: possibly delisted; no timezone found
$XEC: possibly delisted; no timezone found

1 Failed download:
['XEC']: possibly delisted; no timezone found
$XLNX: possibly delisted; no timezone found
$XLNX: possibly delisted; no timezone found

1 Failed download:
['XLNX']: possibly delisted; no timezone found
[h11]     [1/4] 2019-01-02: picks=['MRK', 'PFE', 'NEE'] (pool=40, 후보=18, 53.8s)
$ABMD: possibly delisted; no timezone found
$ABMD: possibly delisted; no timezone found
$ABC: possibly delisted; no timezone found

1 Failed download:
['ABMD']: possibly delisted; no timezone found
$ABC: possibly delisted; no timezone found

1 Failed download:
['ABC']: possibly delisted; no timezone found
$ADS: possibly delisted; no timezone found
$ADS: possibly delisted; no timezone found

1 Failed download:
['ADS']: possibly delisted; no timezone found
$AGN: possibly delisted; no timezone found
$AGN: possibly delisted; no timezone found

1 Failed download:
['AGN']: possibly delisted; no timezone found
$ALXN: possibly delisted; no timezone found
$ALXN: possibly delisted; no timezone found

1 Failed download:
['ALXN']: possibly delisted; no timezone found
$ANSS: possibly delisted; no timezone found
$ANSS: possibly delisted; no timezone found

1 Failed download:
['ANSS']: possibly delisted; no timezone found
$ANTM: possibly delisted; no timezone found
$ANTM: possibly delisted; no timezone found

1 Failed download:
['ANTM']: possibly delisted; no timezone found
$ARNC: possibly delisted; no timezone found
$APC: Data doesn't exist for startDate = 1561089600, endDate = 1562040000
$ARNC: possibly delisted; no timezone found

1 Failed download:
['APC']: Data doesn't exist for startDate = 1561089600, endDate = 1562040000

1 Failed download:
['ARNC']: possibly delisted; no timezone found
$ATVI: possibly delisted; no timezone found
$ATVI: possibly delisted; no timezone found

1 Failed download:
['ATVI']: possibly delisted; no timezone found
$AVB: Data doesn't exist for startDate = 1561089600, endDate = 1784174400

1 Failed download:
['AVB']: Data doesn't exist for startDate = 1561089600, endDate = 1784174400
$BHGE: possibly delisted; no timezone found
$BHGE: possibly delisted; no timezone found

1 Failed download:
['BHGE']: possibly delisted; no timezone found
$BK: possibly delisted; no timezone found
$BK: possibly delisted; no timezone found

1 Failed download:
['BK']: possibly delisted; no timezone found
$BLL: possibly delisted; no timezone found
$BLL: possibly delisted; no timezone found

1 Failed download:
['BLL']: possibly delisted; no timezone found
$CBS: possibly delisted; no timezone found
$CBS: possibly delisted; no timezone found

1 Failed download:
['CBS']: possibly delisted; no timezone found
$CERN: possibly delisted; no timezone found
$CELG: possibly delisted; no timezone found
$CERN: possibly delisted; no timezone found

1 Failed download:
['CERN']: possibly delisted; no timezone found
$CELG: possibly delisted; no timezone found

1 Failed download:
['CELG']: possibly delisted; no timezone found
$CMA: possibly delisted; no timezone found
$CMA: possibly delisted; no timezone found

1 Failed download:
['CMA']: possibly delisted; no timezone found
$COG: possibly delisted; no timezone found
$COG: possibly delisted; no timezone found

1 Failed download:
['COG']: possibly delisted; no timezone found
$CTL: possibly delisted; no timezone found
$CTL: possibly delisted; no timezone found

1 Failed download:
['CTL']: possibly delisted; no timezone found
$CTXS: possibly delisted; no timezone found
$CTXS: possibly delisted; no timezone found

1 Failed download:
['CTXS']: possibly delisted; no timezone found
$CXO: possibly delisted; no timezone found
$DFS: possibly delisted; no timezone found
$DFS: possibly delisted; no timezone found

1 Failed download:
['DFS']: possibly delisted; no timezone found
$CXO: possibly delisted; no timezone found

1 Failed download:
['CXO']: possibly delisted; no timezone found
$DISH: possibly delisted; no timezone found
$DISCK: possibly delisted; no timezone found
$DISH: possibly delisted; no timezone found

1 Failed download:
['DISH']: possibly delisted; no timezone found
$DISCK: possibly delisted; no timezone found

1 Failed download:
['DISCK']: possibly delisted; no timezone found
$DISCA: possibly delisted; no timezone found
$DISCA: possibly delisted; no timezone found

1 Failed download:
['DISCA']: possibly delisted; no timezone found
$DRE: possibly delisted; no timezone found
$DRE: possibly delisted; no timezone found

1 Failed download:
['DRE']: possibly delisted; no timezone found
$EA: Data doesn't exist for startDate = 1561089600, endDate = 1784174400

1 Failed download:
['EA']: Data doesn't exist for startDate = 1561089600, endDate = 1784174400
$ETFC: possibly delisted; no timezone found
$ETFC: possibly delisted; no timezone found

1 Failed download:
['ETFC']: possibly delisted; no timezone found
$EQR: Data doesn't exist for startDate = 1561089600, endDate = 1784174400

1 Failed download:
['EQR']: Data doesn't exist for startDate = 1561089600, endDate = 1784174400
$FBHS: possibly delisted; no timezone found
$FBHS: possibly delisted; no timezone found

1 Failed download:
['FBHS']: possibly delisted; no timezone found
$FB: Data doesn't exist for startDate = 1561089600, endDate = 1562040000

1 Failed download:
['FB']: Data doesn't exist for startDate = 1561089600, endDate = 1562040000
$FL: possibly delisted; no timezone found
$FLIR: possibly delisted; no timezone found
$FLT: possibly delisted; no timezone found
$FL: possibly delisted; no timezone found
$FLT: possibly delisted; no timezone found
$FLIR: possibly delisted; no timezone found

1 Failed download:
['FLT']: possibly delisted; no timezone found

1 Failed download:
['FL']: possibly delisted; no timezone found

1 Failed download:
['FLIR']: possibly delisted; no timezone found
$FRC: possibly delisted; no timezone found
$FRC: possibly delisted; no timezone found

1 Failed download:
['FRC']: possibly delisted; no timezone found
$GPS: possibly delisted; no timezone found
$GPS: possibly delisted; no timezone found

1 Failed download:
['GPS']: possibly delisted; no timezone found
$HCP: possibly delisted; no timezone found
$HCP: possibly delisted; no timezone found

1 Failed download:
['HCP']: possibly delisted; no timezone found
$HBI: possibly delisted; no timezone found
$HBI: possibly delisted; no timezone found

1 Failed download:
['HBI']: possibly delisted; no timezone found
$HES: possibly delisted; no timezone found
$HES: possibly delisted; no timezone found

1 Failed download:
['HES']: possibly delisted; no timezone found
$HFC: possibly delisted; no timezone found
$HFC: possibly delisted; no timezone found

1 Failed download:
['HFC']: possibly delisted; no timezone found
$HOLX: possibly delisted; no timezone found
$HOLX: possibly delisted; no timezone found

1 Failed download:
['HOLX']: possibly delisted; no timezone found
$INFO: Data doesn't exist for startDate = 1561089600, endDate = 1562040000

1 Failed download:
['INFO']: Data doesn't exist for startDate = 1561089600, endDate = 1562040000
$IPG: possibly delisted; no timezone found
$IPG: possibly delisted; no timezone found

1 Failed download:
['IPG']: possibly delisted; no timezone found
$JEC: possibly delisted; no timezone found
$JEC: possibly delisted; no timezone found

1 Failed download:
['JEC']: possibly delisted; no timezone found
$JNPR: possibly delisted; no timezone found
$JWN: possibly delisted; no timezone found
$JNPR: possibly delisted; no timezone found
$JWN: possibly delisted; no timezone found

1 Failed download:
['JNPR']: possibly delisted; no timezone found

1 Failed download:
['JWN']: possibly delisted; no timezone found
$K: possibly delisted; no timezone found
$K: possibly delisted; no timezone found

1 Failed download:
['K']: possibly delisted; no timezone found
$KSU: possibly delisted; no timezone found
$KSU: possibly delisted; no timezone found

1 Failed download:
['KSU']: possibly delisted; no timezone found
$LB: Data doesn't exist for startDate = 1561089600, endDate = 1562040000

1 Failed download:
['LB']: Data doesn't exist for startDate = 1561089600, endDate = 1562040000
$LEG: Data doesn't exist for startDate = 1561089600, endDate = 1562040000

1 Failed download:
['LEG']: Data doesn't exist for startDate = 1561089600, endDate = 1562040000
$MMC: possibly delisted; no timezone found
$MMC: possibly delisted; no timezone found

1 Failed download:
['MMC']: possibly delisted; no timezone found
$MRO: possibly delisted; no timezone found
$MRO: possibly delisted; no timezone found

1 Failed download:
['MRO']: possibly delisted; no timezone found
$MXIM: possibly delisted; no timezone found
$MYL: possibly delisted; no timezone found
$MXIM: possibly delisted; no timezone found
$MYL: possibly delisted; no timezone found

1 Failed download:

1 Failed download:
['MYL']: possibly delisted; no timezone found
['MXIM']: possibly delisted; no timezone found
$NBL: possibly delisted; no timezone found
$NBL: possibly delisted; no timezone found

1 Failed download:
['NBL']: possibly delisted; no timezone found
$NLSN: possibly delisted; no timezone found
$NLSN: possibly delisted; no timezone found

1 Failed download:
['NLSN']: possibly delisted; no timezone found
$PBCT: possibly delisted; no timezone found
$PBCT: possibly delisted; no timezone found

1 Failed download:
['PBCT']: possibly delisted; no timezone found
$PKI: possibly delisted; no timezone found
$PKI: possibly delisted; no timezone found

1 Failed download:
['PKI']: possibly delisted; no timezone found
$PXD: possibly delisted; no timezone found
$PXD: possibly delisted; no timezone found

1 Failed download:
['PXD']: possibly delisted; no timezone found
$RE: possibly delisted; no timezone found
$RE: possibly delisted; no timezone found

1 Failed download:
['RE']: possibly delisted; no timezone found
$RHT: possibly delisted; no timezone found
$RHT: possibly delisted; no timezone found

1 Failed download:
['RHT']: possibly delisted; no timezone found
$RTN: possibly delisted; no timezone found
$RTN: possibly delisted; no timezone found

1 Failed download:
['RTN']: possibly delisted; no timezone found
$SEE: possibly delisted; no timezone found
$SEE: possibly delisted; no timezone found

1 Failed download:
['SEE']: possibly delisted; no timezone found
$SIVB: possibly delisted; no timezone found
$SIVB: possibly delisted; no timezone found

1 Failed download:
['SIVB']: possibly delisted; no timezone found
$STI: Data doesn't exist for startDate = 1561089600, endDate = 1562040000

1 Failed download:
['STI']: Data doesn't exist for startDate = 1561089600, endDate = 1562040000
$SYMC: possibly delisted; no timezone found
$SYMC: possibly delisted; no timezone found

1 Failed download:
['SYMC']: possibly delisted; no timezone found
$TIF: possibly delisted; no timezone found
$TIF: possibly delisted; no timezone found

1 Failed download:
['TIF']: possibly delisted; no timezone found
$TMK: possibly delisted; no timezone found
$TMK: possibly delisted; no timezone found

1 Failed download:
['TMK']: possibly delisted; no timezone found
$TSS: possibly delisted; no timezone found
$TWTR: possibly delisted; no timezone found
$TWTR: possibly delisted; no timezone found

1 Failed download:
['TWTR']: possibly delisted; no timezone found
$TSS: possibly delisted; no timezone found

1 Failed download:
['TSS']: possibly delisted; no timezone found
$UTX: possibly delisted; no timezone found
$UTX: possibly delisted; no timezone found

1 Failed download:
['UTX']: possibly delisted; no timezone found
$VAR: possibly delisted; no timezone found
$VAR: possibly delisted; no timezone found

1 Failed download:
['VAR']: possibly delisted; no timezone found
$VIAB: possibly delisted; no timezone found
$VIAB: possibly delisted; no timezone found

1 Failed download:
['VIAB']: possibly delisted; no timezone found
$WBA: possibly delisted; no timezone found
$WBA: possibly delisted; no timezone found

1 Failed download:
['WBA']: possibly delisted; no timezone found
$WCG: possibly delisted; no timezone found
$WCG: possibly delisted; no timezone found
$WLTW: possibly delisted; no timezone found
$WLTW: possibly delisted; no timezone found

1 Failed download:
['WCG']: possibly delisted; no timezone found

1 Failed download:
['WLTW']: possibly delisted; no timezone found
$WRK: possibly delisted; no timezone found
$WRK: possibly delisted; no timezone found

1 Failed download:
['WRK']: possibly delisted; no timezone found
$XEC: possibly delisted; no timezone found
$XLNX: possibly delisted; no timezone found
$XLNX: possibly delisted; no timezone found
$XEC: possibly delisted; no timezone found

1 Failed download:
['XEC']: possibly delisted; no timezone found

1 Failed download:
['XLNX']: possibly delisted; no timezone found
[h11]     [2/4] 2019-07-01: picks=['APD', 'ECL', 'AMT'] (pool=40, 후보=38, 54.6s)
$ABC: possibly delisted; no timezone found
$ABMD: possibly delisted; no timezone found
$ABC: possibly delisted; no timezone found
$ABMD: possibly delisted; no timezone found

1 Failed download:
['ABC']: possibly delisted; no timezone found

1 Failed download:
['ABMD']: possibly delisted; no timezone found
$ADS: possibly delisted; no timezone found
$ADS: possibly delisted; no timezone found

1 Failed download:
['ADS']: possibly delisted; no timezone found
$AGN: possibly delisted; no timezone found
$AGN: possibly delisted; no timezone found

1 Failed download:
['AGN']: possibly delisted; no timezone found
$ALXN: possibly delisted; no timezone found
$ALXN: possibly delisted; no timezone found

1 Failed download:
['ALXN']: possibly delisted; no timezone found
$ANSS: possibly delisted; no timezone found
$ANTM: possibly delisted; no timezone found
$ANSS: possibly delisted; no timezone found
$ANTM: possibly delisted; no timezone found

1 Failed download:
['ANSS']: possibly delisted; no timezone found

1 Failed download:
['ANTM']: possibly delisted; no timezone found
$ARNC: possibly delisted; no timezone found
$ATVI: possibly delisted; no timezone found
$ARNC: possibly delisted; no timezone found

1 Failed download:
['ARNC']: possibly delisted; no timezone found
$ATVI: possibly delisted; no timezone found

1 Failed download:
['ATVI']: possibly delisted; no timezone found
$AVB: Data doesn't exist for startDate = 1577077200, endDate = 1784174400

1 Failed download:
['AVB']: Data doesn't exist for startDate = 1577077200, endDate = 1784174400
$BK: possibly delisted; no timezone found
$BK: possibly delisted; no timezone found

1 Failed download:
['BK']: possibly delisted; no timezone found
$BLL: possibly delisted; no timezone found
$BLL: possibly delisted; no timezone found

1 Failed download:
['BLL']: possibly delisted; no timezone found
$CERN: possibly delisted; no timezone found
$CERN: possibly delisted; no timezone found

1 Failed download:
['CERN']: possibly delisted; no timezone found
$CMA: possibly delisted; no timezone found
$CMA: possibly delisted; no timezone found

1 Failed download:
['CMA']: possibly delisted; no timezone found
$COG: possibly delisted; no timezone found
$COG: possibly delisted; no timezone found

1 Failed download:
['COG']: possibly delisted; no timezone found
$CTL: possibly delisted; no timezone found
$CTL: possibly delisted; no timezone found

1 Failed download:
['CTL']: possibly delisted; no timezone found
$CTXS: possibly delisted; no timezone found
$CTXS: possibly delisted; no timezone found

1 Failed download:
['CTXS']: possibly delisted; no timezone found
$CXO: possibly delisted; no timezone found
$CXO: possibly delisted; no timezone found

1 Failed download:
['CXO']: possibly delisted; no timezone found
$DFS: possibly delisted; no timezone found
$DFS: possibly delisted; no timezone found

1 Failed download:
['DFS']: possibly delisted; no timezone found
$DISCK: possibly delisted; no timezone found
$DISCA: possibly delisted; no timezone found
$DISCK: possibly delisted; no timezone found

1 Failed download:
['DISCK']: possibly delisted; no timezone found
$DISCA: possibly delisted; no timezone found

1 Failed download:
['DISCA']: possibly delisted; no timezone found
$DRE: possibly delisted; no timezone found
$DRE: possibly delisted; no timezone found

1 Failed download:
['DRE']: possibly delisted; no timezone found
$DISH: possibly delisted; no timezone found
$DISH: possibly delisted; no timezone found

1 Failed download:
['DISH']: possibly delisted; no timezone found
$EA: Data doesn't exist for startDate = 1577077200, endDate = 1784174400

1 Failed download:
['EA']: Data doesn't exist for startDate = 1577077200, endDate = 1784174400
$EQR: Data doesn't exist for startDate = 1577077200, endDate = 1784174400
$ETFC: possibly delisted; no timezone found
$ETFC: possibly delisted; no timezone found

1 Failed download:
['EQR']: Data doesn't exist for startDate = 1577077200, endDate = 1784174400

1 Failed download:
['ETFC']: possibly delisted; no timezone found
$FBHS: possibly delisted; no timezone found
$FBHS: possibly delisted; no timezone found

1 Failed download:
['FBHS']: possibly delisted; no timezone found
$FB: Data doesn't exist for startDate = 1577077200, endDate = 1578027600

1 Failed download:
['FB']: Data doesn't exist for startDate = 1577077200, endDate = 1578027600
$FLIR: possibly delisted; no timezone found
$FLT: possibly delisted; no timezone found
$FLIR: possibly delisted; no timezone found
$FLT: possibly delisted; no timezone found

1 Failed download:
['FLIR']: possibly delisted; no timezone found

1 Failed download:
['FLT']: possibly delisted; no timezone found
$FRC: possibly delisted; no timezone found
$FRC: possibly delisted; no timezone found

1 Failed download:
['FRC']: possibly delisted; no timezone found
$GPS: possibly delisted; no timezone found
$GPS: possibly delisted; no timezone found

1 Failed download:
['GPS']: possibly delisted; no timezone found
$HBI: possibly delisted; no timezone found
$HBI: possibly delisted; no timezone found

1 Failed download:
['HBI']: possibly delisted; no timezone found
$HES: possibly delisted; no timezone found
$HES: possibly delisted; no timezone found
$HFC: possibly delisted; no timezone found

1 Failed download:
['HES']: possibly delisted; no timezone found
$HFC: possibly delisted; no timezone found

1 Failed download:
['HFC']: possibly delisted; no timezone found
$HOLX: possibly delisted; no timezone found
$HOLX: possibly delisted; no timezone found

1 Failed download:
['HOLX']: possibly delisted; no timezone found
$IPG: possibly delisted; no timezone found
$IPG: possibly delisted; no timezone found

1 Failed download:
['IPG']: possibly delisted; no timezone found
$INFO: Data doesn't exist for startDate = 1577077200, endDate = 1578027600

1 Failed download:
['INFO']: Data doesn't exist for startDate = 1577077200, endDate = 1578027600
$JNPR: possibly delisted; no timezone found
$JNPR: possibly delisted; no timezone found

1 Failed download:
['JNPR']: possibly delisted; no timezone found
$JWN: possibly delisted; no timezone found
$JWN: possibly delisted; no timezone found

1 Failed download:
['JWN']: possibly delisted; no timezone found
$K: possibly delisted; no timezone found
$K: possibly delisted; no timezone found

1 Failed download:
['K']: possibly delisted; no timezone found
$KSU: possibly delisted; no timezone found
$KSU: possibly delisted; no timezone found

1 Failed download:
['KSU']: possibly delisted; no timezone found
$LB: Data doesn't exist for startDate = 1577077200, endDate = 1578027600
$LEG: Data doesn't exist for startDate = 1577077200, endDate = 1578027600

1 Failed download:
['LB']: Data doesn't exist for startDate = 1577077200, endDate = 1578027600

1 Failed download:
['LEG']: Data doesn't exist for startDate = 1577077200, endDate = 1578027600
$MMC: possibly delisted; no timezone found
$MMC: possibly delisted; no timezone found

1 Failed download:
['MMC']: possibly delisted; no timezone found
$MRO: possibly delisted; no timezone found
$MRO: possibly delisted; no timezone found

1 Failed download:
['MRO']: possibly delisted; no timezone found
$MYL: possibly delisted; no timezone found
$NBL: possibly delisted; no timezone found
$MXIM: possibly delisted; no timezone found
$NBL: possibly delisted; no timezone found
$MYL: possibly delisted; no timezone found

1 Failed download:
['NBL']: possibly delisted; no timezone found

1 Failed download:
['MYL']: possibly delisted; no timezone found
$MXIM: possibly delisted; no timezone found

1 Failed download:
['MXIM']: possibly delisted; no timezone found
$NLSN: possibly delisted; no timezone found
$NLOK: possibly delisted; no timezone found
$NLSN: possibly delisted; no timezone found

1 Failed download:
['NLSN']: possibly delisted; no timezone found
$NLOK: possibly delisted; no timezone found

1 Failed download:
['NLOK']: possibly delisted; no timezone found
$PBCT: possibly delisted; no timezone found
$PBCT: possibly delisted; no timezone found

1 Failed download:
['PBCT']: possibly delisted; no timezone found
$PEAK: possibly delisted; no timezone found
$PEAK: possibly delisted; no timezone found

1 Failed download:
['PEAK']: possibly delisted; no timezone found
$PKI: possibly delisted; no timezone found
$PKI: possibly delisted; no timezone found

1 Failed download:
['PKI']: possibly delisted; no timezone found
$PXD: possibly delisted; no timezone found
$PXD: possibly delisted; no timezone found

1 Failed download:
['PXD']: possibly delisted; no timezone found
$RE: possibly delisted; no timezone found
$RE: possibly delisted; no timezone found

1 Failed download:
['RE']: possibly delisted; no timezone found
$RTN: possibly delisted; no timezone found
$RTN: possibly delisted; no timezone found

1 Failed download:
['RTN']: possibly delisted; no timezone found
$SEE: possibly delisted; no timezone found
$SEE: possibly delisted; no timezone found

1 Failed download:
['SEE']: possibly delisted; no timezone found
$SIVB: possibly delisted; no timezone found
$SIVB: possibly delisted; no timezone found

1 Failed download:
['SIVB']: possibly delisted; no timezone found
$TIF: possibly delisted; no timezone found
$TIF: possibly delisted; no timezone found

1 Failed download:
['TIF']: possibly delisted; no timezone found
$TWTR: possibly delisted; no timezone found
$TWTR: possibly delisted; no timezone found

1 Failed download:
['TWTR']: possibly delisted; no timezone found
$VAR: possibly delisted; no timezone found
$UTX: possibly delisted; no timezone found
$VAR: possibly delisted; no timezone found

1 Failed download:
['VAR']: possibly delisted; no timezone found
$UTX: possibly delisted; no timezone found

1 Failed download:
['UTX']: possibly delisted; no timezone found
$VIAC: possibly delisted; no timezone found
$VIAC: possibly delisted; no timezone found

1 Failed download:
['VIAC']: possibly delisted; no timezone found
$WBA: possibly delisted; no timezone found
$WBA: possibly delisted; no timezone found

1 Failed download:
['WBA']: possibly delisted; no timezone found
$WCG: possibly delisted; no timezone found
$WCG: possibly delisted; no timezone found

1 Failed download:
['WCG']: possibly delisted; no timezone found
$WLTW: possibly delisted; no timezone found
$WLTW: possibly delisted; no timezone found

1 Failed download:
['WLTW']: possibly delisted; no timezone found
$WRK: possibly delisted; no timezone found
$WRK: possibly delisted; no timezone found

1 Failed download:
['WRK']: possibly delisted; no timezone found
$XEC: possibly delisted; no timezone found
$XEC: possibly delisted; no timezone found

1 Failed download:
['XEC']: possibly delisted; no timezone found
$XLNX: possibly delisted; no timezone found
$XLNX: possibly delisted; no timezone found

1 Failed download:
['XLNX']: possibly delisted; no timezone found
[h11]     [3/4] 2020-01-02: picks=['AAPL', 'MSFT', 'PLD'] (pool=40, 후보=39, 54.8s)
$ABC: possibly delisted; no timezone found
$ABMD: possibly delisted; no timezone found
$ABC: possibly delisted; no timezone found

1 Failed download:
['ABC']: possibly delisted; no timezone found
$ABMD: possibly delisted; no timezone found

1 Failed download:
['ABMD']: possibly delisted; no timezone found
$ALXN: possibly delisted; no timezone found
$ALXN: possibly delisted; no timezone found

1 Failed download:
['ALXN']: possibly delisted; no timezone found
$ANSS: possibly delisted; no timezone found
$ANSS: possibly delisted; no timezone found

1 Failed download:
['ANSS']: possibly delisted; no timezone found
$ANTM: possibly delisted; no timezone found
$ANTM: possibly delisted; no timezone found

1 Failed download:
['ANTM']: possibly delisted; no timezone found
$ATVI: possibly delisted; no timezone found
$ATVI: possibly delisted; no timezone found

1 Failed download:
['ATVI']: possibly delisted; no timezone found
$AVB: Data doesn't exist for startDate = 1592712000, endDate = 1784174400

1 Failed download:
['AVB']: Data doesn't exist for startDate = 1592712000, endDate = 1784174400
$BK: possibly delisted; no timezone found
$BK: possibly delisted; no timezone found

1 Failed download:
['BK']: possibly delisted; no timezone found
$BIO: possibly delisted; no price data found  (1d 2020-06-21 -> 2020-06-21)

1 Failed download:
['BIO']: possibly delisted; no price data found  (1d 2020-06-21 -> 2020-06-21)
$BLL: possibly delisted; no timezone found
$BLL: possibly delisted; no timezone found

1 Failed download:
['BLL']: possibly delisted; no timezone found
$CARR: possibly delisted; no price data found  (1d 2020-06-21 -> 2020-06-21)

1 Failed download:
['CARR']: possibly delisted; no price data found  (1d 2020-06-21 -> 2020-06-21)
$CERN: possibly delisted; no timezone found
$CERN: possibly delisted; no timezone found

1 Failed download:
['CERN']: possibly delisted; no timezone found
$CMA: possibly delisted; no timezone found
$CMA: possibly delisted; no timezone found

1 Failed download:
['CMA']: possibly delisted; no timezone found
$COG: possibly delisted; no timezone found
$COG: possibly delisted; no timezone found

1 Failed download:
['COG']: possibly delisted; no timezone found
$CTL: possibly delisted; no timezone found
$CTL: possibly delisted; no timezone found

1 Failed download:
['CTL']: possibly delisted; no timezone found
$CTXS: possibly delisted; no timezone found
$CTXS: possibly delisted; no timezone found
$CXO: possibly delisted; no timezone found
$CXO: possibly delisted; no timezone found

1 Failed download:
['CTXS']: possibly delisted; no timezone found

1 Failed download:
['CXO']: possibly delisted; no timezone found
$DFS: possibly delisted; no timezone found
$DFS: possibly delisted; no timezone found

1 Failed download:
['DFS']: possibly delisted; no timezone found
$DISCK: possibly delisted; no timezone found
$DISCK: possibly delisted; no timezone found

1 Failed download:
['DISCK']: possibly delisted; no timezone found
$DISH: possibly delisted; no timezone found
$DISCA: possibly delisted; no timezone found
$DISCA: possibly delisted; no timezone found

1 Failed download:
['DISCA']: possibly delisted; no timezone found
$DISH: possibly delisted; no timezone found

1 Failed download:
['DISH']: possibly delisted; no timezone found
$DRE: possibly delisted; no timezone found
$DRE: possibly delisted; no timezone found

1 Failed download:
['DRE']: possibly delisted; no timezone found
$DPZ: possibly delisted; no price data found  (1d 2020-06-21 -> 2020-06-21)

1 Failed download:
['DPZ']: possibly delisted; no price data found  (1d 2020-06-21 -> 2020-06-21)
$EA: Data doesn't exist for startDate = 1592712000, endDate = 1784174400
$DXCM: possibly delisted; no price data found  (1d 2020-06-21 -> 2020-06-21)

1 Failed download:
['DXCM']: possibly delisted; no price data found  (1d 2020-06-21 -> 2020-06-21)

1 Failed download:
['EA']: Data doesn't exist for startDate = 1592712000, endDate = 1784174400
$EQR: Data doesn't exist for startDate = 1592712000, endDate = 1784174400

1 Failed download:
['EQR']: Data doesn't exist for startDate = 1592712000, endDate = 1784174400
$ETFC: possibly delisted; no timezone found
$ETFC: possibly delisted; no timezone found

1 Failed download:
['ETFC']: possibly delisted; no timezone found
$FBHS: possibly delisted; no timezone found
$FBHS: possibly delisted; no timezone found

1 Failed download:
['FBHS']: possibly delisted; no timezone found
$FLIR: possibly delisted; no timezone found
$FB: Data doesn't exist for startDate = 1592712000, endDate = 1593662400

1 Failed download:
['FB']: Data doesn't exist for startDate = 1592712000, endDate = 1593662400
$FLIR: possibly delisted; no timezone found

1 Failed download:
['FLIR']: possibly delisted; no timezone found
$FLT: possibly delisted; no timezone found
$FLT: possibly delisted; no timezone found

1 Failed download:
['FLT']: possibly delisted; no timezone found
$FRC: possibly delisted; no timezone found
$FRC: possibly delisted; no timezone found

1 Failed download:
['FRC']: possibly delisted; no timezone found
$GPS: possibly delisted; no timezone found
$GPS: possibly delisted; no timezone found

1 Failed download:
['GPS']: possibly delisted; no timezone found
$HBI: possibly delisted; no timezone found
$HBI: possibly delisted; no timezone found

1 Failed download:
['HBI']: possibly delisted; no timezone found
$HFC: possibly delisted; no timezone found
$HES: possibly delisted; no timezone found
$HFC: possibly delisted; no timezone found

1 Failed download:
['HFC']: possibly delisted; no timezone found
$HES: possibly delisted; no timezone found

1 Failed download:
['HES']: possibly delisted; no timezone found
$HOLX: possibly delisted; no timezone found
$HOLX: possibly delisted; no timezone found

1 Failed download:
['HOLX']: possibly delisted; no timezone found
$HWM: possibly delisted; no price data found  (1d 2020-06-21 -> 2020-06-21)

1 Failed download:
['HWM']: possibly delisted; no price data found  (1d 2020-06-21 -> 2020-06-21)
$INFO: Data doesn't exist for startDate = 1592712000, endDate = 1593662400
$IPG: possibly delisted; no timezone found

1 Failed download:
['INFO']: Data doesn't exist for startDate = 1592712000, endDate = 1593662400
$IPG: possibly delisted; no timezone found

1 Failed download:
['IPG']: possibly delisted; no timezone found
$JNPR: possibly delisted; no timezone found
$JNPR: possibly delisted; no timezone found

1 Failed download:
['JNPR']: possibly delisted; no timezone found
$K: possibly delisted; no timezone found
$K: possibly delisted; no timezone found

1 Failed download:
['K']: possibly delisted; no timezone found
$KSU: possibly delisted; no timezone found
$KSU: possibly delisted; no timezone found

1 Failed download:
['KSU']: possibly delisted; no timezone found
$LEG: Data doesn't exist for startDate = 1592712000, endDate = 1593662400

1 Failed download:
['LEG']: Data doesn't exist for startDate = 1592712000, endDate = 1593662400
$LB: Data doesn't exist for startDate = 1592712000, endDate = 1593662400

1 Failed download:
['LB']: Data doesn't exist for startDate = 1592712000, endDate = 1593662400
$MMC: possibly delisted; no timezone found
$MMC: possibly delisted; no timezone found

1 Failed download:
['MMC']: possibly delisted; no timezone found
$MRO: possibly delisted; no timezone found
$MRO: possibly delisted; no timezone found

1 Failed download:
['MRO']: possibly delisted; no timezone found
$MXIM: possibly delisted; no timezone found
$MYL: possibly delisted; no timezone found
$MXIM: possibly delisted; no timezone found

1 Failed download:
['MXIM']: possibly delisted; no timezone found
$MYL: possibly delisted; no timezone found

1 Failed download:
['MYL']: possibly delisted; no timezone found
$NBL: possibly delisted; no timezone found
$NBL: possibly delisted; no timezone found

1 Failed download:
['NBL']: possibly delisted; no timezone found
$NLSN: possibly delisted; no timezone found
$NLOK: possibly delisted; no timezone found
$NLOK: possibly delisted; no timezone found
$NLSN: possibly delisted; no timezone found

1 Failed download:
['NLSN']: possibly delisted; no timezone found

1 Failed download:
['NLOK']: possibly delisted; no timezone found
$OTIS: possibly delisted; no price data found  (1d 2020-06-21 -> 2020-06-21)

1 Failed download:
['OTIS']: possibly delisted; no price data found  (1d 2020-06-21 -> 2020-06-21)
$PBCT: possibly delisted; no timezone found
$PBCT: possibly delisted; no timezone found

1 Failed download:
['PBCT']: possibly delisted; no timezone found
$PEAK: possibly delisted; no timezone found
$PEAK: possibly delisted; no timezone found

1 Failed download:
['PEAK']: possibly delisted; no timezone found
$PKI: possibly delisted; no timezone found
$PKI: possibly delisted; no timezone found

1 Failed download:
['PKI']: possibly delisted; no timezone found
$PXD: possibly delisted; no timezone found
$PXD: possibly delisted; no timezone found

1 Failed download:
['PXD']: possibly delisted; no timezone found
$RE: possibly delisted; no timezone found
$RE: possibly delisted; no timezone found

1 Failed download:
['RE']: possibly delisted; no timezone found
$SIVB: possibly delisted; no timezone found
$SEE: possibly delisted; no timezone found
$SEE: possibly delisted; no timezone found

1 Failed download:
['SEE']: possibly delisted; no timezone found
$SIVB: possibly delisted; no timezone found

1 Failed download:
['SIVB']: possibly delisted; no timezone found
$TIF: possibly delisted; no timezone found
$TDY: possibly delisted; no price data found  (1d 2020-06-21 -> 2020-06-21)
$TIF: possibly delisted; no timezone found

1 Failed download:

1 Failed download:
['TIF']: possibly delisted; no timezone found
['TDY']: possibly delisted; no price data found  (1d 2020-06-21 -> 2020-06-21)
$TWTR: possibly delisted; no timezone found
$TWTR: possibly delisted; no timezone found

1 Failed download:
['TWTR']: possibly delisted; no timezone found
$TYL: possibly delisted; no price data found  (1d 2020-06-21 -> 2020-06-21)

1 Failed download:
['TYL']: possibly delisted; no price data found  (1d 2020-06-21 -> 2020-06-21)
$VAR: possibly delisted; no timezone found
$VAR: possibly delisted; no timezone found

1 Failed download:
['VAR']: possibly delisted; no timezone found
$VIAC: possibly delisted; no timezone found
$VIAC: possibly delisted; no timezone found

1 Failed download:
['VIAC']: possibly delisted; no timezone found
$WBA: possibly delisted; no timezone found
$WBA: possibly delisted; no timezone found

1 Failed download:
['WBA']: possibly delisted; no timezone found
$WLTW: possibly delisted; no timezone found
$WLTW: possibly delisted; no timezone found

1 Failed download:
['WLTW']: possibly delisted; no timezone found
$WRK: possibly delisted; no timezone found
$WRK: possibly delisted; no timezone found

1 Failed download:
['WRK']: possibly delisted; no timezone found
$XLNX: possibly delisted; no timezone found
$XLNX: possibly delisted; no timezone found

1 Failed download:
['XLNX']: possibly delisted; no timezone found
$WST: possibly delisted; no price data found  (1d 2020-06-21 -> 2020-06-21)

1 Failed download:
['WST']: possibly delisted; no price data found  (1d 2020-06-21 -> 2020-06-21)
[h11]     [4/4] 2020-07-01: picks=['NVDA', 'AAPL', 'MKTX'] (pool=40, 후보=31, 56.0s)
[h_corr]   풀 신호 생략(비용 절감) - breadth/pool_corr는 NaN(스위치 항상 ON)으로 채움
[h_corr]   보유종목 상관관계 신호 구축...
/opt/quant/analysis/2026-08-22_regime_conditional_satellite_switch/h12_regime_switch.py:84: FutureWarning: Downcasting object dtype arrays on .fillna, .ffill, .bfill is deprecated and will change in a future version. Call result.infer_objects(copy=False) instead. To opt-in to the future behavior, set `pd.set_option('future.no_silent_downcasting', True)`
  signal_lagged = regime_aligned.shift(1).fillna(False)  # 전일 신호를 오늘 적용(챔피언 관례와 동일)
/opt/quant/analysis/2026-08-22_regime_conditional_satellite_switch/h12_regime_switch.py:84: FutureWarning: Downcasting object dtype arrays on .fillna, .ffill, .bfill is deprecated and will change in a future version. Call result.infer_objects(copy=False) instead. To opt-in to the future behavior, set `pd.set_option('future.no_silent_downcasting', True)`
  signal_lagged = regime_aligned.shift(1).fillna(False)  # 전일 신호를 오늘 적용(챔피언 관례와 동일)
/opt/quant/analysis/2026-08-22_regime_conditional_satellite_switch/h12_regime_switch.py:84: FutureWarning: Downcasting object dtype arrays on .fillna, .ffill, .bfill is deprecated and will change in a future version. Call result.infer_objects(copy=False) instead. To opt-in to the future behavior, set `pd.set_option('future.no_silent_downcasting', True)`
  signal_lagged = regime_aligned.shift(1).fillna(False)  # 전일 신호를 오늘 적용(챔피언 관례와 동일)
/opt/quant/analysis/2026-08-22_regime_conditional_satellite_switch/h12_regime_switch.py:84: FutureWarning: Downcasting object dtype arrays on .fillna, .ffill, .bfill is deprecated and will change in a future version. Call result.infer_objects(copy=False) instead. To opt-in to the future behavior, set `pd.set_option('future.no_silent_downcasting', True)`
  signal_lagged = regime_aligned.shift(1).fillna(False)  # 전일 신호를 오늘 적용(챔피언 관례와 동일)
/opt/quant/analysis/2026-08-22_regime_conditional_satellite_switch/h12_regime_switch.py:84: FutureWarning: Downcasting object dtype arrays on .fillna, .ffill, .bfill is deprecated and will change in a future version. Call result.infer_objects(copy=False) instead. To opt-in to the future behavior, set `pd.set_option('future.no_silent_downcasting', True)`
  signal_lagged = regime_aligned.shift(1).fillna(False)  # 전일 신호를 오늘 적용(챔피언 관례와 동일)
/opt/quant/analysis/2026-08-22_regime_conditional_satellite_switch/h12_regime_switch.py:84: FutureWarning: Downcasting object dtype arrays on .fillna, .ffill, .bfill is deprecated and will change in a future version. Call result.infer_objects(copy=False) instead. To opt-in to the future behavior, set `pd.set_option('future.no_silent_downcasting', True)`
  signal_lagged = regime_aligned.shift(1).fillna(False)  # 전일 신호를 오늘 적용(챔피언 관례와 동일)
/opt/quant/analysis/2026-08-22_regime_conditional_satellite_switch/h12_regime_switch.py:84: FutureWarning: Downcasting object dtype arrays on .fillna, .ffill, .bfill is deprecated and will change in a future version. Call result.infer_objects(copy=False) instead. To opt-in to the future behavior, set `pd.set_option('future.no_silent_downcasting', True)`
  signal_lagged = regime_aligned.shift(1).fillna(False)  # 전일 신호를 오늘 적용(챔피언 관례와 동일)
/opt/quant/analysis/2026-08-22_regime_conditional_satellite_switch/h12_regime_switch.py:84: FutureWarning: Downcasting object dtype arrays on .fillna, .ffill, .bfill is deprecated and will change in a future version. Call result.infer_objects(copy=False) instead. To opt-in to the future behavior, set `pd.set_option('future.no_silent_downcasting', True)`
  signal_lagged = regime_aligned.shift(1).fillna(False)  # 전일 신호를 오늘 적용(챔피언 관례와 동일)
/opt/quant/analysis/2026-08-22_regime_conditional_satellite_switch/h12_regime_switch.py:84: FutureWarning: Downcasting object dtype arrays on .fillna, .ffill, .bfill is deprecated and will change in a future version. Call result.infer_objects(copy=False) instead. To opt-in to the future behavior, set `pd.set_option('future.no_silent_downcasting', True)`
  signal_lagged = regime_aligned.shift(1).fillna(False)  # 전일 신호를 오늘 적용(챔피언 관례와 동일)
/opt/quant/analysis/2026-08-22_regime_conditional_satellite_switch/h12_regime_switch.py:84: FutureWarning: Downcasting object dtype arrays on .fillna, .ffill, .bfill is deprecated and will change in a future version. Call result.infer_objects(copy=False) instead. To opt-in to the future behavior, set `pd.set_option('future.no_silent_downcasting', True)`
  signal_lagged = regime_aligned.shift(1).fillna(False)  # 전일 신호를 오늘 적용(챔피언 관례와 동일)
/opt/quant/analysis/2026-08-22_regime_conditional_satellite_switch/h12_regime_switch.py:84: FutureWarning: Downcasting object dtype arrays on .fillna, .ffill, .bfill is deprecated and will change in a future version. Call result.infer_objects(copy=False) instead. To opt-in to the future behavior, set `pd.set_option('future.no_silent_downcasting', True)`
  signal_lagged = regime_aligned.shift(1).fillna(False)  # 전일 신호를 오늘 적용(챔피언 관례와 동일)
/opt/quant/analysis/2026-08-22_regime_conditional_satellite_switch/h12_regime_switch.py:84: FutureWarning: Downcasting object dtype arrays on .fillna, .ffill, .bfill is deprecated and will change in a future version. Call result.infer_objects(copy=False) instead. To opt-in to the future behavior, set `pd.set_option('future.no_silent_downcasting', True)`
  signal_lagged = regime_aligned.shift(1).fillna(False)  # 전일 신호를 오늘 적용(챔피언 관례와 동일)
/opt/quant/analysis/2026-08-22_regime_conditional_satellite_switch/h12_regime_switch.py:84: FutureWarning: Downcasting object dtype arrays on .fillna, .ffill, .bfill is deprecated and will change in a future version. Call result.infer_objects(copy=False) instead. To opt-in to the future behavior, set `pd.set_option('future.no_silent_downcasting', True)`
  signal_lagged = regime_aligned.shift(1).fillna(False)  # 전일 신호를 오늘 적용(챔피언 관례와 동일)
/opt/quant/analysis/2026-08-22_regime_conditional_satellite_switch/h12_regime_switch.py:84: FutureWarning: Downcasting object dtype arrays on .fillna, .ffill, .bfill is deprecated and will change in a future version. Call result.infer_objects(copy=False) instead. To opt-in to the future behavior, set `pd.set_option('future.no_silent_downcasting', True)`
  signal_lagged = regime_aligned.shift(1).fillna(False)  # 전일 신호를 오늘 적용(챔피언 관례와 동일)
/opt/quant/analysis/2026-08-22_regime_conditional_satellite_switch/h12_regime_switch.py:84: FutureWarning: Downcasting object dtype arrays on .fillna, .ffill, .bfill is deprecated and will change in a future version. Call result.infer_objects(copy=False) instead. To opt-in to the future behavior, set `pd.set_option('future.no_silent_downcasting', True)`
  signal_lagged = regime_aligned.shift(1).fillna(False)  # 전일 신호를 오늘 적용(챔피언 관례와 동일)
/opt/quant/analysis/2026-08-22_regime_conditional_satellite_switch/h12_regime_switch.py:84: FutureWarning: Downcasting object dtype arrays on .fillna, .ffill, .bfill is deprecated and will change in a future version. Call result.infer_objects(copy=False) instead. To opt-in to the future behavior, set `pd.set_option('future.no_silent_downcasting', True)`
  signal_lagged = regime_aligned.shift(1).fillna(False)  # 전일 신호를 오늘 적용(챔피언 관례와 동일)
/opt/quant/analysis/2026-08-22_regime_conditional_satellite_switch/h12_regime_switch.py:84: FutureWarning: Downcasting object dtype arrays on .fillna, .ffill, .bfill is deprecated and will change in a future version. Call result.infer_objects(copy=False) instead. To opt-in to the future behavior, set `pd.set_option('future.no_silent_downcasting', True)`
  signal_lagged = regime_aligned.shift(1).fillna(False)  # 전일 신호를 오늘 적용(챔피언 관례와 동일)
/opt/quant/analysis/2026-08-22_regime_conditional_satellite_switch/h12_regime_switch.py:84: FutureWarning: Downcasting object dtype arrays on .fillna, .ffill, .bfill is deprecated and will change in a future version. Call result.infer_objects(copy=False) instead. To opt-in to the future behavior, set `pd.set_option('future.no_silent_downcasting', True)`
  signal_lagged = regime_aligned.shift(1).fillna(False)  # 전일 신호를 오늘 적용(챔피언 관례와 동일)
/opt/quant/analysis/2026-08-22_regime_conditional_satellite_switch/h12_regime_switch.py:84: FutureWarning: Downcasting object dtype arrays on .fillna, .ffill, .bfill is deprecated and will change in a future version. Call result.infer_objects(copy=False) instead. To opt-in to the future behavior, set `pd.set_option('future.no_silent_downcasting', True)`
  signal_lagged = regime_aligned.shift(1).fillna(False)  # 전일 신호를 오늘 적용(챔피언 관례와 동일)
/opt/quant/analysis/2026-08-22_regime_conditional_satellite_switch/h12_regime_switch.py:84: FutureWarning: Downcasting object dtype arrays on .fillna, .ffill, .bfill is deprecated and will change in a future version. Call result.infer_objects(copy=False) instead. To opt-in to the future behavior, set `pd.set_option('future.no_silent_downcasting', True)`
  signal_lagged = regime_aligned.shift(1).fillna(False)  # 전일 신호를 오늘 적용(챔피언 관례와 동일)
[h_corr]   covid_2020 완료 (220.0s)
[h_corr] === selloff_2018: 코어 구축 2017-06-01~2019-06-30 (pool_signal=False) ===
$XLC: Data doesn't exist for startDate = 1461729600, endDate = 1529294400

1 Failed download:
['XLC']: Data doesn't exist for startDate = 1461729600, endDate = 1529294400
[h_corr]   새틀라이트(정적보유, point-in-time, 추세추종) 구축...
[h11]   반기 리밸런싱 4회(trend_following): ['2017-07-03', '2018-01-02', '2018-07-02', '2019-01-02']
$ABC: possibly delisted; no timezone found
$ABC: possibly delisted; no timezone found

1 Failed download:
['ABC']: possibly delisted; no timezone found
$ADS: possibly delisted; no timezone found
$ADS: possibly delisted; no timezone found

1 Failed download:
['ADS']: possibly delisted; no timezone found
$AGN: possibly delisted; no timezone found
$AGN: possibly delisted; no timezone found

1 Failed download:
['AGN']: possibly delisted; no timezone found
$ALXN: possibly delisted; no timezone found
$ALXN: possibly delisted; no timezone found

1 Failed download:
['ALXN']: possibly delisted; no timezone found
$ANSS: possibly delisted; no timezone found
$ANSS: possibly delisted; no timezone found

1 Failed download:
['ANSS']: possibly delisted; no timezone found
$ANTM: possibly delisted; no timezone found
$ANTM: possibly delisted; no timezone found

1 Failed download:
['ANTM']: possibly delisted; no timezone found
$ARNC: possibly delisted; no timezone found
$ATVI: possibly delisted; no timezone found
$AVB: Data doesn't exist for startDate = 1498190400, endDate = 1784174400

1 Failed download:
['AVB']: Data doesn't exist for startDate = 1498190400, endDate = 1784174400
$APC: Data doesn't exist for startDate = 1498190400, endDate = 1499140800
$ATVI: possibly delisted; no timezone found

1 Failed download:
['ATVI']: possibly delisted; no timezone found
$ARNC: possibly delisted; no timezone found

1 Failed download:
['APC']: Data doesn't exist for startDate = 1498190400, endDate = 1499140800

1 Failed download:
['ARNC']: possibly delisted; no timezone found
$BBBY: Data doesn't exist for startDate = 1498190400, endDate = 1499140800
$BCR: possibly delisted; no price data found  (1d 1927-10-10 -> 2026-09-15)

1 Failed download:
['BBBY']: Data doesn't exist for startDate = 1498190400, endDate = 1499140800
$BCR: possibly delisted; no price data found  (1d 2017-06-23 -> 2017-07-04)

1 Failed download:
['BCR']: possibly delisted; no price data found  (1d 2017-06-23 -> 2017-07-04)
$BK: possibly delisted; no timezone found
$BHGE: possibly delisted; no timezone found
$BK: possibly delisted; no timezone found

1 Failed download:
['BK']: possibly delisted; no timezone found
$BHGE: possibly delisted; no timezone found

1 Failed download:
['BHGE']: possibly delisted; no timezone found
$BLL: possibly delisted; no timezone found
$BLL: possibly delisted; no timezone found

1 Failed download:
['BLL']: possibly delisted; no timezone found
$CA: possibly delisted; no timezone found
$CA: possibly delisted; no timezone found

1 Failed download:
['CA']: possibly delisted; no timezone found
$CBS: possibly delisted; no timezone found
$CBS: possibly delisted; no timezone found

1 Failed download:
['CBS']: possibly delisted; no timezone found
$CELG: possibly delisted; no timezone found
$CELG: possibly delisted; no timezone found
$CERN: possibly delisted; no timezone found
$CERN: possibly delisted; no timezone found

1 Failed download:
['CELG']: possibly delisted; no timezone found

1 Failed download:
['CERN']: possibly delisted; no timezone found
$CHK: possibly delisted; no timezone found
$CHK: possibly delisted; no timezone found

1 Failed download:
['CHK']: possibly delisted; no timezone found
$CMA: possibly delisted; no timezone found
$CMA: possibly delisted; no timezone found

1 Failed download:
['CMA']: possibly delisted; no timezone found
$COG: possibly delisted; no timezone found
$COG: possibly delisted; no timezone found

1 Failed download:
['COG']: possibly delisted; no timezone found
$CSRA: Data doesn't exist for startDate = 1498190400, endDate = 1499140800

1 Failed download:
['CSRA']: Data doesn't exist for startDate = 1498190400, endDate = 1499140800
$CTXS: possibly delisted; no timezone found
$CTL: possibly delisted; no timezone found
$CXO: possibly delisted; no timezone found
$CTXS: possibly delisted; no timezone found
$CTL: possibly delisted; no timezone found
$CXO: possibly delisted; no timezone found

1 Failed download:
['CTXS']: possibly delisted; no timezone found

1 Failed download:
['CTL']: possibly delisted; no timezone found

1 Failed download:
['CXO']: possibly delisted; no timezone found
$DFS: possibly delisted; no timezone found
$DFS: possibly delisted; no timezone found

1 Failed download:
['DFS']: possibly delisted; no timezone found
$DISCK: possibly delisted; no timezone found
$DISH: possibly delisted; no timezone found
$DISCK: possibly delisted; no timezone found

1 Failed download:
['DISCK']: possibly delisted; no timezone found
$DISH: possibly delisted; no timezone found

1 Failed download:
['DISH']: possibly delisted; no timezone found
$DISCA: possibly delisted; no timezone found
$DISCA: possibly delisted; no timezone found

1 Failed download:
['DISCA']: possibly delisted; no timezone found
$DOW: Data doesn't exist for startDate = 1498190400, endDate = 1552968000

1 Failed download:
['DOW']: Data doesn't exist for startDate = 1498190400, endDate = 1552968000
$EA: Data doesn't exist for startDate = 1498190400, endDate = 1784174400

1 Failed download:
['EA']: Data doesn't exist for startDate = 1498190400, endDate = 1784174400
$EQR: Data doesn't exist for startDate = 1498190400, endDate = 1784174400

1 Failed download:
['EQR']: Data doesn't exist for startDate = 1498190400, endDate = 1784174400
$ETFC: possibly delisted; no timezone found
$ETFC: possibly delisted; no timezone found

1 Failed download:
['ETFC']: possibly delisted; no timezone found
$FBHS: possibly delisted; no timezone found
$FBHS: possibly delisted; no timezone found

1 Failed download:
['FBHS']: possibly delisted; no timezone found
$FB: Data doesn't exist for startDate = 1498190400, endDate = 1499140800

1 Failed download:
['FB']: Data doesn't exist for startDate = 1498190400, endDate = 1499140800
$FLIR: possibly delisted; no timezone found
$FLIR: possibly delisted; no timezone found
$FL: possibly delisted; no timezone found

1 Failed download:
['FLIR']: possibly delisted; no timezone found
$FL: possibly delisted; no timezone found

1 Failed download:
['FL']: possibly delisted; no timezone found
$GGP: possibly delisted; no price data found  (1d 1927-10-10 -> 2026-09-15)
$FOXA: Data doesn't exist for startDate = 1498190400, endDate = 1552276800
$FOX: Data doesn't exist for startDate = 1498190400, endDate = 1552363200

1 Failed download:

1 Failed download:
['FOXA']: Data doesn't exist for startDate = 1498190400, endDate = 1552276800
['FOX']: Data doesn't exist for startDate = 1498190400, endDate = 1552363200
$GGP: possibly delisted; no price data found  (1d 2017-06-23 -> 2017-07-04)

1 Failed download:
['GGP']: possibly delisted; no price data found  (1d 2017-06-23 -> 2017-07-04)
$GPS: possibly delisted; no timezone found
$GPS: possibly delisted; no timezone found

1 Failed download:
['GPS']: possibly delisted; no timezone found
$HBI: possibly delisted; no timezone found
$HCP: possibly delisted; no timezone found
$HBI: possibly delisted; no timezone found

1 Failed download:
['HBI']: possibly delisted; no timezone found
$HCP: possibly delisted; no timezone found

1 Failed download:
['HCP']: possibly delisted; no timezone found
$HES: possibly delisted; no timezone found
$HES: possibly delisted; no timezone found

1 Failed download:
['HES']: possibly delisted; no timezone found
$HOLX: possibly delisted; no timezone found
$HOLX: possibly delisted; no timezone found

1 Failed download:
['HOLX']: possibly delisted; no timezone found
$HRS: possibly delisted; no timezone found
$HRS: possibly delisted; no timezone found

1 Failed download:
['HRS']: possibly delisted; no timezone found
$INFO: Data doesn't exist for startDate = 1498190400, endDate = 1499140800

1 Failed download:
['INFO']: Data doesn't exist for startDate = 1498190400, endDate = 1499140800
$IPG: possibly delisted; no timezone found
$IPG: possibly delisted; no timezone found

1 Failed download:
['IPG']: possibly delisted; no timezone found
$JEC: possibly delisted; no timezone found
$JEC: possibly delisted; no timezone found

1 Failed download:
['JEC']: possibly delisted; no timezone found
$JNPR: possibly delisted; no timezone found
$JNPR: possibly delisted; no timezone found

1 Failed download:
['JNPR']: possibly delisted; no timezone found
$JWN: possibly delisted; no timezone found
$JWN: possibly delisted; no timezone found
$K: possibly delisted; no timezone found
$K: possibly delisted; no timezone found

1 Failed download:
['JWN']: possibly delisted; no timezone found

1 Failed download:
['K']: possibly delisted; no timezone found
$KORS: possibly delisted; no price data found  (1d 1927-10-10 -> 2026-09-15)
$KORS: possibly delisted; no price data found  (1d 2017-06-23 -> 2017-07-04)

1 Failed download:
['KORS']: possibly delisted; no price data found  (1d 2017-06-23 -> 2017-07-04)
$KSU: possibly delisted; no timezone found
$LLL: possibly delisted; no timezone found
$LB: Data doesn't exist for startDate = 1498190400, endDate = 1499140800
$KSU: possibly delisted; no timezone found
$LLL: possibly delisted; no timezone found

1 Failed download:
['KSU']: possibly delisted; no timezone found

1 Failed download:
['LB']: Data doesn't exist for startDate = 1498190400, endDate = 1499140800

1 Failed download:
['LLL']: possibly delisted; no timezone found
$LEG: Data doesn't exist for startDate = 1498190400, endDate = 1499140800
$LVLT: possibly delisted; no price data found  (1d 1927-10-10 -> 2026-09-15)

1 Failed download:
['LEG']: Data doesn't exist for startDate = 1498190400, endDate = 1499140800
$LVLT: possibly delisted; no price data found  (1d 2017-06-23 -> 2017-07-04)

1 Failed download:
['LVLT']: possibly delisted; no price data found  (1d 2017-06-23 -> 2017-07-04)
$MMC: possibly delisted; no timezone found
$MMC: possibly delisted; no timezone found
$MNK: possibly delisted; no timezone found
$MNK: possibly delisted; no timezone found

1 Failed download:
['MMC']: possibly delisted; no timezone found

1 Failed download:
['MNK']: possibly delisted; no timezone found
$MON: possibly delisted; no timezone found
$MON: possibly delisted; no timezone found

1 Failed download:
['MON']: possibly delisted; no timezone found
$MRO: possibly delisted; no timezone found
$MRO: possibly delisted; no timezone found

1 Failed download:
['MRO']: possibly delisted; no timezone found
$MYL: possibly delisted; no timezone found
$MYL: possibly delisted; no timezone found

1 Failed download:
['MYL']: possibly delisted; no timezone found
$NBL: possibly delisted; no timezone found
$NBL: possibly delisted; no timezone found

1 Failed download:
['NBL']: possibly delisted; no timezone found
$NLSN: possibly delisted; no timezone found
$NLSN: possibly delisted; no timezone found

1 Failed download:
['NLSN']: possibly delisted; no timezone found
$NFX: Data doesn't exist for startDate = 1498190400, endDate = 1499140800

1 Failed download:
['NFX']: Data doesn't exist for startDate = 1498190400, endDate = 1499140800
$PBCT: possibly delisted; no timezone found
$PBCT: possibly delisted; no timezone found

1 Failed download:
['PBCT']: possibly delisted; no timezone found
$PDCO: possibly delisted; no timezone found
$PDCO: possibly delisted; no timezone found

1 Failed download:
['PDCO']: possibly delisted; no timezone found
$PKI: possibly delisted; no timezone found
$PKI: possibly delisted; no timezone found

1 Failed download:
['PKI']: possibly delisted; no timezone found
$PX: possibly delisted; no timezone found
$PX: possibly delisted; no timezone found

1 Failed download:
['PX']: possibly delisted; no timezone found
$RAI: possibly delisted; no price data found  (1d 1927-10-10 -> 2026-09-15)
$PXD: possibly delisted; no timezone found
$PXD: possibly delisted; no timezone found
$RAI: possibly delisted; no price data found  (1d 2017-06-23 -> 2017-07-04)

1 Failed download:
['PXD']: possibly delisted; no timezone found

1 Failed download:
['RAI']: possibly delisted; no price data found  (1d 2017-06-23 -> 2017-07-04)
$RHT: possibly delisted; no timezone found
$RHT: possibly delisted; no timezone found

1 Failed download:
['RHT']: possibly delisted; no timezone found
$RE: possibly delisted; no timezone found
$RE: possibly delisted; no timezone found

1 Failed download:
['RE']: possibly delisted; no timezone found
$RTN: possibly delisted; no timezone found
$RTN: possibly delisted; no timezone found

1 Failed download:
['RTN']: possibly delisted; no timezone found
$SEE: possibly delisted; no timezone found
$SEE: possibly delisted; no timezone found

1 Failed download:
['SEE']: possibly delisted; no timezone found
$SNI: possibly delisted; no price data found  (1d 1927-10-10 -> 2026-09-15)
$SNI: possibly delisted; no price data found  (1d 2017-06-23 -> 2017-07-04)

1 Failed download:
['SNI']: possibly delisted; no price data found  (1d 2017-06-23 -> 2017-07-04)
$SRCL: possibly delisted; no timezone found
$SRCL: possibly delisted; no timezone found

1 Failed download:
['SRCL']: possibly delisted; no timezone found
$SPLS: Data doesn't exist for startDate = 1498190400, endDate = 1499140800

1 Failed download:
['SPLS']: Data doesn't exist for startDate = 1498190400, endDate = 1499140800
$STI: Data doesn't exist for startDate = 1498190400, endDate = 1499140800

1 Failed download:
['STI']: Data doesn't exist for startDate = 1498190400, endDate = 1499140800
$SYMC: possibly delisted; no timezone found
$SYMC: possibly delisted; no timezone found
$TIF: possibly delisted; no timezone found

1 Failed download:
['SYMC']: possibly delisted; no timezone found
$TIF: possibly delisted; no timezone found

1 Failed download:
['TIF']: possibly delisted; no timezone found
$TMK: possibly delisted; no timezone found
$TMK: possibly delisted; no timezone found

1 Failed download:
['TMK']: possibly delisted; no timezone found
$TSS: possibly delisted; no timezone found
$TSS: possibly delisted; no timezone found

1 Failed download:
['TSS']: possibly delisted; no timezone found
$UTX: possibly delisted; no timezone found
$VAR: possibly delisted; no timezone found
$UTX: possibly delisted; no timezone found

1 Failed download:
['UTX']: possibly delisted; no timezone found
$VAR: possibly delisted; no timezone found

1 Failed download:
['VAR']: possibly delisted; no timezone found
$VIAB: possibly delisted; no timezone found
$VIAB: possibly delisted; no timezone found

1 Failed download:
['VIAB']: possibly delisted; no timezone found
$WBA: possibly delisted; no timezone found
$WBA: possibly delisted; no timezone found

1 Failed download:
['WBA']: possibly delisted; no timezone found
$WFM: possibly delisted; no price data found  (1d 1927-10-10 -> 2026-09-15)
$WFM: possibly delisted; no price data found  (1d 2017-06-23 -> 2017-07-04)

1 Failed download:
['WFM']: possibly delisted; no price data found  (1d 2017-06-23 -> 2017-07-04)
$WLTW: possibly delisted; no timezone found
$WLTW: possibly delisted; no timezone found

1 Failed download:
['WLTW']: possibly delisted; no timezone found
$WRK: possibly delisted; no timezone found
$WRK: possibly delisted; no timezone found

1 Failed download:
['WRK']: possibly delisted; no timezone found
$XEC: possibly delisted; no timezone found
$XEC: possibly delisted; no timezone found
$WYND: possibly delisted; no timezone found

1 Failed download:
['XEC']: possibly delisted; no timezone found
$WYND: possibly delisted; no timezone found

1 Failed download:
['WYND']: possibly delisted; no timezone found
$XLNX: possibly delisted; no timezone found
$XLNX: possibly delisted; no timezone found
$XL: possibly delisted; no timezone found
$XL: possibly delisted; no timezone found

1 Failed download:
['XLNX']: possibly delisted; no timezone found

1 Failed download:
['XL']: possibly delisted; no timezone found
[h11]     [1/4] 2017-07-03: picks=['BAC', 'BA', 'AAPL'] (pool=40, 후보=39, 54.1s)
$ABC: possibly delisted; no timezone found
$ABC: possibly delisted; no timezone found

1 Failed download:
['ABC']: possibly delisted; no timezone found
$ADS: possibly delisted; no timezone found
$ADS: possibly delisted; no timezone found

1 Failed download:
['ADS']: possibly delisted; no timezone found
$AGN: possibly delisted; no timezone found
$AGN: possibly delisted; no timezone found

1 Failed download:
['AGN']: possibly delisted; no timezone found
$ALXN: possibly delisted; no timezone found
$ALXN: possibly delisted; no timezone found

1 Failed download:
['ALXN']: possibly delisted; no timezone found
$ANSS: possibly delisted; no timezone found
$ANTM: possibly delisted; no timezone found
$ANSS: possibly delisted; no timezone found
$ANTM: possibly delisted; no timezone found

1 Failed download:
['ANSS']: possibly delisted; no timezone found

1 Failed download:
['ANTM']: possibly delisted; no timezone found
$ATVI: possibly delisted; no timezone found
$ARNC: possibly delisted; no timezone found
$ATVI: possibly delisted; no timezone found

1 Failed download:
['ATVI']: possibly delisted; no timezone found
$ARNC: possibly delisted; no timezone found

1 Failed download:
['ARNC']: possibly delisted; no timezone found
$APC: Data doesn't exist for startDate = 1514005200, endDate = 1514955600

1 Failed download:
['APC']: Data doesn't exist for startDate = 1514005200, endDate = 1514955600
$AOS: possibly delisted; no price data found  (1d 2017-12-23 -> 2017-12-25)

1 Failed download:
['AOS']: possibly delisted; no price data found  (1d 2017-12-23 -> 2017-12-25)
$AVB: Data doesn't exist for startDate = 1514005200, endDate = 1784174400

1 Failed download:
['AVB']: Data doesn't exist for startDate = 1514005200, endDate = 1784174400
$BHGE: possibly delisted; no timezone found
$BHGE: possibly delisted; no timezone found

1 Failed download:
['BHGE']: possibly delisted; no timezone found
$BHF: possibly delisted; no price data found  (1d 2017-12-23 -> 2017-12-25)

1 Failed download:
['BHF']: possibly delisted; no price data found  (1d 2017-12-23 -> 2017-12-25)
$BK: possibly delisted; no timezone found
$BK: possibly delisted; no timezone found

1 Failed download:
['BK']: possibly delisted; no timezone found
$BLL: possibly delisted; no timezone found
$BLL: possibly delisted; no timezone found

1 Failed download:
['BLL']: possibly delisted; no timezone found
$CA: possibly delisted; no timezone found
$CA: possibly delisted; no timezone found

1 Failed download:
['CA']: possibly delisted; no timezone found
$CBS: possibly delisted; no timezone found
$CBS: possibly delisted; no timezone found

1 Failed download:
['CBS']: possibly delisted; no timezone found
$CERN: possibly delisted; no timezone found
$CERN: possibly delisted; no timezone found

1 Failed download:
['CERN']: possibly delisted; no timezone found
$CELG: possibly delisted; no timezone found
$CELG: possibly delisted; no timezone found

1 Failed download:
['CELG']: possibly delisted; no timezone found
$CHK: possibly delisted; no timezone found
$CHK: possibly delisted; no timezone found

1 Failed download:
['CHK']: possibly delisted; no timezone found
$CDNS: possibly delisted; no price data found  (1d 2017-12-23 -> 2017-12-25)

1 Failed download:
['CDNS']: possibly delisted; no price data found  (1d 2017-12-23 -> 2017-12-25)
$CMA: possibly delisted; no timezone found
$CMA: possibly delisted; no timezone found

1 Failed download:
['CMA']: possibly delisted; no timezone found
$COG: possibly delisted; no timezone found
$COG: possibly delisted; no timezone found

1 Failed download:
['COG']: possibly delisted; no timezone found
$CSRA: Data doesn't exist for startDate = 1514005200, endDate = 1514955600

1 Failed download:
['CSRA']: Data doesn't exist for startDate = 1514005200, endDate = 1514955600
$CTL: possibly delisted; no timezone found
$CTL: possibly delisted; no timezone found

1 Failed download:
['CTL']: possibly delisted; no timezone found
$CTXS: possibly delisted; no timezone found
$CTXS: possibly delisted; no timezone found

1 Failed download:
['CTXS']: possibly delisted; no timezone found
$CXO: possibly delisted; no timezone found
$CXO: possibly delisted; no timezone found

1 Failed download:
['CXO']: possibly delisted; no timezone found
$DFS: possibly delisted; no timezone found
$DFS: possibly delisted; no timezone found

1 Failed download:
['DFS']: possibly delisted; no timezone found
$DISCK: possibly delisted; no timezone found
$DISCK: possibly delisted; no timezone found

1 Failed download:
['DISCK']: possibly delisted; no timezone found
$DISCA: possibly delisted; no timezone found
$DISCA: possibly delisted; no timezone found

1 Failed download:
['DISCA']: possibly delisted; no timezone found
$DISH: possibly delisted; no timezone found
$DRE: possibly delisted; no timezone found
$DISH: possibly delisted; no timezone found
$DRE: possibly delisted; no timezone found

1 Failed download:
['DISH']: possibly delisted; no timezone found

1 Failed download:
['DRE']: possibly delisted; no timezone found
$DWDP: possibly delisted; no timezone found
$DWDP: possibly delisted; no timezone found

1 Failed download:
['DWDP']: possibly delisted; no timezone found
$EA: Data doesn't exist for startDate = 1514005200, endDate = 1784174400

1 Failed download:
['EA']: Data doesn't exist for startDate = 1514005200, endDate = 1784174400
$EQR: Data doesn't exist for startDate = 1514005200, endDate = 1784174400

1 Failed download:
['EQR']: Data doesn't exist for startDate = 1514005200, endDate = 1784174400
$ETFC: possibly delisted; no timezone found
$ETFC: possibly delisted; no timezone found

1 Failed download:
['ETFC']: possibly delisted; no timezone found
$FB: Data doesn't exist for startDate = 1514005200, endDate = 1514955600

1 Failed download:
['FB']: Data doesn't exist for startDate = 1514005200, endDate = 1514955600
$FBHS: possibly delisted; no timezone found
$FBHS: possibly delisted; no timezone found

1 Failed download:
['FBHS']: possibly delisted; no timezone found
$FL: possibly delisted; no timezone found
$FLIR: possibly delisted; no timezone found
$FLIR: possibly delisted; no timezone found
$FL: possibly delisted; no timezone found

1 Failed download:
['FLIR']: possibly delisted; no timezone found

1 Failed download:
['FL']: possibly delisted; no timezone found
$GGP: possibly delisted; no price data found  (1d 1927-10-10 -> 2026-09-15)
$FOX: Data doesn't exist for startDate = 1514005200, endDate = 1552363200

1 Failed download:
['FOX']: Data doesn't exist for startDate = 1514005200, endDate = 1552363200
$FOXA: Data doesn't exist for startDate = 1514005200, endDate = 1552276800

1 Failed download:
['FOXA']: Data doesn't exist for startDate = 1514005200, endDate = 1552276800
$GGP: possibly delisted; no price data found  (1d 2017-12-23 -> 2018-01-03)

1 Failed download:
['GGP']: possibly delisted; no price data found  (1d 2017-12-23 -> 2018-01-03)
$GPS: possibly delisted; no timezone found
$GPS: possibly delisted; no timezone found

1 Failed download:
['GPS']: possibly delisted; no timezone found
$HCP: possibly delisted; no timezone found
$HCP: possibly delisted; no timezone found

1 Failed download:
['HCP']: possibly delisted; no timezone found
$HBI: possibly delisted; no timezone found
$HBI: possibly delisted; no timezone found

1 Failed download:
['HBI']: possibly delisted; no timezone found
$HES: possibly delisted; no timezone found
$HES: possibly delisted; no timezone found

1 Failed download:
['HES']: possibly delisted; no timezone found
$HOLX: possibly delisted; no timezone found
$HOLX: possibly delisted; no timezone found

1 Failed download:
['HOLX']: possibly delisted; no timezone found
$HRS: possibly delisted; no timezone found
$HRS: possibly delisted; no timezone found

1 Failed download:
['HRS']: possibly delisted; no timezone found
$INFO: Data doesn't exist for startDate = 1514005200, endDate = 1514955600

1 Failed download:
['INFO']: Data doesn't exist for startDate = 1514005200, endDate = 1514955600
$IPG: possibly delisted; no timezone found
$IPG: possibly delisted; no timezone found

1 Failed download:
['IPG']: possibly delisted; no timezone found
$IQV: possibly delisted; no price data found  (1d 2017-12-23 -> 2017-12-25)

1 Failed download:
['IQV']: possibly delisted; no price data found  (1d 2017-12-23 -> 2017-12-25)
$JEC: possibly delisted; no timezone found
$JEC: possibly delisted; no timezone found

1 Failed download:
['JEC']: possibly delisted; no timezone found
$JNPR: possibly delisted; no timezone found
$JNPR: possibly delisted; no timezone found

1 Failed download:
['JNPR']: possibly delisted; no timezone found
$JWN: possibly delisted; no timezone found
$K: possibly delisted; no timezone found
$JWN: possibly delisted; no timezone found
$K: possibly delisted; no timezone found

1 Failed download:
['JWN']: possibly delisted; no timezone found

1 Failed download:
['K']: possibly delisted; no timezone found
$KORS: possibly delisted; no price data found  (1d 1927-10-10 -> 2026-09-15)
$KORS: possibly delisted; no price data found  (1d 2017-12-23 -> 2018-01-03)

1 Failed download:
['KORS']: possibly delisted; no price data found  (1d 2017-12-23 -> 2018-01-03)
$KSU: possibly delisted; no timezone found
$LEG: Data doesn't exist for startDate = 1514005200, endDate = 1514955600
$LB: Data doesn't exist for startDate = 1514005200, endDate = 1514955600

1 Failed download:
['LB']: Data doesn't exist for startDate = 1514005200, endDate = 1514955600

1 Failed download:
['LEG']: Data doesn't exist for startDate = 1514005200, endDate = 1514955600
$KSU: possibly delisted; no timezone found

1 Failed download:
['KSU']: possibly delisted; no timezone found
$LLL: possibly delisted; no timezone found
$LLL: possibly delisted; no timezone found

1 Failed download:
['LLL']: possibly delisted; no timezone found
$MMC: possibly delisted; no timezone found
$MGM: possibly delisted; no price data found  (1d 2017-12-23 -> 2017-12-25)

1 Failed download:
['MGM']: possibly delisted; no price data found  (1d 2017-12-23 -> 2017-12-25)
$MMC: possibly delisted; no timezone found

1 Failed download:
['MMC']: possibly delisted; no timezone found
$MON: possibly delisted; no timezone found
$MON: possibly delisted; no timezone found

1 Failed download:
['MON']: possibly delisted; no timezone found
$MRO: possibly delisted; no timezone found
$MRO: possibly delisted; no timezone found

1 Failed download:
['MRO']: possibly delisted; no timezone found
$MYL: possibly delisted; no timezone found
$MYL: possibly delisted; no timezone found

1 Failed download:
['MYL']: possibly delisted; no timezone found
$NBL: possibly delisted; no timezone found
$NBL: possibly delisted; no timezone found

1 Failed download:
['NBL']: possibly delisted; no timezone found
$NCLH: possibly delisted; no price data found  (1d 2017-12-23 -> 2017-12-25)

1 Failed download:
['NCLH']: possibly delisted; no price data found  (1d 2017-12-23 -> 2017-12-25)
$NFX: Data doesn't exist for startDate = 1514005200, endDate = 1514955600

1 Failed download:
['NFX']: Data doesn't exist for startDate = 1514005200, endDate = 1514955600
$NLSN: possibly delisted; no timezone found
$NLSN: possibly delisted; no timezone found

1 Failed download:
['NLSN']: possibly delisted; no timezone found
$PBCT: possibly delisted; no timezone found
$PBCT: possibly delisted; no timezone found

1 Failed download:
['PBCT']: possibly delisted; no timezone found
$PDCO: possibly delisted; no timezone found
$PDCO: possibly delisted; no timezone found

1 Failed download:
['PDCO']: possibly delisted; no timezone found
$PKI: possibly delisted; no timezone found
$PKI: possibly delisted; no timezone found

1 Failed download:
['PKI']: possibly delisted; no timezone found
$PKG: possibly delisted; no price data found  (1d 2017-12-23 -> 2017-12-25)

1 Failed download:
['PKG']: possibly delisted; no price data found  (1d 2017-12-23 -> 2017-12-25)
$PX: possibly delisted; no timezone found
$PX: possibly delisted; no timezone found
$PXD: possibly delisted; no timezone found

1 Failed download:
['PX']: possibly delisted; no timezone found
$PXD: possibly delisted; no timezone found

1 Failed download:
['PXD']: possibly delisted; no timezone found
$RE: possibly delisted; no timezone found
$RE: possibly delisted; no timezone found

1 Failed download:
['RE']: possibly delisted; no timezone found
$RHT: possibly delisted; no timezone found
$RHT: possibly delisted; no timezone found

1 Failed download:
['RHT']: possibly delisted; no timezone found
$RTN: possibly delisted; no timezone found
$RTN: possibly delisted; no timezone found

1 Failed download:
['RTN']: possibly delisted; no timezone found
$RMD: possibly delisted; no price data found  (1d 2017-12-23 -> 2017-12-25)

1 Failed download:
['RMD']: possibly delisted; no price data found  (1d 2017-12-23 -> 2017-12-25)
$SEE: possibly delisted; no timezone found
$SEE: possibly delisted; no timezone found

1 Failed download:
['SEE']: possibly delisted; no timezone found
$SBAC: possibly delisted; no price data found  (1d 2017-12-23 -> 2017-12-25)

1 Failed download:
$SNI: possibly delisted; no price data found  (1d 1927-10-10 -> 2026-09-15)
['SBAC']: possibly delisted; no price data found  (1d 2017-12-23 -> 2017-12-25)
$SNI: possibly delisted; no price data found  (1d 2017-12-23 -> 2018-01-03)

1 Failed download:
['SNI']: possibly delisted; no price data found  (1d 2017-12-23 -> 2018-01-03)
$SRCL: possibly delisted; no timezone found
$SRCL: possibly delisted; no timezone found

1 Failed download:
['SRCL']: possibly delisted; no timezone found
$STI: Data doesn't exist for startDate = 1514005200, endDate = 1514955600

1 Failed download:
['STI']: Data doesn't exist for startDate = 1514005200, endDate = 1514955600
$SYMC: possibly delisted; no timezone found
$SYMC: possibly delisted; no timezone found

1 Failed download:
['SYMC']: possibly delisted; no timezone found
$TMK: possibly delisted; no timezone found
$TIF: possibly delisted; no timezone found
$TMK: possibly delisted; no timezone found

1 Failed download:
['TMK']: possibly delisted; no timezone found
$TIF: possibly delisted; no timezone found

1 Failed download:
['TIF']: possibly delisted; no timezone found
$TSS: possibly delisted; no timezone found
$TSS: possibly delisted; no timezone found

1 Failed download:
['TSS']: possibly delisted; no timezone found
$UTX: possibly delisted; no timezone found
$UTX: possibly delisted; no timezone found

1 Failed download:
['UTX']: possibly delisted; no timezone found
$VIAB: possibly delisted; no timezone found
$VAR: possibly delisted; no timezone found
$VIAB: possibly delisted; no timezone found

1 Failed download:
['VIAB']: possibly delisted; no timezone found
$VAR: possibly delisted; no timezone found

1 Failed download:
['VAR']: possibly delisted; no timezone found
$WBA: possibly delisted; no timezone found
$WBA: possibly delisted; no timezone found

1 Failed download:
['WBA']: possibly delisted; no timezone found
$WLTW: possibly delisted; no timezone found
$WLTW: possibly delisted; no timezone found

1 Failed download:
['WLTW']: possibly delisted; no timezone found
$WYND: possibly delisted; no timezone found
$WRK: possibly delisted; no timezone found
$WYND: possibly delisted; no timezone found

1 Failed download:
['WYND']: possibly delisted; no timezone found
$WRK: possibly delisted; no timezone found

1 Failed download:
['WRK']: possibly delisted; no timezone found
$XEC: possibly delisted; no timezone found
$XLNX: possibly delisted; no timezone found
$XEC: possibly delisted; no timezone found
$XL: possibly delisted; no timezone found
$XLNX: possibly delisted; no timezone found
$XL: possibly delisted; no timezone found

1 Failed download:
['XEC']: possibly delisted; no timezone found

1 Failed download:
['XLNX']: possibly delisted; no timezone found

1 Failed download:
['XL']: possibly delisted; no timezone found
[h11]     [2/4] 2018-01-02: picks=['BA', 'AMZN', 'SHW'] (pool=40, 후보=39, 54.2s)
$ABC: possibly delisted; no timezone found
$ABMD: possibly delisted; no timezone found
$ABC: possibly delisted; no timezone found

1 Failed download:
['ABC']: possibly delisted; no timezone found
$ABMD: possibly delisted; no timezone found

1 Failed download:
['ABMD']: possibly delisted; no timezone found
$ADS: possibly delisted; no timezone found
$ADS: possibly delisted; no timezone found

1 Failed download:
['ADS']: possibly delisted; no timezone found
$AGN: possibly delisted; no timezone found
$AGN: possibly delisted; no timezone found

1 Failed download:
['AGN']: possibly delisted; no timezone found
$ALXN: possibly delisted; no timezone found
$ALXN: possibly delisted; no timezone found

1 Failed download:
['ALXN']: possibly delisted; no timezone found
$ANSS: possibly delisted; no timezone found
$ANSS: possibly delisted; no timezone found

1 Failed download:
['ANSS']: possibly delisted; no timezone found
$ANTM: possibly delisted; no timezone found
$ANTM: possibly delisted; no timezone found

1 Failed download:
['ANTM']: possibly delisted; no timezone found
$ARNC: possibly delisted; no timezone found
$ARNC: possibly delisted; no timezone found
$APC: Data doesn't exist for startDate = 1529640000, endDate = 1530590400

1 Failed download:
['ARNC']: possibly delisted; no timezone found

1 Failed download:
['APC']: Data doesn't exist for startDate = 1529640000, endDate = 1530590400
$ATVI: possibly delisted; no timezone found
$ATVI: possibly delisted; no timezone found

1 Failed download:
['ATVI']: possibly delisted; no timezone found
$AVB: Data doesn't exist for startDate = 1529640000, endDate = 1784174400

1 Failed download:
['AVB']: Data doesn't exist for startDate = 1529640000, endDate = 1784174400
$BHGE: possibly delisted; no timezone found
$BHGE: possibly delisted; no timezone found

1 Failed download:
['BHGE']: possibly delisted; no timezone found
$BK: possibly delisted; no timezone found
$BK: possibly delisted; no timezone found

1 Failed download:
['BK']: possibly delisted; no timezone found
$BLL: possibly delisted; no timezone found
$BLL: possibly delisted; no timezone found

1 Failed download:
['BLL']: possibly delisted; no timezone found
$CA: possibly delisted; no timezone found
$CA: possibly delisted; no timezone found

1 Failed download:
['CA']: possibly delisted; no timezone found
$CBS: possibly delisted; no timezone found
$CBS: possibly delisted; no timezone found

1 Failed download:
['CBS']: possibly delisted; no timezone found
$CERN: possibly delisted; no timezone found
$CERN: possibly delisted; no timezone found
$CELG: possibly delisted; no timezone found
$CELG: possibly delisted; no timezone found

1 Failed download:
['CERN']: possibly delisted; no timezone found

1 Failed download:
['CELG']: possibly delisted; no timezone found
$CMA: possibly delisted; no timezone found
$CMA: possibly delisted; no timezone found

1 Failed download:
['CMA']: possibly delisted; no timezone found
$COG: possibly delisted; no timezone found
$COG: possibly delisted; no timezone found

1 Failed download:
['COG']: possibly delisted; no timezone found
$CTL: possibly delisted; no timezone found
$CTL: possibly delisted; no timezone found

1 Failed download:
['CTL']: possibly delisted; no timezone found
$CXO: possibly delisted; no timezone found
$CTXS: possibly delisted; no timezone found
$CXO: possibly delisted; no timezone found

1 Failed download:
['CXO']: possibly delisted; no timezone found
$CTXS: possibly delisted; no timezone found

1 Failed download:
['CTXS']: possibly delisted; no timezone found
$DFS: possibly delisted; no timezone found
$DFS: possibly delisted; no timezone found

1 Failed download:
['DFS']: possibly delisted; no timezone found
$DISCK: possibly delisted; no timezone found
$DISCK: possibly delisted; no timezone found

1 Failed download:
['DISCK']: possibly delisted; no timezone found
$DISCA: possibly delisted; no timezone found
$DRE: possibly delisted; no timezone found
$DRE: possibly delisted; no timezone found
$DISCA: possibly delisted; no timezone found

1 Failed download:
['DISCA']: possibly delisted; no timezone found

1 Failed download:
['DRE']: possibly delisted; no timezone found
$DISH: possibly delisted; no timezone found
$DISH: possibly delisted; no timezone found

1 Failed download:
['DISH']: possibly delisted; no timezone found
$DWDP: possibly delisted; no timezone found
$EA: Data doesn't exist for startDate = 1529640000, endDate = 1784174400
$DWDP: possibly delisted; no timezone found

1 Failed download:
['DWDP']: possibly delisted; no timezone found

1 Failed download:
['EA']: Data doesn't exist for startDate = 1529640000, endDate = 1784174400
$EQR: Data doesn't exist for startDate = 1529640000, endDate = 1784174400

1 Failed download:
['EQR']: Data doesn't exist for startDate = 1529640000, endDate = 1784174400
$ETFC: possibly delisted; no timezone found
$ETFC: possibly delisted; no timezone found

1 Failed download:
['ETFC']: possibly delisted; no timezone found
$FB: Data doesn't exist for startDate = 1529640000, endDate = 1530590400

1 Failed download:
['FB']: Data doesn't exist for startDate = 1529640000, endDate = 1530590400
$FBHS: possibly delisted; no timezone found
$FBHS: possibly delisted; no timezone found

1 Failed download:
['FBHS']: possibly delisted; no timezone found
$FLIR: possibly delisted; no timezone found
$FL: possibly delisted; no timezone found
$FLIR: possibly delisted; no timezone found

1 Failed download:
['FLIR']: possibly delisted; no timezone found
$FL: possibly delisted; no timezone found

1 Failed download:
['FL']: possibly delisted; no timezone found
$FLT: possibly delisted; no timezone found
$FLT: possibly delisted; no timezone found

1 Failed download:
['FLT']: possibly delisted; no timezone found
$FOX: Data doesn't exist for startDate = 1529640000, endDate = 1552363200
$FOXA: Data doesn't exist for startDate = 1529640000, endDate = 1552276800

1 Failed download:
['FOX']: Data doesn't exist for startDate = 1529640000, endDate = 1552363200

1 Failed download:
['FOXA']: Data doesn't exist for startDate = 1529640000, endDate = 1552276800
$GGP: possibly delisted; no price data found  (1d 1927-10-10 -> 2026-09-15)
$GGP: possibly delisted; no price data found  (1d 2018-06-22 -> 2018-07-03)

1 Failed download:
['GGP']: possibly delisted; no price data found  (1d 2018-06-22 -> 2018-07-03)
$GPS: possibly delisted; no timezone found
$GPS: possibly delisted; no timezone found

1 Failed download:
['GPS']: possibly delisted; no timezone found
$HCP: possibly delisted; no timezone found
$HBI: possibly delisted; no timezone found
$HBI: possibly delisted; no timezone found

1 Failed download:
$HCP: possibly delisted; no timezone found
['HBI']: possibly delisted; no timezone found

1 Failed download:
['HCP']: possibly delisted; no timezone found
$HES: possibly delisted; no timezone found
$HES: possibly delisted; no timezone found

1 Failed download:
['HES']: possibly delisted; no timezone found
$HFC: possibly delisted; no timezone found
$HFC: possibly delisted; no timezone found

1 Failed download:
['HFC']: possibly delisted; no timezone found
$HOLX: possibly delisted; no timezone found
$HRS: possibly delisted; no timezone found
$HOLX: possibly delisted; no timezone found
$HRS: possibly delisted; no timezone found

1 Failed download:
['HRS']: possibly delisted; no timezone found

1 Failed download:
['HOLX']: possibly delisted; no timezone found
$IPG: possibly delisted; no timezone found
$IPG: possibly delisted; no timezone found

1 Failed download:
['IPG']: possibly delisted; no timezone found
$INFO: Data doesn't exist for startDate = 1529640000, endDate = 1530590400

1 Failed download:
['INFO']: Data doesn't exist for startDate = 1529640000, endDate = 1530590400
$JEC: possibly delisted; no timezone found
$JEC: possibly delisted; no timezone found

1 Failed download:
['JEC']: possibly delisted; no timezone found
$JNPR: possibly delisted; no timezone found
$JNPR: possibly delisted; no timezone found

1 Failed download:
['JNPR']: possibly delisted; no timezone found
$JWN: possibly delisted; no timezone found
$K: possibly delisted; no timezone found
$JWN: possibly delisted; no timezone found

1 Failed download:
['JWN']: possibly delisted; no timezone found
$K: possibly delisted; no timezone found

1 Failed download:
['K']: possibly delisted; no timezone found
$KORS: possibly delisted; no price data found  (1d 1927-10-10 -> 2026-09-15)
$KORS: possibly delisted; no price data found  (1d 2018-06-22 -> 2018-07-03)

1 Failed download:
['KORS']: possibly delisted; no price data found  (1d 2018-06-22 -> 2018-07-03)
$KSU: possibly delisted; no timezone found
$LB: Data doesn't exist for startDate = 1529640000, endDate = 1530590400

1 Failed download:
['LB']: Data doesn't exist for startDate = 1529640000, endDate = 1530590400
$LLL: possibly delisted; no timezone found
$KSU: possibly delisted; no timezone found
$LEG: Data doesn't exist for startDate = 1529640000, endDate = 1530590400

1 Failed download:
['KSU']: possibly delisted; no timezone found
$LLL: possibly delisted; no timezone found

1 Failed download:

1 Failed download:
['LEG']: Data doesn't exist for startDate = 1529640000, endDate = 1530590400
['LLL']: possibly delisted; no timezone found
$MMC: possibly delisted; no timezone found
$MMC: possibly delisted; no timezone found

1 Failed download:
['MMC']: possibly delisted; no timezone found
$MRO: possibly delisted; no timezone found
$MRO: possibly delisted; no timezone found

1 Failed download:
['MRO']: possibly delisted; no timezone found
$MYL: possibly delisted; no timezone found
$MYL: possibly delisted; no timezone found
$NBL: possibly delisted; no timezone found

1 Failed download:
['MYL']: possibly delisted; no timezone found
$NBL: possibly delisted; no timezone found

1 Failed download:
['NBL']: possibly delisted; no timezone found
$NLSN: possibly delisted; no timezone found
$NLSN: possibly delisted; no timezone found

1 Failed download:
['NLSN']: possibly delisted; no timezone found
$NFX: Data doesn't exist for startDate = 1529640000, endDate = 1530590400

1 Failed download:
['NFX']: Data doesn't exist for startDate = 1529640000, endDate = 1530590400
$PBCT: possibly delisted; no timezone found
$PBCT: possibly delisted; no timezone found

1 Failed download:
['PBCT']: possibly delisted; no timezone found
$PKI: possibly delisted; no timezone found
$PKI: possibly delisted; no timezone found

1 Failed download:
['PKI']: possibly delisted; no timezone found
$PX: possibly delisted; no timezone found
$PXD: possibly delisted; no timezone found
$PXD: possibly delisted; no timezone found

1 Failed download:
['PXD']: possibly delisted; no timezone found
$PX: possibly delisted; no timezone found

1 Failed download:
['PX']: possibly delisted; no timezone found
$RE: possibly delisted; no timezone found
$RE: possibly delisted; no timezone found

1 Failed download:
['RE']: possibly delisted; no timezone found
$RHT: possibly delisted; no timezone found
$RHT: possibly delisted; no timezone found

1 Failed download:
['RHT']: possibly delisted; no timezone found
$RTN: possibly delisted; no timezone found
$RTN: possibly delisted; no timezone found

1 Failed download:
['RTN']: possibly delisted; no timezone found
$SEE: possibly delisted; no timezone found
$SEE: possibly delisted; no timezone found

1 Failed download:
['SEE']: possibly delisted; no timezone found
$SIVB: possibly delisted; no timezone found
$SIVB: possibly delisted; no timezone found

1 Failed download:
['SIVB']: possibly delisted; no timezone found
$SRCL: possibly delisted; no timezone found
$SRCL: possibly delisted; no timezone found

1 Failed download:
['SRCL']: possibly delisted; no timezone found
$STI: Data doesn't exist for startDate = 1529640000, endDate = 1530590400

1 Failed download:
['STI']: Data doesn't exist for startDate = 1529640000, endDate = 1530590400
$SYMC: possibly delisted; no timezone found
$SYMC: possibly delisted; no timezone found

1 Failed download:
['SYMC']: possibly delisted; no timezone found
$TIF: possibly delisted; no timezone found
$TIF: possibly delisted; no timezone found

1 Failed download:
['TIF']: possibly delisted; no timezone found
$TMK: possibly delisted; no timezone found
$TMK: possibly delisted; no timezone found

1 Failed download:
['TMK']: possibly delisted; no timezone found
$TSS: possibly delisted; no timezone found
$TSS: possibly delisted; no timezone found

1 Failed download:
['TSS']: possibly delisted; no timezone found
$TWTR: possibly delisted; no timezone found
$TWTR: possibly delisted; no timezone found

1 Failed download:
['TWTR']: possibly delisted; no timezone found
$UTX: possibly delisted; no timezone found
$UTX: possibly delisted; no timezone found

1 Failed download:
['UTX']: possibly delisted; no timezone found
$VAR: possibly delisted; no timezone found
$VAR: possibly delisted; no timezone found

1 Failed download:
['VAR']: possibly delisted; no timezone found
$VIAB: possibly delisted; no timezone found
$VIAB: possibly delisted; no timezone found

1 Failed download:
['VIAB']: possibly delisted; no timezone found
$WBA: possibly delisted; no timezone found
$WBA: possibly delisted; no timezone found

1 Failed download:
['WBA']: possibly delisted; no timezone found
$WLTW: possibly delisted; no timezone found
$WLTW: possibly delisted; no timezone found

1 Failed download:
['WLTW']: possibly delisted; no timezone found
$WRK: possibly delisted; no timezone found
$WRK: possibly delisted; no timezone found

1 Failed download:
['WRK']: possibly delisted; no timezone found
$XEC: possibly delisted; no timezone found
$XEC: possibly delisted; no timezone found

1 Failed download:
['XEC']: possibly delisted; no timezone found
$XLNX: possibly delisted; no timezone found
$XLNX: possibly delisted; no timezone found
$XL: possibly delisted; no timezone found
$XL: possibly delisted; no timezone found

1 Failed download:
['XLNX']: possibly delisted; no timezone found

1 Failed download:
['XL']: possibly delisted; no timezone found
[h11]     [3/4] 2018-07-02: picks=['AMZN', 'BA', 'ILMN'] (pool=40, 후보=38, 54.6s)
$ABMD: possibly delisted; no timezone found
$ABC: possibly delisted; no timezone found
$ABMD: possibly delisted; no timezone found

1 Failed download:
['ABMD']: possibly delisted; no timezone found
$ABC: possibly delisted; no timezone found

1 Failed download:
['ABC']: possibly delisted; no timezone found
$ADS: possibly delisted; no timezone found
$ADS: possibly delisted; no timezone found

1 Failed download:
['ADS']: possibly delisted; no timezone found
$AGN: possibly delisted; no timezone found
$AGN: possibly delisted; no timezone found

1 Failed download:
['AGN']: possibly delisted; no timezone found
$ALXN: possibly delisted; no timezone found
$ALXN: possibly delisted; no timezone found

1 Failed download:
['ALXN']: possibly delisted; no timezone found
$ANSS: possibly delisted; no timezone found
$ANSS: possibly delisted; no timezone found

1 Failed download:
['ANSS']: possibly delisted; no timezone found
$ANET: possibly delisted; no price data found  (1d 2018-12-23 -> 2018-12-23)
$ANTM: possibly delisted; no timezone found
$ANTM: possibly delisted; no timezone found

1 Failed download:
['ANET']: possibly delisted; no price data found  (1d 2018-12-23 -> 2018-12-23)

1 Failed download:
['ANTM']: possibly delisted; no timezone found
$ARNC: possibly delisted; no timezone found
$APC: Data doesn't exist for startDate = 1545541200, endDate = 1546491600

1 Failed download:
['APC']: Data doesn't exist for startDate = 1545541200, endDate = 1546491600
$ARNC: possibly delisted; no timezone found
$ATVI: possibly delisted; no timezone found

1 Failed download:
['ARNC']: possibly delisted; no timezone found
$ATVI: possibly delisted; no timezone found

1 Failed download:
['ATVI']: possibly delisted; no timezone found
$AVB: Data doesn't exist for startDate = 1545541200, endDate = 1784174400

1 Failed download:
['AVB']: Data doesn't exist for startDate = 1545541200, endDate = 1784174400
$BHGE: possibly delisted; no timezone found
$BHGE: possibly delisted; no timezone found

1 Failed download:
['BHGE']: possibly delisted; no timezone found
$BK: possibly delisted; no timezone found
$BK: possibly delisted; no timezone found

1 Failed download:
['BK']: possibly delisted; no timezone found
$BLL: possibly delisted; no timezone found
$BLL: possibly delisted; no timezone found

1 Failed download:
['BLL']: possibly delisted; no timezone found
$CBS: possibly delisted; no timezone found
$CBS: possibly delisted; no timezone found

1 Failed download:
['CBS']: possibly delisted; no timezone found
$CERN: possibly delisted; no timezone found
$CERN: possibly delisted; no timezone found

1 Failed download:
['CERN']: possibly delisted; no timezone found
$CELG: possibly delisted; no timezone found
$CELG: possibly delisted; no timezone found

1 Failed download:
['CELG']: possibly delisted; no timezone found
$CMA: possibly delisted; no timezone found
$CMA: possibly delisted; no timezone found

1 Failed download:
['CMA']: possibly delisted; no timezone found
$COG: possibly delisted; no timezone found
$COG: possibly delisted; no timezone found

1 Failed download:
['COG']: possibly delisted; no timezone found
$CTL: possibly delisted; no timezone found
$CTL: possibly delisted; no timezone found

1 Failed download:
['CTL']: possibly delisted; no timezone found
$CXO: possibly delisted; no timezone found
$CTXS: possibly delisted; no timezone found
$CXO: possibly delisted; no timezone found
$CTXS: possibly delisted; no timezone found

1 Failed download:
['CXO']: possibly delisted; no timezone found

1 Failed download:
['CTXS']: possibly delisted; no timezone found
$DFS: possibly delisted; no timezone found
$DFS: possibly delisted; no timezone found

1 Failed download:
['DFS']: possibly delisted; no timezone found
$DISCA: possibly delisted; no timezone found
$DISCK: possibly delisted; no timezone found
$DISH: possibly delisted; no timezone found
$DISCA: possibly delisted; no timezone found

1 Failed download:
['DISCA']: possibly delisted; no timezone found
$DISCK: possibly delisted; no timezone found
$DISH: possibly delisted; no timezone found

1 Failed download:

1 Failed download:
['DISH']: possibly delisted; no timezone found
['DISCK']: possibly delisted; no timezone found
$DRE: possibly delisted; no timezone found
$DRE: possibly delisted; no timezone found

1 Failed download:
['DRE']: possibly delisted; no timezone found
$DWDP: possibly delisted; no timezone found
$DWDP: possibly delisted; no timezone found

1 Failed download:
['DWDP']: possibly delisted; no timezone found
$EA: Data doesn't exist for startDate = 1545541200, endDate = 1784174400

1 Failed download:
['EA']: Data doesn't exist for startDate = 1545541200, endDate = 1784174400
$EQR: Data doesn't exist for startDate = 1545541200, endDate = 1784174400

1 Failed download:
['EQR']: Data doesn't exist for startDate = 1545541200, endDate = 1784174400
$ETFC: possibly delisted; no timezone found
$ETFC: possibly delisted; no timezone found

1 Failed download:
['ETFC']: possibly delisted; no timezone found
$FANG: possibly delisted; no price data found  (1d 2018-12-23 -> 2018-12-23)

1 Failed download:
['FANG']: possibly delisted; no price data found  (1d 2018-12-23 -> 2018-12-23)
$FBHS: possibly delisted; no timezone found
$FBHS: possibly delisted; no timezone found

1 Failed download:
['FBHS']: possibly delisted; no timezone found
$FB: Data doesn't exist for startDate = 1545541200, endDate = 1546491600

1 Failed download:
['FB']: Data doesn't exist for startDate = 1545541200, endDate = 1546491600
$FL: possibly delisted; no timezone found
$FL: possibly delisted; no timezone found

1 Failed download:
['FL']: possibly delisted; no timezone found
$FLIR: possibly delisted; no timezone found
$FLIR: possibly delisted; no timezone found

1 Failed download:
['FLIR']: possibly delisted; no timezone found
$FLT: possibly delisted; no timezone found
$FLT: possibly delisted; no timezone found

1 Failed download:
['FLT']: possibly delisted; no timezone found
$FRC: possibly delisted; no timezone found
$FOX: Data doesn't exist for startDate = 1545541200, endDate = 1552363200

1 Failed download:
['FOX']: Data doesn't exist for startDate = 1545541200, endDate = 1552363200
$FOXA: Data doesn't exist for startDate = 1545541200, endDate = 1552276800

1 Failed download:
['FOXA']: Data doesn't exist for startDate = 1545541200, endDate = 1552276800
$FRC: possibly delisted; no timezone found

1 Failed download:
['FRC']: possibly delisted; no timezone found
$FTNT: possibly delisted; no price data found  (1d 2018-12-23 -> 2018-12-23)

1 Failed download:
['FTNT']: possibly delisted; no price data found  (1d 2018-12-23 -> 2018-12-23)
$GPS: possibly delisted; no timezone found
$GPS: possibly delisted; no timezone found

1 Failed download:
['GPS']: possibly delisted; no timezone found
$HBI: possibly delisted; no timezone found
$HBI: possibly delisted; no timezone found

1 Failed download:
['HBI']: possibly delisted; no timezone found
$HES: possibly delisted; no timezone found
$HCP: possibly delisted; no timezone found
$HES: possibly delisted; no timezone found

1 Failed download:
['HES']: possibly delisted; no timezone found
$HCP: possibly delisted; no timezone found

1 Failed download:
['HCP']: possibly delisted; no timezone found
$HFC: possibly delisted; no timezone found
$HFC: possibly delisted; no timezone found

1 Failed download:
['HFC']: possibly delisted; no timezone found
$HOLX: possibly delisted; no timezone found
$HOLX: possibly delisted; no timezone found

1 Failed download:
['HOLX']: possibly delisted; no timezone found
$HRS: possibly delisted; no timezone found
$HRS: possibly delisted; no timezone found

1 Failed download:
['HRS']: possibly delisted; no timezone found
$IPG: possibly delisted; no timezone found
$IPG: possibly delisted; no timezone found

1 Failed download:
['IPG']: possibly delisted; no timezone found
$INFO: Data doesn't exist for startDate = 1545541200, endDate = 1546491600

1 Failed download:
['INFO']: Data doesn't exist for startDate = 1545541200, endDate = 1546491600
$JEC: possibly delisted; no timezone found
$JEC: possibly delisted; no timezone found

1 Failed download:
['JEC']: possibly delisted; no timezone found
$JNPR: possibly delisted; no timezone found
$JWN: possibly delisted; no timezone found
$JWN: possibly delisted; no timezone found

1 Failed download:
['JWN']: possibly delisted; no timezone found
$JNPR: possibly delisted; no timezone found

1 Failed download:
['JNPR']: possibly delisted; no timezone found
$K: possibly delisted; no timezone found
$K: possibly delisted; no timezone found

1 Failed download:
['K']: possibly delisted; no timezone found
$JKHY: possibly delisted; no price data found  (1d 2018-12-23 -> 2018-12-23)

1 Failed download:
['JKHY']: possibly delisted; no price data found  (1d 2018-12-23 -> 2018-12-23)
$KEYS: possibly delisted; no price data found  (1d 2018-12-23 -> 2018-12-23)

1 Failed download:
['KEYS']: possibly delisted; no price data found  (1d 2018-12-23 -> 2018-12-23)
$KSU: possibly delisted; no timezone found
$KSU: possibly delisted; no timezone found

1 Failed download:
['KSU']: possibly delisted; no timezone found
$LEG: Data doesn't exist for startDate = 1545541200, endDate = 1546491600
$LB: Data doesn't exist for startDate = 1545541200, endDate = 1546491600

1 Failed download:

1 Failed download:
['LEG']: Data doesn't exist for startDate = 1545541200, endDate = 1546491600
['LB']: Data doesn't exist for startDate = 1545541200, endDate = 1546491600
$LLL: possibly delisted; no timezone found
$LLL: possibly delisted; no timezone found

1 Failed download:
['LLL']: possibly delisted; no timezone found
$LW: possibly delisted; no price data found  (1d 2018-12-23 -> 2018-12-23)

1 Failed download:
['LW']: possibly delisted; no price data found  (1d 2018-12-23 -> 2018-12-23)
$MMC: possibly delisted; no timezone found
$MMC: possibly delisted; no timezone found

1 Failed download:
['MMC']: possibly delisted; no timezone found
$MRO: possibly delisted; no timezone found
$MRO: possibly delisted; no timezone found

1 Failed download:
['MRO']: possibly delisted; no timezone found
$MXIM: possibly delisted; no timezone found
$MXIM: possibly delisted; no timezone found

1 Failed download:
['MXIM']: possibly delisted; no timezone found
$NBL: possibly delisted; no timezone found
$NBL: possibly delisted; no timezone found

1 Failed download:
['NBL']: possibly delisted; no timezone found
$MYL: possibly delisted; no timezone found
$MYL: possibly delisted; no timezone found

1 Failed download:
['MYL']: possibly delisted; no timezone found
$NFX: Data doesn't exist for startDate = 1545541200, endDate = 1546491600
$NLSN: possibly delisted; no timezone found

1 Failed download:
['NFX']: Data doesn't exist for startDate = 1545541200, endDate = 1546491600
$NLSN: possibly delisted; no timezone found

1 Failed download:
['NLSN']: possibly delisted; no timezone found
$PBCT: possibly delisted; no timezone found
$PBCT: possibly delisted; no timezone found

1 Failed download:
['PBCT']: possibly delisted; no timezone found
$PKI: possibly delisted; no timezone found
$PKI: possibly delisted; no timezone found

1 Failed download:
['PKI']: possibly delisted; no timezone found
$PXD: possibly delisted; no timezone found
$PXD: possibly delisted; no timezone found

1 Failed download:
['PXD']: possibly delisted; no timezone found
$RE: possibly delisted; no timezone found
$RE: possibly delisted; no timezone found

1 Failed download:
['RE']: possibly delisted; no timezone found
$RHT: possibly delisted; no timezone found
$RHT: possibly delisted; no timezone found

1 Failed download:
['RHT']: possibly delisted; no timezone found
$RTN: possibly delisted; no timezone found
$ROL: possibly delisted; no price data found  (1d 2018-12-23 -> 2018-12-23)

1 Failed download:
['ROL']: possibly delisted; no price data found  (1d 2018-12-23 -> 2018-12-23)
$RTN: possibly delisted; no timezone found

1 Failed download:
['RTN']: possibly delisted; no timezone found
$SEE: possibly delisted; no timezone found
$SIVB: possibly delisted; no timezone found
$SEE: possibly delisted; no timezone found
$SIVB: possibly delisted; no timezone found

1 Failed download:
['SIVB']: possibly delisted; no timezone found

1 Failed download:
['SEE']: possibly delisted; no timezone found
$STI: Data doesn't exist for startDate = 1545541200, endDate = 1546491600

1 Failed download:
['STI']: Data doesn't exist for startDate = 1545541200, endDate = 1546491600
$SYMC: possibly delisted; no timezone found
$SYMC: possibly delisted; no timezone found

1 Failed download:
['SYMC']: possibly delisted; no timezone found
$TMK: possibly delisted; no timezone found
$TMK: possibly delisted; no timezone found

1 Failed download:
['TMK']: possibly delisted; no timezone found
$TIF: possibly delisted; no timezone found
$TIF: possibly delisted; no timezone found

1 Failed download:
['TIF']: possibly delisted; no timezone found
$TSS: possibly delisted; no timezone found
$TSS: possibly delisted; no timezone found

1 Failed download:
['TSS']: possibly delisted; no timezone found
$TWTR: possibly delisted; no timezone found
$TWTR: possibly delisted; no timezone found

1 Failed download:
['TWTR']: possibly delisted; no timezone found
$UTX: possibly delisted; no timezone found
$UTX: possibly delisted; no timezone found

1 Failed download:
['UTX']: possibly delisted; no timezone found
$VIAB: possibly delisted; no timezone found
$VIAB: possibly delisted; no timezone found
$VAR: possibly delisted; no timezone found
$VAR: possibly delisted; no timezone found

1 Failed download:
['VIAB']: possibly delisted; no timezone found

1 Failed download:
['VAR']: possibly delisted; no timezone found
$WCG: possibly delisted; no timezone found
$WBA: possibly delisted; no timezone found
$WCG: possibly delisted; no timezone found

1 Failed download:
['WCG']: possibly delisted; no timezone found
$WBA: possibly delisted; no timezone found

1 Failed download:
['WBA']: possibly delisted; no timezone found
$WLTW: possibly delisted; no timezone found
$WRK: possibly delisted; no timezone found
$WLTW: possibly delisted; no timezone found
$WRK: possibly delisted; no timezone found

1 Failed download:

1 Failed download:
['WLTW']: possibly delisted; no timezone found
['WRK']: possibly delisted; no timezone found
$XEC: possibly delisted; no timezone found
$XEC: possibly delisted; no timezone found

1 Failed download:
['XEC']: possibly delisted; no timezone found
$XLNX: possibly delisted; no timezone found
$XLNX: possibly delisted; no timezone found

1 Failed download:
['XLNX']: possibly delisted; no timezone found
[h11]     [4/4] 2019-01-02: picks=['MRK', 'PFE', 'NEE'] (pool=40, 후보=18, 54.2s)
[h_corr]   풀 신호 생략(비용 절감) - breadth/pool_corr는 NaN(스위치 항상 ON)으로 채움
[h_corr]   보유종목 상관관계 신호 구축...
/opt/quant/analysis/2026-08-22_regime_conditional_satellite_switch/h12_regime_switch.py:84: FutureWarning: Downcasting object dtype arrays on .fillna, .ffill, .bfill is deprecated and will change in a future version. Call result.infer_objects(copy=False) instead. To opt-in to the future behavior, set `pd.set_option('future.no_silent_downcasting', True)`
  signal_lagged = regime_aligned.shift(1).fillna(False)  # 전일 신호를 오늘 적용(챔피언 관례와 동일)
/opt/quant/analysis/2026-08-22_regime_conditional_satellite_switch/h12_regime_switch.py:84: FutureWarning: Downcasting object dtype arrays on .fillna, .ffill, .bfill is deprecated and will change in a future version. Call result.infer_objects(copy=False) instead. To opt-in to the future behavior, set `pd.set_option('future.no_silent_downcasting', True)`
  signal_lagged = regime_aligned.shift(1).fillna(False)  # 전일 신호를 오늘 적용(챔피언 관례와 동일)
/opt/quant/analysis/2026-08-22_regime_conditional_satellite_switch/h12_regime_switch.py:84: FutureWarning: Downcasting object dtype arrays on .fillna, .ffill, .bfill is deprecated and will change in a future version. Call result.infer_objects(copy=False) instead. To opt-in to the future behavior, set `pd.set_option('future.no_silent_downcasting', True)`
  signal_lagged = regime_aligned.shift(1).fillna(False)  # 전일 신호를 오늘 적용(챔피언 관례와 동일)
/opt/quant/analysis/2026-08-22_regime_conditional_satellite_switch/h12_regime_switch.py:84: FutureWarning: Downcasting object dtype arrays on .fillna, .ffill, .bfill is deprecated and will change in a future version. Call result.infer_objects(copy=False) instead. To opt-in to the future behavior, set `pd.set_option('future.no_silent_downcasting', True)`
  signal_lagged = regime_aligned.shift(1).fillna(False)  # 전일 신호를 오늘 적용(챔피언 관례와 동일)
/opt/quant/analysis/2026-08-22_regime_conditional_satellite_switch/h12_regime_switch.py:84: FutureWarning: Downcasting object dtype arrays on .fillna, .ffill, .bfill is deprecated and will change in a future version. Call result.infer_objects(copy=False) instead. To opt-in to the future behavior, set `pd.set_option('future.no_silent_downcasting', True)`
  signal_lagged = regime_aligned.shift(1).fillna(False)  # 전일 신호를 오늘 적용(챔피언 관례와 동일)
/opt/quant/analysis/2026-08-22_regime_conditional_satellite_switch/h12_regime_switch.py:84: FutureWarning: Downcasting object dtype arrays on .fillna, .ffill, .bfill is deprecated and will change in a future version. Call result.infer_objects(copy=False) instead. To opt-in to the future behavior, set `pd.set_option('future.no_silent_downcasting', True)`
  signal_lagged = regime_aligned.shift(1).fillna(False)  # 전일 신호를 오늘 적용(챔피언 관례와 동일)
/opt/quant/analysis/2026-08-22_regime_conditional_satellite_switch/h12_regime_switch.py:84: FutureWarning: Downcasting object dtype arrays on .fillna, .ffill, .bfill is deprecated and will change in a future version. Call result.infer_objects(copy=False) instead. To opt-in to the future behavior, set `pd.set_option('future.no_silent_downcasting', True)`
  signal_lagged = regime_aligned.shift(1).fillna(False)  # 전일 신호를 오늘 적용(챔피언 관례와 동일)
/opt/quant/analysis/2026-08-22_regime_conditional_satellite_switch/h12_regime_switch.py:84: FutureWarning: Downcasting object dtype arrays on .fillna, .ffill, .bfill is deprecated and will change in a future version. Call result.infer_objects(copy=False) instead. To opt-in to the future behavior, set `pd.set_option('future.no_silent_downcasting', True)`
  signal_lagged = regime_aligned.shift(1).fillna(False)  # 전일 신호를 오늘 적용(챔피언 관례와 동일)
/opt/quant/analysis/2026-08-22_regime_conditional_satellite_switch/h12_regime_switch.py:84: FutureWarning: Downcasting object dtype arrays on .fillna, .ffill, .bfill is deprecated and will change in a future version. Call result.infer_objects(copy=False) instead. To opt-in to the future behavior, set `pd.set_option('future.no_silent_downcasting', True)`
  signal_lagged = regime_aligned.shift(1).fillna(False)  # 전일 신호를 오늘 적용(챔피언 관례와 동일)
/opt/quant/analysis/2026-08-22_regime_conditional_satellite_switch/h12_regime_switch.py:84: FutureWarning: Downcasting object dtype arrays on .fillna, .ffill, .bfill is deprecated and will change in a future version. Call result.infer_objects(copy=False) instead. To opt-in to the future behavior, set `pd.set_option('future.no_silent_downcasting', True)`
  signal_lagged = regime_aligned.shift(1).fillna(False)  # 전일 신호를 오늘 적용(챔피언 관례와 동일)
/opt/quant/analysis/2026-08-22_regime_conditional_satellite_switch/h12_regime_switch.py:84: FutureWarning: Downcasting object dtype arrays on .fillna, .ffill, .bfill is deprecated and will change in a future version. Call result.infer_objects(copy=False) instead. To opt-in to the future behavior, set `pd.set_option('future.no_silent_downcasting', True)`
  signal_lagged = regime_aligned.shift(1).fillna(False)  # 전일 신호를 오늘 적용(챔피언 관례와 동일)
/opt/quant/analysis/2026-08-22_regime_conditional_satellite_switch/h12_regime_switch.py:84: FutureWarning: Downcasting object dtype arrays on .fillna, .ffill, .bfill is deprecated and will change in a future version. Call result.infer_objects(copy=False) instead. To opt-in to the future behavior, set `pd.set_option('future.no_silent_downcasting', True)`
  signal_lagged = regime_aligned.shift(1).fillna(False)  # 전일 신호를 오늘 적용(챔피언 관례와 동일)
/opt/quant/analysis/2026-08-22_regime_conditional_satellite_switch/h12_regime_switch.py:84: FutureWarning: Downcasting object dtype arrays on .fillna, .ffill, .bfill is deprecated and will change in a future version. Call result.infer_objects(copy=False) instead. To opt-in to the future behavior, set `pd.set_option('future.no_silent_downcasting', True)`
  signal_lagged = regime_aligned.shift(1).fillna(False)  # 전일 신호를 오늘 적용(챔피언 관례와 동일)
/opt/quant/analysis/2026-08-22_regime_conditional_satellite_switch/h12_regime_switch.py:84: FutureWarning: Downcasting object dtype arrays on .fillna, .ffill, .bfill is deprecated and will change in a future version. Call result.infer_objects(copy=False) instead. To opt-in to the future behavior, set `pd.set_option('future.no_silent_downcasting', True)`
  signal_lagged = regime_aligned.shift(1).fillna(False)  # 전일 신호를 오늘 적용(챔피언 관례와 동일)
/opt/quant/analysis/2026-08-22_regime_conditional_satellite_switch/h12_regime_switch.py:84: FutureWarning: Downcasting object dtype arrays on .fillna, .ffill, .bfill is deprecated and will change in a future version. Call result.infer_objects(copy=False) instead. To opt-in to the future behavior, set `pd.set_option('future.no_silent_downcasting', True)`
  signal_lagged = regime_aligned.shift(1).fillna(False)  # 전일 신호를 오늘 적용(챔피언 관례와 동일)
/opt/quant/analysis/2026-08-22_regime_conditional_satellite_switch/h12_regime_switch.py:84: FutureWarning: Downcasting object dtype arrays on .fillna, .ffill, .bfill is deprecated and will change in a future version. Call result.infer_objects(copy=False) instead. To opt-in to the future behavior, set `pd.set_option('future.no_silent_downcasting', True)`
  signal_lagged = regime_aligned.shift(1).fillna(False)  # 전일 신호를 오늘 적용(챔피언 관례와 동일)
/opt/quant/analysis/2026-08-22_regime_conditional_satellite_switch/h12_regime_switch.py:84: FutureWarning: Downcasting object dtype arrays on .fillna, .ffill, .bfill is deprecated and will change in a future version. Call result.infer_objects(copy=False) instead. To opt-in to the future behavior, set `pd.set_option('future.no_silent_downcasting', True)`
  signal_lagged = regime_aligned.shift(1).fillna(False)  # 전일 신호를 오늘 적용(챔피언 관례와 동일)
/opt/quant/analysis/2026-08-22_regime_conditional_satellite_switch/h12_regime_switch.py:84: FutureWarning: Downcasting object dtype arrays on .fillna, .ffill, .bfill is deprecated and will change in a future version. Call result.infer_objects(copy=False) instead. To opt-in to the future behavior, set `pd.set_option('future.no_silent_downcasting', True)`
  signal_lagged = regime_aligned.shift(1).fillna(False)  # 전일 신호를 오늘 적용(챔피언 관례와 동일)
/opt/quant/analysis/2026-08-22_regime_conditional_satellite_switch/h12_regime_switch.py:84: FutureWarning: Downcasting object dtype arrays on .fillna, .ffill, .bfill is deprecated and will change in a future version. Call result.infer_objects(copy=False) instead. To opt-in to the future behavior, set `pd.set_option('future.no_silent_downcasting', True)`
  signal_lagged = regime_aligned.shift(1).fillna(False)  # 전일 신호를 오늘 적용(챔피언 관례와 동일)
/opt/quant/analysis/2026-08-22_regime_conditional_satellite_switch/h12_regime_switch.py:84: FutureWarning: Downcasting object dtype arrays on .fillna, .ffill, .bfill is deprecated and will change in a future version. Call result.infer_objects(copy=False) instead. To opt-in to the future behavior, set `pd.set_option('future.no_silent_downcasting', True)`
  signal_lagged = regime_aligned.shift(1).fillna(False)  # 전일 신호를 오늘 적용(챔피언 관례와 동일)
[h_corr]   selloff_2018 완료 (217.9s)
[h_corr] === correction_2015_2016: 코어 구축 2014-06-01~2016-06-30 (pool_signal=False) ===
$XLC: Data doesn't exist for startDate = 1367035200, endDate = 1529294400
$XLRE: Data doesn't exist for startDate = 1367035200, endDate = 1444190400

1 Failed download:
['XLC']: Data doesn't exist for startDate = 1367035200, endDate = 1529294400

1 Failed download:
['XLRE']: Data doesn't exist for startDate = 1367035200, endDate = 1444190400
[h_corr]   새틀라이트(정적보유, point-in-time, 추세추종) 구축...
[h11]   반기 리밸런싱 4회(trend_following): ['2014-07-01', '2015-01-02', '2015-07-01', '2016-01-04']
$AABA: possibly delisted; no timezone found
$AABA: possibly delisted; no timezone found

1 Failed download:
['AABA']: possibly delisted; no timezone found
$ABC: possibly delisted; no timezone found
$ABC: possibly delisted; no timezone found

1 Failed download:
['ABC']: possibly delisted; no timezone found
$ACN: possibly delisted; no price data found  (1d 2014-06-21 -> 2014-06-22)

1 Failed download:
['ACN']: possibly delisted; no price data found  (1d 2014-06-21 -> 2014-06-22)
$ABBV: possibly delisted; no price data found  (1d 2014-06-21 -> 2014-06-22)

1 Failed download:
['ABBV']: possibly delisted; no price data found  (1d 2014-06-21 -> 2014-06-22)
$ADS: possibly delisted; no timezone found
$ADS: possibly delisted; no timezone found

1 Failed download:
['ADS']: possibly delisted; no timezone found
$AGN: possibly delisted; no timezone found
$AGN: possibly delisted; no timezone found

1 Failed download:
['AGN']: possibly delisted; no timezone found
$ADT: Data doesn't exist for startDate = 1403323200, endDate = 1404273600

1 Failed download:
['ADT']: Data doesn't exist for startDate = 1403323200, endDate = 1404273600
$ALTR: possibly delisted; no timezone found
$ALTR: possibly delisted; no timezone found
$ALXN: possibly delisted; no timezone found

1 Failed download:
['ALTR']: possibly delisted; no timezone found
$ALXN: possibly delisted; no timezone found

1 Failed download:
['ALXN']: possibly delisted; no timezone found
$ALLE: possibly delisted; no price data found  (1d 2014-06-21 -> 2014-06-22)

1 Failed download:
['ALLE']: possibly delisted; no price data found  (1d 2014-06-21 -> 2014-06-22)
$AMG: possibly delisted; no price data found  (1d 2014-06-21 -> 2014-06-22)

1 Failed download:
['AMG']: possibly delisted; no price data found  (1d 2014-06-21 -> 2014-06-22)
$ANTM: possibly delisted; no timezone found
$ARG: possibly delisted; no price data found  (1d 1927-10-10 -> 2026-09-15)
$AME: possibly delisted; no price data found  (1d 2014-06-21 -> 2014-06-22)

1 Failed download:
['AME']: possibly delisted; no price data found  (1d 2014-06-21 -> 2014-06-22)
$ANTM: possibly delisted; no timezone found

1 Failed download:
['ANTM']: possibly delisted; no timezone found
$ARNC: possibly delisted; no timezone found
$APC: Data doesn't exist for startDate = 1403323200, endDate = 1404273600
$ARNC: possibly delisted; no timezone found

1 Failed download:
['APC']: Data doesn't exist for startDate = 1403323200, endDate = 1404273600

1 Failed download:
['ARNC']: possibly delisted; no timezone found
$ARG: Data doesn't exist for startDate = 1403323200, endDate = 1404273600
$APTV: possibly delisted; no price data found  (1d 2014-06-21 -> 2014-06-22)

1 Failed download:
['APTV']: possibly delisted; no price data found  (1d 2014-06-21 -> 2014-06-22)

1 Failed download:
['ARG']: Data doesn't exist for startDate = 1403323200, endDate = 1404273600
$AVP: possibly delisted; no timezone found
$AVGO: possibly delisted; no price data found  (1d 2014-06-21 -> 2014-06-22)

1 Failed download:
['AVGO']: possibly delisted; no price data found  (1d 2014-06-21 -> 2014-06-22)
$AVP: possibly delisted; no timezone found

1 Failed download:
['AVP']: possibly delisted; no timezone found
$AVB: Data doesn't exist for startDate = 1403323200, endDate = 1784174400

1 Failed download:
['AVB']: Data doesn't exist for startDate = 1403323200, endDate = 1784174400
$BCR: possibly delisted; no price data found  (1d 1927-10-10 -> 2026-09-15)
$BCR: possibly delisted; no price data found  (1d 2014-06-21 -> 2014-07-02)

1 Failed download:
['BCR']: possibly delisted; no price data found  (1d 2014-06-21 -> 2014-07-02)
$BBBY: Data doesn't exist for startDate = 1403323200, endDate = 1404273600

1 Failed download:
['BBBY']: Data doesn't exist for startDate = 1403323200, endDate = 1404273600
$BK: possibly delisted; no timezone found
$BHGE: possibly delisted; no timezone found
$BK: possibly delisted; no timezone found
$BHGE: possibly delisted; no timezone found

1 Failed download:
['BHGE']: possibly delisted; no timezone found

1 Failed download:
['BK']: possibly delisted; no timezone found
$BRCM: possibly delisted; no price data found  (1d 1927-10-10 -> 2026-09-15)
$BTUUQ: possibly delisted; no price data found  (1d 1927-10-10 -> 2026-09-15)
$BLL: possibly delisted; no timezone found
$BTUUQ: possibly delisted; no price data found  (1d 2014-06-21 -> 2014-07-02)
$BLL: possibly delisted; no timezone found
$BRCM: possibly delisted; no price data found  (1d 2014-06-21 -> 2014-07-02)

1 Failed download:
['BLL']: possibly delisted; no timezone found

1 Failed download:
['BTUUQ']: possibly delisted; no price data found  (1d 2014-06-21 -> 2014-07-02)

1 Failed download:
['BRCM']: possibly delisted; no price data found  (1d 2014-06-21 -> 2014-07-02)
$BKNG: possibly delisted; no price data found  (1d 2014-06-21 -> 2014-06-22)

1 Failed download:
['BKNG']: possibly delisted; no price data found  (1d 2014-06-21 -> 2014-06-22)
$BLK: possibly delisted; no price data found  (1d 2014-06-21 -> 2014-06-22)

1 Failed download:
['BLK']: possibly delisted; no price data found  (1d 2014-06-21 -> 2014-06-22)
$CA: possibly delisted; no timezone found
$CA: possibly delisted; no timezone found

1 Failed download:
['CA']: possibly delisted; no timezone found
$CAM: Data doesn't exist for startDate = 1403323200, endDate = 1404273600

1 Failed download:
['CAM']: Data doesn't exist for startDate = 1403323200, endDate = 1404273600
$CCE: possibly delisted; no price data found  (1d 1927-10-10 -> 2026-09-15)
$BWA: possibly delisted; no price data found  (1d 2014-06-21 -> 2014-06-22)

1 Failed download:
['BWA']: possibly delisted; no price data found  (1d 2014-06-21 -> 2014-06-22)
$CBS: possibly delisted; no timezone found
$CBS: possibly delisted; no timezone found
$CELG: possibly delisted; no timezone found
$CERN: possibly delisted; no timezone found
$CELG: possibly delisted; no timezone found
$CERN: possibly delisted; no timezone found

1 Failed download:
['CBS']: possibly delisted; no timezone found

1 Failed download:
['CELG']: possibly delisted; no timezone found

1 Failed download:
['CERN']: possibly delisted; no timezone found
$CCE: possibly delisted; no price data found  (1d 2014-06-21 -> 2014-07-02)

1 Failed download:
['CCE']: possibly delisted; no price data found  (1d 2014-06-21 -> 2014-07-02)
$CHK: possibly delisted; no timezone found
$CHK: possibly delisted; no timezone found

1 Failed download:
['CHK']: possibly delisted; no timezone found
$CMA: possibly delisted; no timezone found
$CMA: possibly delisted; no timezone found
$CCI: possibly delisted; no price data found  (1d 2014-06-21 -> 2014-06-22)

1 Failed download:
['CMA']: possibly delisted; no timezone found

1 Failed download:
['CCI']: possibly delisted; no price data found  (1d 2014-06-21 -> 2014-06-22)
$CMG: possibly delisted; no price data found  (1d 2014-06-21 -> 2014-06-22)

1 Failed download:
['CMG']: possibly delisted; no price data found  (1d 2014-06-21 -> 2014-06-22)
$COG: possibly delisted; no timezone found
$COG: possibly delisted; no timezone found

1 Failed download:
['COG']: possibly delisted; no timezone found
$CTL: possibly delisted; no timezone found
$CVC: possibly delisted; no price data found  (1d 1927-10-10 -> 2026-09-15)
$CTL: possibly delisted; no timezone found

1 Failed download:
['CTL']: possibly delisted; no timezone found
$CTXS: possibly delisted; no timezone found
$CVC: possibly delisted; no price data found  (1d 2014-06-21 -> 2014-07-02)
$CTXS: possibly delisted; no timezone found

1 Failed download:
['CVC']: possibly delisted; no price data found  (1d 2014-06-21 -> 2014-07-02)

1 Failed download:
['CTXS']: possibly delisted; no timezone found
$DFS: possibly delisted; no timezone found
$DFS: possibly delisted; no timezone found

1 Failed download:
['DFS']: possibly delisted; no timezone found
$DAL: possibly delisted; no price data found  (1d 2014-06-21 -> 2014-06-22)

1 Failed download:
['DAL']: possibly delisted; no price data found  (1d 2014-06-21 -> 2014-06-22)
$DISCA: possibly delisted; no timezone found
$DISCA: possibly delisted; no timezone found

1 Failed download:
['DISCA']: possibly delisted; no timezone found
$DNB: possibly delisted; no timezone found
$DNB: possibly delisted; no timezone found

1 Failed download:
['DNB']: possibly delisted; no timezone found
$DO: possibly delisted; no timezone found
$DNR: possibly delisted; no timezone found
$DO: possibly delisted; no timezone found
$DNR: possibly delisted; no timezone found

1 Failed download:
['DO']: possibly delisted; no timezone found

1 Failed download:
['DNR']: possibly delisted; no timezone found
$DLTR: possibly delisted; no price data found  (1d 2014-06-21 -> 2014-06-22)

1 Failed download:
['DLTR']: possibly delisted; no price data found  (1d 2014-06-21 -> 2014-06-22)
$DTV: possibly delisted; no timezone found
$DTV: possibly delisted; no timezone found

1 Failed download:
['DTV']: possibly delisted; no timezone found
$DOW: Data doesn't exist for startDate = 1403323200, endDate = 1552968000

1 Failed download:
['DOW']: Data doesn't exist for startDate = 1403323200, endDate = 1552968000
$EA: Data doesn't exist for startDate = 1403323200, endDate = 1784174400

1 Failed download:
['EA']: Data doesn't exist for startDate = 1403323200, endDate = 1784174400
$EMC: Data doesn't exist for startDate = 1403323200, endDate = 1404273600
$EQR: Data doesn't exist for startDate = 1403323200, endDate = 1784174400

1 Failed download:
['EMC']: Data doesn't exist for startDate = 1403323200, endDate = 1404273600

1 Failed download:
['EQR']: Data doesn't exist for startDate = 1403323200, endDate = 1784174400
$ESV: possibly delisted; no timezone found
$ETFC: possibly delisted; no timezone found
$ESV: possibly delisted; no timezone found

1 Failed download:
['ESV']: possibly delisted; no timezone found
$ETFC: possibly delisted; no timezone found

1 Failed download:
['ETFC']: possibly delisted; no timezone found
$ESS: possibly delisted; no price data found  (1d 2014-06-21 -> 2014-06-22)

1 Failed download:
['ESS']: possibly delisted; no price data found  (1d 2014-06-21 -> 2014-06-22)
$EW: possibly delisted; no price data found  (1d 2014-06-21 -> 2014-06-22)

1 Failed download:
['EW']: possibly delisted; no price data found  (1d 2014-06-21 -> 2014-06-22)
$FB: Data doesn't exist for startDate = 1403323200, endDate = 1404273600

1 Failed download:
['FB']: Data doesn't exist for startDate = 1403323200, endDate = 1404273600
$FLIR: possibly delisted; no timezone found
$FLIR: possibly delisted; no timezone found

1 Failed download:
['FLIR']: possibly delisted; no timezone found
$FFIV: possibly delisted; no price data found  (1d 2014-06-21 -> 2014-06-22)

1 Failed download:
['FFIV']: possibly delisted; no price data found  (1d 2014-06-21 -> 2014-06-22)
$GAS: possibly delisted; no price data found  (1d 1927-10-10 -> 2026-09-15)
$FTR: possibly delisted; no timezone found
$GAS: possibly delisted; no price data found  (1d 2014-06-21 -> 2014-07-02)

1 Failed download:
['GAS']: possibly delisted; no price data found  (1d 2014-06-21 -> 2014-07-02)
$FOSL: possibly delisted; no price data found  (1d 2014-06-21 -> 2014-06-22)

1 Failed download:
['FOSL']: possibly delisted; no price data found  (1d 2014-06-21 -> 2014-06-22)
$FTR: possibly delisted; no timezone found

1 Failed download:
['FTR']: possibly delisted; no timezone found
$GGP: possibly delisted; no price data found  (1d 1927-10-10 -> 2026-09-15)
$FOXA: Data doesn't exist for startDate = 1403323200, endDate = 1552276800

1 Failed download:
['FOXA']: Data doesn't exist for startDate = 1403323200, endDate = 1552276800
$GMCR: possibly delisted; no price data found  (1d 1927-10-10 -> 2026-09-15)
$GGP: possibly delisted; no price data found  (1d 2014-06-21 -> 2014-07-02)

1 Failed download:
['GGP']: possibly delisted; no price data found  (1d 2014-06-21 -> 2014-07-02)
$GMCR: possibly delisted; no price data found  (1d 2014-06-21 -> 2014-07-02)
$FMC: possibly delisted; no price data found  (1d 2014-06-21 -> 2014-06-22)

1 Failed download:
['GMCR']: possibly delisted; no price data found  (1d 2014-06-21 -> 2014-07-02)

1 Failed download:
['FMC']: possibly delisted; no price data found  (1d 2014-06-21 -> 2014-06-22)
$GPS: possibly delisted; no timezone found
$GPS: possibly delisted; no timezone found

1 Failed download:
['GPS']: possibly delisted; no timezone found
$GM: possibly delisted; no price data found  (1d 2014-06-21 -> 2014-06-22)

1 Failed download:
['GM']: possibly delisted; no price data found  (1d 2014-06-21 -> 2014-06-22)
$HAR: possibly delisted; no price data found  (1d 1927-10-10 -> 2026-09-15)
$HCBK: possibly delisted; no price data found  (1d 1927-10-10 -> 2026-09-15)
$HAR: possibly delisted; no price data found  (1d 2014-06-21 -> 2014-07-02)

1 Failed download:
['HAR']: possibly delisted; no price data found  (1d 2014-06-21 -> 2014-07-02)
$HCBK: possibly delisted; no price data found  (1d 2014-06-21 -> 2014-07-02)

1 Failed download:
['HCBK']: possibly delisted; no price data found  (1d 2014-06-21 -> 2014-07-02)
$GRMN: possibly delisted; no price data found  (1d 2014-06-21 -> 2014-06-22)

1 Failed download:
['GRMN']: possibly delisted; no price data found  (1d 2014-06-21 -> 2014-06-22)
$HCP: possibly delisted; no timezone found
$HES: possibly delisted; no timezone found
$HCP: possibly delisted; no timezone found

1 Failed download:
['HCP']: possibly delisted; no timezone found
$HES: possibly delisted; no timezone found

1 Failed download:
['HES']: possibly delisted; no timezone found
$HSP: possibly delisted; no price data found  (1d 1927-10-10 -> 2026-09-15)
$HOT: possibly delisted; no price data found  (1d 2014-06-21 -> 2015-01-01)

1 Failed download:
['HOT']: possibly delisted; no price data found  (1d 2014-06-21 -> 2015-01-01)
$HRS: possibly delisted; no timezone found
$HSP: possibly delisted; no price data found  (1d 2014-06-21 -> 2014-07-02)

1 Failed download:
['HSP']: possibly delisted; no price data found  (1d 2014-06-21 -> 2014-07-02)
$HRS: possibly delisted; no timezone found

1 Failed download:
['HRS']: possibly delisted; no timezone found
$HP: possibly delisted; no price data found  (1d 2014-06-21 -> 2014-06-22)

1 Failed download:
['HP']: possibly delisted; no price data found  (1d 2014-06-21 -> 2014-06-22)
$IPG: possibly delisted; no timezone found
$IPG: possibly delisted; no timezone found

1 Failed download:
['IPG']: possibly delisted; no timezone found
$IR: Data doesn't exist for startDate = 1403323200, endDate = 1494475200

1 Failed download:
$JEC: possibly delisted; no timezone found
['IR']: Data doesn't exist for startDate = 1403323200, endDate = 1494475200
$JEC: possibly delisted; no timezone found

1 Failed download:
['JEC']: possibly delisted; no timezone found
$JOY: possibly delisted; no price data found  (1d 1927-10-10 -> 2026-09-15)
$JNPR: possibly delisted; no timezone found
$JNPR: possibly delisted; no timezone found

1 Failed download:
['JNPR']: possibly delisted; no timezone found
$JOY: possibly delisted; no price data found  (1d 2014-06-21 -> 2014-07-02)

1 Failed download:
['JOY']: possibly delisted; no price data found  (1d 2014-06-21 -> 2014-07-02)
$JWN: possibly delisted; no timezone found
$K: possibly delisted; no timezone found
$JWN: possibly delisted; no timezone found

1 Failed download:
['JWN']: possibly delisted; no timezone found
$K: possibly delisted; no timezone found

1 Failed download:
['K']: possibly delisted; no timezone found
$KORS: possibly delisted; no price data found  (1d 1927-10-10 -> 2026-09-15)
$KORS: possibly delisted; no price data found  (1d 2014-06-21 -> 2014-07-02)

1 Failed download:
['KORS']: possibly delisted; no price data found  (1d 2014-06-21 -> 2014-07-02)
$KSU: possibly delisted; no timezone found
$KMX: possibly delisted; no price data found  (1d 2014-06-21 -> 2014-06-22)
$KSU: possibly delisted; no timezone found

1 Failed download:
['KMX']: possibly delisted; no price data found  (1d 2014-06-21 -> 2014-06-22)

1 Failed download:
['KSU']: possibly delisted; no timezone found
$LLTC: possibly delisted; no price data found  (1d 1927-10-10 -> 2026-09-15)
$LEG: Data doesn't exist for startDate = 1403323200, endDate = 1404273600

1 Failed download:
['LEG']: Data doesn't exist for startDate = 1403323200, endDate = 1404273600
$LB: Data doesn't exist for startDate = 1403323200, endDate = 1404273600

1 Failed download:
['LB']: Data doesn't exist for startDate = 1403323200, endDate = 1404273600
$LLL: possibly delisted; no timezone found
$LLL: possibly delisted; no timezone found
$LLTC: possibly delisted; no price data found  (1d 2014-06-21 -> 2014-07-02)

1 Failed download:
['LLL']: possibly delisted; no timezone found

1 Failed download:
['LLTC']: possibly delisted; no price data found  (1d 2014-06-21 -> 2014-07-02)
$LM: possibly delisted; no timezone found
$LM: possibly delisted; no timezone found

1 Failed download:
['LM']: possibly delisted; no timezone found
$LRCX: possibly delisted; no price data found  (1d 2014-06-21 -> 2014-06-22)

1 Failed download:
['LRCX']: possibly delisted; no price data found  (1d 2014-06-21 -> 2014-06-22)
$MAC: possibly delisted; no price data found  (1d 2014-06-21 -> 2014-06-22)

1 Failed download:
['MAC']: possibly delisted; no price data found  (1d 2014-06-21 -> 2014-06-22)
$MJN: possibly delisted; no price data found  (1d 1927-10-10 -> 2026-09-15)
$MJN: possibly delisted; no price data found  (1d 2014-06-21 -> 2014-07-02)

1 Failed download:
['MJN']: possibly delisted; no price data found  (1d 2014-06-21 -> 2014-07-02)
$MHK: possibly delisted; no price data found  (1d 2014-06-21 -> 2014-06-22)

1 Failed download:
['MHK']: possibly delisted; no price data found  (1d 2014-06-21 -> 2014-06-22)
$MMC: possibly delisted; no timezone found
$MMC: possibly delisted; no timezone found

1 Failed download:
['MMC']: possibly delisted; no timezone found
$MRO: possibly delisted; no timezone found
$MON: possibly delisted; no timezone found
$MRO: possibly delisted; no timezone found
$MON: possibly delisted; no timezone found

1 Failed download:
['MON']: possibly delisted; no timezone found

1 Failed download:
['MRO']: possibly delisted; no timezone found
$MPC: possibly delisted; no price data found  (1d 2014-06-21 -> 2014-06-22)

1 Failed download:
['MPC']: possibly delisted; no price data found  (1d 2014-06-21 -> 2014-06-22)
$MNST: possibly delisted; no price data found  (1d 2014-06-21 -> 2014-06-22)

1 Failed download:
['MNST']: possibly delisted; no price data found  (1d 2014-06-21 -> 2014-06-22)
$MOS: possibly delisted; no price data found  (1d 2014-06-21 -> 2014-06-22)

1 Failed download:
['MOS']: possibly delisted; no price data found  (1d 2014-06-21 -> 2014-06-22)
$MYL: possibly delisted; no timezone found
$MYL: possibly delisted; no timezone found

1 Failed download:
['MYL']: possibly delisted; no timezone found
$NBL: possibly delisted; no timezone found
$NBL: possibly delisted; no timezone found

1 Failed download:
['NBL']: possibly delisted; no timezone found
$NAVI: possibly delisted; no price data found  (1d 2014-06-21 -> 2014-06-22)

1 Failed download:
['NAVI']: possibly delisted; no price data found  (1d 2014-06-21 -> 2014-06-22)
$NE: Data doesn't exist for startDate = 1403323200, endDate = 1404273600

1 Failed download:
['NE']: Data doesn't exist for startDate = 1403323200, endDate = 1404273600
$NFX: Data doesn't exist for startDate = 1403323200, endDate = 1404273600

1 Failed download:
['NFX']: Data doesn't exist for startDate = 1403323200, endDate = 1404273600
$NLSN: possibly delisted; no timezone found
$NLSN: possibly delisted; no timezone found

1 Failed download:
['NLSN']: possibly delisted; no timezone found
$NRG: possibly delisted; no price data found  (1d 2014-06-21 -> 2014-06-22)

1 Failed download:
['NRG']: possibly delisted; no price data found  (1d 2014-06-21 -> 2014-06-22)
$NWSA: possibly delisted; no price data found  (1d 2014-06-21 -> 2014-06-22)

1 Failed download:
['NWSA']: possibly delisted; no price data found  (1d 2014-06-21 -> 2014-06-22)
$PBCT: possibly delisted; no timezone found
$PBCT: possibly delisted; no timezone found

1 Failed download:
['PBCT']: possibly delisted; no timezone found
$PCP: possibly delisted; no price data found  (1d 1927-10-10 -> 2026-09-15)
$OKE: possibly delisted; no price data found  (1d 2014-06-21 -> 2014-06-22)

1 Failed download:
['OKE']: possibly delisted; no price data found  (1d 2014-06-21 -> 2014-06-22)
$PDCO: possibly delisted; no timezone found
$PCL: Data doesn't exist for startDate = 1403323200, endDate = 1404273600

1 Failed download:
['PCL']: Data doesn't exist for startDate = 1403323200, endDate = 1404273600
$PDCO: possibly delisted; no timezone found
$PCP: Data doesn't exist for startDate = 1403323200, endDate = 1404273600

1 Failed download:
['PDCO']: possibly delisted; no timezone found

1 Failed download:
['PCP']: Data doesn't exist for startDate = 1403323200, endDate = 1404273600
$PKI: possibly delisted; no timezone found
$PKI: possibly delisted; no timezone found

1 Failed download:
['PKI']: possibly delisted; no timezone found
$PLL: possibly delisted; no timezone found
$PLL: possibly delisted; no timezone found

1 Failed download:
['PLL']: possibly delisted; no timezone found
$POM: Data doesn't exist for startDate = 1403323200, endDate = 1404273600

1 Failed download:
['POM']: Data doesn't exist for startDate = 1403323200, endDate = 1404273600
$PSX: possibly delisted; no price data found  (1d 2014-06-21 -> 2014-06-22)

1 Failed download:
['PSX']: possibly delisted; no price data found  (1d 2014-06-21 -> 2014-06-22)
$PNR: possibly delisted; no price data found  (1d 2014-06-21 -> 2014-06-22)

1 Failed download:
['PNR']: possibly delisted; no price data found  (1d 2014-06-21 -> 2014-06-22)
$PXD: possibly delisted; no timezone found
$PXD: possibly delisted; no timezone found

1 Failed download:
['PXD']: possibly delisted; no timezone found
$PX: possibly delisted; no timezone found
$PRGO: possibly delisted; no price data found  (1d 2014-06-21 -> 2014-06-22)

1 Failed download:
['PRGO']: possibly delisted; no price data found  (1d 2014-06-21 -> 2014-06-22)
$PX: possibly delisted; no timezone found

1 Failed download:
['PX']: possibly delisted; no timezone found
$QEP: possibly delisted; no timezone found
$QEP: possibly delisted; no timezone found

1 Failed download:
['QEP']: possibly delisted; no timezone found
$RAI: possibly delisted; no price data found  (1d 1927-10-10 -> 2026-09-15)
$PVH: possibly delisted; no price data found  (1d 2014-06-21 -> 2014-06-22)

1 Failed download:
['PVH']: possibly delisted; no price data found  (1d 2014-06-21 -> 2014-06-22)
$RHT: possibly delisted; no timezone found
$RHT: possibly delisted; no timezone found
$RDC: possibly delisted; no timezone found
$RDC: possibly delisted; no timezone found

1 Failed download:
['RHT']: possibly delisted; no timezone found

1 Failed download:
['RDC']: possibly delisted; no timezone found
$RAI: possibly delisted; no price data found  (1d 2014-06-21 -> 2014-07-02)

1 Failed download:
['RAI']: possibly delisted; no price data found  (1d 2014-06-21 -> 2014-07-02)
$REGN: possibly delisted; no price data found  (1d 2014-06-21 -> 2014-06-22)

1 Failed download:
['REGN']: possibly delisted; no price data found  (1d 2014-06-21 -> 2014-06-22)
$RTN: possibly delisted; no timezone found
$SIAL: possibly delisted; no price data found  (1d 1927-10-10 -> 2026-09-15)
$ROST: possibly delisted; no price data found  (1d 2014-06-21 -> 2014-06-22)

1 Failed download:
['ROST']: possibly delisted; no price data found  (1d 2014-06-21 -> 2014-06-22)
$RTN: possibly delisted; no timezone found

1 Failed download:
['RTN']: possibly delisted; no timezone found
$ROP: possibly delisted; no price data found  (1d 2014-06-21 -> 2014-06-22)

1 Failed download:
['ROP']: possibly delisted; no price data found  (1d 2014-06-21 -> 2014-06-22)
$SEE: possibly delisted; no timezone found
$SIAL: possibly delisted; no price data found  (1d 2014-06-21 -> 2014-07-02)

1 Failed download:
['SIAL']: possibly delisted; no price data found  (1d 2014-06-21 -> 2014-07-02)
$SEE: possibly delisted; no timezone found

1 Failed download:
['SEE']: possibly delisted; no timezone found
$SCG: Data doesn't exist for startDate = 1403323200, endDate = 1436932800

1 Failed download:
['SCG']: Data doesn't exist for startDate = 1403323200, endDate = 1436932800
$SNI: possibly delisted; no price data found  (1d 1927-10-10 -> 2026-09-15)
$SE: Data doesn't exist for startDate = 1403323200, endDate = 1404273600

1 Failed download:
['SE']: Data doesn't exist for startDate = 1403323200, endDate = 1404273600
$SNI: possibly delisted; no price data found  (1d 2014-06-21 -> 2014-07-02)

1 Failed download:
['SNI']: possibly delisted; no price data found  (1d 2014-06-21 -> 2014-07-02)
$STJ: possibly delisted; no price data found  (1d 1927-10-10 -> 2026-09-15)
$SRCL: possibly delisted; no timezone found
$SNDK: Data doesn't exist for startDate = 1403323200, endDate = 1739336400

1 Failed download:
['SNDK']: Data doesn't exist for startDate = 1403323200, endDate = 1739336400
$SPLS: Data doesn't exist for startDate = 1403323200, endDate = 1404273600

1 Failed download:
['SPLS']: Data doesn't exist for startDate = 1403323200, endDate = 1404273600
$STJ: possibly delisted; no price data found  (1d 2014-06-21 -> 2014-07-02)
$SRCL: possibly delisted; no timezone found

1 Failed download:
['SRCL']: possibly delisted; no timezone found

1 Failed download:
['STJ']: possibly delisted; no price data found  (1d 2014-06-21 -> 2014-07-02)
$STI: Data doesn't exist for startDate = 1403323200, endDate = 1404273600
$SYMC: possibly delisted; no timezone found
$STX: possibly delisted; no price data found  (1d 2014-06-21 -> 2014-06-22)

1 Failed download:
['STX']: possibly delisted; no price data found  (1d 2014-06-21 -> 2014-06-22)

1 Failed download:
['STI']: Data doesn't exist for startDate = 1403323200, endDate = 1404273600
$SYMC: possibly delisted; no timezone found

1 Failed download:
['SYMC']: possibly delisted; no timezone found
$SWN: possibly delisted; no timezone found
$SWN: possibly delisted; no timezone found

1 Failed download:
['SWN']: possibly delisted; no timezone found
$TGNA: possibly delisted; no timezone found
$TGNA: possibly delisted; no timezone found

1 Failed download:
['TGNA']: possibly delisted; no timezone found
$TIF: possibly delisted; no timezone found
$TMK: possibly delisted; no timezone found
$TE: Data doesn't exist for startDate = 1403323200, endDate = 1404273600

1 Failed download:
['TE']: Data doesn't exist for startDate = 1403323200, endDate = 1404273600
$TIF: possibly delisted; no timezone found

1 Failed download:
$TMK: possibly delisted; no timezone found
['TIF']: possibly delisted; no timezone found

1 Failed download:
['TMK']: possibly delisted; no timezone found
$TWC: possibly delisted; no price data found  (1d 1927-10-10 -> 2026-09-15)
$TRIP: possibly delisted; no price data found  (1d 2014-06-21 -> 2014-06-22)
$TSS: possibly delisted; no timezone found

1 Failed download:
['TRIP']: possibly delisted; no price data found  (1d 2014-06-21 -> 2014-06-22)
$TSS: possibly delisted; no timezone found

1 Failed download:
['TSS']: possibly delisted; no timezone found
$TWC: possibly delisted; no price data found  (1d 2014-06-21 -> 2014-07-02)

1 Failed download:
['TWC']: possibly delisted; no price data found  (1d 2014-06-21 -> 2014-07-02)
$TSCO: possibly delisted; no price data found  (1d 2014-06-21 -> 2014-06-22)

1 Failed download:
['TSCO']: possibly delisted; no price data found  (1d 2014-06-21 -> 2014-06-22)
$UAA: possibly delisted; no price data found  (1d 2014-06-21 -> 2014-06-22)

1 Failed download:
['UAA']: possibly delisted; no price data found  (1d 2014-06-21 -> 2014-06-22)
$UTX: possibly delisted; no timezone found
$UTX: possibly delisted; no timezone found

1 Failed download:
['UTX']: possibly delisted; no timezone found
$VAR: possibly delisted; no timezone found
$VIAB: possibly delisted; no timezone found
$VAR: possibly delisted; no timezone found
$VIAB: possibly delisted; no timezone found

1 Failed download:
['VAR']: possibly delisted; no timezone found

1 Failed download:
['VIAB']: possibly delisted; no timezone found
$URBN: possibly delisted; no price data found  (1d 2014-06-21 -> 2014-06-22)

1 Failed download:
['URBN']: possibly delisted; no price data found  (1d 2014-06-21 -> 2014-06-22)
$WBA: possibly delisted; no timezone found
$WBA: possibly delisted; no timezone found

1 Failed download:
['WBA']: possibly delisted; no timezone found
$VRTX: possibly delisted; no price data found  (1d 2014-06-21 -> 2014-06-22)

1 Failed download:
['VRTX']: possibly delisted; no price data found  (1d 2014-06-21 -> 2014-06-22)
$WFM: possibly delisted; no price data found  (1d 1927-10-10 -> 2026-09-15)
$WIN: possibly delisted; no timezone found
$WIN: possibly delisted; no timezone found

1 Failed download:
['WIN']: possibly delisted; no timezone found
$WFM: possibly delisted; no price data found  (1d 2014-06-21 -> 2014-07-02)

1 Failed download:
['WFM']: possibly delisted; no price data found  (1d 2014-06-21 -> 2014-07-02)
$X: possibly delisted; no timezone found
$XEC: possibly delisted; no timezone found
$X: possibly delisted; no timezone found

1 Failed download:
['X']: possibly delisted; no timezone found
$XEC: possibly delisted; no timezone found

1 Failed download:
['XEC']: possibly delisted; no timezone found
$WYND: possibly delisted; no timezone found
$WYND: possibly delisted; no timezone found

1 Failed download:
['WYND']: possibly delisted; no timezone found
$XL: possibly delisted; no timezone found
$XL: possibly delisted; no timezone found

1 Failed download:
['XL']: possibly delisted; no timezone found
$XLNX: possibly delisted; no timezone found
$XLNX: possibly delisted; no timezone found

1 Failed download:
['XLNX']: possibly delisted; no timezone found
$XYL: possibly delisted; no price data found  (1d 2014-06-21 -> 2014-06-22)

1 Failed download:
['XYL']: possibly delisted; no price data found  (1d 2014-06-21 -> 2014-06-22)
$ZTS: possibly delisted; no price data found  (1d 2014-06-21 -> 2014-06-22)

1 Failed download:
['ZTS']: possibly delisted; no price data found  (1d 2014-06-21 -> 2014-06-22)
$BRK-B: possibly delisted; no price data found  (1d 2012-07-01 -> 2012-07-01)

1 Failed download:
['BRK-B']: possibly delisted; no price data found  (1d 2012-07-01 -> 2012-07-01)
$V: possibly delisted; no price data found  (1d 2012-07-01 -> 2012-07-01)

1 Failed download:
['V']: possibly delisted; no price data found  (1d 2012-07-01 -> 2012-07-01)
$LYB: possibly delisted; no price data found  (1d 2012-07-01 -> 2012-07-01)

1 Failed download:
['LYB']: possibly delisted; no price data found  (1d 2012-07-01 -> 2012-07-01)
[h11]     [1/4] 2014-07-01: picks=['NFLX', 'SLB', 'AAPL'] (pool=40, 후보=40, 52.7s)
$AABA: possibly delisted; no timezone found
$ABC: possibly delisted; no timezone found
$AABA: possibly delisted; no timezone found
$ABC: possibly delisted; no timezone found

1 Failed download:
['AABA']: possibly delisted; no timezone found

1 Failed download:
['ABC']: possibly delisted; no timezone found
$ADS: possibly delisted; no timezone found
$ADS: possibly delisted; no timezone found

1 Failed download:
['ADS']: possibly delisted; no timezone found
$ADT: Data doesn't exist for startDate = 1419310800, endDate = 1420261200

1 Failed download:
['ADT']: Data doesn't exist for startDate = 1419310800, endDate = 1420261200
$AGN: possibly delisted; no timezone found
$AGN: possibly delisted; no timezone found

1 Failed download:
['AGN']: possibly delisted; no timezone found
$ALTR: possibly delisted; no timezone found
$ALTR: possibly delisted; no timezone found
$ALXN: possibly delisted; no timezone found

1 Failed download:
['ALTR']: possibly delisted; no timezone found
$ALXN: possibly delisted; no timezone found

1 Failed download:
['ALXN']: possibly delisted; no timezone found
$ANTM: possibly delisted; no timezone found
$ANTM: possibly delisted; no timezone found

1 Failed download:
['ANTM']: possibly delisted; no timezone found
$ARG: possibly delisted; no price data found  (1d 1927-10-10 -> 2026-09-15)
$APC: Data doesn't exist for startDate = 1419310800, endDate = 1420261200

1 Failed download:
['APC']: Data doesn't exist for startDate = 1419310800, endDate = 1420261200
$ARG: Data doesn't exist for startDate = 1419310800, endDate = 1420261200

1 Failed download:
['ARG']: Data doesn't exist for startDate = 1419310800, endDate = 1420261200
$ARNC: possibly delisted; no timezone found
$ARNC: possibly delisted; no timezone found

1 Failed download:
['ARNC']: possibly delisted; no timezone found
$AVP: possibly delisted; no timezone found
$AVP: possibly delisted; no timezone found

1 Failed download:
['AVP']: possibly delisted; no timezone found
$AVB: Data doesn't exist for startDate = 1419310800, endDate = 1784174400

1 Failed download:
['AVB']: Data doesn't exist for startDate = 1419310800, endDate = 1784174400
$BCR: possibly delisted; no price data found  (1d 1927-10-10 -> 2026-09-15)
$BBBY: Data doesn't exist for startDate = 1419310800, endDate = 1420261200

1 Failed download:
['BBBY']: Data doesn't exist for startDate = 1419310800, endDate = 1420261200
$BCR: possibly delisted; no price data found  (1d 2014-12-23 -> 2015-01-03)

1 Failed download:
['BCR']: possibly delisted; no price data found  (1d 2014-12-23 -> 2015-01-03)
$BK: possibly delisted; no timezone found
$BK: possibly delisted; no timezone found

1 Failed download:
['BK']: possibly delisted; no timezone found
$BHGE: possibly delisted; no timezone found
$BHGE: possibly delisted; no timezone found

1 Failed download:
['BHGE']: possibly delisted; no timezone found
$BLL: possibly delisted; no timezone found
$BLL: possibly delisted; no timezone found

1 Failed download:
['BLL']: possibly delisted; no timezone found
$BRCM: possibly delisted; no price data found  (1d 1927-10-10 -> 2026-09-15)
$BRCM: possibly delisted; no price data found  (1d 2014-12-23 -> 2015-01-03)

1 Failed download:
['BRCM']: possibly delisted; no price data found  (1d 2014-12-23 -> 2015-01-03)
$CA: possibly delisted; no timezone found
$CA: possibly delisted; no timezone found

1 Failed download:
['CA']: possibly delisted; no timezone found
$CCE: possibly delisted; no price data found  (1d 1927-10-10 -> 2026-09-15)
$CAM: Data doesn't exist for startDate = 1419310800, endDate = 1420261200

1 Failed download:
['CAM']: Data doesn't exist for startDate = 1419310800, endDate = 1420261200
$CCE: possibly delisted; no price data found  (1d 2014-12-23 -> 2015-01-03)

1 Failed download:
['CCE']: possibly delisted; no price data found  (1d 2014-12-23 -> 2015-01-03)
$CBS: possibly delisted; no timezone found
$CBS: possibly delisted; no timezone found

1 Failed download:
['CBS']: possibly delisted; no timezone found
$CERN: possibly delisted; no timezone found
$CERN: possibly delisted; no timezone found
$CELG: possibly delisted; no timezone found
$CELG: possibly delisted; no timezone found

1 Failed download:
['CERN']: possibly delisted; no timezone found

1 Failed download:
['CELG']: possibly delisted; no timezone found
$CHK: possibly delisted; no timezone found
$CHK: possibly delisted; no timezone found

1 Failed download:
['CHK']: possibly delisted; no timezone found
$CMA: possibly delisted; no timezone found
$CMA: possibly delisted; no timezone found

1 Failed download:
['CMA']: possibly delisted; no timezone found
$COG: possibly delisted; no timezone found
$COG: possibly delisted; no timezone found

1 Failed download:
['COG']: possibly delisted; no timezone found
$CTL: possibly delisted; no timezone found
$CTL: possibly delisted; no timezone found

1 Failed download:
['CTL']: possibly delisted; no timezone found
$CVC: possibly delisted; no price data found  (1d 1927-10-10 -> 2026-09-15)
$CVC: possibly delisted; no price data found  (1d 2014-12-23 -> 2015-01-03)

1 Failed download:
['CVC']: possibly delisted; no price data found  (1d 2014-12-23 -> 2015-01-03)
$CTXS: possibly delisted; no timezone found
$CTXS: possibly delisted; no timezone found

1 Failed download:
['CTXS']: possibly delisted; no timezone found
$DFS: possibly delisted; no timezone found
$DFS: possibly delisted; no timezone found

1 Failed download:
['DFS']: possibly delisted; no timezone found
$DISCA: possibly delisted; no timezone found
$DISCA: possibly delisted; no timezone found

1 Failed download:
['DISCA']: possibly delisted; no timezone found
$DISCK: possibly delisted; no timezone found
$DISCK: possibly delisted; no timezone found

1 Failed download:
['DISCK']: possibly delisted; no timezone found
$DNB: possibly delisted; no timezone found
$DNB: possibly delisted; no timezone found

1 Failed download:
['DNB']: possibly delisted; no timezone found
$DNR: possibly delisted; no timezone found
$DO: possibly delisted; no timezone found
$DNR: possibly delisted; no timezone found
$DO: possibly delisted; no timezone found

1 Failed download:
['DO']: possibly delisted; no timezone found

1 Failed download:
['DNR']: possibly delisted; no timezone found
$DTV: possibly delisted; no timezone found
$DTV: possibly delisted; no timezone found

1 Failed download:
['DTV']: possibly delisted; no timezone found
$DOW: Data doesn't exist for startDate = 1419310800, endDate = 1552968000

1 Failed download:
['DOW']: Data doesn't exist for startDate = 1419310800, endDate = 1552968000
$EA: Data doesn't exist for startDate = 1419310800, endDate = 1784174400

1 Failed download:
['EA']: Data doesn't exist for startDate = 1419310800, endDate = 1784174400
$EMC: Data doesn't exist for startDate = 1419310800, endDate = 1420261200

1 Failed download:
['EMC']: Data doesn't exist for startDate = 1419310800, endDate = 1420261200
$EQR: Data doesn't exist for startDate = 1419310800, endDate = 1784174400

1 Failed download:
['EQR']: Data doesn't exist for startDate = 1419310800, endDate = 1784174400
$ETFC: possibly delisted; no timezone found
$ESV: possibly delisted; no timezone found
$ETFC: possibly delisted; no timezone found

1 Failed download:
['ETFC']: possibly delisted; no timezone found
$ESV: possibly delisted; no timezone found

1 Failed download:
['ESV']: possibly delisted; no timezone found
$FB: Data doesn't exist for startDate = 1419310800, endDate = 1420261200

1 Failed download:
['FB']: Data doesn't exist for startDate = 1419310800, endDate = 1420261200
$FLIR: possibly delisted; no timezone found
$FLIR: possibly delisted; no timezone found

1 Failed download:
['FLIR']: possibly delisted; no timezone found
$GAS: possibly delisted; no price data found  (1d 1927-10-10 -> 2026-09-15)
$FTR: possibly delisted; no timezone found
$GAS: possibly delisted; no price data found  (1d 2014-12-23 -> 2015-01-03)

1 Failed download:
['GAS']: possibly delisted; no price data found  (1d 2014-12-23 -> 2015-01-03)
$FTR: possibly delisted; no timezone found

1 Failed download:
['FTR']: possibly delisted; no timezone found
$FOXA: Data doesn't exist for startDate = 1419310800, endDate = 1552276800

1 Failed download:
['FOXA']: Data doesn't exist for startDate = 1419310800, endDate = 1552276800
$GGP: possibly delisted; no price data found  (1d 1927-10-10 -> 2026-09-15)
$GMCR: possibly delisted; no price data found  (1d 1927-10-10 -> 2026-09-15)
$GGP: possibly delisted; no price data found  (1d 2014-12-23 -> 2015-01-03)

1 Failed download:
['GGP']: possibly delisted; no price data found  (1d 2014-12-23 -> 2015-01-03)
$GMCR: possibly delisted; no price data found  (1d 2014-12-23 -> 2015-01-03)

1 Failed download:
['GMCR']: possibly delisted; no price data found  (1d 2014-12-23 -> 2015-01-03)
$GPS: possibly delisted; no timezone found
$GPS: possibly delisted; no timezone found

1 Failed download:
['GPS']: possibly delisted; no timezone found
$HAR: possibly delisted; no price data found  (1d 1927-10-10 -> 2026-09-15)
$HCBK: possibly delisted; no price data found  (1d 1927-10-10 -> 2026-09-15)
$HCBK: possibly delisted; no price data found  (1d 2014-12-23 -> 2015-01-03)
$HAR: possibly delisted; no price data found  (1d 2014-12-23 -> 2015-01-03)

1 Failed download:
['HCBK']: possibly delisted; no price data found  (1d 2014-12-23 -> 2015-01-03)

1 Failed download:
['HAR']: possibly delisted; no price data found  (1d 2014-12-23 -> 2015-01-03)
$HCP: possibly delisted; no timezone found
$HCP: possibly delisted; no timezone found

1 Failed download:
['HCP']: possibly delisted; no timezone found
$HES: possibly delisted; no timezone found
$HES: possibly delisted; no timezone found

1 Failed download:
['HES']: possibly delisted; no timezone found
$HOT: possibly delisted; no price data found  (1d 2014-12-23 -> 2015-01-01)

1 Failed download:
['HOT']: possibly delisted; no price data found  (1d 2014-12-23 -> 2015-01-01)
$HSP: possibly delisted; no price data found  (1d 1927-10-10 -> 2026-09-15)
$HSP: possibly delisted; no price data found  (1d 2014-12-23 -> 2015-01-03)

1 Failed download:
['HSP']: possibly delisted; no price data found  (1d 2014-12-23 -> 2015-01-03)
$HRS: possibly delisted; no timezone found
$HRS: possibly delisted; no timezone found

1 Failed download:
['HRS']: possibly delisted; no timezone found
$IPG: possibly delisted; no timezone found
$IPG: possibly delisted; no timezone found

1 Failed download:
['IPG']: possibly delisted; no timezone found
$IR: Data doesn't exist for startDate = 1419310800, endDate = 1494475200

1 Failed download:
['IR']: Data doesn't exist for startDate = 1419310800, endDate = 1494475200
$JEC: possibly delisted; no timezone found
$JEC: possibly delisted; no timezone found

1 Failed download:
['JEC']: possibly delisted; no timezone found
$JOY: possibly delisted; no price data found  (1d 1927-10-10 -> 2026-09-15)
$JWN: possibly delisted; no timezone found
$JWN: possibly delisted; no timezone found
$JOY: possibly delisted; no price data found  (1d 2014-12-23 -> 2015-01-03)

1 Failed download:
['JWN']: possibly delisted; no timezone found

1 Failed download:
['JOY']: possibly delisted; no price data found  (1d 2014-12-23 -> 2015-01-03)
$JNPR: possibly delisted; no timezone found
$JNPR: possibly delisted; no timezone found

1 Failed download:
['JNPR']: possibly delisted; no timezone found
$K: possibly delisted; no timezone found
$K: possibly delisted; no timezone found

1 Failed download:
['K']: possibly delisted; no timezone found
$KORS: possibly delisted; no price data found  (1d 1927-10-10 -> 2026-09-15)
$KORS: possibly delisted; no price data found  (1d 2014-12-23 -> 2015-01-03)

1 Failed download:
['KORS']: possibly delisted; no price data found  (1d 2014-12-23 -> 2015-01-03)
$KSU: possibly delisted; no timezone found
$KSU: possibly delisted; no timezone found

1 Failed download:
['KSU']: possibly delisted; no timezone found
$LB: Data doesn't exist for startDate = 1419310800, endDate = 1420261200

1 Failed download:
['LB']: Data doesn't exist for startDate = 1419310800, endDate = 1420261200
$LLTC: possibly delisted; no price data found  (1d 1927-10-10 -> 2026-09-15)
$LLL: possibly delisted; no timezone found
$LEG: Data doesn't exist for startDate = 1419310800, endDate = 1420261200
$LLL: possibly delisted; no timezone found

1 Failed download:
['LLL']: possibly delisted; no timezone found

1 Failed download:
['LEG']: Data doesn't exist for startDate = 1419310800, endDate = 1420261200
$LLTC: possibly delisted; no price data found  (1d 2014-12-23 -> 2015-01-03)

1 Failed download:
['LLTC']: possibly delisted; no price data found  (1d 2014-12-23 -> 2015-01-03)
$LM: possibly delisted; no timezone found
$LM: possibly delisted; no timezone found

1 Failed download:
['LM']: possibly delisted; no timezone found
$LVLT: possibly delisted; no price data found  (1d 1927-10-10 -> 2026-09-15)
$LVLT: possibly delisted; no price data found  (1d 2014-12-23 -> 2015-01-03)

1 Failed download:
['LVLT']: possibly delisted; no price data found  (1d 2014-12-23 -> 2015-01-03)
$MJN: possibly delisted; no price data found  (1d 1927-10-10 -> 2026-09-15)
$MJN: possibly delisted; no price data found  (1d 2014-12-23 -> 2015-01-03)

1 Failed download:
['MJN']: possibly delisted; no price data found  (1d 2014-12-23 -> 2015-01-03)
$MMC: possibly delisted; no timezone found
$MNK: possibly delisted; no timezone found
$MON: possibly delisted; no timezone found
$MMC: possibly delisted; no timezone found
$MNK: possibly delisted; no timezone found
$MON: possibly delisted; no timezone found

1 Failed download:
['MNK']: possibly delisted; no timezone found

1 Failed download:
['MMC']: possibly delisted; no timezone found

1 Failed download:
['MON']: possibly delisted; no timezone found
$MRO: possibly delisted; no timezone found
$MRO: possibly delisted; no timezone found

1 Failed download:
['MRO']: possibly delisted; no timezone found
$NBL: possibly delisted; no timezone found
$NBL: possibly delisted; no timezone found

1 Failed download:
['NBL']: possibly delisted; no timezone found
$MYL: possibly delisted; no timezone found
$MYL: possibly delisted; no timezone found

1 Failed download:
['MYL']: possibly delisted; no timezone found
$NFX: Data doesn't exist for startDate = 1419310800, endDate = 1420261200

1 Failed download:
['NFX']: Data doesn't exist for startDate = 1419310800, endDate = 1420261200
$NE: Data doesn't exist for startDate = 1419310800, endDate = 1420261200

1 Failed download:
['NE']: Data doesn't exist for startDate = 1419310800, endDate = 1420261200
$NLSN: possibly delisted; no timezone found
$NLSN: possibly delisted; no timezone found

1 Failed download:
['NLSN']: possibly delisted; no timezone found
$PBCT: possibly delisted; no timezone found
$PBCT: possibly delisted; no timezone found

1 Failed download:
['PBCT']: possibly delisted; no timezone found
$PCP: possibly delisted; no price data found  (1d 1927-10-10 -> 2026-09-15)
$PCL: Data doesn't exist for startDate = 1419310800, endDate = 1420261200

1 Failed download:
['PCL']: Data doesn't exist for startDate = 1419310800, endDate = 1420261200
$PDCO: possibly delisted; no timezone found
$PDCO: possibly delisted; no timezone found

1 Failed download:
['PDCO']: possibly delisted; no timezone found
$PCP: Data doesn't exist for startDate = 1419310800, endDate = 1420261200

1 Failed download:
['PCP']: Data doesn't exist for startDate = 1419310800, endDate = 1420261200
$PKI: possibly delisted; no timezone found
$PKI: possibly delisted; no timezone found

1 Failed download:
['PKI']: possibly delisted; no timezone found
$PLL: possibly delisted; no timezone found
$PLL: possibly delisted; no timezone found

1 Failed download:
['PLL']: possibly delisted; no timezone found
$POM: Data doesn't exist for startDate = 1419310800, endDate = 1420261200

1 Failed download:
['POM']: Data doesn't exist for startDate = 1419310800, endDate = 1420261200
$PX: possibly delisted; no timezone found
$RAI: possibly delisted; no price data found  (1d 1927-10-10 -> 2026-09-15)
$PX: possibly delisted; no timezone found

1 Failed download:
['PX']: possibly delisted; no timezone found
$PXD: possibly delisted; no timezone found
$RAI: possibly delisted; no price data found  (1d 2014-12-23 -> 2015-01-03)

1 Failed download:
['RAI']: possibly delisted; no price data found  (1d 2014-12-23 -> 2015-01-03)
$QEP: possibly delisted; no timezone found
$PXD: possibly delisted; no timezone found

1 Failed download:
['PXD']: possibly delisted; no timezone found
$QEP: possibly delisted; no timezone found

1 Failed download:
['QEP']: possibly delisted; no timezone found
$RHT: possibly delisted; no timezone found
$RHT: possibly delisted; no timezone found

1 Failed download:
['RHT']: possibly delisted; no timezone found
$RTN: possibly delisted; no timezone found
$RTN: possibly delisted; no timezone found

1 Failed download:
['RTN']: possibly delisted; no timezone found
$SEE: possibly delisted; no timezone found
$SIAL: possibly delisted; no price data found  (1d 1927-10-10 -> 2026-09-15)
$SCG: Data doesn't exist for startDate = 1419310800, endDate = 1436932800
$SE: Data doesn't exist for startDate = 1419310800, endDate = 1420261200

1 Failed download:
['SE']: Data doesn't exist for startDate = 1419310800, endDate = 1420261200

1 Failed download:
['SCG']: Data doesn't exist for startDate = 1419310800, endDate = 1436932800
$SEE: possibly delisted; no timezone found

1 Failed download:
['SEE']: possibly delisted; no timezone found
$SNI: possibly delisted; no price data found  (1d 1927-10-10 -> 2026-09-15)
$SIAL: possibly delisted; no price data found  (1d 2014-12-23 -> 2015-01-03)

1 Failed download:
['SIAL']: possibly delisted; no price data found  (1d 2014-12-23 -> 2015-01-03)
$SNI: possibly delisted; no price data found  (1d 2014-12-23 -> 2015-01-03)

1 Failed download:
['SNI']: possibly delisted; no price data found  (1d 2014-12-23 -> 2015-01-03)
$SNDK: Data doesn't exist for startDate = 1419310800, endDate = 1739336400
$SRCL: possibly delisted; no timezone found

1 Failed download:
['SNDK']: Data doesn't exist for startDate = 1419310800, endDate = 1739336400
$STJ: possibly delisted; no price data found  (1d 1927-10-10 -> 2026-09-15)
$STJ: possibly delisted; no price data found  (1d 2014-12-23 -> 2015-01-03)

1 Failed download:
['STJ']: possibly delisted; no price data found  (1d 2014-12-23 -> 2015-01-03)
$SPLS: Data doesn't exist for startDate = 1419310800, endDate = 1420261200
$SRCL: possibly delisted; no timezone found

1 Failed download:
['SPLS']: Data doesn't exist for startDate = 1419310800, endDate = 1420261200

1 Failed download:
['SRCL']: possibly delisted; no timezone found
$SYMC: possibly delisted; no timezone found
$SYMC: possibly delisted; no timezone found
$STI: Data doesn't exist for startDate = 1419310800, endDate = 1420261200

1 Failed download:
['STI']: Data doesn't exist for startDate = 1419310800, endDate = 1420261200

1 Failed download:
['SYMC']: possibly delisted; no timezone found
$SWN: possibly delisted; no timezone found
$SWN: possibly delisted; no timezone found

1 Failed download:
['SWN']: possibly delisted; no timezone found
$TGNA: possibly delisted; no timezone found
$TGNA: possibly delisted; no timezone found

1 Failed download:
['TGNA']: possibly delisted; no timezone found
$TIF: possibly delisted; no timezone found
$TE: Data doesn't exist for startDate = 1419310800, endDate = 1420261200

1 Failed download:
['TE']: Data doesn't exist for startDate = 1419310800, endDate = 1420261200
$TMK: possibly delisted; no timezone found
$TMK: possibly delisted; no timezone found

1 Failed download:
['TMK']: possibly delisted; no timezone found
$TIF: possibly delisted; no timezone found

1 Failed download:
['TIF']: possibly delisted; no timezone found
$TWC: possibly delisted; no price data found  (1d 1927-10-10 -> 2026-09-15)
$TSS: possibly delisted; no timezone found
$TSS: possibly delisted; no timezone found

1 Failed download:
['TSS']: possibly delisted; no timezone found
$TWC: possibly delisted; no price data found  (1d 2014-12-23 -> 2015-01-03)

1 Failed download:
['TWC']: possibly delisted; no price data found  (1d 2014-12-23 -> 2015-01-03)
$UTX: possibly delisted; no timezone found
$UTX: possibly delisted; no timezone found
$VAR: possibly delisted; no timezone found

1 Failed download:
['UTX']: possibly delisted; no timezone found
$VAR: possibly delisted; no timezone found

1 Failed download:
['VAR']: possibly delisted; no timezone found
$VIAB: possibly delisted; no timezone found
$VIAB: possibly delisted; no timezone found

1 Failed download:
['VIAB']: possibly delisted; no timezone found
$WBA: possibly delisted; no timezone found
$WBA: possibly delisted; no timezone found

1 Failed download:
['WBA']: possibly delisted; no timezone found
$WFM: possibly delisted; no price data found  (1d 1927-10-10 -> 2026-09-15)
$WFM: possibly delisted; no price data found  (1d 2014-12-23 -> 2015-01-03)

1 Failed download:
['WFM']: possibly delisted; no price data found  (1d 2014-12-23 -> 2015-01-03)
$WIN: possibly delisted; no timezone found
$WIN: possibly delisted; no timezone found

1 Failed download:
['WIN']: possibly delisted; no timezone found
$WYND: possibly delisted; no timezone found
$WYND: possibly delisted; no timezone found

1 Failed download:
['WYND']: possibly delisted; no timezone found
$XEC: possibly delisted; no timezone found
$XL: possibly delisted; no timezone found
$XEC: possibly delisted; no timezone found

1 Failed download:
['XEC']: possibly delisted; no timezone found
$XL: possibly delisted; no timezone found

1 Failed download:
['XL']: possibly delisted; no timezone found
$XLNX: possibly delisted; no timezone found
$XLNX: possibly delisted; no timezone found

1 Failed download:
['XLNX']: possibly delisted; no timezone found
[h11]     [2/4] 2015-01-02: picks=['UNP', 'INTC', 'AAPL'] (pool=40, 후보=33, 52.2s)
$AABA: possibly delisted; no timezone found
$ABC: possibly delisted; no timezone found
$AABA: possibly delisted; no timezone found
$ABC: possibly delisted; no timezone found

1 Failed download:
['AABA']: possibly delisted; no timezone found

1 Failed download:
['ABC']: possibly delisted; no timezone found
$ADS: possibly delisted; no timezone found
$ADS: possibly delisted; no timezone found

1 Failed download:
['ADS']: possibly delisted; no timezone found
$AAL: possibly delisted; no price data found  (1d 2015-06-21 -> 2015-06-21)

1 Failed download:
['AAL']: possibly delisted; no price data found  (1d 2015-06-21 -> 2015-06-21)
$ADT: Data doesn't exist for startDate = 1434859200, endDate = 1435809600

1 Failed download:
['ADT']: Data doesn't exist for startDate = 1434859200, endDate = 1435809600
$AGN: possibly delisted; no timezone found
$AGN: possibly delisted; no timezone found

1 Failed download:
['AGN']: possibly delisted; no timezone found
$ALTR: possibly delisted; no timezone found
$ALXN: possibly delisted; no timezone found
$ALTR: possibly delisted; no timezone found

1 Failed download:
['ALTR']: possibly delisted; no timezone found
$ALXN: possibly delisted; no timezone found

1 Failed download:
['ALXN']: possibly delisted; no timezone found
$ANTM: possibly delisted; no timezone found
$ANTM: possibly delisted; no timezone found

1 Failed download:
['ANTM']: possibly delisted; no timezone found
$ARG: possibly delisted; no price data found  (1d 1927-10-10 -> 2026-09-15)
$ARG: Data doesn't exist for startDate = 1434859200, endDate = 1435809600
$ARNC: possibly delisted; no timezone found
$APC: Data doesn't exist for startDate = 1434859200, endDate = 1435809600

1 Failed download:
['ARG']: Data doesn't exist for startDate = 1434859200, endDate = 1435809600

1 Failed download:
['APC']: Data doesn't exist for startDate = 1434859200, endDate = 1435809600
$ARNC: possibly delisted; no timezone found

1 Failed download:
['ARNC']: possibly delisted; no timezone found
$AVB: Data doesn't exist for startDate = 1434859200, endDate = 1784174400

1 Failed download:
['AVB']: Data doesn't exist for startDate = 1434859200, endDate = 1784174400
$BCR: possibly delisted; no price data found  (1d 1927-10-10 -> 2026-09-15)
$BCR: possibly delisted; no price data found  (1d 2015-06-21 -> 2015-07-02)

1 Failed download:
['BCR']: possibly delisted; no price data found  (1d 2015-06-21 -> 2015-07-02)
$BBBY: Data doesn't exist for startDate = 1434859200, endDate = 1435809600

1 Failed download:
['BBBY']: Data doesn't exist for startDate = 1434859200, endDate = 1435809600
$BHGE: possibly delisted; no timezone found
$BHGE: possibly delisted; no timezone found

1 Failed download:
['BHGE']: possibly delisted; no timezone found
$BK: possibly delisted; no timezone found
$BK: possibly delisted; no timezone found

1 Failed download:
['BK']: possibly delisted; no timezone found
$BXLT: possibly delisted; no price data found  (1d 1927-10-10 -> 2026-09-15)
$BRCM: possibly delisted; no price data found  (1d 1927-10-10 -> 2026-09-15)
$BLL: possibly delisted; no timezone found
$BRCM: possibly delisted; no price data found  (1d 2015-06-21 -> 2015-07-02)
$BXLT: possibly delisted; no price data found  (1d 2015-06-21 -> 2015-07-02)
$BLL: possibly delisted; no timezone found

1 Failed download:

1 Failed download:
['BRCM']: possibly delisted; no price data found  (1d 2015-06-21 -> 2015-07-02)
['BXLT']: possibly delisted; no price data found  (1d 2015-06-21 -> 2015-07-02)

1 Failed download:
['BLL']: possibly delisted; no timezone found
$CA: possibly delisted; no timezone found
$CA: possibly delisted; no timezone found

1 Failed download:
['CA']: possibly delisted; no timezone found
$CCE: possibly delisted; no price data found  (1d 1927-10-10 -> 2026-09-15)
$CBS: possibly delisted; no timezone found
$CCE: possibly delisted; no price data found  (1d 2015-06-21 -> 2015-07-02)

1 Failed download:
['CCE']: possibly delisted; no price data found  (1d 2015-06-21 -> 2015-07-02)
$CBS: possibly delisted; no timezone found

1 Failed download:
['CBS']: possibly delisted; no timezone found
$CAM: Data doesn't exist for startDate = 1434859200, endDate = 1435809600
$CELG: possibly delisted; no timezone found

1 Failed download:
['CAM']: Data doesn't exist for startDate = 1434859200, endDate = 1435809600
$CERN: possibly delisted; no timezone found
$CELG: possibly delisted; no timezone found
$CERN: possibly delisted; no timezone found

1 Failed download:
['CELG']: possibly delisted; no timezone found

1 Failed download:
['CERN']: possibly delisted; no timezone found
$CHK: possibly delisted; no timezone found
$CHK: possibly delisted; no timezone found

1 Failed download:
['CHK']: possibly delisted; no timezone found
$CMA: possibly delisted; no timezone found
$CMA: possibly delisted; no timezone found

1 Failed download:
['CMA']: possibly delisted; no timezone found
$COG: possibly delisted; no timezone found
$COG: possibly delisted; no timezone found

1 Failed download:
['COG']: possibly delisted; no timezone found
$CTL: possibly delisted; no timezone found
$CVC: possibly delisted; no price data found  (1d 1927-10-10 -> 2026-09-15)
$CTL: possibly delisted; no timezone found

1 Failed download:
['CTL']: possibly delisted; no timezone found
$CVC: possibly delisted; no price data found  (1d 2015-06-21 -> 2015-07-02)

1 Failed download:
['CVC']: possibly delisted; no price data found  (1d 2015-06-21 -> 2015-07-02)
$CTXS: possibly delisted; no timezone found
$CTXS: possibly delisted; no timezone found

1 Failed download:
['CTXS']: possibly delisted; no timezone found
$DFS: possibly delisted; no timezone found
$DFS: possibly delisted; no timezone found

1 Failed download:
['DFS']: possibly delisted; no timezone found
$DISCA: possibly delisted; no timezone found
$DISCA: possibly delisted; no timezone found

1 Failed download:
['DISCA']: possibly delisted; no timezone found
$DISCK: possibly delisted; no timezone found
$DISCK: possibly delisted; no timezone found

1 Failed download:
['DISCK']: possibly delisted; no timezone found
$DNB: possibly delisted; no timezone found
$DNB: possibly delisted; no timezone found
$DO: possibly delisted; no timezone found

1 Failed download:
['DNB']: possibly delisted; no timezone found
$DO: possibly delisted; no timezone found

1 Failed download:
['DO']: possibly delisted; no timezone found
$DTV: possibly delisted; no timezone found
$DTV: possibly delisted; no timezone found

1 Failed download:
['DTV']: possibly delisted; no timezone found
$DOW: Data doesn't exist for startDate = 1434859200, endDate = 1552968000

1 Failed download:
['DOW']: Data doesn't exist for startDate = 1434859200, endDate = 1552968000
$EA: Data doesn't exist for startDate = 1434859200, endDate = 1784174400

1 Failed download:
['EA']: Data doesn't exist for startDate = 1434859200, endDate = 1784174400
$ENDP: possibly delisted; no timezone found
$ENDP: possibly delisted; no timezone found

1 Failed download:
['ENDP']: possibly delisted; no timezone found
$EMC: Data doesn't exist for startDate = 1434859200, endDate = 1435809600

1 Failed download:
['EMC']: Data doesn't exist for startDate = 1434859200, endDate = 1435809600
$ETFC: possibly delisted; no timezone found
$EQR: Data doesn't exist for startDate = 1434859200, endDate = 1784174400

1 Failed download:
['EQR']: Data doesn't exist for startDate = 1434859200, endDate = 1784174400
$ETFC: possibly delisted; no timezone found

1 Failed download:
['ETFC']: possibly delisted; no timezone found
$EQIX: possibly delisted; no price data found  (1d 2015-06-21 -> 2015-06-21)

1 Failed download:
['EQIX']: possibly delisted; no price data found  (1d 2015-06-21 -> 2015-06-21)
$ESV: possibly delisted; no timezone found
$ESV: possibly delisted; no timezone found

1 Failed download:
['ESV']: possibly delisted; no timezone found
$FB: Data doesn't exist for startDate = 1434859200, endDate = 1435809600

1 Failed download:
['FB']: Data doesn't exist for startDate = 1434859200, endDate = 1435809600
$FLIR: possibly delisted; no timezone found
$FLIR: possibly delisted; no timezone found

1 Failed download:
['FLIR']: possibly delisted; no timezone found
$GAS: possibly delisted; no price data found  (1d 1927-10-10 -> 2026-09-15)
$FTR: possibly delisted; no timezone found
$GAS: possibly delisted; no price data found  (1d 2015-06-21 -> 2015-07-02)

1 Failed download:
['GAS']: possibly delisted; no price data found  (1d 2015-06-21 -> 2015-07-02)
$FOXA: Data doesn't exist for startDate = 1434859200, endDate = 1552276800

1 Failed download:
['FOXA']: Data doesn't exist for startDate = 1434859200, endDate = 1552276800
$FTR: possibly delisted; no timezone found

1 Failed download:
['FTR']: possibly delisted; no timezone found
$GGP: possibly delisted; no price data found  (1d 1927-10-10 -> 2026-09-15)
$GMCR: possibly delisted; no price data found  (1d 1927-10-10 -> 2026-09-15)
$GGP: possibly delisted; no price data found  (1d 2015-06-21 -> 2015-07-02)

1 Failed download:
['GGP']: possibly delisted; no price data found  (1d 2015-06-21 -> 2015-07-02)
$GMCR: possibly delisted; no price data found  (1d 2015-06-21 -> 2015-07-02)

1 Failed download:
['GMCR']: possibly delisted; no price data found  (1d 2015-06-21 -> 2015-07-02)
$GPS: possibly delisted; no timezone found
$HAR: possibly delisted; no price data found  (1d 1927-10-10 -> 2026-09-15)
$GPS: possibly delisted; no timezone found

1 Failed download:
['GPS']: possibly delisted; no timezone found
$HAR: possibly delisted; no price data found  (1d 2015-06-21 -> 2015-07-02)

1 Failed download:
['HAR']: possibly delisted; no price data found  (1d 2015-06-21 -> 2015-07-02)
$HCBK: possibly delisted; no price data found  (1d 1927-10-10 -> 2026-09-15)
$HBI: possibly delisted; no timezone found
$HCBK: possibly delisted; no price data found  (1d 2015-06-21 -> 2015-07-02)

1 Failed download:
['HCBK']: possibly delisted; no price data found  (1d 2015-06-21 -> 2015-07-02)
$HCP: possibly delisted; no timezone found
$HBI: possibly delisted; no timezone found

1 Failed download:
['HBI']: possibly delisted; no timezone found
$HCP: possibly delisted; no timezone found

1 Failed download:
['HCP']: possibly delisted; no timezone found
$HES: possibly delisted; no timezone found
$HCA: possibly delisted; no price data found  (1d 2015-06-21 -> 2015-06-21)

1 Failed download:
['HCA']: possibly delisted; no price data found  (1d 2015-06-21 -> 2015-06-21)
$HES: possibly delisted; no timezone found

1 Failed download:
['HES']: possibly delisted; no timezone found
$HRS: possibly delisted; no timezone found
$HRS: possibly delisted; no timezone found

1 Failed download:
['HRS']: possibly delisted; no timezone found
$HSP: possibly delisted; no price data found  (1d 1927-10-10 -> 2026-09-15)
$HSP: possibly delisted; no price data found  (1d 2015-06-21 -> 2015-07-02)

1 Failed download:
['HSP']: possibly delisted; no price data found  (1d 2015-06-21 -> 2015-07-02)
$HSIC: possibly delisted; no price data found  (1d 2015-06-21 -> 2015-06-21)

1 Failed download:
['HSIC']: possibly delisted; no price data found  (1d 2015-06-21 -> 2015-06-21)
$IPG: possibly delisted; no timezone found
$IPG: possibly delisted; no timezone found

1 Failed download:
['IPG']: possibly delisted; no timezone found
$JEC: possibly delisted; no timezone found
$IR: Data doesn't exist for startDate = 1434859200, endDate = 1494475200
$JEC: possibly delisted; no timezone found

1 Failed download:
['JEC']: possibly delisted; no timezone found

1 Failed download:
['IR']: Data doesn't exist for startDate = 1434859200, endDate = 1494475200
$JNPR: possibly delisted; no timezone found
$JNPR: possibly delisted; no timezone found

1 Failed download:
['JNPR']: possibly delisted; no timezone found
$JOY: possibly delisted; no price data found  (1d 1927-10-10 -> 2026-09-15)
$JBHT: possibly delisted; no price data found  (1d 2015-06-21 -> 2015-06-21)

1 Failed download:
['JBHT']: possibly delisted; no price data found  (1d 2015-06-21 -> 2015-06-21)
$JWN: possibly delisted; no timezone found
$JWN: possibly delisted; no timezone found
$K: possibly delisted; no timezone found

1 Failed download:
['JWN']: possibly delisted; no timezone found
$K: possibly delisted; no timezone found

1 Failed download:
['K']: possibly delisted; no timezone found
$JOY: possibly delisted; no price data found  (1d 2015-06-21 -> 2015-07-02)

1 Failed download:
['JOY']: possibly delisted; no price data found  (1d 2015-06-21 -> 2015-07-02)
$KORS: possibly delisted; no price data found  (1d 1927-10-10 -> 2026-09-15)
$KORS: possibly delisted; no price data found  (1d 2015-06-21 -> 2015-07-02)

1 Failed download:
['KORS']: possibly delisted; no price data found  (1d 2015-06-21 -> 2015-07-02)
$KSU: possibly delisted; no timezone found
$KSU: possibly delisted; no timezone found

1 Failed download:
['KSU']: possibly delisted; no timezone found
$LLTC: possibly delisted; no price data found  (1d 1927-10-10 -> 2026-09-15)
$LLL: possibly delisted; no timezone found
$LEG: Data doesn't exist for startDate = 1434859200, endDate = 1435809600
$LB: Data doesn't exist for startDate = 1434859200, endDate = 1435809600

1 Failed download:
['LEG']: Data doesn't exist for startDate = 1434859200, endDate = 1435809600

1 Failed download:
['LB']: Data doesn't exist for startDate = 1434859200, endDate = 1435809600
$LLL: possibly delisted; no timezone found

1 Failed download:
['LLL']: possibly delisted; no timezone found
$LM: possibly delisted; no timezone found
$LVLT: possibly delisted; no price data found  (1d 1927-10-10 -> 2026-09-15)
$LM: possibly delisted; no timezone found

1 Failed download:
['LM']: possibly delisted; no timezone found
$LLTC: possibly delisted; no price data found  (1d 2015-06-21 -> 2015-07-02)

1 Failed download:
['LLTC']: possibly delisted; no price data found  (1d 2015-06-21 -> 2015-07-02)
$LVLT: possibly delisted; no price data found  (1d 2015-06-21 -> 2015-07-02)

1 Failed download:
['LVLT']: possibly delisted; no price data found  (1d 2015-06-21 -> 2015-07-02)
$MJN: possibly delisted; no price data found  (1d 1927-10-10 -> 2026-09-15)
$MJN: possibly delisted; no price data found  (1d 2015-06-21 -> 2015-07-02)

1 Failed download:
['MJN']: possibly delisted; no price data found  (1d 2015-06-21 -> 2015-07-02)
$MMC: possibly delisted; no timezone found
$MNK: possibly delisted; no timezone found
$MMC: possibly delisted; no timezone found
$MNK: possibly delisted; no timezone found

1 Failed download:
['MMC']: possibly delisted; no timezone found

1 Failed download:
['MNK']: possibly delisted; no timezone found
$MON: possibly delisted; no timezone found
$MON: possibly delisted; no timezone found

1 Failed download:
['MON']: possibly delisted; no timezone found
$MRO: possibly delisted; no timezone found
$MRO: possibly delisted; no timezone found

1 Failed download:
['MRO']: possibly delisted; no timezone found
$MYL: possibly delisted; no timezone found
$MYL: possibly delisted; no timezone found

1 Failed download:
['MYL']: possibly delisted; no timezone found
$NBL: possibly delisted; no timezone found
$NBL: possibly delisted; no timezone found

1 Failed download:
['NBL']: possibly delisted; no timezone found
$NLSN: possibly delisted; no timezone found
$NE: Data doesn't exist for startDate = 1434859200, endDate = 1435809600

1 Failed download:
['NE']: Data doesn't exist for startDate = 1434859200, endDate = 1435809600
$NLSN: possibly delisted; no timezone found

1 Failed download:
['NLSN']: possibly delisted; no timezone found
$NFX: Data doesn't exist for startDate = 1434859200, endDate = 1435809600

1 Failed download:
['NFX']: Data doesn't exist for startDate = 1434859200, endDate = 1435809600
$PBCT: possibly delisted; no timezone found
$PBCT: possibly delisted; no timezone found

1 Failed download:
['PBCT']: possibly delisted; no timezone found
$O: possibly delisted; no price data found  (1d 2015-06-21 -> 2015-06-21)

1 Failed download:
['O']: possibly delisted; no price data found  (1d 2015-06-21 -> 2015-06-21)
$PCP: possibly delisted; no price data found  (1d 1927-10-10 -> 2026-09-15)
$PDCO: possibly delisted; no timezone found
$PCP: Data doesn't exist for startDate = 1434859200, endDate = 1435809600
$PCL: Data doesn't exist for startDate = 1434859200, endDate = 1435809600

1 Failed download:
['PCL']: Data doesn't exist for startDate = 1434859200, endDate = 1435809600
$PDCO: possibly delisted; no timezone found

1 Failed download:
['PCP']: Data doesn't exist for startDate = 1434859200, endDate = 1435809600

1 Failed download:
['PDCO']: possibly delisted; no timezone found
$PKI: possibly delisted; no timezone found
$PKI: possibly delisted; no timezone found

1 Failed download:
['PKI']: possibly delisted; no timezone found
$PLL: possibly delisted; no timezone found
$PLL: possibly delisted; no timezone found

1 Failed download:
['PLL']: possibly delisted; no timezone found
$POM: Data doesn't exist for startDate = 1434859200, endDate = 1435809600

1 Failed download:
['POM']: Data doesn't exist for startDate = 1434859200, endDate = 1435809600
$PX: possibly delisted; no timezone found
$PXD: possibly delisted; no timezone found
$PX: possibly delisted; no timezone found

1 Failed download:
['PX']: possibly delisted; no timezone found
$PXD: possibly delisted; no timezone found

1 Failed download:
['PXD']: possibly delisted; no timezone found
$RAI: possibly delisted; no price data found  (1d 1927-10-10 -> 2026-09-15)
$RAI: possibly delisted; no price data found  (1d 2015-06-21 -> 2015-07-02)

1 Failed download:
['RAI']: possibly delisted; no price data found  (1d 2015-06-21 -> 2015-07-02)
$QRVO: possibly delisted; no price data found  (1d 2015-06-21 -> 2015-06-21)

1 Failed download:
['QRVO']: possibly delisted; no price data found  (1d 2015-06-21 -> 2015-06-21)
$RHT: possibly delisted; no timezone found
$RHT: possibly delisted; no timezone found

1 Failed download:
['RHT']: possibly delisted; no timezone found
$RTN: possibly delisted; no timezone found
$RTN: possibly delisted; no timezone found

1 Failed download:
['RTN']: possibly delisted; no timezone found
$SIAL: possibly delisted; no price data found  (1d 1927-10-10 -> 2026-09-15)
$SEE: possibly delisted; no timezone found
$SIAL: possibly delisted; no price data found  (1d 2015-06-21 -> 2015-07-02)

1 Failed download:
['SIAL']: possibly delisted; no price data found  (1d 2015-06-21 -> 2015-07-02)
$SCG: Data doesn't exist for startDate = 1434859200, endDate = 1436932800

1 Failed download:
['SCG']: Data doesn't exist for startDate = 1434859200, endDate = 1436932800
$SEE: possibly delisted; no timezone found
$SNI: possibly delisted; no price data found  (1d 1927-10-10 -> 2026-09-15)

1 Failed download:
['SEE']: possibly delisted; no timezone found
$SNI: possibly delisted; no price data found  (1d 2015-06-21 -> 2015-07-02)

1 Failed download:
['SNI']: possibly delisted; no price data found  (1d 2015-06-21 -> 2015-07-02)
$SE: Data doesn't exist for startDate = 1434859200, endDate = 1435809600

1 Failed download:
['SE']: Data doesn't exist for startDate = 1434859200, endDate = 1435809600
$SLG: possibly delisted; no price data found  (1d 2015-06-21 -> 2015-06-21)

1 Failed download:
['SLG']: possibly delisted; no price data found  (1d 2015-06-21 -> 2015-06-21)
$STJ: possibly delisted; no price data found  (1d 1927-10-10 -> 2026-09-15)
$SNDK: Data doesn't exist for startDate = 1434859200, endDate = 1739336400

1 Failed download:
['SNDK']: Data doesn't exist for startDate = 1434859200, endDate = 1739336400
$SRCL: possibly delisted; no timezone found
$STJ: possibly delisted; no price data found  (1d 2015-06-21 -> 2015-07-02)

1 Failed download:
['STJ']: possibly delisted; no price data found  (1d 2015-06-21 -> 2015-07-02)
$SPLS: Data doesn't exist for startDate = 1434859200, endDate = 1435809600

1 Failed download:
['SPLS']: Data doesn't exist for startDate = 1434859200, endDate = 1435809600
$SRCL: possibly delisted; no timezone found

1 Failed download:
['SRCL']: possibly delisted; no timezone found
$STI: Data doesn't exist for startDate = 1434859200, endDate = 1435809600
$SWN: possibly delisted; no timezone found
$SWN: possibly delisted; no timezone found

1 Failed download:
['STI']: Data doesn't exist for startDate = 1434859200, endDate = 1435809600

1 Failed download:
['SWN']: possibly delisted; no timezone found
$SYMC: possibly delisted; no timezone found
$SYMC: possibly delisted; no timezone found
$TGNA: possibly delisted; no timezone found

1 Failed download:
['SYMC']: possibly delisted; no timezone found
$TGNA: possibly delisted; no timezone found

1 Failed download:
['TGNA']: possibly delisted; no timezone found
$TE: Data doesn't exist for startDate = 1434859200, endDate = 1435809600
$TIF: possibly delisted; no timezone found

1 Failed download:
['TE']: Data doesn't exist for startDate = 1434859200, endDate = 1435809600
$TIF: possibly delisted; no timezone found

1 Failed download:
['TIF']: possibly delisted; no timezone found
$SWKS: possibly delisted; no price data found  (1d 2015-06-21 -> 2015-06-21)

1 Failed download:
['SWKS']: possibly delisted; no price data found  (1d 2015-06-21 -> 2015-06-21)
$TWC: possibly delisted; no price data found  (1d 1927-10-10 -> 2026-09-15)
$TMK: possibly delisted; no timezone found
$TMK: possibly delisted; no timezone found

1 Failed download:
['TMK']: possibly delisted; no timezone found
$TWC: possibly delisted; no price data found  (1d 2015-06-21 -> 2015-07-02)

1 Failed download:
['TWC']: possibly delisted; no price data found  (1d 2015-06-21 -> 2015-07-02)
$TSS: possibly delisted; no timezone found
$TSS: possibly delisted; no timezone found

1 Failed download:
['TSS']: possibly delisted; no timezone found
$VAR: possibly delisted; no timezone found
$UTX: possibly delisted; no timezone found
$UTX: possibly delisted; no timezone found
$VAR: possibly delisted; no timezone found

1 Failed download:
['VAR']: possibly delisted; no timezone found

1 Failed download:
['UTX']: possibly delisted; no timezone found
$VIAB: possibly delisted; no timezone found
$VIAB: possibly delisted; no timezone found

1 Failed download:
['VIAB']: possibly delisted; no timezone found
$WBA: possibly delisted; no timezone found
$WBA: possibly delisted; no timezone found

1 Failed download:
['WBA']: possibly delisted; no timezone found
$WFM: possibly delisted; no price data found  (1d 1927-10-10 -> 2026-09-15)
$WFM: possibly delisted; no price data found  (1d 2015-06-21 -> 2015-07-02)

1 Failed download:
['WFM']: possibly delisted; no price data found  (1d 2015-06-21 -> 2015-07-02)
$WYND: possibly delisted; no timezone found
$WYND: possibly delisted; no timezone found

1 Failed download:
['WYND']: possibly delisted; no timezone found
$XL: possibly delisted; no timezone found
$XLNX: possibly delisted; no timezone found
$XL: possibly delisted; no timezone found

1 Failed download:
['XL']: possibly delisted; no timezone found
$XLNX: possibly delisted; no timezone found

1 Failed download:
['XLNX']: possibly delisted; no timezone found
$XEC: possibly delisted; no timezone found
$XEC: possibly delisted; no timezone found

1 Failed download:
['XEC']: possibly delisted; no timezone found
[h11]     [3/4] 2015-07-01: picks=['AET', 'NFLX', 'GILD'] (pool=40, 후보=37, 52.6s)
$ABC: possibly delisted; no timezone found
$AABA: possibly delisted; no timezone found
$ABC: possibly delisted; no timezone found

1 Failed download:
['ABC']: possibly delisted; no timezone found
$AABA: possibly delisted; no timezone found

1 Failed download:
['AABA']: possibly delisted; no timezone found
$AAP: possibly delisted; no price data found  (1d 2015-12-25 -> 2015-12-27)

1 Failed download:
['AAP']: possibly delisted; no price data found  (1d 2015-12-25 -> 2015-12-27)
$ADS: possibly delisted; no timezone found
$ADS: possibly delisted; no timezone found

1 Failed download:
['ADS']: possibly delisted; no timezone found
$ADT: Data doesn't exist for startDate = 1451019600, endDate = 1451970000

1 Failed download:
['ADT']: Data doesn't exist for startDate = 1451019600, endDate = 1451970000
$AGN: possibly delisted; no timezone found
$AGN: possibly delisted; no timezone found

1 Failed download:
['AGN']: possibly delisted; no timezone found
$ALXN: possibly delisted; no timezone found
$ALXN: possibly delisted; no timezone found

1 Failed download:
['ALXN']: possibly delisted; no timezone found
$ANTM: possibly delisted; no timezone found
$ANTM: possibly delisted; no timezone found

1 Failed download:
['ANTM']: possibly delisted; no timezone found
$ARG: possibly delisted; no price data found  (1d 1927-10-10 -> 2026-09-15)
$APC: Data doesn't exist for startDate = 1451019600, endDate = 1451970000
$ARNC: possibly delisted; no timezone found
$ATVI: possibly delisted; no timezone found

1 Failed download:
['APC']: Data doesn't exist for startDate = 1451019600, endDate = 1451970000
$AVB: Data doesn't exist for startDate = 1451019600, endDate = 1784174400
$ARG: Data doesn't exist for startDate = 1451019600, endDate = 1451970000

1 Failed download:
['AVB']: Data doesn't exist for startDate = 1451019600, endDate = 1784174400

1 Failed download:
['ARG']: Data doesn't exist for startDate = 1451019600, endDate = 1451970000
$ARNC: possibly delisted; no timezone found
$ATVI: possibly delisted; no timezone found

1 Failed download:
['ATVI']: possibly delisted; no timezone found

1 Failed download:
['ARNC']: possibly delisted; no timezone found
$BCR: possibly delisted; no price data found  (1d 1927-10-10 -> 2026-09-15)
$BBBY: Data doesn't exist for startDate = 1451019600, endDate = 1451970000

1 Failed download:
['BBBY']: Data doesn't exist for startDate = 1451019600, endDate = 1451970000
$BCR: possibly delisted; no price data found  (1d 2015-12-25 -> 2016-01-05)

1 Failed download:
['BCR']: possibly delisted; no price data found  (1d 2015-12-25 -> 2016-01-05)
$BHGE: possibly delisted; no timezone found
$BHGE: possibly delisted; no timezone found

1 Failed download:
['BHGE']: possibly delisted; no timezone found
$BLL: possibly delisted; no timezone found
$BK: possibly delisted; no timezone found
$BLL: possibly delisted; no timezone found
$BK: possibly delisted; no timezone found

1 Failed download:
['BLL']: possibly delisted; no timezone found

1 Failed download:
['BK']: possibly delisted; no timezone found
$BRCM: possibly delisted; no price data found  (1d 1927-10-10 -> 2026-09-15)
$BXLT: possibly delisted; no price data found  (1d 1927-10-10 -> 2026-09-15)
$BRCM: possibly delisted; no price data found  (1d 2015-12-25 -> 2016-01-05)

1 Failed download:
['BRCM']: possibly delisted; no price data found  (1d 2015-12-25 -> 2016-01-05)
$CA: possibly delisted; no timezone found
$BXLT: possibly delisted; no price data found  (1d 2015-12-25 -> 2016-01-05)

1 Failed download:
['BXLT']: possibly delisted; no price data found  (1d 2015-12-25 -> 2016-01-05)
$CA: possibly delisted; no timezone found

1 Failed download:
['CA']: possibly delisted; no timezone found
$CBS: possibly delisted; no timezone found
$CCE: possibly delisted; no price data found  (1d 1927-10-10 -> 2026-09-15)
$CBS: possibly delisted; no timezone found
$CAM: Data doesn't exist for startDate = 1451019600, endDate = 1451970000

1 Failed download:
['CBS']: possibly delisted; no timezone found

1 Failed download:
['CAM']: Data doesn't exist for startDate = 1451019600, endDate = 1451970000
$CCE: possibly delisted; no price data found  (1d 2015-12-25 -> 2016-01-05)

1 Failed download:
['CCE']: possibly delisted; no price data found  (1d 2015-12-25 -> 2016-01-05)
$CELG: possibly delisted; no timezone found
$CELG: possibly delisted; no timezone found
$CERN: possibly delisted; no timezone found

1 Failed download:
['CELG']: possibly delisted; no timezone found
$CCEP: possibly delisted; no price data found  (1d 2015-12-25 -> 2015-12-27)

1 Failed download:
['CCEP']: possibly delisted; no price data found  (1d 2015-12-25 -> 2015-12-27)
$CERN: possibly delisted; no timezone found

1 Failed download:
['CERN']: possibly delisted; no timezone found
$CHK: possibly delisted; no timezone found
$CHK: possibly delisted; no timezone found

1 Failed download:
['CHK']: possibly delisted; no timezone found
$CMA: possibly delisted; no timezone found
$CMA: possibly delisted; no timezone found

1 Failed download:
['CMA']: possibly delisted; no timezone found
$CHD: possibly delisted; no price data found  (1d 2015-12-25 -> 2015-12-27)

1 Failed download:
['CHD']: possibly delisted; no price data found  (1d 2015-12-25 -> 2015-12-27)
$COG: possibly delisted; no timezone found
$COG: possibly delisted; no timezone found
$CPGX: possibly delisted; no price data found  (1d 1927-10-10 -> 2026-09-15)

1 Failed download:
['COG']: possibly delisted; no timezone found
$CPGX: possibly delisted; no price data found  (1d 2015-12-25 -> 2016-01-05)

1 Failed download:
['CPGX']: possibly delisted; no price data found  (1d 2015-12-25 -> 2016-01-05)
$CSRA: Data doesn't exist for startDate = 1451019600, endDate = 1451970000
$CTL: possibly delisted; no timezone found

1 Failed download:
['CSRA']: Data doesn't exist for startDate = 1451019600, endDate = 1451970000
$CTL: possibly delisted; no timezone found

1 Failed download:
['CTL']: possibly delisted; no timezone found
$CPRI: possibly delisted; no price data found  (1d 2015-12-25 -> 2015-12-27)

1 Failed download:
['CPRI']: possibly delisted; no price data found  (1d 2015-12-25 -> 2015-12-27)
$CVC: possibly delisted; no price data found  (1d 1927-10-10 -> 2026-09-15)
$CTXS: possibly delisted; no timezone found
$CTXS: possibly delisted; no timezone found
$CVC: possibly delisted; no price data found  (1d 2015-12-25 -> 2016-01-05)

1 Failed download:
['CTXS']: possibly delisted; no timezone found

1 Failed download:
['CVC']: possibly delisted; no price data found  (1d 2015-12-25 -> 2016-01-05)
$DFS: possibly delisted; no timezone found
$DFS: possibly delisted; no timezone found

1 Failed download:
['DFS']: possibly delisted; no timezone found
$DISCA: possibly delisted; no timezone found
$DISCK: possibly delisted; no timezone found
$DISCA: possibly delisted; no timezone found

1 Failed download:
['DISCA']: possibly delisted; no timezone found
$DISCK: possibly delisted; no timezone found

1 Failed download:
['DISCK']: possibly delisted; no timezone found
$DNB: possibly delisted; no timezone found
$DNB: possibly delisted; no timezone found

1 Failed download:
['DNB']: possibly delisted; no timezone found
$DO: possibly delisted; no timezone found
$DO: possibly delisted; no timezone found

1 Failed download:
['DO']: possibly delisted; no timezone found
$DOW: Data doesn't exist for startDate = 1451019600, endDate = 1552968000

1 Failed download:
['DOW']: Data doesn't exist for startDate = 1451019600, endDate = 1552968000
$EA: Data doesn't exist for startDate = 1451019600, endDate = 1784174400

1 Failed download:
['EA']: Data doesn't exist for startDate = 1451019600, endDate = 1784174400
$ENDP: possibly delisted; no timezone found
$ENDP: possibly delisted; no timezone found

1 Failed download:
['ENDP']: possibly delisted; no timezone found
$EMC: Data doesn't exist for startDate = 1451019600, endDate = 1451970000

1 Failed download:
['EMC']: Data doesn't exist for startDate = 1451019600, endDate = 1451970000
$ETFC: possibly delisted; no timezone found
$ETFC: possibly delisted; no timezone found

1 Failed download:
['ETFC']: possibly delisted; no timezone found
$ESV: possibly delisted; no timezone found
$EQR: Data doesn't exist for startDate = 1451019600, endDate = 1784174400

1 Failed download:
['EQR']: Data doesn't exist for startDate = 1451019600, endDate = 1784174400
$ESV: possibly delisted; no timezone found

1 Failed download:
['ESV']: possibly delisted; no timezone found
$FB: Data doesn't exist for startDate = 1451019600, endDate = 1451970000

1 Failed download:
['FB']: Data doesn't exist for startDate = 1451019600, endDate = 1451970000
$FLIR: possibly delisted; no timezone found
$FLIR: possibly delisted; no timezone found

1 Failed download:
['FLIR']: possibly delisted; no timezone found
$GAS: possibly delisted; no price data found  (1d 1927-10-10 -> 2026-09-15)
$FTR: possibly delisted; no timezone found
$FOXA: Data doesn't exist for startDate = 1451019600, endDate = 1552276800

1 Failed download:
['FOXA']: Data doesn't exist for startDate = 1451019600, endDate = 1552276800
$GGP: possibly delisted; no price data found  (1d 1927-10-10 -> 2026-09-15)
$FOX: Data doesn't exist for startDate = 1451019600, endDate = 1552363200
$FTR: possibly delisted; no timezone found

1 Failed download:
['FOX']: Data doesn't exist for startDate = 1451019600, endDate = 1552363200

1 Failed download:
['FTR']: possibly delisted; no timezone found
$GAS: possibly delisted; no price data found  (1d 2015-12-25 -> 2016-01-05)

1 Failed download:
['GAS']: possibly delisted; no price data found  (1d 2015-12-25 -> 2016-01-05)
$GMCR: possibly delisted; no price data found  (1d 1927-10-10 -> 2026-09-15)
$GGP: possibly delisted; no price data found  (1d 2015-12-25 -> 2016-01-05)

1 Failed download:
['GGP']: possibly delisted; no price data found  (1d 2015-12-25 -> 2016-01-05)
$GMCR: possibly delisted; no price data found  (1d 2015-12-25 -> 2016-01-05)

1 Failed download:
['GMCR']: possibly delisted; no price data found  (1d 2015-12-25 -> 2016-01-05)
$GPS: possibly delisted; no timezone found
$GPS: possibly delisted; no timezone found

1 Failed download:
['GPS']: possibly delisted; no timezone found
$HAR: possibly delisted; no price data found  (1d 1927-10-10 -> 2026-09-15)
$HAR: possibly delisted; no price data found  (1d 2015-12-25 -> 2016-01-05)

1 Failed download:
['HAR']: possibly delisted; no price data found  (1d 2015-12-25 -> 2016-01-05)
$HCP: possibly delisted; no timezone found
$HBI: possibly delisted; no timezone found
$HBI: possibly delisted; no timezone found
$HCP: possibly delisted; no timezone found

1 Failed download:
['HBI']: possibly delisted; no timezone found

1 Failed download:
['HCP']: possibly delisted; no timezone found
$HES: possibly delisted; no timezone found
$HES: possibly delisted; no timezone found

1 Failed download:
['HES']: possibly delisted; no timezone found
$HPE: possibly delisted; no price data found  (1d 2015-12-25 -> 2015-12-27)

1 Failed download:
['HPE']: possibly delisted; no price data found  (1d 2015-12-25 -> 2015-12-27)
$HRS: possibly delisted; no timezone found
$HRS: possibly delisted; no timezone found

1 Failed download:
['HRS']: possibly delisted; no timezone found
$IPG: possibly delisted; no timezone found
$IPG: possibly delisted; no timezone found

1 Failed download:
['IPG']: possibly delisted; no timezone found
$IR: Data doesn't exist for startDate = 1451019600, endDate = 1494475200

1 Failed download:
['IR']: Data doesn't exist for startDate = 1451019600, endDate = 1494475200
$JEC: possibly delisted; no timezone found
$JEC: possibly delisted; no timezone found

1 Failed download:
['JEC']: possibly delisted; no timezone found
$JWN: possibly delisted; no timezone found
$JNPR: possibly delisted; no timezone found
$JWN: possibly delisted; no timezone found

1 Failed download:
['JWN']: possibly delisted; no timezone found
$JNPR: possibly delisted; no timezone found

1 Failed download:
['JNPR']: possibly delisted; no timezone found
$K: possibly delisted; no timezone found
$K: possibly delisted; no timezone found

1 Failed download:
['K']: possibly delisted; no timezone found
$KORS: possibly delisted; no price data found  (1d 1927-10-10 -> 2026-09-15)
$KORS: possibly delisted; no price data found  (1d 2015-12-25 -> 2016-01-05)

1 Failed download:
['KORS']: possibly delisted; no price data found  (1d 2015-12-25 -> 2016-01-05)
$KHC: possibly delisted; no price data found  (1d 2015-12-25 -> 2015-12-27)

1 Failed download:
['KHC']: possibly delisted; no price data found  (1d 2015-12-25 -> 2015-12-27)
$KSU: possibly delisted; no timezone found
$KSU: possibly delisted; no timezone found

1 Failed download:
['KSU']: possibly delisted; no timezone found
$LLTC: possibly delisted; no price data found  (1d 1927-10-10 -> 2026-09-15)
$LEG: Data doesn't exist for startDate = 1451019600, endDate = 1451970000
$LLL: possibly delisted; no timezone found

1 Failed download:
['LEG']: Data doesn't exist for startDate = 1451019600, endDate = 1451970000
$LB: Data doesn't exist for startDate = 1451019600, endDate = 1451970000

1 Failed download:
['LB']: Data doesn't exist for startDate = 1451019600, endDate = 1451970000
$LLL: possibly delisted; no timezone found

1 Failed download:
['LLL']: possibly delisted; no timezone found
$LLTC: possibly delisted; no price data found  (1d 2015-12-25 -> 2016-01-05)

1 Failed download:
['LLTC']: possibly delisted; no price data found  (1d 2015-12-25 -> 2016-01-05)
$LM: possibly delisted; no timezone found
$LM: possibly delisted; no timezone found

1 Failed download:
['LM']: possibly delisted; no timezone found
$LVLT: possibly delisted; no price data found  (1d 1927-10-10 -> 2026-09-15)
$LVLT: possibly delisted; no price data found  (1d 2015-12-25 -> 2016-01-05)

1 Failed download:
['LVLT']: possibly delisted; no price data found  (1d 2015-12-25 -> 2016-01-05)
$MJN: possibly delisted; no price data found  (1d 1927-10-10 -> 2026-09-15)
$MJN: possibly delisted; no price data found  (1d 2015-12-25 -> 2016-01-05)

1 Failed download:
['MJN']: possibly delisted; no price data found  (1d 2015-12-25 -> 2016-01-05)
$MMC: possibly delisted; no timezone found
$MMC: possibly delisted; no timezone found
$MNK: possibly delisted; no timezone found

1 Failed download:
['MMC']: possibly delisted; no timezone found
$MNK: possibly delisted; no timezone found

1 Failed download:
['MNK']: possibly delisted; no timezone found
$MON: possibly delisted; no timezone found
$MRO: possibly delisted; no timezone found
$MON: possibly delisted; no timezone found
$MRO: possibly delisted; no timezone found

1 Failed download:

1 Failed download:
['MON']: possibly delisted; no timezone found
['MRO']: possibly delisted; no timezone found
$MYL: possibly delisted; no timezone found
$MYL: possibly delisted; no timezone found

1 Failed download:
['MYL']: possibly delisted; no timezone found
$NBL: possibly delisted; no timezone found
$NBL: possibly delisted; no timezone found

1 Failed download:
['NBL']: possibly delisted; no timezone found
$NLSN: possibly delisted; no timezone found
$NLSN: possibly delisted; no timezone found

1 Failed download:
['NLSN']: possibly delisted; no timezone found
$NFX: Data doesn't exist for startDate = 1451019600, endDate = 1451970000

1 Failed download:
['NFX']: Data doesn't exist for startDate = 1451019600, endDate = 1451970000
$NWS: possibly delisted; no price data found  (1d 2015-12-25 -> 2015-12-27)

1 Failed download:
['NWS']: possibly delisted; no price data found  (1d 2015-12-25 -> 2015-12-27)
$PBCT: possibly delisted; no timezone found
$PCP: possibly delisted; no price data found  (1d 1927-10-10 -> 2026-09-15)
$PBCT: possibly delisted; no timezone found

1 Failed download:
['PBCT']: possibly delisted; no timezone found
$PCL: Data doesn't exist for startDate = 1451019600, endDate = 1451970000

1 Failed download:
['PCL']: Data doesn't exist for startDate = 1451019600, endDate = 1451970000
$PDCO: possibly delisted; no timezone found
$PCP: Data doesn't exist for startDate = 1451019600, endDate = 1451970000
$PDCO: possibly delisted; no timezone found

1 Failed download:

1 Failed download:
['PDCO']: possibly delisted; no timezone found
['PCP']: Data doesn't exist for startDate = 1451019600, endDate = 1451970000
$PKI: possibly delisted; no timezone found
$PKI: possibly delisted; no timezone found

1 Failed download:
['PKI']: possibly delisted; no timezone found
$POM: Data doesn't exist for startDate = 1451019600, endDate = 1451970000

1 Failed download:
['POM']: Data doesn't exist for startDate = 1451019600, endDate = 1451970000
$PXD: possibly delisted; no timezone found
$RAI: possibly delisted; no price data found  (1d 1927-10-10 -> 2026-09-15)
$PXD: possibly delisted; no timezone found
$PX: possibly delisted; no timezone found
$PX: possibly delisted; no timezone found

1 Failed download:
['PXD']: possibly delisted; no timezone found

1 Failed download:
['PX']: possibly delisted; no timezone found
$RAI: possibly delisted; no price data found  (1d 2015-12-25 -> 2016-01-05)

1 Failed download:
['RAI']: possibly delisted; no price data found  (1d 2015-12-25 -> 2016-01-05)
$PYPL: possibly delisted; no price data found  (1d 2015-12-25 -> 2015-12-27)

1 Failed download:
['PYPL']: possibly delisted; no price data found  (1d 2015-12-25 -> 2015-12-27)
$RHT: possibly delisted; no timezone found
$RHT: possibly delisted; no timezone found

1 Failed download:
['RHT']: possibly delisted; no timezone found
$RTN: possibly delisted; no timezone found
$RTN: possibly delisted; no timezone found

1 Failed download:
['RTN']: possibly delisted; no timezone found
$SEE: possibly delisted; no timezone found
$SEE: possibly delisted; no timezone found

1 Failed download:
['SEE']: possibly delisted; no timezone found
$SE: Data doesn't exist for startDate = 1451019600, endDate = 1451970000
$SNI: possibly delisted; no price data found  (1d 1927-10-10 -> 2026-09-15)

1 Failed download:
['SE']: Data doesn't exist for startDate = 1451019600, endDate = 1451970000
$SNI: possibly delisted; no price data found  (1d 2015-12-25 -> 2016-01-05)

1 Failed download:
['SNI']: possibly delisted; no price data found  (1d 2015-12-25 -> 2016-01-05)
$SIG: possibly delisted; no price data found  (1d 2015-12-25 -> 2015-12-27)
$SNDK: Data doesn't exist for startDate = 1451019600, endDate = 1739336400

1 Failed download:
['SIG']: possibly delisted; no price data found  (1d 2015-12-25 -> 2015-12-27)

1 Failed download:
['SNDK']: Data doesn't exist for startDate = 1451019600, endDate = 1739336400
$SRCL: possibly delisted; no timezone found
$SRCL: possibly delisted; no timezone found

1 Failed download:
['SRCL']: possibly delisted; no timezone found
$STJ: possibly delisted; no price data found  (1d 1927-10-10 -> 2026-09-15)
$STJ: possibly delisted; no price data found  (1d 2015-12-25 -> 2016-01-05)

1 Failed download:
['STJ']: possibly delisted; no price data found  (1d 2015-12-25 -> 2016-01-05)
$SPLS: Data doesn't exist for startDate = 1451019600, endDate = 1451970000

1 Failed download:
['SPLS']: Data doesn't exist for startDate = 1451019600, endDate = 1451970000
$SWN: possibly delisted; no timezone found
$SWN: possibly delisted; no timezone found

1 Failed download:
['SWN']: possibly delisted; no timezone found
$STI: Data doesn't exist for startDate = 1451019600, endDate = 1451970000

1 Failed download:
['STI']: Data doesn't exist for startDate = 1451019600, endDate = 1451970000
$SYMC: possibly delisted; no timezone found
$SYMC: possibly delisted; no timezone found

1 Failed download:
['SYMC']: possibly delisted; no timezone found
$SYF: possibly delisted; no price data found  (1d 2015-12-25 -> 2015-12-27)

1 Failed download:
['SYF']: possibly delisted; no price data found  (1d 2015-12-25 -> 2015-12-27)
$TGNA: possibly delisted; no timezone found
$TGNA: possibly delisted; no timezone found

1 Failed download:
['TGNA']: possibly delisted; no timezone found
$TE: Data doesn't exist for startDate = 1451019600, endDate = 1451970000

1 Failed download:
['TE']: Data doesn't exist for startDate = 1451019600, endDate = 1451970000
$TIF: possibly delisted; no timezone found
$TIF: possibly delisted; no timezone found

1 Failed download:
['TIF']: possibly delisted; no timezone found
$TMK: possibly delisted; no timezone found
$TMK: possibly delisted; no timezone found

1 Failed download:
['TMK']: possibly delisted; no timezone found
$TWC: possibly delisted; no price data found  (1d 1927-10-10 -> 2026-09-15)
$TSS: possibly delisted; no timezone found
$TWC: possibly delisted; no price data found  (1d 2015-12-25 -> 2016-01-05)

1 Failed download:
$TSS: possibly delisted; no timezone found
['TWC']: possibly delisted; no price data found  (1d 2015-12-25 -> 2016-01-05)

1 Failed download:
['TSS']: possibly delisted; no timezone found
$UAL: possibly delisted; no price data found  (1d 2015-12-25 -> 2015-12-27)

1 Failed download:
['UAL']: possibly delisted; no price data found  (1d 2015-12-25 -> 2015-12-27)
$UTX: possibly delisted; no timezone found
$UTX: possibly delisted; no timezone found

1 Failed download:
['UTX']: possibly delisted; no timezone found
$VAR: possibly delisted; no timezone found
$VAR: possibly delisted; no timezone found

1 Failed download:
['VAR']: possibly delisted; no timezone found
$VIAB: possibly delisted; no timezone found
$VIAB: possibly delisted; no timezone found

1 Failed download:
['VIAB']: possibly delisted; no timezone found
$VRSK: possibly delisted; no price data found  (1d 2015-12-25 -> 2015-12-27)

1 Failed download:
['VRSK']: possibly delisted; no price data found  (1d 2015-12-25 -> 2015-12-27)
$WBA: possibly delisted; no timezone found
$WBA: possibly delisted; no timezone found

1 Failed download:
['WBA']: possibly delisted; no timezone found
$WFM: possibly delisted; no price data found  (1d 1927-10-10 -> 2026-09-15)
$WFM: possibly delisted; no price data found  (1d 2015-12-25 -> 2016-01-05)

1 Failed download:
['WFM']: possibly delisted; no price data found  (1d 2015-12-25 -> 2016-01-05)
$WRK: possibly delisted; no timezone found
$WRK: possibly delisted; no timezone found

1 Failed download:
['WRK']: possibly delisted; no timezone found
$WYND: possibly delisted; no timezone found
$WYND: possibly delisted; no timezone found

1 Failed download:
['WYND']: possibly delisted; no timezone found
$XEC: possibly delisted; no timezone found
$XEC: possibly delisted; no timezone found

1 Failed download:
['XEC']: possibly delisted; no timezone found
$XL: possibly delisted; no timezone found
$XL: possibly delisted; no timezone found

1 Failed download:
['XL']: possibly delisted; no timezone found
$XLNX: possibly delisted; no timezone found
$XLNX: possibly delisted; no timezone found

1 Failed download:
['XLNX']: possibly delisted; no timezone found
[h11]     [4/4] 2016-01-04: picks=['AMZN', 'GOOGL', 'GOOG'] (pool=40, 후보=38, 53.4s)
[h_corr]   풀 신호 생략(비용 절감) - breadth/pool_corr는 NaN(스위치 항상 ON)으로 채움
[h_corr]   보유종목 상관관계 신호 구축...
/opt/quant/analysis/2026-08-22_regime_conditional_satellite_switch/h12_regime_switch.py:84: FutureWarning: Downcasting object dtype arrays on .fillna, .ffill, .bfill is deprecated and will change in a future version. Call result.infer_objects(copy=False) instead. To opt-in to the future behavior, set `pd.set_option('future.no_silent_downcasting', True)`
  signal_lagged = regime_aligned.shift(1).fillna(False)  # 전일 신호를 오늘 적용(챔피언 관례와 동일)
/opt/quant/analysis/2026-08-22_regime_conditional_satellite_switch/h12_regime_switch.py:84: FutureWarning: Downcasting object dtype arrays on .fillna, .ffill, .bfill is deprecated and will change in a future version. Call result.infer_objects(copy=False) instead. To opt-in to the future behavior, set `pd.set_option('future.no_silent_downcasting', True)`
  signal_lagged = regime_aligned.shift(1).fillna(False)  # 전일 신호를 오늘 적용(챔피언 관례와 동일)
/opt/quant/analysis/2026-08-22_regime_conditional_satellite_switch/h12_regime_switch.py:84: FutureWarning: Downcasting object dtype arrays on .fillna, .ffill, .bfill is deprecated and will change in a future version. Call result.infer_objects(copy=False) instead. To opt-in to the future behavior, set `pd.set_option('future.no_silent_downcasting', True)`
  signal_lagged = regime_aligned.shift(1).fillna(False)  # 전일 신호를 오늘 적용(챔피언 관례와 동일)
/opt/quant/analysis/2026-08-22_regime_conditional_satellite_switch/h12_regime_switch.py:84: FutureWarning: Downcasting object dtype arrays on .fillna, .ffill, .bfill is deprecated and will change in a future version. Call result.infer_objects(copy=False) instead. To opt-in to the future behavior, set `pd.set_option('future.no_silent_downcasting', True)`
  signal_lagged = regime_aligned.shift(1).fillna(False)  # 전일 신호를 오늘 적용(챔피언 관례와 동일)
/opt/quant/analysis/2026-08-22_regime_conditional_satellite_switch/h12_regime_switch.py:84: FutureWarning: Downcasting object dtype arrays on .fillna, .ffill, .bfill is deprecated and will change in a future version. Call result.infer_objects(copy=False) instead. To opt-in to the future behavior, set `pd.set_option('future.no_silent_downcasting', True)`
  signal_lagged = regime_aligned.shift(1).fillna(False)  # 전일 신호를 오늘 적용(챔피언 관례와 동일)
/opt/quant/analysis/2026-08-22_regime_conditional_satellite_switch/h12_regime_switch.py:84: FutureWarning: Downcasting object dtype arrays on .fillna, .ffill, .bfill is deprecated and will change in a future version. Call result.infer_objects(copy=False) instead. To opt-in to the future behavior, set `pd.set_option('future.no_silent_downcasting', True)`
  signal_lagged = regime_aligned.shift(1).fillna(False)  # 전일 신호를 오늘 적용(챔피언 관례와 동일)
/opt/quant/analysis/2026-08-22_regime_conditional_satellite_switch/h12_regime_switch.py:84: FutureWarning: Downcasting object dtype arrays on .fillna, .ffill, .bfill is deprecated and will change in a future version. Call result.infer_objects(copy=False) instead. To opt-in to the future behavior, set `pd.set_option('future.no_silent_downcasting', True)`
  signal_lagged = regime_aligned.shift(1).fillna(False)  # 전일 신호를 오늘 적용(챔피언 관례와 동일)
/opt/quant/analysis/2026-08-22_regime_conditional_satellite_switch/h12_regime_switch.py:84: FutureWarning: Downcasting object dtype arrays on .fillna, .ffill, .bfill is deprecated and will change in a future version. Call result.infer_objects(copy=False) instead. To opt-in to the future behavior, set `pd.set_option('future.no_silent_downcasting', True)`
  signal_lagged = regime_aligned.shift(1).fillna(False)  # 전일 신호를 오늘 적용(챔피언 관례와 동일)
/opt/quant/analysis/2026-08-22_regime_conditional_satellite_switch/h12_regime_switch.py:84: FutureWarning: Downcasting object dtype arrays on .fillna, .ffill, .bfill is deprecated and will change in a future version. Call result.infer_objects(copy=False) instead. To opt-in to the future behavior, set `pd.set_option('future.no_silent_downcasting', True)`
  signal_lagged = regime_aligned.shift(1).fillna(False)  # 전일 신호를 오늘 적용(챔피언 관례와 동일)
/opt/quant/analysis/2026-08-22_regime_conditional_satellite_switch/h12_regime_switch.py:84: FutureWarning: Downcasting object dtype arrays on .fillna, .ffill, .bfill is deprecated and will change in a future version. Call result.infer_objects(copy=False) instead. To opt-in to the future behavior, set `pd.set_option('future.no_silent_downcasting', True)`
  signal_lagged = regime_aligned.shift(1).fillna(False)  # 전일 신호를 오늘 적용(챔피언 관례와 동일)
/opt/quant/analysis/2026-08-22_regime_conditional_satellite_switch/h12_regime_switch.py:84: FutureWarning: Downcasting object dtype arrays on .fillna, .ffill, .bfill is deprecated and will change in a future version. Call result.infer_objects(copy=False) instead. To opt-in to the future behavior, set `pd.set_option('future.no_silent_downcasting', True)`
  signal_lagged = regime_aligned.shift(1).fillna(False)  # 전일 신호를 오늘 적용(챔피언 관례와 동일)
/opt/quant/analysis/2026-08-22_regime_conditional_satellite_switch/h12_regime_switch.py:84: FutureWarning: Downcasting object dtype arrays on .fillna, .ffill, .bfill is deprecated and will change in a future version. Call result.infer_objects(copy=False) instead. To opt-in to the future behavior, set `pd.set_option('future.no_silent_downcasting', True)`
  signal_lagged = regime_aligned.shift(1).fillna(False)  # 전일 신호를 오늘 적용(챔피언 관례와 동일)
/opt/quant/analysis/2026-08-22_regime_conditional_satellite_switch/h12_regime_switch.py:84: FutureWarning: Downcasting object dtype arrays on .fillna, .ffill, .bfill is deprecated and will change in a future version. Call result.infer_objects(copy=False) instead. To opt-in to the future behavior, set `pd.set_option('future.no_silent_downcasting', True)`
  signal_lagged = regime_aligned.shift(1).fillna(False)  # 전일 신호를 오늘 적용(챔피언 관례와 동일)
/opt/quant/analysis/2026-08-22_regime_conditional_satellite_switch/h12_regime_switch.py:84: FutureWarning: Downcasting object dtype arrays on .fillna, .ffill, .bfill is deprecated and will change in a future version. Call result.infer_objects(copy=False) instead. To opt-in to the future behavior, set `pd.set_option('future.no_silent_downcasting', True)`
  signal_lagged = regime_aligned.shift(1).fillna(False)  # 전일 신호를 오늘 적용(챔피언 관례와 동일)
/opt/quant/analysis/2026-08-22_regime_conditional_satellite_switch/h12_regime_switch.py:84: FutureWarning: Downcasting object dtype arrays on .fillna, .ffill, .bfill is deprecated and will change in a future version. Call result.infer_objects(copy=False) instead. To opt-in to the future behavior, set `pd.set_option('future.no_silent_downcasting', True)`
  signal_lagged = regime_aligned.shift(1).fillna(False)  # 전일 신호를 오늘 적용(챔피언 관례와 동일)
/opt/quant/analysis/2026-08-22_regime_conditional_satellite_switch/h12_regime_switch.py:84: FutureWarning: Downcasting object dtype arrays on .fillna, .ffill, .bfill is deprecated and will change in a future version. Call result.infer_objects(copy=False) instead. To opt-in to the future behavior, set `pd.set_option('future.no_silent_downcasting', True)`
  signal_lagged = regime_aligned.shift(1).fillna(False)  # 전일 신호를 오늘 적용(챔피언 관례와 동일)
/opt/quant/analysis/2026-08-22_regime_conditional_satellite_switch/h12_regime_switch.py:84: FutureWarning: Downcasting object dtype arrays on .fillna, .ffill, .bfill is deprecated and will change in a future version. Call result.infer_objects(copy=False) instead. To opt-in to the future behavior, set `pd.set_option('future.no_silent_downcasting', True)`
  signal_lagged = regime_aligned.shift(1).fillna(False)  # 전일 신호를 오늘 적용(챔피언 관례와 동일)
/opt/quant/analysis/2026-08-22_regime_conditional_satellite_switch/h12_regime_switch.py:84: FutureWarning: Downcasting object dtype arrays on .fillna, .ffill, .bfill is deprecated and will change in a future version. Call result.infer_objects(copy=False) instead. To opt-in to the future behavior, set `pd.set_option('future.no_silent_downcasting', True)`
  signal_lagged = regime_aligned.shift(1).fillna(False)  # 전일 신호를 오늘 적용(챔피언 관례와 동일)
/opt/quant/analysis/2026-08-22_regime_conditional_satellite_switch/h12_regime_switch.py:84: FutureWarning: Downcasting object dtype arrays on .fillna, .ffill, .bfill is deprecated and will change in a future version. Call result.infer_objects(copy=False) instead. To opt-in to the future behavior, set `pd.set_option('future.no_silent_downcasting', True)`
  signal_lagged = regime_aligned.shift(1).fillna(False)  # 전일 신호를 오늘 적용(챔피언 관례와 동일)
/opt/quant/analysis/2026-08-22_regime_conditional_satellite_switch/h12_regime_switch.py:84: FutureWarning: Downcasting object dtype arrays on .fillna, .ffill, .bfill is deprecated and will change in a future version. Call result.infer_objects(copy=False) instead. To opt-in to the future behavior, set `pd.set_option('future.no_silent_downcasting', True)`
  signal_lagged = regime_aligned.shift(1).fillna(False)  # 전일 신호를 오늘 적용(챔피언 관례와 동일)
[h_corr]   correction_2015_2016 완료 (211.7s)
Traceback (most recent call last):
  File "/opt/quant/analysis/2026-09-14_satellite_correlation_crisis_signal/h_signals_and_backtest.py", line 474, in <module>
    main()
  File "/opt/quant/analysis/2026-09-14_satellite_correlation_crisis_signal/h_signals_and_backtest.py", line 449, in main
    s = series[cfg]
        ~~~~~~^^^^^
KeyError: 'switch_spy'
