[h18] 2008/2022는 H16 결과 재사용 완료
[h18] === covid_2020: 코어(17자산 챔피언) 구축 2019-01-01~2020-12-31 ===
$XLC: possibly delisted; no price data found  (1d 2017-11-27 -> 2018-06-18) (Yahoo error = "Data doesn't exist for startDate = 1511758800, endDate = 1529294400")

1 Failed download:
['XLC']: possibly delisted; no price data found  (1d 2017-11-27 -> 2018-06-18) (Yahoo error = "Data doesn't exist for startDate = 1511758800, endDate = 1529294400")
[h18]   코어 지표(전체): {'cumulative_return': 27.53, 'cagr': 12.98, 'mdd': -9.07, 'sharpe': 1.14, 'win_rate': 0.0, 'avg_holding_days': 0.0, 'trade_count': 0, 'profit_factor': 0.0, 'calmar': 1.43, 'avg_drawdown_days': 15.3}
[h18]   새틀라이트(정적보유, point-in-time) 구축 중...
[h11]   반기 리밸런싱 4회(trend_following): ['2019-01-02', '2019-07-01', '2020-01-02', '2020-07-01']
$ABMD: possibly delisted; no timezone found
$ABMD: possibly delisted; no timezone found
$ADS: possibly delisted; no timezone found

1 Failed download:
['ABMD']: possibly delisted; no timezone found
$ADS: possibly delisted; no timezone found

1 Failed download:
['ADS']: possibly delisted; no timezone found
$ABC: possibly delisted; no timezone found
$ABC: possibly delisted; no timezone found

1 Failed download:
['ABC']: possibly delisted; no timezone found
$AGN: possibly delisted; no timezone found
$AGN: possibly delisted; no timezone found

1 Failed download:
['AGN']: possibly delisted; no timezone found
$ALXN: possibly delisted; no timezone found
$ALXN: possibly delisted; no timezone found

1 Failed download:
['ALXN']: possibly delisted; no timezone found
$ANTM: possibly delisted; no timezone found
$ANSS: possibly delisted; no timezone found
$ANSS: possibly delisted; no timezone found

1 Failed download:
['ANSS']: possibly delisted; no timezone found
$ANTM: possibly delisted; no timezone found

1 Failed download:
['ANTM']: possibly delisted; no timezone found
$ATVI: possibly delisted; no timezone found
$ATVI: possibly delisted; no timezone found

1 Failed download:
['ATVI']: possibly delisted; no timezone found
$ARNC: possibly delisted; no timezone found
$ARNC: possibly delisted; no timezone found
$APC: possibly delisted; no price data found  (1d 2018-12-23 -> 2026-02-11) (Yahoo error = "Data doesn't exist for startDate = 1545541200, endDate = 1770786000")

1 Failed download:
['ARNC']: possibly delisted; no timezone found

1 Failed download:
['APC']: possibly delisted; no price data found  (1d 2018-12-23 -> 2026-02-11) (Yahoo error = "Data doesn't exist for startDate = 1545541200, endDate = 1770786000")
$BHGE: possibly delisted; no timezone found
$BHGE: possibly delisted; no timezone found

1 Failed download:
['BHGE']: possibly delisted; no timezone found
$BK: possibly delisted; no timezone found
$BK: possibly delisted; no timezone found

1 Failed download:
['BK']: possibly delisted; no timezone found
$BLL: possibly delisted; no timezone found
$BLL: possibly delisted; no timezone found
$CBS: possibly delisted; no timezone found

1 Failed download:
['BLL']: possibly delisted; no timezone found
$CBS: possibly delisted; no timezone found

1 Failed download:
['CBS']: possibly delisted; no timezone found
$CELG: possibly delisted; no timezone found
$CELG: possibly delisted; no timezone found

1 Failed download:
['CELG']: possibly delisted; no timezone found
$CERN: possibly delisted; no timezone found
$CERN: possibly delisted; no timezone found

1 Failed download:
['CERN']: possibly delisted; no timezone found
$CMA: possibly delisted; no timezone found
$CMA: possibly delisted; no timezone found
$COG: possibly delisted; no timezone found

1 Failed download:
['CMA']: possibly delisted; no timezone found
$COG: possibly delisted; no timezone found

1 Failed download:
['COG']: possibly delisted; no timezone found
$CTL: possibly delisted; no timezone found
$CTL: possibly delisted; no timezone found

1 Failed download:
['CTL']: possibly delisted; no timezone found
$CTXS: possibly delisted; no timezone found
$CTXS: possibly delisted; no timezone found

1 Failed download:
['CTXS']: possibly delisted; no timezone found
$CXO: possibly delisted; no timezone found
$DFS: possibly delisted; no timezone found
$CXO: possibly delisted; no timezone found

1 Failed download:
['CXO']: possibly delisted; no timezone found
$DFS: possibly delisted; no timezone found

1 Failed download:
['DFS']: possibly delisted; no timezone found
$DISCA: possibly delisted; no timezone found
$DISCA: possibly delisted; no timezone found

1 Failed download:
['DISCA']: possibly delisted; no timezone found
$DISH: possibly delisted; no timezone found
$DISH: possibly delisted; no timezone found

1 Failed download:
['DISH']: possibly delisted; no timezone found
$DISCK: possibly delisted; no timezone found
$DWDP: possibly delisted; no timezone found
$DISCK: possibly delisted; no timezone found

1 Failed download:
['DISCK']: possibly delisted; no timezone found
$DWDP: possibly delisted; no timezone found
$DRE: possibly delisted; no timezone found

1 Failed download:
['DWDP']: possibly delisted; no timezone found
$DRE: possibly delisted; no timezone found

1 Failed download:
['DRE']: possibly delisted; no timezone found
$ETFC: possibly delisted; no timezone found
$ETFC: possibly delisted; no timezone found

1 Failed download:
['ETFC']: possibly delisted; no timezone found
$FBHS: possibly delisted; no timezone found
$FBHS: possibly delisted; no timezone found

1 Failed download:
['FBHS']: possibly delisted; no timezone found
$FB: possibly delisted; no price data found  (1d 2018-12-23 -> 2019-01-03) (Yahoo error = "Data doesn't exist for startDate = 1545541200, endDate = 1546491600")

1 Failed download:
['FB']: possibly delisted; no price data found  (1d 2018-12-23 -> 2019-01-03) (Yahoo error = "Data doesn't exist for startDate = 1545541200, endDate = 1546491600")
$FLIR: possibly delisted; no timezone found
$FLIR: possibly delisted; no timezone found

1 Failed download:
['FLIR']: possibly delisted; no timezone found
$FL: possibly delisted; no timezone found
$FL: possibly delisted; no timezone found

1 Failed download:
['FL']: possibly delisted; no timezone found
$FLT: possibly delisted; no timezone found
$FLT: possibly delisted; no timezone found

1 Failed download:
['FLT']: possibly delisted; no timezone found
$FRC: possibly delisted; no timezone found
$FRC: possibly delisted; no timezone found

1 Failed download:
['FRC']: possibly delisted; no timezone found
$FOX: possibly delisted; no price data found  (1d 2018-12-23 -> 2019-03-12) (Yahoo error = "Data doesn't exist for startDate = 1545541200, endDate = 1552363200")

1 Failed download:
['FOX']: possibly delisted; no price data found  (1d 2018-12-23 -> 2019-03-12) (Yahoo error = "Data doesn't exist for startDate = 1545541200, endDate = 1552363200")
$FOXA: possibly delisted; no price data found  (1d 2018-12-23 -> 2019-03-11) (Yahoo error = "Data doesn't exist for startDate = 1545541200, endDate = 1552276800")

1 Failed download:
['FOXA']: possibly delisted; no price data found  (1d 2018-12-23 -> 2019-03-11) (Yahoo error = "Data doesn't exist for startDate = 1545541200, endDate = 1552276800")
$HBI: possibly delisted; no timezone found
$HBI: possibly delisted; no timezone found

1 Failed download:
['HBI']: possibly delisted; no timezone found
$HCP: possibly delisted; no timezone found
$GPS: possibly delisted; no timezone found
$HCP: possibly delisted; no timezone found

1 Failed download:
['HCP']: possibly delisted; no timezone found
$GPS: possibly delisted; no timezone found
$HES: possibly delisted; no timezone found
$HFC: possibly delisted; no timezone found

1 Failed download:
['GPS']: possibly delisted; no timezone found
$HES: possibly delisted; no timezone found

1 Failed download:
['HES']: possibly delisted; no timezone found
$HFC: possibly delisted; no timezone found

1 Failed download:
['HFC']: possibly delisted; no timezone found
$HOLX: possibly delisted; no timezone found
$HOLX: possibly delisted; no timezone found

1 Failed download:
['HOLX']: possibly delisted; no timezone found
$IPG: possibly delisted; no timezone found
$INFO: possibly delisted; no price data found  (1d 2018-12-23 -> 2019-01-03) (Yahoo error = "Data doesn't exist for startDate = 1545541200, endDate = 1546491600")

1 Failed download:
['INFO']: possibly delisted; no price data found  (1d 2018-12-23 -> 2019-01-03) (Yahoo error = "Data doesn't exist for startDate = 1545541200, endDate = 1546491600")
$IPG: possibly delisted; no timezone found

1 Failed download:
['IPG']: possibly delisted; no timezone found
$JEC: possibly delisted; no timezone found
$JEC: possibly delisted; no timezone found

1 Failed download:
['JEC']: possibly delisted; no timezone found
$JNPR: possibly delisted; no timezone found
$JNPR: possibly delisted; no timezone found

1 Failed download:
['JNPR']: possibly delisted; no timezone found
$JWN: possibly delisted; no timezone found
$K: possibly delisted; no timezone found
$JWN: possibly delisted; no timezone found

1 Failed download:
['JWN']: possibly delisted; no timezone found
$K: possibly delisted; no timezone found

1 Failed download:
['K']: possibly delisted; no timezone found
$KSU: possibly delisted; no timezone found
$KSU: possibly delisted; no timezone found

1 Failed download:
['KSU']: possibly delisted; no timezone found
$LLL: possibly delisted; no timezone found
$LB: possibly delisted; no price data found  (1d 2018-12-23 -> 2019-01-03) (Yahoo error = "Data doesn't exist for startDate = 1545541200, endDate = 1546491600")

1 Failed download:
['LB']: possibly delisted; no price data found  (1d 2018-12-23 -> 2019-01-03) (Yahoo error = "Data doesn't exist for startDate = 1545541200, endDate = 1546491600")
$LLL: possibly delisted; no timezone found

1 Failed download:
['LLL']: possibly delisted; no timezone found
$MMC: possibly delisted; no timezone found
$MMC: possibly delisted; no timezone found

1 Failed download:
['MMC']: possibly delisted; no timezone found
$MRO: possibly delisted; no timezone found
$MRO: possibly delisted; no timezone found

1 Failed download:
['MRO']: possibly delisted; no timezone found
$MXIM: possibly delisted; no timezone found
$MXIM: possibly delisted; no timezone found

1 Failed download:
['MXIM']: possibly delisted; no timezone found
$MYL: possibly delisted; no timezone found
$MYL: possibly delisted; no timezone found

1 Failed download:
['MYL']: possibly delisted; no timezone found
$NBL: possibly delisted; no timezone found
$NBL: possibly delisted; no timezone found

1 Failed download:
['NBL']: possibly delisted; no timezone found
$NLSN: possibly delisted; no timezone found
$NLSN: possibly delisted; no timezone found

1 Failed download:
['NLSN']: possibly delisted; no timezone found
$NFX: possibly delisted; no price data found  (1d 2018-12-23 -> 2026-07-06) (Yahoo error = "Data doesn't exist for startDate = 1545541200, endDate = 1783310400")

1 Failed download:
['NFX']: possibly delisted; no price data found  (1d 2018-12-23 -> 2026-07-06) (Yahoo error = "Data doesn't exist for startDate = 1545541200, endDate = 1783310400")
$PBCT: possibly delisted; no timezone found
$PBCT: possibly delisted; no timezone found

1 Failed download:
['PBCT']: possibly delisted; no timezone found
$PKI: possibly delisted; no timezone found
$PKI: possibly delisted; no timezone found

1 Failed download:
['PKI']: possibly delisted; no timezone found
$PXD: possibly delisted; no timezone found
$PXD: possibly delisted; no timezone found

1 Failed download:
['PXD']: possibly delisted; no timezone found
$RE: possibly delisted; no timezone found
$RE: possibly delisted; no timezone found

1 Failed download:
['RE']: possibly delisted; no timezone found
$RTN: possibly delisted; no timezone found
$RHT: possibly delisted; no timezone found
$RTN: possibly delisted; no timezone found

1 Failed download:
['RTN']: possibly delisted; no timezone found
$RHT: possibly delisted; no timezone found

1 Failed download:
['RHT']: possibly delisted; no timezone found
$SIVB: possibly delisted; no timezone found
$SIVB: possibly delisted; no timezone found

1 Failed download:
['SIVB']: possibly delisted; no timezone found
$SEE: possibly delisted; no timezone found
$SEE: possibly delisted; no timezone found

1 Failed download:
['SEE']: possibly delisted; no timezone found
$STI: possibly delisted; no price data found  (1d 2018-12-23 -> 2019-01-03) (Yahoo error = "Data doesn't exist for startDate = 1545541200, endDate = 1546491600")

1 Failed download:
['STI']: possibly delisted; no price data found  (1d 2018-12-23 -> 2019-01-03) (Yahoo error = "Data doesn't exist for startDate = 1545541200, endDate = 1546491600")
$SYMC: possibly delisted; no timezone found
$SYMC: possibly delisted; no timezone found

1 Failed download:
['SYMC']: possibly delisted; no timezone found
$TIF: possibly delisted; no timezone found
$TIF: possibly delisted; no timezone found

1 Failed download:
['TIF']: possibly delisted; no timezone found
$TMK: possibly delisted; no timezone found
$TMK: possibly delisted; no timezone found

1 Failed download:
['TMK']: possibly delisted; no timezone found
$TSS: possibly delisted; no timezone found
$TSS: possibly delisted; no timezone found

1 Failed download:
['TSS']: possibly delisted; no timezone found
$TWTR: possibly delisted; no timezone found
$TWTR: possibly delisted; no timezone found

1 Failed download:
['TWTR']: possibly delisted; no timezone found
$UTX: possibly delisted; no timezone found
$UTX: possibly delisted; no timezone found

1 Failed download:
['UTX']: possibly delisted; no timezone found
$VAR: possibly delisted; no timezone found
$VAR: possibly delisted; no timezone found

1 Failed download:
['VAR']: possibly delisted; no timezone found
$VIAB: possibly delisted; no timezone found
$VIAB: possibly delisted; no timezone found

1 Failed download:
['VIAB']: possibly delisted; no timezone found
$WBA: possibly delisted; no timezone found
$WBA: possibly delisted; no timezone found
$WCG: possibly delisted; no timezone found

1 Failed download:
['WBA']: possibly delisted; no timezone found
$WCG: possibly delisted; no timezone found

1 Failed download:
['WCG']: possibly delisted; no timezone found
$WLTW: possibly delisted; no timezone found
$WLTW: possibly delisted; no timezone found

1 Failed download:
['WLTW']: possibly delisted; no timezone found
$WRK: possibly delisted; no timezone found
$WRK: possibly delisted; no timezone found

1 Failed download:
['WRK']: possibly delisted; no timezone found
$XEC: possibly delisted; no timezone found
$XEC: possibly delisted; no timezone found

1 Failed download:
['XEC']: possibly delisted; no timezone found
$XLNX: possibly delisted; no timezone found
$XLNX: possibly delisted; no timezone found

1 Failed download:
['XLNX']: possibly delisted; no timezone found
[h11]     [1/4] 2019-01-02: picks=['MRK', 'PFE', 'NEE'] (pool=40, 후보=19, 60.7s)
$ABC: possibly delisted; no timezone found
$ABC: possibly delisted; no timezone found

1 Failed download:
['ABC']: possibly delisted; no timezone found
$ADS: possibly delisted; no timezone found
$ADS: possibly delisted; no timezone found

1 Failed download:
['ADS']: possibly delisted; no timezone found
$ABMD: possibly delisted; no timezone found
$ABMD: possibly delisted; no timezone found

1 Failed download:
['ABMD']: possibly delisted; no timezone found
$AGN: possibly delisted; no timezone found
$AGN: possibly delisted; no timezone found

1 Failed download:
['AGN']: possibly delisted; no timezone found
$ALXN: possibly delisted; no timezone found
$ALXN: possibly delisted; no timezone found

1 Failed download:
['ALXN']: possibly delisted; no timezone found
$ANTM: possibly delisted; no timezone found
$ANSS: possibly delisted; no timezone found
$ANTM: possibly delisted; no timezone found
$ANSS: possibly delisted; no timezone found

1 Failed download:

1 Failed download:
['ANSS']: possibly delisted; no timezone found
['ANTM']: possibly delisted; no timezone found
$ARNC: possibly delisted; no timezone found
$ARNC: possibly delisted; no timezone found

1 Failed download:
['ARNC']: possibly delisted; no timezone found
$ATVI: possibly delisted; no timezone found
$ATVI: possibly delisted; no timezone found

1 Failed download:
['ATVI']: possibly delisted; no timezone found
$APC: possibly delisted; no price data found  (1d 2019-06-21 -> 2026-02-11) (Yahoo error = "Data doesn't exist for startDate = 1561089600, endDate = 1770786000")

1 Failed download:
['APC']: possibly delisted; no price data found  (1d 2019-06-21 -> 2026-02-11) (Yahoo error = "Data doesn't exist for startDate = 1561089600, endDate = 1770786000")
$BHGE: possibly delisted; no timezone found
$BHGE: possibly delisted; no timezone found

1 Failed download:
['BHGE']: possibly delisted; no timezone found
$BK: possibly delisted; no timezone found
$BK: possibly delisted; no timezone found
$BLL: possibly delisted; no timezone found

1 Failed download:
['BK']: possibly delisted; no timezone found
$BLL: possibly delisted; no timezone found

1 Failed download:
['BLL']: possibly delisted; no timezone found
$CBS: possibly delisted; no timezone found
$CBS: possibly delisted; no timezone found

1 Failed download:
['CBS']: possibly delisted; no timezone found
$CERN: possibly delisted; no timezone found
$CELG: possibly delisted; no timezone found
$CELG: possibly delisted; no timezone found

1 Failed download:
['CELG']: possibly delisted; no timezone found
$CERN: possibly delisted; no timezone found

1 Failed download:
['CERN']: possibly delisted; no timezone found
$CMA: possibly delisted; no timezone found
$CMA: possibly delisted; no timezone found

1 Failed download:
['CMA']: possibly delisted; no timezone found
$COG: possibly delisted; no timezone found
$COG: possibly delisted; no timezone found

1 Failed download:
['COG']: possibly delisted; no timezone found
$CTL: possibly delisted; no timezone found
$CTL: possibly delisted; no timezone found

1 Failed download:
['CTL']: possibly delisted; no timezone found
$CXO: possibly delisted; no timezone found
$CXO: possibly delisted; no timezone found

1 Failed download:
['CXO']: possibly delisted; no timezone found
$DFS: possibly delisted; no timezone found
$DFS: possibly delisted; no timezone found

1 Failed download:
['DFS']: possibly delisted; no timezone found
$CTXS: possibly delisted; no timezone found
$DISH: possibly delisted; no timezone found
$CTXS: possibly delisted; no timezone found

1 Failed download:
['CTXS']: possibly delisted; no timezone found
$DISCK: possibly delisted; no timezone found
$DISCA: possibly delisted; no timezone found
$DISCK: possibly delisted; no timezone found
$DISH: possibly delisted; no timezone found

1 Failed download:
['DISH']: possibly delisted; no timezone found

1 Failed download:
['DISCK']: possibly delisted; no timezone found
$DISCA: possibly delisted; no timezone found

1 Failed download:
['DISCA']: possibly delisted; no timezone found
$DRE: possibly delisted; no timezone found
$DRE: possibly delisted; no timezone found

1 Failed download:
['DRE']: possibly delisted; no timezone found
$ETFC: possibly delisted; no timezone found
$ETFC: possibly delisted; no timezone found

1 Failed download:
['ETFC']: possibly delisted; no timezone found
$FB: possibly delisted; no price data found  (1d 2019-06-21 -> 2019-07-02) (Yahoo error = "Data doesn't exist for startDate = 1561089600, endDate = 1562040000")

1 Failed download:
['FB']: possibly delisted; no price data found  (1d 2019-06-21 -> 2019-07-02) (Yahoo error = "Data doesn't exist for startDate = 1561089600, endDate = 1562040000")
$FBHS: possibly delisted; no timezone found
$FBHS: possibly delisted; no timezone found

1 Failed download:
['FBHS']: possibly delisted; no timezone found
$FLIR: possibly delisted; no timezone found
$FL: possibly delisted; no timezone found
$FLIR: possibly delisted; no timezone found

1 Failed download:
['FLIR']: possibly delisted; no timezone found
$FL: possibly delisted; no timezone found
$FLT: possibly delisted; no timezone found

1 Failed download:
['FL']: possibly delisted; no timezone found
$FLT: possibly delisted; no timezone found

1 Failed download:
['FLT']: possibly delisted; no timezone found
$FRC: possibly delisted; no timezone found
$FRC: possibly delisted; no timezone found

1 Failed download:
['FRC']: possibly delisted; no timezone found
$HBI: possibly delisted; no timezone found
$HBI: possibly delisted; no timezone found

1 Failed download:
['HBI']: possibly delisted; no timezone found
$HCP: possibly delisted; no timezone found
$HCP: possibly delisted; no timezone found

1 Failed download:
['HCP']: possibly delisted; no timezone found
$GPS: possibly delisted; no timezone found
$GPS: possibly delisted; no timezone found

1 Failed download:
['GPS']: possibly delisted; no timezone found
$HOLX: possibly delisted; no timezone found
$HES: possibly delisted; no timezone found
$HFC: possibly delisted; no timezone found
$HES: possibly delisted; no timezone found
$HOLX: possibly delisted; no timezone found
$HFC: possibly delisted; no timezone found

1 Failed download:
['HOLX']: possibly delisted; no timezone found

1 Failed download:
['HES']: possibly delisted; no timezone found

1 Failed download:
['HFC']: possibly delisted; no timezone found
$INFO: possibly delisted; no price data found  (1d 2019-06-21 -> 2019-07-02) (Yahoo error = "Data doesn't exist for startDate = 1561089600, endDate = 1562040000")

1 Failed download:
['INFO']: possibly delisted; no price data found  (1d 2019-06-21 -> 2019-07-02) (Yahoo error = "Data doesn't exist for startDate = 1561089600, endDate = 1562040000")
$JEC: possibly delisted; no timezone found
$JEC: possibly delisted; no timezone found

1 Failed download:
['JEC']: possibly delisted; no timezone found
$IPG: possibly delisted; no timezone found
$IPG: possibly delisted; no timezone found

1 Failed download:
['IPG']: possibly delisted; no timezone found
$JNPR: possibly delisted; no timezone found
$JWN: possibly delisted; no timezone found
$JNPR: possibly delisted; no timezone found
$JWN: possibly delisted; no timezone found

1 Failed download:
['JNPR']: possibly delisted; no timezone found

1 Failed download:
['JWN']: possibly delisted; no timezone found
$K: possibly delisted; no timezone found
$K: possibly delisted; no timezone found

1 Failed download:
['K']: possibly delisted; no timezone found
$KSU: possibly delisted; no timezone found
$KSU: possibly delisted; no timezone found

1 Failed download:
['KSU']: possibly delisted; no timezone found
$LB: possibly delisted; no price data found  (1d 2019-06-21 -> 2019-07-02) (Yahoo error = "Data doesn't exist for startDate = 1561089600, endDate = 1562040000")

1 Failed download:
['LB']: possibly delisted; no price data found  (1d 2019-06-21 -> 2019-07-02) (Yahoo error = "Data doesn't exist for startDate = 1561089600, endDate = 1562040000")
$MMC: possibly delisted; no timezone found
$MMC: possibly delisted; no timezone found

1 Failed download:
['MMC']: possibly delisted; no timezone found
$MRO: possibly delisted; no timezone found
$MRO: possibly delisted; no timezone found

1 Failed download:
['MRO']: possibly delisted; no timezone found
$MYL: possibly delisted; no timezone found
$MYL: possibly delisted; no timezone found

1 Failed download:
['MYL']: possibly delisted; no timezone found
$NBL: possibly delisted; no timezone found
$NBL: possibly delisted; no timezone found

1 Failed download:
['NBL']: possibly delisted; no timezone found
$MXIM: possibly delisted; no timezone found
$MXIM: possibly delisted; no timezone found

1 Failed download:
['MXIM']: possibly delisted; no timezone found
$NLSN: possibly delisted; no timezone found
$NLSN: possibly delisted; no timezone found

1 Failed download:
['NLSN']: possibly delisted; no timezone found
$PBCT: possibly delisted; no timezone found
$PBCT: possibly delisted; no timezone found

1 Failed download:
['PBCT']: possibly delisted; no timezone found
$PKI: possibly delisted; no timezone found
$PKI: possibly delisted; no timezone found

1 Failed download:
['PKI']: possibly delisted; no timezone found
$PXD: possibly delisted; no timezone found
$PXD: possibly delisted; no timezone found

1 Failed download:
['PXD']: possibly delisted; no timezone found
$RE: possibly delisted; no timezone found
$RE: possibly delisted; no timezone found

1 Failed download:
['RE']: possibly delisted; no timezone found
$RHT: possibly delisted; no timezone found
$RHT: possibly delisted; no timezone found

1 Failed download:
['RHT']: possibly delisted; no timezone found
$RTN: possibly delisted; no timezone found
$RTN: possibly delisted; no timezone found

1 Failed download:
['RTN']: possibly delisted; no timezone found
$SEE: possibly delisted; no timezone found
$SEE: possibly delisted; no timezone found

1 Failed download:
['SEE']: possibly delisted; no timezone found
$SIVB: possibly delisted; no timezone found
$SIVB: possibly delisted; no timezone found

1 Failed download:
['SIVB']: possibly delisted; no timezone found
$STI: possibly delisted; no price data found  (1d 2019-06-21 -> 2019-07-02) (Yahoo error = "Data doesn't exist for startDate = 1561089600, endDate = 1562040000")

1 Failed download:
['STI']: possibly delisted; no price data found  (1d 2019-06-21 -> 2019-07-02) (Yahoo error = "Data doesn't exist for startDate = 1561089600, endDate = 1562040000")
$SYMC: possibly delisted; no timezone found
$SYMC: possibly delisted; no timezone found

1 Failed download:
['SYMC']: possibly delisted; no timezone found
$TIF: possibly delisted; no timezone found
$TMK: possibly delisted; no timezone found
$TIF: possibly delisted; no timezone found
$TMK: possibly delisted; no timezone found

1 Failed download:

1 Failed download:
['TMK']: possibly delisted; no timezone found
['TIF']: possibly delisted; no timezone found
$TSS: possibly delisted; no timezone found
$TWTR: possibly delisted; no timezone found
$TSS: possibly delisted; no timezone found
$TWTR: possibly delisted; no timezone found

1 Failed download:
['TWTR']: possibly delisted; no timezone found

1 Failed download:
['TSS']: possibly delisted; no timezone found
$UTX: possibly delisted; no timezone found
$UTX: possibly delisted; no timezone found

1 Failed download:
['UTX']: possibly delisted; no timezone found
$VIAB: possibly delisted; no timezone found
$VIAB: possibly delisted; no timezone found

1 Failed download:
['VIAB']: possibly delisted; no timezone found
$VAR: possibly delisted; no timezone found
$VAR: possibly delisted; no timezone found

1 Failed download:
['VAR']: possibly delisted; no timezone found
$WBA: possibly delisted; no timezone found
$WBA: possibly delisted; no timezone found

1 Failed download:
['WBA']: possibly delisted; no timezone found
$WCG: possibly delisted; no timezone found
$WCG: possibly delisted; no timezone found

1 Failed download:
['WCG']: possibly delisted; no timezone found
$WLTW: possibly delisted; no timezone found
$WLTW: possibly delisted; no timezone found

1 Failed download:
['WLTW']: possibly delisted; no timezone found
$WRK: possibly delisted; no timezone found
$WRK: possibly delisted; no timezone found

1 Failed download:
['WRK']: possibly delisted; no timezone found
$XEC: possibly delisted; no timezone found
$XEC: possibly delisted; no timezone found

1 Failed download:
['XEC']: possibly delisted; no timezone found
$XLNX: possibly delisted; no timezone found
$XLNX: possibly delisted; no timezone found

1 Failed download:
['XLNX']: possibly delisted; no timezone found
[h11]     [2/4] 2019-07-01: picks=['APD', 'ECL', 'AMT'] (pool=40, 후보=38, 56.7s)
$ABC: possibly delisted; no timezone found
$ABC: possibly delisted; no timezone found

1 Failed download:
['ABC']: possibly delisted; no timezone found
$ADS: possibly delisted; no timezone found
$ADS: possibly delisted; no timezone found

1 Failed download:
['ADS']: possibly delisted; no timezone found
$ABMD: possibly delisted; no timezone found
$ABMD: possibly delisted; no timezone found

1 Failed download:
['ABMD']: possibly delisted; no timezone found
$AGN: possibly delisted; no timezone found
$AGN: possibly delisted; no timezone found

1 Failed download:
['AGN']: possibly delisted; no timezone found
$ALXN: possibly delisted; no timezone found
$ALXN: possibly delisted; no timezone found

1 Failed download:
['ALXN']: possibly delisted; no timezone found
$ANSS: possibly delisted; no timezone found
$ANSS: possibly delisted; no timezone found

1 Failed download:
['ANSS']: possibly delisted; no timezone found
$ANTM: possibly delisted; no timezone found
$ANTM: possibly delisted; no timezone found

1 Failed download:
['ANTM']: possibly delisted; no timezone found
$ARNC: possibly delisted; no timezone found
$ARNC: possibly delisted; no timezone found

1 Failed download:
['ARNC']: possibly delisted; no timezone found
$ATVI: possibly delisted; no timezone found
$ATVI: possibly delisted; no timezone found

1 Failed download:
['ATVI']: possibly delisted; no timezone found
$BK: possibly delisted; no timezone found
$BK: possibly delisted; no timezone found

1 Failed download:
['BK']: possibly delisted; no timezone found
$BLL: possibly delisted; no timezone found
$BLL: possibly delisted; no timezone found

1 Failed download:
['BLL']: possibly delisted; no timezone found
$CERN: possibly delisted; no timezone found
$CERN: possibly delisted; no timezone found

1 Failed download:
['CERN']: possibly delisted; no timezone found
$CMA: possibly delisted; no timezone found
$CMA: possibly delisted; no timezone found

1 Failed download:
['CMA']: possibly delisted; no timezone found
$COG: possibly delisted; no timezone found
$COG: possibly delisted; no timezone found

1 Failed download:
['COG']: possibly delisted; no timezone found
$CTL: possibly delisted; no timezone found
$CTL: possibly delisted; no timezone found
$CTXS: possibly delisted; no timezone found

1 Failed download:
['CTL']: possibly delisted; no timezone found
$CTXS: possibly delisted; no timezone found

1 Failed download:
['CTXS']: possibly delisted; no timezone found
$CXO: possibly delisted; no timezone found
$CXO: possibly delisted; no timezone found

1 Failed download:
['CXO']: possibly delisted; no timezone found
$DFS: possibly delisted; no timezone found
$DFS: possibly delisted; no timezone found

1 Failed download:
['DFS']: possibly delisted; no timezone found
$DISCK: possibly delisted; no timezone found
$DISCA: possibly delisted; no timezone found
$DISCK: possibly delisted; no timezone found
$DISCA: possibly delisted; no timezone found

1 Failed download:
['DISCK']: possibly delisted; no timezone found

1 Failed download:
['DISCA']: possibly delisted; no timezone found
$DRE: possibly delisted; no timezone found
$DISH: possibly delisted; no timezone found
$DISH: possibly delisted; no timezone found

1 Failed download:
['DISH']: possibly delisted; no timezone found
$DRE: possibly delisted; no timezone found

1 Failed download:
['DRE']: possibly delisted; no timezone found
$ETFC: possibly delisted; no timezone found
$ETFC: possibly delisted; no timezone found

1 Failed download:
['ETFC']: possibly delisted; no timezone found
$FBHS: possibly delisted; no timezone found
$FBHS: possibly delisted; no timezone found

1 Failed download:
['FBHS']: possibly delisted; no timezone found
$FB: possibly delisted; no price data found  (1d 2019-12-23 -> 2020-01-03) (Yahoo error = "Data doesn't exist for startDate = 1577077200, endDate = 1578027600")

1 Failed download:
['FB']: possibly delisted; no price data found  (1d 2019-12-23 -> 2020-01-03) (Yahoo error = "Data doesn't exist for startDate = 1577077200, endDate = 1578027600")
$FLIR: possibly delisted; no timezone found
$FLIR: possibly delisted; no timezone found

1 Failed download:
['FLIR']: possibly delisted; no timezone found
$FLT: possibly delisted; no timezone found
$FRC: possibly delisted; no timezone found
$FLT: possibly delisted; no timezone found
$FRC: possibly delisted; no timezone found

1 Failed download:
['FRC']: possibly delisted; no timezone found

1 Failed download:
['FLT']: possibly delisted; no timezone found
$GPS: possibly delisted; no timezone found
$GPS: possibly delisted; no timezone found

1 Failed download:
['GPS']: possibly delisted; no timezone found
$HFC: possibly delisted; no timezone found
$HES: possibly delisted; no timezone found
$HFC: possibly delisted; no timezone found

1 Failed download:
['HFC']: possibly delisted; no timezone found
$HES: possibly delisted; no timezone found

1 Failed download:
['HES']: possibly delisted; no timezone found
$HOLX: possibly delisted; no timezone found
$HOLX: possibly delisted; no timezone found

1 Failed download:
['HOLX']: possibly delisted; no timezone found
$HBI: possibly delisted; no timezone found
$HBI: possibly delisted; no timezone found

1 Failed download:
['HBI']: possibly delisted; no timezone found
$INFO: possibly delisted; no price data found  (1d 2019-12-23 -> 2020-01-03) (Yahoo error = "Data doesn't exist for startDate = 1577077200, endDate = 1578027600")

1 Failed download:
['INFO']: possibly delisted; no price data found  (1d 2019-12-23 -> 2020-01-03) (Yahoo error = "Data doesn't exist for startDate = 1577077200, endDate = 1578027600")
$IPG: possibly delisted; no timezone found
$IPG: possibly delisted; no timezone found

1 Failed download:
['IPG']: possibly delisted; no timezone found
$JNPR: possibly delisted; no timezone found
$JNPR: possibly delisted; no timezone found

1 Failed download:
['JNPR']: possibly delisted; no timezone found
$JWN: possibly delisted; no timezone found
$K: possibly delisted; no timezone found
$K: possibly delisted; no timezone found
$JWN: possibly delisted; no timezone found

1 Failed download:
['K']: possibly delisted; no timezone found

1 Failed download:
['JWN']: possibly delisted; no timezone found
$LB: possibly delisted; no price data found  (1d 2019-12-23 -> 2020-01-03) (Yahoo error = "Data doesn't exist for startDate = 1577077200, endDate = 1578027600")

1 Failed download:
['LB']: possibly delisted; no price data found  (1d 2019-12-23 -> 2020-01-03) (Yahoo error = "Data doesn't exist for startDate = 1577077200, endDate = 1578027600")
$KSU: possibly delisted; no timezone found
$KSU: possibly delisted; no timezone found

1 Failed download:
['KSU']: possibly delisted; no timezone found
$MMC: possibly delisted; no timezone found
$MMC: possibly delisted; no timezone found

1 Failed download:
['MMC']: possibly delisted; no timezone found
$MRO: possibly delisted; no timezone found
$MRO: possibly delisted; no timezone found

1 Failed download:
['MRO']: possibly delisted; no timezone found
$MXIM: possibly delisted; no timezone found
$MXIM: possibly delisted; no timezone found

1 Failed download:
['MXIM']: possibly delisted; no timezone found
$NBL: possibly delisted; no timezone found
$NBL: possibly delisted; no timezone found
$MYL: possibly delisted; no timezone found

1 Failed download:
$MYL: possibly delisted; no timezone found
['NBL']: possibly delisted; no timezone found

1 Failed download:
['MYL']: possibly delisted; no timezone found
$NLSN: possibly delisted; no timezone found
$NLOK: possibly delisted; no timezone found
$NLSN: possibly delisted; no timezone found
$NLOK: possibly delisted; no timezone found

1 Failed download:
['NLSN']: possibly delisted; no timezone found

1 Failed download:
['NLOK']: possibly delisted; no timezone found
$PEAK: possibly delisted; no timezone found
$PBCT: possibly delisted; no timezone found
$PEAK: possibly delisted; no timezone found

1 Failed download:
['PEAK']: possibly delisted; no timezone found
$PBCT: possibly delisted; no timezone found

1 Failed download:
['PBCT']: possibly delisted; no timezone found
$PKI: possibly delisted; no timezone found
$PKI: possibly delisted; no timezone found

1 Failed download:
['PKI']: possibly delisted; no timezone found
$PXD: possibly delisted; no timezone found
$PXD: possibly delisted; no timezone found

1 Failed download:
['PXD']: possibly delisted; no timezone found
$RE: possibly delisted; no timezone found
$RE: possibly delisted; no timezone found

1 Failed download:
['RE']: possibly delisted; no timezone found
$RTN: possibly delisted; no timezone found
$RTN: possibly delisted; no timezone found

1 Failed download:
['RTN']: possibly delisted; no timezone found
$SEE: possibly delisted; no timezone found
$SIVB: possibly delisted; no timezone found
$SEE: possibly delisted; no timezone found
$SIVB: possibly delisted; no timezone found

1 Failed download:
['SEE']: possibly delisted; no timezone found

1 Failed download:
['SIVB']: possibly delisted; no timezone found
$TIF: possibly delisted; no timezone found
$TIF: possibly delisted; no timezone found

1 Failed download:
['TIF']: possibly delisted; no timezone found
$TWTR: possibly delisted; no timezone found
$TWTR: possibly delisted; no timezone found

1 Failed download:
['TWTR']: possibly delisted; no timezone found
$UTX: possibly delisted; no timezone found
$UTX: possibly delisted; no timezone found

1 Failed download:
['UTX']: possibly delisted; no timezone found
$VAR: possibly delisted; no timezone found
$VAR: possibly delisted; no timezone found

1 Failed download:
['VAR']: possibly delisted; no timezone found
$VIAC: possibly delisted; no timezone found
$VIAC: possibly delisted; no timezone found

1 Failed download:
['VIAC']: possibly delisted; no timezone found
$WLTW: possibly delisted; no timezone found
$WLTW: possibly delisted; no timezone found

1 Failed download:
['WLTW']: possibly delisted; no timezone found
$WCG: possibly delisted; no timezone found
$WCG: possibly delisted; no timezone found

1 Failed download:
['WCG']: possibly delisted; no timezone found
$WBA: possibly delisted; no timezone found
$WBA: possibly delisted; no timezone found

1 Failed download:
['WBA']: possibly delisted; no timezone found
$WRK: possibly delisted; no timezone found
$WRK: possibly delisted; no timezone found

1 Failed download:
['WRK']: possibly delisted; no timezone found
$XEC: possibly delisted; no timezone found
$XEC: possibly delisted; no timezone found

1 Failed download:
['XEC']: possibly delisted; no timezone found
$XLNX: possibly delisted; no timezone found
$XLNX: possibly delisted; no timezone found

1 Failed download:
['XLNX']: possibly delisted; no timezone found
[h11]     [3/4] 2020-01-02: picks=['AAPL', 'MSFT', 'PLD'] (pool=40, 후보=39, 57.6s)
$ABMD: possibly delisted; no timezone found
$ABMD: possibly delisted; no timezone found

1 Failed download:
['ABMD']: possibly delisted; no timezone found
$ABC: possibly delisted; no timezone found
$ABC: possibly delisted; no timezone found

1 Failed download:
['ABC']: possibly delisted; no timezone found
$ALXN: possibly delisted; no timezone found
$ALXN: possibly delisted; no timezone found

1 Failed download:
['ALXN']: possibly delisted; no timezone found
$ANSS: possibly delisted; no timezone found
$ANSS: possibly delisted; no timezone found

1 Failed download:
['ANSS']: possibly delisted; no timezone found
$ANTM: possibly delisted; no timezone found
$ANTM: possibly delisted; no timezone found

1 Failed download:
['ANTM']: possibly delisted; no timezone found
$ATVI: possibly delisted; no timezone found
$ATVI: possibly delisted; no timezone found

1 Failed download:
['ATVI']: possibly delisted; no timezone found
$BK: possibly delisted; no timezone found
$BK: possibly delisted; no timezone found

1 Failed download:
['BK']: possibly delisted; no timezone found
$BLL: possibly delisted; no timezone found
$BLL: possibly delisted; no timezone found

1 Failed download:
['BLL']: possibly delisted; no timezone found
$BIO: possibly delisted; no price data found  (1d 2020-06-21 -> 2020-06-21)

1 Failed download:
['BIO']: possibly delisted; no price data found  (1d 2020-06-21 -> 2020-06-21)
$CERN: possibly delisted; no timezone found
$CERN: possibly delisted; no timezone found

1 Failed download:
['CERN']: possibly delisted; no timezone found
$CMA: possibly delisted; no timezone found
$CMA: possibly delisted; no timezone found

1 Failed download:
['CMA']: possibly delisted; no timezone found
$COG: possibly delisted; no timezone found
$COG: possibly delisted; no timezone found

1 Failed download:
['COG']: possibly delisted; no timezone found
$CTL: possibly delisted; no timezone found
$CTL: possibly delisted; no timezone found

1 Failed download:
['CTL']: possibly delisted; no timezone found
$CTXS: possibly delisted; no timezone found
$CTXS: possibly delisted; no timezone found

1 Failed download:
['CTXS']: possibly delisted; no timezone found
$CXO: possibly delisted; no timezone found
$CXO: possibly delisted; no timezone found

1 Failed download:
['CXO']: possibly delisted; no timezone found
$DFS: possibly delisted; no timezone found
$DFS: possibly delisted; no timezone found

1 Failed download:
['DFS']: possibly delisted; no timezone found
$DISCA: possibly delisted; no timezone found
$DISCA: possibly delisted; no timezone found

1 Failed download:
['DISCA']: possibly delisted; no timezone found
$DISCK: possibly delisted; no timezone found
$DISCK: possibly delisted; no timezone found

1 Failed download:
['DISCK']: possibly delisted; no timezone found
$DISH: possibly delisted; no timezone found
$DISH: possibly delisted; no timezone found

1 Failed download:
['DISH']: possibly delisted; no timezone found
$DRE: possibly delisted; no timezone found
$DRE: possibly delisted; no timezone found

1 Failed download:
['DRE']: possibly delisted; no timezone found
$DPZ: possibly delisted; no price data found  (1d 2020-06-21 -> 2020-06-21)

1 Failed download:
['DPZ']: possibly delisted; no price data found  (1d 2020-06-21 -> 2020-06-21)
$DXCM: possibly delisted; no price data found  (1d 2020-06-21 -> 2020-06-21)

1 Failed download:
['DXCM']: possibly delisted; no price data found  (1d 2020-06-21 -> 2020-06-21)
$ETFC: possibly delisted; no timezone found
$ETFC: possibly delisted; no timezone found

1 Failed download:
['ETFC']: possibly delisted; no timezone found
$FBHS: possibly delisted; no timezone found
$FBHS: possibly delisted; no timezone found

1 Failed download:
['FBHS']: possibly delisted; no timezone found
$FLT: possibly delisted; no timezone found
$FLT: possibly delisted; no timezone found

1 Failed download:
['FLT']: possibly delisted; no timezone found
$FB: possibly delisted; no price data found  (1d 2020-06-21 -> 2020-07-02) (Yahoo error = "Data doesn't exist for startDate = 1592712000, endDate = 1593662400")

1 Failed download:
['FB']: possibly delisted; no price data found  (1d 2020-06-21 -> 2020-07-02) (Yahoo error = "Data doesn't exist for startDate = 1592712000, endDate = 1593662400")
$FLIR: possibly delisted; no timezone found
$FLIR: possibly delisted; no timezone found

1 Failed download:
['FLIR']: possibly delisted; no timezone found
$FRC: possibly delisted; no timezone found
$FRC: possibly delisted; no timezone found

1 Failed download:
['FRC']: possibly delisted; no timezone found
$GPS: possibly delisted; no timezone found
$GPS: possibly delisted; no timezone found

1 Failed download:
['GPS']: possibly delisted; no timezone found
$HBI: possibly delisted; no timezone found
$HBI: possibly delisted; no timezone found

1 Failed download:
['HBI']: possibly delisted; no timezone found
$HFC: possibly delisted; no timezone found
$HFC: possibly delisted; no timezone found

1 Failed download:
['HFC']: possibly delisted; no timezone found
$HOLX: possibly delisted; no timezone found
$HOLX: possibly delisted; no timezone found

1 Failed download:
['HOLX']: possibly delisted; no timezone found
$HES: possibly delisted; no timezone found
$HES: possibly delisted; no timezone found

1 Failed download:
['HES']: possibly delisted; no timezone found
$HWM: possibly delisted; no price data found  (1d 2020-06-21 -> 2020-06-21)

1 Failed download:
['HWM']: possibly delisted; no price data found  (1d 2020-06-21 -> 2020-06-21)
$INFO: possibly delisted; no price data found  (1d 2020-06-21 -> 2020-07-02) (Yahoo error = "Data doesn't exist for startDate = 1592712000, endDate = 1593662400")

1 Failed download:
['INFO']: possibly delisted; no price data found  (1d 2020-06-21 -> 2020-07-02) (Yahoo error = "Data doesn't exist for startDate = 1592712000, endDate = 1593662400")
$IPG: possibly delisted; no timezone found
$IPG: possibly delisted; no timezone found

1 Failed download:
['IPG']: possibly delisted; no timezone found
$JNPR: possibly delisted; no timezone found
$JNPR: possibly delisted; no timezone found

1 Failed download:
['JNPR']: possibly delisted; no timezone found
$K: possibly delisted; no timezone found
$K: possibly delisted; no timezone found

1 Failed download:
['K']: possibly delisted; no timezone found
$KSU: possibly delisted; no timezone found
$KSU: possibly delisted; no timezone found

1 Failed download:
['KSU']: possibly delisted; no timezone found
$LB: possibly delisted; no price data found  (1d 2020-06-21 -> 2020-07-02) (Yahoo error = "Data doesn't exist for startDate = 1592712000, endDate = 1593662400")

1 Failed download:
['LB']: possibly delisted; no price data found  (1d 2020-06-21 -> 2020-07-02) (Yahoo error = "Data doesn't exist for startDate = 1592712000, endDate = 1593662400")
$MMC: possibly delisted; no timezone found
$MMC: possibly delisted; no timezone found

1 Failed download:
['MMC']: possibly delisted; no timezone found
$MRO: possibly delisted; no timezone found
$MRO: possibly delisted; no timezone found

1 Failed download:
['MRO']: possibly delisted; no timezone found
$MYL: possibly delisted; no timezone found
$MYL: possibly delisted; no timezone found

1 Failed download:
['MYL']: possibly delisted; no timezone found
$NLOK: possibly delisted; no timezone found
$NBL: possibly delisted; no timezone found
$NLOK: possibly delisted; no timezone found
$NBL: possibly delisted; no timezone found

1 Failed download:

1 Failed download:
['NLOK']: possibly delisted; no timezone found
['NBL']: possibly delisted; no timezone found
$NLSN: possibly delisted; no timezone found
$NLSN: possibly delisted; no timezone found
$MXIM: possibly delisted; no timezone found
$MXIM: possibly delisted; no timezone found

1 Failed download:
['NLSN']: possibly delisted; no timezone found

1 Failed download:
['MXIM']: possibly delisted; no timezone found
$OTIS: possibly delisted; no price data found  (1d 2020-06-21 -> 2020-06-21)

1 Failed download:
['OTIS']: possibly delisted; no price data found  (1d 2020-06-21 -> 2020-06-21)
$PEAK: possibly delisted; no timezone found
$PEAK: possibly delisted; no timezone found

1 Failed download:
['PEAK']: possibly delisted; no timezone found
$PBCT: possibly delisted; no timezone found
$PAYC: possibly delisted; no price data found  (1d 2020-06-21 -> 2020-06-21)

1 Failed download:
['PAYC']: possibly delisted; no price data found  (1d 2020-06-21 -> 2020-06-21)
$PBCT: possibly delisted; no timezone found

1 Failed download:
['PBCT']: possibly delisted; no timezone found
$PKI: possibly delisted; no timezone found
$PKI: possibly delisted; no timezone found

1 Failed download:
['PKI']: possibly delisted; no timezone found
$PXD: possibly delisted; no timezone found
$PXD: possibly delisted; no timezone found

1 Failed download:
['PXD']: possibly delisted; no timezone found
$RE: possibly delisted; no timezone found
$RE: possibly delisted; no timezone found

1 Failed download:
['RE']: possibly delisted; no timezone found
$SEE: possibly delisted; no timezone found
$SIVB: possibly delisted; no timezone found
$SEE: possibly delisted; no timezone found

1 Failed download:
['SEE']: possibly delisted; no timezone found
$SIVB: possibly delisted; no timezone found

1 Failed download:
['SIVB']: possibly delisted; no timezone found
$TIF: possibly delisted; no timezone found
$TIF: possibly delisted; no timezone found

1 Failed download:
$TDY: possibly delisted; no price data found  (1d 2020-06-21 -> 2020-06-21)
['TIF']: possibly delisted; no timezone found

1 Failed download:
['TDY']: possibly delisted; no price data found  (1d 2020-06-21 -> 2020-06-21)
$TWTR: possibly delisted; no timezone found
$TWTR: possibly delisted; no timezone found

1 Failed download:
['TWTR']: possibly delisted; no timezone found
$TYL: possibly delisted; no price data found  (1d 2020-06-21 -> 2020-06-21)

1 Failed download:
['TYL']: possibly delisted; no price data found  (1d 2020-06-21 -> 2020-06-21)
$VIAC: possibly delisted; no timezone found
$VAR: possibly delisted; no timezone found
$VIAC: possibly delisted; no timezone found
$VAR: possibly delisted; no timezone found

1 Failed download:
['VIAC']: possibly delisted; no timezone found

1 Failed download:
['VAR']: possibly delisted; no timezone found
$WBA: possibly delisted; no timezone found
$WBA: possibly delisted; no timezone found

1 Failed download:
['WBA']: possibly delisted; no timezone found
$WLTW: possibly delisted; no timezone found
$WLTW: possibly delisted; no timezone found

1 Failed download:
['WLTW']: possibly delisted; no timezone found
$WRK: possibly delisted; no timezone found
$WRK: possibly delisted; no timezone found

1 Failed download:
['WRK']: possibly delisted; no timezone found
$XLNX: possibly delisted; no timezone found
$XLNX: possibly delisted; no timezone found

1 Failed download:
['XLNX']: possibly delisted; no timezone found
$WST: possibly delisted; no price data found  (1d 2020-06-21 -> 2020-06-21)

1 Failed download:
['WST']: possibly delisted; no price data found  (1d 2020-06-21 -> 2020-06-21)
[h11]     [4/4] 2020-07-01: picks=['NVDA', 'AAPL', 'MSFT'] (pool=40, 후보=32, 54.2s)
[h18]   새틀라이트 지표(전체, 정적보유): {'cumulative_return': 80.55, 'cagr': 34.51, 'mdd': -30.93, 'sharpe': 1.07, 'win_rate': 0.0, 'avg_holding_days': 0.0, 'trade_count': 0, 'profit_factor': 0.0, 'calmar': 1.12, 'avg_drawdown_days': 12.5}, 반기 리밸런싱 4회
[h18]   새틀라이트 실시간청산 재구축 중...
[h18]   실시간청산 지표(전체): {'cumulative_return': 33.99, 'cagr': 15.81, 'mdd': -14.54, 'sharpe': 0.93, 'win_rate': 0.0, 'avg_holding_days': 0.0, 'trade_count': 0, 'profit_factor': 0.0, 'calmar': 1.09, 'avg_drawdown_days': 17.5}, 조기청산 6/12
/workspaces/Quant/analysis/2026-08-22_regime_conditional_satellite_switch/h12_regime_switch.py:84: FutureWarning: Downcasting object dtype arrays on .fillna, .ffill, .bfill is deprecated and will change in a future version. Call result.infer_objects(copy=False) instead. To opt-in to the future behavior, set `pd.set_option('future.no_silent_downcasting', True)`
  signal_lagged = regime_aligned.shift(1).fillna(False)  # 전일 신호를 오늘 적용(챔피언 관례와 동일)
[h18]   covid_2020 완료 (231.1s)
[h18] === selloff_2018: 코어(17자산 챔피언) 구축 2017-06-01~2019-06-30 ===
$XLC: possibly delisted; no price data found  (1d 2016-04-27 -> 2018-06-18) (Yahoo error = "Data doesn't exist for startDate = 1461729600, endDate = 1529294400")

1 Failed download:
['XLC']: possibly delisted; no price data found  (1d 2016-04-27 -> 2018-06-18) (Yahoo error = "Data doesn't exist for startDate = 1461729600, endDate = 1529294400")
[h18]   코어 지표(전체): {'cumulative_return': 5.6, 'cagr': 2.66, 'mdd': -15.5, 'sharpe': 0.28, 'win_rate': 0.0, 'avg_holding_days': 0.0, 'trade_count': 0, 'profit_factor': 0.0, 'calmar': 0.17, 'avg_drawdown_days': 6.1}
[h18]   새틀라이트(정적보유, point-in-time) 구축 중...
[h11]   반기 리밸런싱 4회(trend_following): ['2017-07-03', '2018-01-02', '2018-07-02', '2019-01-02']
$ABC: possibly delisted; no timezone found
$ABC: possibly delisted; no timezone found

1 Failed download:
['ABC']: possibly delisted; no timezone found
$ADS: possibly delisted; no timezone found
$ADS: possibly delisted; no timezone found

1 Failed download:
['ADS']: possibly delisted; no timezone found
$AGN: possibly delisted; no timezone found
$AGN: possibly delisted; no timezone found

1 Failed download:
['AGN']: possibly delisted; no timezone found
$ALXN: possibly delisted; no timezone found
$ALXN: possibly delisted; no timezone found

1 Failed download:
['ALXN']: possibly delisted; no timezone found
$ANTM: possibly delisted; no timezone found
$ANSS: possibly delisted; no timezone found
$ANTM: possibly delisted; no timezone found

1 Failed download:
['ANTM']: possibly delisted; no timezone found
$ANSS: possibly delisted; no timezone found

1 Failed download:
['ANSS']: possibly delisted; no timezone found
$ARNC: possibly delisted; no timezone found
$APC: possibly delisted; no price data found  (1d 2017-06-23 -> 2026-02-11) (Yahoo error = "Data doesn't exist for startDate = 1498190400, endDate = 1770786000")
$ARNC: possibly delisted; no timezone found

1 Failed download:

1 Failed download:
['APC']: possibly delisted; no price data found  (1d 2017-06-23 -> 2026-02-11) (Yahoo error = "Data doesn't exist for startDate = 1498190400, endDate = 1770786000")
['ARNC']: possibly delisted; no timezone found
$ATVI: possibly delisted; no timezone found
$ATVI: possibly delisted; no timezone found

1 Failed download:
['ATVI']: possibly delisted; no timezone found
$BCR: possibly delisted; no price data found  (1d 1927-09-17 -> 2026-08-23)
$BCR: possibly delisted; no price data found  (1d 2017-06-23 -> 2017-07-04)

1 Failed download:
['BCR']: possibly delisted; no price data found  (1d 2017-06-23 -> 2017-07-04)
$BHGE: possibly delisted; no timezone found
$BHGE: possibly delisted; no timezone found

1 Failed download:
['BHGE']: possibly delisted; no timezone found
$BK: possibly delisted; no timezone found
$BK: possibly delisted; no timezone found

1 Failed download:
['BK']: possibly delisted; no timezone found
$BLL: possibly delisted; no timezone found
$BLL: possibly delisted; no timezone found

1 Failed download:
['BLL']: possibly delisted; no timezone found
$CA: possibly delisted; no timezone found
$CA: possibly delisted; no timezone found

1 Failed download:
['CA']: possibly delisted; no timezone found
$CBS: possibly delisted; no timezone found
$CBS: possibly delisted; no timezone found

1 Failed download:
['CBS']: possibly delisted; no timezone found
$CELG: possibly delisted; no timezone found
$CERN: possibly delisted; no timezone found
$CELG: possibly delisted; no timezone found
$CERN: possibly delisted; no timezone found

1 Failed download:
['CELG']: possibly delisted; no timezone found

1 Failed download:
['CERN']: possibly delisted; no timezone found
$CHK: possibly delisted; no timezone found
$CHK: possibly delisted; no timezone found

1 Failed download:
['CHK']: possibly delisted; no timezone found
$CMA: possibly delisted; no timezone found
$CMA: possibly delisted; no timezone found

1 Failed download:
['CMA']: possibly delisted; no timezone found
$COG: possibly delisted; no timezone found
$COG: possibly delisted; no timezone found

1 Failed download:
['COG']: possibly delisted; no timezone found
$CTL: possibly delisted; no timezone found
$CTL: possibly delisted; no timezone found

1 Failed download:
['CTL']: possibly delisted; no timezone found
$CSRA: possibly delisted; no price data found  (1d 2017-06-23 -> 2017-07-04) (Yahoo error = "Data doesn't exist for startDate = 1498190400, endDate = 1499140800")
$CTXS: possibly delisted; no timezone found

1 Failed download:
['CSRA']: possibly delisted; no price data found  (1d 2017-06-23 -> 2017-07-04) (Yahoo error = "Data doesn't exist for startDate = 1498190400, endDate = 1499140800")
$CTXS: possibly delisted; no timezone found

1 Failed download:
['CTXS']: possibly delisted; no timezone found
$CXO: possibly delisted; no timezone found
$DFS: possibly delisted; no timezone found
$CXO: possibly delisted; no timezone found

1 Failed download:
['CXO']: possibly delisted; no timezone found
$DFS: possibly delisted; no timezone found

1 Failed download:
['DFS']: possibly delisted; no timezone found
$DISCA: possibly delisted; no timezone found
$DISCK: possibly delisted; no timezone found
$DISCA: possibly delisted; no timezone found

1 Failed download:
['DISCA']: possibly delisted; no timezone found
$DISCK: possibly delisted; no timezone found

1 Failed download:
['DISCK']: possibly delisted; no timezone found
$DOW: possibly delisted; no price data found  (1d 2017-06-23 -> 2019-03-19) (Yahoo error = "Data doesn't exist for startDate = 1498190400, endDate = 1552968000")

1 Failed download:
['DOW']: possibly delisted; no price data found  (1d 2017-06-23 -> 2019-03-19) (Yahoo error = "Data doesn't exist for startDate = 1498190400, endDate = 1552968000")
$DISH: possibly delisted; no timezone found
$DISH: possibly delisted; no timezone found

1 Failed download:
['DISH']: possibly delisted; no timezone found
$ETFC: possibly delisted; no timezone found
$ETFC: possibly delisted; no timezone found

1 Failed download:
['ETFC']: possibly delisted; no timezone found
$FBHS: possibly delisted; no timezone found
$FB: possibly delisted; no price data found  (1d 2017-06-23 -> 2017-07-04) (Yahoo error = "Data doesn't exist for startDate = 1498190400, endDate = 1499140800")

1 Failed download:
['FB']: possibly delisted; no price data found  (1d 2017-06-23 -> 2017-07-04) (Yahoo error = "Data doesn't exist for startDate = 1498190400, endDate = 1499140800")
$FBHS: possibly delisted; no timezone found

1 Failed download:
['FBHS']: possibly delisted; no timezone found
$FL: possibly delisted; no timezone found
$FLIR: possibly delisted; no timezone found
$FL: possibly delisted; no timezone found
$FLIR: possibly delisted; no timezone found

1 Failed download:
['FLIR']: possibly delisted; no timezone found

1 Failed download:
['FL']: possibly delisted; no timezone found
$FOX: possibly delisted; no price data found  (1d 2017-06-23 -> 2019-03-12) (Yahoo error = "Data doesn't exist for startDate = 1498190400, endDate = 1552363200")
$GGP: possibly delisted; no price data found  (1d 1927-09-17 -> 2026-08-23)

1 Failed download:
['FOX']: possibly delisted; no price data found  (1d 2017-06-23 -> 2019-03-12) (Yahoo error = "Data doesn't exist for startDate = 1498190400, endDate = 1552363200")
$FOXA: possibly delisted; no price data found  (1d 2017-06-23 -> 2019-03-11) (Yahoo error = "Data doesn't exist for startDate = 1498190400, endDate = 1552276800")

1 Failed download:
['FOXA']: possibly delisted; no price data found  (1d 2017-06-23 -> 2019-03-11) (Yahoo error = "Data doesn't exist for startDate = 1498190400, endDate = 1552276800")
$GGP: possibly delisted; no price data found  (1d 2017-06-23 -> 2017-07-04)

1 Failed download:
['GGP']: possibly delisted; no price data found  (1d 2017-06-23 -> 2017-07-04)
$GPS: possibly delisted; no timezone found
$GPS: possibly delisted; no timezone found

1 Failed download:
['GPS']: possibly delisted; no timezone found
$HCP: possibly delisted; no timezone found
$HBI: possibly delisted; no timezone found
$HCP: possibly delisted; no timezone found
$HBI: possibly delisted; no timezone found

1 Failed download:
['HCP']: possibly delisted; no timezone found

1 Failed download:
['HBI']: possibly delisted; no timezone found
$HES: possibly delisted; no timezone found
$HES: possibly delisted; no timezone found

1 Failed download:
['HES']: possibly delisted; no timezone found
$HOLX: possibly delisted; no timezone found
$HOLX: possibly delisted; no timezone found

1 Failed download:
['HOLX']: possibly delisted; no timezone found
$INFO: possibly delisted; no price data found  (1d 2017-06-23 -> 2017-07-04) (Yahoo error = "Data doesn't exist for startDate = 1498190400, endDate = 1499140800")

1 Failed download:
['INFO']: possibly delisted; no price data found  (1d 2017-06-23 -> 2017-07-04) (Yahoo error = "Data doesn't exist for startDate = 1498190400, endDate = 1499140800")
$IPG: possibly delisted; no timezone found
$IPG: possibly delisted; no timezone found

1 Failed download:
['IPG']: possibly delisted; no timezone found
$JEC: possibly delisted; no timezone found
$JEC: possibly delisted; no timezone found

1 Failed download:
['JEC']: possibly delisted; no timezone found
$JWN: possibly delisted; no timezone found
$JWN: possibly delisted; no timezone found
$JNPR: possibly delisted; no timezone found

1 Failed download:
['JWN']: possibly delisted; no timezone found
$JNPR: possibly delisted; no timezone found

1 Failed download:
['JNPR']: possibly delisted; no timezone found
$K: possibly delisted; no timezone found
$K: possibly delisted; no timezone found

1 Failed download:
['K']: possibly delisted; no timezone found
$KSU: possibly delisted; no timezone found
$KSU: possibly delisted; no timezone found

1 Failed download:
['KSU']: possibly delisted; no timezone found
$KORS: possibly delisted; no price data found  (1d 1927-09-17 -> 2026-08-23)
$LB: possibly delisted; no price data found  (1d 2017-06-23 -> 2017-07-04) (Yahoo error = "Data doesn't exist for startDate = 1498190400, endDate = 1499140800")

1 Failed download:
['LB']: possibly delisted; no price data found  (1d 2017-06-23 -> 2017-07-04) (Yahoo error = "Data doesn't exist for startDate = 1498190400, endDate = 1499140800")
$LLL: possibly delisted; no timezone found
$KORS: possibly delisted; no price data found  (1d 2017-06-23 -> 2017-07-04)

1 Failed download:
['KORS']: possibly delisted; no price data found  (1d 2017-06-23 -> 2017-07-04)
$LLL: possibly delisted; no timezone found

1 Failed download:
['LLL']: possibly delisted; no timezone found
$LVLT: possibly delisted; no price data found  (1d 1927-09-17 -> 2026-08-23)
$LVLT: possibly delisted; no price data found  (1d 2017-06-23 -> 2017-07-04)

1 Failed download:
['LVLT']: possibly delisted; no price data found  (1d 2017-06-23 -> 2017-07-04)
$MMC: possibly delisted; no timezone found
$MMC: possibly delisted; no timezone found

1 Failed download:
['MMC']: possibly delisted; no timezone found
$MRO: possibly delisted; no timezone found
$MON: possibly delisted; no timezone found
$MRO: possibly delisted; no timezone found
$MON: possibly delisted; no timezone found

1 Failed download:
['MRO']: possibly delisted; no timezone found

1 Failed download:
['MON']: possibly delisted; no timezone found
$MNK: possibly delisted; no timezone found
$MNK: possibly delisted; no timezone found

1 Failed download:
['MNK']: possibly delisted; no timezone found
$MYL: possibly delisted; no timezone found
$MYL: possibly delisted; no timezone found

1 Failed download:
['MYL']: possibly delisted; no timezone found
$NBL: possibly delisted; no timezone found
$NBL: possibly delisted; no timezone found

1 Failed download:
['NBL']: possibly delisted; no timezone found
$NLSN: possibly delisted; no timezone found
$NLSN: possibly delisted; no timezone found

1 Failed download:
['NLSN']: possibly delisted; no timezone found
$NFX: possibly delisted; no price data found  (1d 2017-06-23 -> 2026-07-06) (Yahoo error = "Data doesn't exist for startDate = 1498190400, endDate = 1783310400")

1 Failed download:
['NFX']: possibly delisted; no price data found  (1d 2017-06-23 -> 2026-07-06) (Yahoo error = "Data doesn't exist for startDate = 1498190400, endDate = 1783310400")
$PBCT: possibly delisted; no timezone found
$PBCT: possibly delisted; no timezone found

1 Failed download:
['PBCT']: possibly delisted; no timezone found
$PDCO: possibly delisted; no timezone found
$PDCO: possibly delisted; no timezone found

1 Failed download:
['PDCO']: possibly delisted; no timezone found
$PKI: possibly delisted; no timezone found
$PKI: possibly delisted; no timezone found

1 Failed download:
['PKI']: possibly delisted; no timezone found
$PXD: possibly delisted; no timezone found
$PX: possibly delisted; no timezone found
$RAI: possibly delisted; no price data found  (1d 1927-09-17 -> 2026-08-23)
$PXD: possibly delisted; no timezone found

1 Failed download:
['PXD']: possibly delisted; no timezone found
$PX: possibly delisted; no timezone found

1 Failed download:
['PX']: possibly delisted; no timezone found
$RAI: possibly delisted; no price data found  (1d 2017-06-23 -> 2017-07-04)

1 Failed download:
['RAI']: possibly delisted; no price data found  (1d 2017-06-23 -> 2017-07-04)
$RE: possibly delisted; no timezone found
$RE: possibly delisted; no timezone found

1 Failed download:
['RE']: possibly delisted; no timezone found
$RTN: possibly delisted; no timezone found
$RTN: possibly delisted; no timezone found
$RHT: possibly delisted; no timezone found

1 Failed download:
['RTN']: possibly delisted; no timezone found
$RHT: possibly delisted; no timezone found

1 Failed download:
['RHT']: possibly delisted; no timezone found
$SEE: possibly delisted; no timezone found
$SEE: possibly delisted; no timezone found

1 Failed download:
['SEE']: possibly delisted; no timezone found
$SNI: possibly delisted; no price data found  (1d 1927-09-17 -> 2026-08-23)
$SNI: possibly delisted; no price data found  (1d 2017-06-23 -> 2017-07-04)

1 Failed download:
['SNI']: possibly delisted; no price data found  (1d 2017-06-23 -> 2017-07-04)
$SPLS: possibly delisted; no price data found  (1d 2017-06-23 -> 2026-01-15) (Yahoo error = "Data doesn't exist for startDate = 1498190400, endDate = 1768453200")

1 Failed download:
['SPLS']: possibly delisted; no price data found  (1d 2017-06-23 -> 2026-01-15) (Yahoo error = "Data doesn't exist for startDate = 1498190400, endDate = 1768453200")
$SRCL: possibly delisted; no timezone found
$SRCL: possibly delisted; no timezone found

1 Failed download:
['SRCL']: possibly delisted; no timezone found
$SYMC: possibly delisted; no timezone found
$SYMC: possibly delisted; no timezone found

1 Failed download:
['SYMC']: possibly delisted; no timezone found
$TIF: possibly delisted; no timezone found
$STI: possibly delisted; no price data found  (1d 2017-06-23 -> 2017-07-04) (Yahoo error = "Data doesn't exist for startDate = 1498190400, endDate = 1499140800")
$TMK: possibly delisted; no timezone found

1 Failed download:
['STI']: possibly delisted; no price data found  (1d 2017-06-23 -> 2017-07-04) (Yahoo error = "Data doesn't exist for startDate = 1498190400, endDate = 1499140800")
$TIF: possibly delisted; no timezone found
$TMK: possibly delisted; no timezone found

1 Failed download:
['TIF']: possibly delisted; no timezone found

1 Failed download:
['TMK']: possibly delisted; no timezone found
$TSS: possibly delisted; no timezone found
$TSS: possibly delisted; no timezone found

1 Failed download:
['TSS']: possibly delisted; no timezone found
$UTX: possibly delisted; no timezone found
$UTX: possibly delisted; no timezone found

1 Failed download:
['UTX']: possibly delisted; no timezone found
$VIAB: possibly delisted; no timezone found
$VAR: possibly delisted; no timezone found
$VIAB: possibly delisted; no timezone found

1 Failed download:
['VIAB']: possibly delisted; no timezone found
$VAR: possibly delisted; no timezone found

1 Failed download:
['VAR']: possibly delisted; no timezone found
$WFM: possibly delisted; no price data found  (1d 1927-09-17 -> 2026-08-23)
$WFM: possibly delisted; no price data found  (1d 2017-06-23 -> 2017-07-04)

1 Failed download:
['WFM']: possibly delisted; no price data found  (1d 2017-06-23 -> 2017-07-04)
$WLTW: possibly delisted; no timezone found
$WLTW: possibly delisted; no timezone found

1 Failed download:
['WLTW']: possibly delisted; no timezone found
$WRK: possibly delisted; no timezone found
$WRK: possibly delisted; no timezone found

1 Failed download:
['WRK']: possibly delisted; no timezone found
$WBA: possibly delisted; no timezone found
$WBA: possibly delisted; no timezone found

1 Failed download:
['WBA']: possibly delisted; no timezone found
$WYND: possibly delisted; no timezone found
$XEC: possibly delisted; no timezone found
$WYND: possibly delisted; no timezone found

1 Failed download:
['WYND']: possibly delisted; no timezone found
$XEC: possibly delisted; no timezone found

1 Failed download:
['XEC']: possibly delisted; no timezone found
$XL: possibly delisted; no timezone found
$XLNX: possibly delisted; no timezone found
$XL: possibly delisted; no timezone found

1 Failed download:
['XL']: possibly delisted; no timezone found
$XLNX: possibly delisted; no timezone found

1 Failed download:
['XLNX']: possibly delisted; no timezone found
[h11]     [1/4] 2017-07-03: picks=['BAC', 'BA', 'AAPL'] (pool=40, 후보=39, 60.2s)
$ABC: possibly delisted; no timezone found
$ABC: possibly delisted; no timezone found

1 Failed download:
['ABC']: possibly delisted; no timezone found
$ADS: possibly delisted; no timezone found
$ADS: possibly delisted; no timezone found

1 Failed download:
['ADS']: possibly delisted; no timezone found
$AGN: possibly delisted; no timezone found
$AGN: possibly delisted; no timezone found

1 Failed download:
['AGN']: possibly delisted; no timezone found
$ALXN: possibly delisted; no timezone found
$ALXN: possibly delisted; no timezone found

1 Failed download:
['ALXN']: possibly delisted; no timezone found
$ANTM: possibly delisted; no timezone found
$ANSS: possibly delisted; no timezone found
$ANTM: possibly delisted; no timezone found
$ANSS: possibly delisted; no timezone found

1 Failed download:
['ANSS']: possibly delisted; no timezone found

1 Failed download:
['ANTM']: possibly delisted; no timezone found
$APC: possibly delisted; no price data found  (1d 2017-12-23 -> 2026-02-11) (Yahoo error = "Data doesn't exist for startDate = 1514005200, endDate = 1770786000")

1 Failed download:
['APC']: possibly delisted; no price data found  (1d 2017-12-23 -> 2026-02-11) (Yahoo error = "Data doesn't exist for startDate = 1514005200, endDate = 1770786000")
$ARNC: possibly delisted; no timezone found
$ARNC: possibly delisted; no timezone found
$ATVI: possibly delisted; no timezone found
$ATVI: possibly delisted; no timezone found

1 Failed download:
['ARNC']: possibly delisted; no timezone found

1 Failed download:
['ATVI']: possibly delisted; no timezone found
$BHGE: possibly delisted; no timezone found
$BHGE: possibly delisted; no timezone found

1 Failed download:
['BHGE']: possibly delisted; no timezone found
$BK: possibly delisted; no timezone found
$BK: possibly delisted; no timezone found

1 Failed download:
['BK']: possibly delisted; no timezone found
$BLL: possibly delisted; no timezone found
$BLL: possibly delisted; no timezone found

1 Failed download:
['BLL']: possibly delisted; no timezone found
$CA: possibly delisted; no timezone found
$CA: possibly delisted; no timezone found

1 Failed download:
['CA']: possibly delisted; no timezone found
$CBS: possibly delisted; no timezone found
$CBS: possibly delisted; no timezone found

1 Failed download:
['CBS']: possibly delisted; no timezone found
$CELG: possibly delisted; no timezone found
$CERN: possibly delisted; no timezone found
$CELG: possibly delisted; no timezone found

1 Failed download:
['CELG']: possibly delisted; no timezone found
$CERN: possibly delisted; no timezone found

1 Failed download:
['CERN']: possibly delisted; no timezone found
$CHK: possibly delisted; no timezone found
$CHK: possibly delisted; no timezone found

1 Failed download:
['CHK']: possibly delisted; no timezone found
$CMA: possibly delisted; no timezone found
$CMA: possibly delisted; no timezone found

1 Failed download:
['CMA']: possibly delisted; no timezone found
$COG: possibly delisted; no timezone found
$COG: possibly delisted; no timezone found
$CTL: possibly delisted; no timezone found

1 Failed download:
['COG']: possibly delisted; no timezone found
$CTL: possibly delisted; no timezone found

1 Failed download:
['CTL']: possibly delisted; no timezone found
$CSRA: possibly delisted; no price data found  (1d 2017-12-23 -> 2018-01-03) (Yahoo error = "Data doesn't exist for startDate = 1514005200, endDate = 1514955600")

1 Failed download:
['CSRA']: possibly delisted; no price data found  (1d 2017-12-23 -> 2018-01-03) (Yahoo error = "Data doesn't exist for startDate = 1514005200, endDate = 1514955600")
$CTXS: possibly delisted; no timezone found
$CTXS: possibly delisted; no timezone found

1 Failed download:
['CTXS']: possibly delisted; no timezone found
$DFS: possibly delisted; no timezone found
$DFS: possibly delisted; no timezone found

1 Failed download:
['DFS']: possibly delisted; no timezone found
$CXO: possibly delisted; no timezone found
$CXO: possibly delisted; no timezone found

1 Failed download:
['CXO']: possibly delisted; no timezone found
$DISCA: possibly delisted; no timezone found
$DISCA: possibly delisted; no timezone found

1 Failed download:
['DISCA']: possibly delisted; no timezone found
$DISH: possibly delisted; no timezone found
$DISH: possibly delisted; no timezone found

1 Failed download:
['DISH']: possibly delisted; no timezone found
$DISCK: possibly delisted; no timezone found
$DRE: possibly delisted; no timezone found
$DISCK: possibly delisted; no timezone found

1 Failed download:
['DISCK']: possibly delisted; no timezone found
$DRE: possibly delisted; no timezone found

1 Failed download:
['DRE']: possibly delisted; no timezone found
$DWDP: possibly delisted; no timezone found
$DWDP: possibly delisted; no timezone found

1 Failed download:
['DWDP']: possibly delisted; no timezone found
$ETFC: possibly delisted; no timezone found
$ETFC: possibly delisted; no timezone found

1 Failed download:
['ETFC']: possibly delisted; no timezone found
$FBHS: possibly delisted; no timezone found
$FBHS: possibly delisted; no timezone found

1 Failed download:
['FBHS']: possibly delisted; no timezone found
$FB: possibly delisted; no price data found  (1d 2017-12-23 -> 2018-01-03) (Yahoo error = "Data doesn't exist for startDate = 1514005200, endDate = 1514955600")

1 Failed download:
['FB']: possibly delisted; no price data found  (1d 2017-12-23 -> 2018-01-03) (Yahoo error = "Data doesn't exist for startDate = 1514005200, endDate = 1514955600")
$FLIR: possibly delisted; no timezone found
$FLIR: possibly delisted; no timezone found
$FL: possibly delisted; no timezone found

1 Failed download:
['FLIR']: possibly delisted; no timezone found
$FL: possibly delisted; no timezone found

1 Failed download:
['FL']: possibly delisted; no timezone found
$GGP: possibly delisted; no price data found  (1d 1927-09-17 -> 2026-08-23)
$FOX: possibly delisted; no price data found  (1d 2017-12-23 -> 2019-03-12) (Yahoo error = "Data doesn't exist for startDate = 1514005200, endDate = 1552363200")

1 Failed download:
['FOX']: possibly delisted; no price data found  (1d 2017-12-23 -> 2019-03-12) (Yahoo error = "Data doesn't exist for startDate = 1514005200, endDate = 1552363200")
$FOXA: possibly delisted; no price data found  (1d 2017-12-23 -> 2019-03-11) (Yahoo error = "Data doesn't exist for startDate = 1514005200, endDate = 1552276800")

1 Failed download:
['FOXA']: possibly delisted; no price data found  (1d 2017-12-23 -> 2019-03-11) (Yahoo error = "Data doesn't exist for startDate = 1514005200, endDate = 1552276800")
$GPS: possibly delisted; no timezone found
$GPS: possibly delisted; no timezone found

1 Failed download:
['GPS']: possibly delisted; no timezone found
$GGP: possibly delisted; no price data found  (1d 2017-12-23 -> 2018-01-03)

1 Failed download:
['GGP']: possibly delisted; no price data found  (1d 2017-12-23 -> 2018-01-03)
$HBI: possibly delisted; no timezone found
$HBI: possibly delisted; no timezone found

1 Failed download:
['HBI']: possibly delisted; no timezone found
$HCP: possibly delisted; no timezone found
$HCP: possibly delisted; no timezone found

1 Failed download:
['HCP']: possibly delisted; no timezone found
$HES: possibly delisted; no timezone found
$HES: possibly delisted; no timezone found

1 Failed download:
['HES']: possibly delisted; no timezone found
$HOLX: possibly delisted; no timezone found
$HOLX: possibly delisted; no timezone found

1 Failed download:
['HOLX']: possibly delisted; no timezone found
$INFO: possibly delisted; no price data found  (1d 2017-12-23 -> 2018-01-03) (Yahoo error = "Data doesn't exist for startDate = 1514005200, endDate = 1514955600")

1 Failed download:
['INFO']: possibly delisted; no price data found  (1d 2017-12-23 -> 2018-01-03) (Yahoo error = "Data doesn't exist for startDate = 1514005200, endDate = 1514955600")
$IPG: possibly delisted; no timezone found
$IPG: possibly delisted; no timezone found

1 Failed download:
['IPG']: possibly delisted; no timezone found
$JEC: possibly delisted; no timezone found
$JEC: possibly delisted; no timezone found

1 Failed download:
['JEC']: possibly delisted; no timezone found
$JNPR: possibly delisted; no timezone found
$JNPR: possibly delisted; no timezone found

1 Failed download:
['JNPR']: possibly delisted; no timezone found
$JWN: possibly delisted; no timezone found
$JWN: possibly delisted; no timezone found

1 Failed download:
['JWN']: possibly delisted; no timezone found
$K: possibly delisted; no timezone found
$K: possibly delisted; no timezone found

1 Failed download:
['K']: possibly delisted; no timezone found
$KORS: possibly delisted; no price data found  (1d 1927-09-17 -> 2026-08-23)
$KORS: possibly delisted; no price data found  (1d 2017-12-23 -> 2018-01-03)

1 Failed download:
['KORS']: possibly delisted; no price data found  (1d 2017-12-23 -> 2018-01-03)
$KSU: possibly delisted; no timezone found
$KSU: possibly delisted; no timezone found

1 Failed download:
['KSU']: possibly delisted; no timezone found
$LB: possibly delisted; no price data found  (1d 2017-12-23 -> 2018-01-03) (Yahoo error = "Data doesn't exist for startDate = 1514005200, endDate = 1514955600")

1 Failed download:
['LB']: possibly delisted; no price data found  (1d 2017-12-23 -> 2018-01-03) (Yahoo error = "Data doesn't exist for startDate = 1514005200, endDate = 1514955600")
$LLL: possibly delisted; no timezone found
$LLL: possibly delisted; no timezone found

1 Failed download:
['LLL']: possibly delisted; no timezone found
$MMC: possibly delisted; no timezone found
$MMC: possibly delisted; no timezone found

1 Failed download:
['MMC']: possibly delisted; no timezone found
$MON: possibly delisted; no timezone found
$MON: possibly delisted; no timezone found

1 Failed download:
['MON']: possibly delisted; no timezone found
$MRO: possibly delisted; no timezone found
$MRO: possibly delisted; no timezone found

1 Failed download:
['MRO']: possibly delisted; no timezone found
$MYL: possibly delisted; no timezone found
$MYL: possibly delisted; no timezone found

1 Failed download:
['MYL']: possibly delisted; no timezone found
$NBL: possibly delisted; no timezone found
$NBL: possibly delisted; no timezone found

1 Failed download:
['NBL']: possibly delisted; no timezone found
$NLSN: possibly delisted; no timezone found
$NFX: possibly delisted; no price data found  (1d 2017-12-23 -> 2026-07-06) (Yahoo error = "Data doesn't exist for startDate = 1514005200, endDate = 1783310400")
$NLSN: possibly delisted; no timezone found

1 Failed download:
['NFX']: possibly delisted; no price data found  (1d 2017-12-23 -> 2026-07-06) (Yahoo error = "Data doesn't exist for startDate = 1514005200, endDate = 1783310400")

1 Failed download:
['NLSN']: possibly delisted; no timezone found
$PBCT: possibly delisted; no timezone found
$PBCT: possibly delisted; no timezone found

1 Failed download:
['PBCT']: possibly delisted; no timezone found
$PDCO: possibly delisted; no timezone found
$PDCO: possibly delisted; no timezone found

1 Failed download:
['PDCO']: possibly delisted; no timezone found
$PKI: possibly delisted; no timezone found
$PKI: possibly delisted; no timezone found

1 Failed download:
['PKI']: possibly delisted; no timezone found
$PXD: possibly delisted; no timezone found
$PXD: possibly delisted; no timezone found
$PX: possibly delisted; no timezone found

1 Failed download:
['PXD']: possibly delisted; no timezone found
$PX: possibly delisted; no timezone found

1 Failed download:
['PX']: possibly delisted; no timezone found
$RE: possibly delisted; no timezone found
$RE: possibly delisted; no timezone found

1 Failed download:
['RE']: possibly delisted; no timezone found
$RHT: possibly delisted; no timezone found
$RHT: possibly delisted; no timezone found

1 Failed download:
['RHT']: possibly delisted; no timezone found
$RTN: possibly delisted; no timezone found
$RTN: possibly delisted; no timezone found

1 Failed download:
['RTN']: possibly delisted; no timezone found
$SEE: possibly delisted; no timezone found
$SEE: possibly delisted; no timezone found

1 Failed download:
['SEE']: possibly delisted; no timezone found
$SNI: possibly delisted; no price data found  (1d 1927-09-17 -> 2026-08-23)
$SNI: possibly delisted; no price data found  (1d 2017-12-23 -> 2018-01-03)

1 Failed download:
['SNI']: possibly delisted; no price data found  (1d 2017-12-23 -> 2018-01-03)
$SRCL: possibly delisted; no timezone found
$SRCL: possibly delisted; no timezone found

1 Failed download:
['SRCL']: possibly delisted; no timezone found
$STI: possibly delisted; no price data found  (1d 2017-12-23 -> 2018-01-03) (Yahoo error = "Data doesn't exist for startDate = 1514005200, endDate = 1514955600")

1 Failed download:
['STI']: possibly delisted; no price data found  (1d 2017-12-23 -> 2018-01-03) (Yahoo error = "Data doesn't exist for startDate = 1514005200, endDate = 1514955600")
$SYMC: possibly delisted; no timezone found
$SYMC: possibly delisted; no timezone found

1 Failed download:
['SYMC']: possibly delisted; no timezone found
$TMK: possibly delisted; no timezone found
$TMK: possibly delisted; no timezone found

1 Failed download:
['TMK']: possibly delisted; no timezone found
$TSS: possibly delisted; no timezone found
$TSS: possibly delisted; no timezone found

1 Failed download:
['TSS']: possibly delisted; no timezone found
$TIF: possibly delisted; no timezone found
$TIF: possibly delisted; no timezone found

1 Failed download:
['TIF']: possibly delisted; no timezone found
$UTX: possibly delisted; no timezone found
$UTX: possibly delisted; no timezone found

1 Failed download:
['UTX']: possibly delisted; no timezone found
$VIAB: possibly delisted; no timezone found
$VIAB: possibly delisted; no timezone found

1 Failed download:
['VIAB']: possibly delisted; no timezone found
$VAR: possibly delisted; no timezone found
$VAR: possibly delisted; no timezone found

1 Failed download:
['VAR']: possibly delisted; no timezone found
$WBA: possibly delisted; no timezone found
$WLTW: possibly delisted; no timezone found
$WBA: possibly delisted; no timezone found
$WLTW: possibly delisted; no timezone found

1 Failed download:
['WBA']: possibly delisted; no timezone found

1 Failed download:
['WLTW']: possibly delisted; no timezone found
$WRK: possibly delisted; no timezone found
$WRK: possibly delisted; no timezone found

1 Failed download:
['WRK']: possibly delisted; no timezone found
$XEC: possibly delisted; no timezone found
$WYND: possibly delisted; no timezone found
$XEC: possibly delisted; no timezone found
$WYND: possibly delisted; no timezone found

1 Failed download:
['XEC']: possibly delisted; no timezone found

1 Failed download:
['WYND']: possibly delisted; no timezone found
$XLNX: possibly delisted; no timezone found
$XLNX: possibly delisted; no timezone found
$XL: possibly delisted; no timezone found
$XL: possibly delisted; no timezone found

1 Failed download:
['XL']: possibly delisted; no timezone found

1 Failed download:
['XLNX']: possibly delisted; no timezone found
[h11]     [2/4] 2018-01-02: picks=['BA', 'AMZN', 'SHW'] (pool=40, 후보=39, 54.2s)
$ABC: possibly delisted; no timezone found
$ABMD: possibly delisted; no timezone found
$ABC: possibly delisted; no timezone found
$ABMD: possibly delisted; no timezone found

1 Failed download:
['ABC']: possibly delisted; no timezone found

1 Failed download:
['ABMD']: possibly delisted; no timezone found
$ADS: possibly delisted; no timezone found
$ADS: possibly delisted; no timezone found

1 Failed download:
['ADS']: possibly delisted; no timezone found
$AGN: possibly delisted; no timezone found
$AGN: possibly delisted; no timezone found

1 Failed download:
['AGN']: possibly delisted; no timezone found
$ALXN: possibly delisted; no timezone found
$ALXN: possibly delisted; no timezone found

1 Failed download:
['ALXN']: possibly delisted; no timezone found
$ANSS: possibly delisted; no timezone found
$ANSS: possibly delisted; no timezone found

1 Failed download:
['ANSS']: possibly delisted; no timezone found
$ANTM: possibly delisted; no timezone found
$ANTM: possibly delisted; no timezone found

1 Failed download:
['ANTM']: possibly delisted; no timezone found
$ARNC: possibly delisted; no timezone found
$ARNC: possibly delisted; no timezone found

1 Failed download:
['ARNC']: possibly delisted; no timezone found
$ATVI: possibly delisted; no timezone found
$ATVI: possibly delisted; no timezone found

1 Failed download:
['ATVI']: possibly delisted; no timezone found
$APC: possibly delisted; no price data found  (1d 2018-06-22 -> 2026-02-11) (Yahoo error = "Data doesn't exist for startDate = 1529640000, endDate = 1770786000")

1 Failed download:
['APC']: possibly delisted; no price data found  (1d 2018-06-22 -> 2026-02-11) (Yahoo error = "Data doesn't exist for startDate = 1529640000, endDate = 1770786000")
$BK: possibly delisted; no timezone found
$BHGE: possibly delisted; no timezone found
$BK: possibly delisted; no timezone found

1 Failed download:
['BK']: possibly delisted; no timezone found
$BHGE: possibly delisted; no timezone found

1 Failed download:
['BHGE']: possibly delisted; no timezone found
$BLL: possibly delisted; no timezone found
$BLL: possibly delisted; no timezone found

1 Failed download:
['BLL']: possibly delisted; no timezone found
$CA: possibly delisted; no timezone found
$CA: possibly delisted; no timezone found

1 Failed download:
['CA']: possibly delisted; no timezone found
$CBS: possibly delisted; no timezone found
$CBS: possibly delisted; no timezone found

1 Failed download:
['CBS']: possibly delisted; no timezone found
$CELG: possibly delisted; no timezone found
$CELG: possibly delisted; no timezone found

1 Failed download:
['CELG']: possibly delisted; no timezone found
$CERN: possibly delisted; no timezone found
$CERN: possibly delisted; no timezone found

1 Failed download:
['CERN']: possibly delisted; no timezone found
$CMA: possibly delisted; no timezone found
$CMA: possibly delisted; no timezone found

1 Failed download:
['CMA']: possibly delisted; no timezone found
$COG: possibly delisted; no timezone found
$COG: possibly delisted; no timezone found

1 Failed download:
['COG']: possibly delisted; no timezone found
$CTL: possibly delisted; no timezone found
$CTL: possibly delisted; no timezone found

1 Failed download:
['CTL']: possibly delisted; no timezone found
$CTXS: possibly delisted; no timezone found
$CXO: possibly delisted; no timezone found
$CTXS: possibly delisted; no timezone found
$CXO: possibly delisted; no timezone found

1 Failed download:
['CTXS']: possibly delisted; no timezone found

1 Failed download:
['CXO']: possibly delisted; no timezone found
$DFS: possibly delisted; no timezone found
$DFS: possibly delisted; no timezone found

1 Failed download:
['DFS']: possibly delisted; no timezone found
$DISCK: possibly delisted; no timezone found
$DISCK: possibly delisted; no timezone found
$DISCA: possibly delisted; no timezone found
$DISCA: possibly delisted; no timezone found
$DISH: possibly delisted; no timezone found

1 Failed download:
['DISCK']: possibly delisted; no timezone found

1 Failed download:
['DISCA']: possibly delisted; no timezone found
$DISH: possibly delisted; no timezone found

1 Failed download:
$DRE: possibly delisted; no timezone found
['DISH']: possibly delisted; no timezone found
$DRE: possibly delisted; no timezone found

1 Failed download:
['DRE']: possibly delisted; no timezone found
$DWDP: possibly delisted; no timezone found
$DWDP: possibly delisted; no timezone found

1 Failed download:
['DWDP']: possibly delisted; no timezone found
$ETFC: possibly delisted; no timezone found
$ETFC: possibly delisted; no timezone found

1 Failed download:
['ETFC']: possibly delisted; no timezone found
$FBHS: possibly delisted; no timezone found
$FBHS: possibly delisted; no timezone found

1 Failed download:
['FBHS']: possibly delisted; no timezone found
$FL: possibly delisted; no timezone found
$FLIR: possibly delisted; no timezone found
$FL: possibly delisted; no timezone found

1 Failed download:
['FL']: possibly delisted; no timezone found
$FLIR: possibly delisted; no timezone found

1 Failed download:
['FLIR']: possibly delisted; no timezone found
$FLT: possibly delisted; no timezone found
$FB: possibly delisted; no price data found  (1d 2018-06-22 -> 2018-07-03) (Yahoo error = "Data doesn't exist for startDate = 1529640000, endDate = 1530590400")

1 Failed download:
['FB']: possibly delisted; no price data found  (1d 2018-06-22 -> 2018-07-03) (Yahoo error = "Data doesn't exist for startDate = 1529640000, endDate = 1530590400")
$FLT: possibly delisted; no timezone found

1 Failed download:
['FLT']: possibly delisted; no timezone found
$FOXA: possibly delisted; no price data found  (1d 2018-06-22 -> 2019-03-11) (Yahoo error = "Data doesn't exist for startDate = 1529640000, endDate = 1552276800")
$FOX: possibly delisted; no price data found  (1d 2018-06-22 -> 2019-03-12) (Yahoo error = "Data doesn't exist for startDate = 1529640000, endDate = 1552363200")

1 Failed download:
['FOXA']: possibly delisted; no price data found  (1d 2018-06-22 -> 2019-03-11) (Yahoo error = "Data doesn't exist for startDate = 1529640000, endDate = 1552276800")

1 Failed download:
['FOX']: possibly delisted; no price data found  (1d 2018-06-22 -> 2019-03-12) (Yahoo error = "Data doesn't exist for startDate = 1529640000, endDate = 1552363200")
$GGP: possibly delisted; no price data found  (1d 1927-09-17 -> 2026-08-23)
$GGP: possibly delisted; no price data found  (1d 2018-06-22 -> 2018-07-03)

1 Failed download:
['GGP']: possibly delisted; no price data found  (1d 2018-06-22 -> 2018-07-03)
$GPS: possibly delisted; no timezone found
$GPS: possibly delisted; no timezone found

1 Failed download:
['GPS']: possibly delisted; no timezone found
$HBI: possibly delisted; no timezone found
$HBI: possibly delisted; no timezone found

1 Failed download:
['HBI']: possibly delisted; no timezone found
$HES: possibly delisted; no timezone found
$HCP: possibly delisted; no timezone found
$HES: possibly delisted; no timezone found

1 Failed download:
['HES']: possibly delisted; no timezone found
$HCP: possibly delisted; no timezone found

1 Failed download:
['HCP']: possibly delisted; no timezone found
$HFC: possibly delisted; no timezone found
$HFC: possibly delisted; no timezone found

1 Failed download:
['HFC']: possibly delisted; no timezone found
$HOLX: possibly delisted; no timezone found
$HOLX: possibly delisted; no timezone found

1 Failed download:
['HOLX']: possibly delisted; no timezone found
$IPG: possibly delisted; no timezone found
$IPG: possibly delisted; no timezone found

1 Failed download:
['IPG']: possibly delisted; no timezone found
$INFO: possibly delisted; no price data found  (1d 2018-06-22 -> 2018-07-03) (Yahoo error = "Data doesn't exist for startDate = 1529640000, endDate = 1530590400")

1 Failed download:
['INFO']: possibly delisted; no price data found  (1d 2018-06-22 -> 2018-07-03) (Yahoo error = "Data doesn't exist for startDate = 1529640000, endDate = 1530590400")
$JEC: possibly delisted; no timezone found
$JEC: possibly delisted; no timezone found

1 Failed download:
['JEC']: possibly delisted; no timezone found
$JNPR: possibly delisted; no timezone found
$JNPR: possibly delisted; no timezone found

1 Failed download:
['JNPR']: possibly delisted; no timezone found
$K: possibly delisted; no timezone found
$JWN: possibly delisted; no timezone found
$K: possibly delisted; no timezone found

1 Failed download:
['K']: possibly delisted; no timezone found
$JWN: possibly delisted; no timezone found

1 Failed download:
['JWN']: possibly delisted; no timezone found
$KORS: possibly delisted; no price data found  (1d 1927-09-17 -> 2026-08-23)
$KORS: possibly delisted; no price data found  (1d 2018-06-22 -> 2018-07-03)

1 Failed download:
['KORS']: possibly delisted; no price data found  (1d 2018-06-22 -> 2018-07-03)
$KSU: possibly delisted; no timezone found
$KSU: possibly delisted; no timezone found

1 Failed download:
['KSU']: possibly delisted; no timezone found
$LLL: possibly delisted; no timezone found
$LLL: possibly delisted; no timezone found

1 Failed download:
['LLL']: possibly delisted; no timezone found
$LB: possibly delisted; no price data found  (1d 2018-06-22 -> 2018-07-03) (Yahoo error = "Data doesn't exist for startDate = 1529640000, endDate = 1530590400")

1 Failed download:
['LB']: possibly delisted; no price data found  (1d 2018-06-22 -> 2018-07-03) (Yahoo error = "Data doesn't exist for startDate = 1529640000, endDate = 1530590400")
$MMC: possibly delisted; no timezone found
$MMC: possibly delisted; no timezone found

1 Failed download:
['MMC']: possibly delisted; no timezone found
$MRO: possibly delisted; no timezone found
$MRO: possibly delisted; no timezone found

1 Failed download:
['MRO']: possibly delisted; no timezone found
$MYL: possibly delisted; no timezone found
$MYL: possibly delisted; no timezone found

1 Failed download:
['MYL']: possibly delisted; no timezone found
$NBL: possibly delisted; no timezone found
$NBL: possibly delisted; no timezone found

1 Failed download:
['NBL']: possibly delisted; no timezone found
$NLSN: possibly delisted; no timezone found
$NLSN: possibly delisted; no timezone found

1 Failed download:
['NLSN']: possibly delisted; no timezone found
$NFX: possibly delisted; no price data found  (1d 2018-06-22 -> 2026-07-06) (Yahoo error = "Data doesn't exist for startDate = 1529640000, endDate = 1783310400")

1 Failed download:
['NFX']: possibly delisted; no price data found  (1d 2018-06-22 -> 2026-07-06) (Yahoo error = "Data doesn't exist for startDate = 1529640000, endDate = 1783310400")
$PBCT: possibly delisted; no timezone found
$PBCT: possibly delisted; no timezone found

1 Failed download:
['PBCT']: possibly delisted; no timezone found
$PKI: possibly delisted; no timezone found
$PKI: possibly delisted; no timezone found

1 Failed download:
['PKI']: possibly delisted; no timezone found
$PX: possibly delisted; no timezone found
$PX: possibly delisted; no timezone found
$PXD: possibly delisted; no timezone found
$PXD: possibly delisted; no timezone found

1 Failed download:
['PX']: possibly delisted; no timezone found

1 Failed download:
['PXD']: possibly delisted; no timezone found
$RE: possibly delisted; no timezone found
$RE: possibly delisted; no timezone found

1 Failed download:
['RE']: possibly delisted; no timezone found
$RHT: possibly delisted; no timezone found
$RHT: possibly delisted; no timezone found

1 Failed download:
['RHT']: possibly delisted; no timezone found
$RTN: possibly delisted; no timezone found
$RTN: possibly delisted; no timezone found

1 Failed download:
['RTN']: possibly delisted; no timezone found
$SIVB: possibly delisted; no timezone found
$SEE: possibly delisted; no timezone found
$SIVB: possibly delisted; no timezone found
$SEE: possibly delisted; no timezone found

1 Failed download:
['SEE']: possibly delisted; no timezone found

1 Failed download:
['SIVB']: possibly delisted; no timezone found
$SRCL: possibly delisted; no timezone found
$SRCL: possibly delisted; no timezone found

1 Failed download:
['SRCL']: possibly delisted; no timezone found
$SYMC: possibly delisted; no timezone found
$SYMC: possibly delisted; no timezone found

1 Failed download:
['SYMC']: possibly delisted; no timezone found
$TIF: possibly delisted; no timezone found
$TIF: possibly delisted; no timezone found
$STI: possibly delisted; no price data found  (1d 2018-06-22 -> 2018-07-03) (Yahoo error = "Data doesn't exist for startDate = 1529640000, endDate = 1530590400")

1 Failed download:
['TIF']: possibly delisted; no timezone found

1 Failed download:
['STI']: possibly delisted; no price data found  (1d 2018-06-22 -> 2018-07-03) (Yahoo error = "Data doesn't exist for startDate = 1529640000, endDate = 1530590400")
$TMK: possibly delisted; no timezone found
$TMK: possibly delisted; no timezone found

1 Failed download:
['TMK']: possibly delisted; no timezone found
$TSS: possibly delisted; no timezone found
$TWTR: possibly delisted; no timezone found
$TSS: possibly delisted; no timezone found
$TWTR: possibly delisted; no timezone found

1 Failed download:
['TSS']: possibly delisted; no timezone found

1 Failed download:
['TWTR']: possibly delisted; no timezone found
$UTX: possibly delisted; no timezone found
$UTX: possibly delisted; no timezone found

1 Failed download:
['UTX']: possibly delisted; no timezone found
$VAR: possibly delisted; no timezone found
$VAR: possibly delisted; no timezone found

1 Failed download:
['VAR']: possibly delisted; no timezone found
$VIAB: possibly delisted; no timezone found
$VIAB: possibly delisted; no timezone found

1 Failed download:
['VIAB']: possibly delisted; no timezone found
$WBA: possibly delisted; no timezone found
$WBA: possibly delisted; no timezone found

1 Failed download:
['WBA']: possibly delisted; no timezone found
$WLTW: possibly delisted; no timezone found
$WLTW: possibly delisted; no timezone found

1 Failed download:
['WLTW']: possibly delisted; no timezone found
$WRK: possibly delisted; no timezone found
$WRK: possibly delisted; no timezone found

1 Failed download:
['WRK']: possibly delisted; no timezone found
$XEC: possibly delisted; no timezone found
$XL: possibly delisted; no timezone found
$XEC: possibly delisted; no timezone found
$XL: possibly delisted; no timezone found

1 Failed download:
['XEC']: possibly delisted; no timezone found
$XLNX: possibly delisted; no timezone found

1 Failed download:
['XL']: possibly delisted; no timezone found
$XLNX: possibly delisted; no timezone found

1 Failed download:
['XLNX']: possibly delisted; no timezone found
[h11]     [3/4] 2018-07-02: picks=['AMZN', 'BA', 'NKE'] (pool=40, 후보=38, 53.4s)
$ABMD: possibly delisted; no timezone found
$ABC: possibly delisted; no timezone found
$ABMD: possibly delisted; no timezone found

1 Failed download:
['ABMD']: possibly delisted; no timezone found
$ABC: possibly delisted; no timezone found

1 Failed download:
['ABC']: possibly delisted; no timezone found
$ADS: possibly delisted; no timezone found
$ADS: possibly delisted; no timezone found

1 Failed download:
['ADS']: possibly delisted; no timezone found
$AGN: possibly delisted; no timezone found
$AGN: possibly delisted; no timezone found

1 Failed download:
['AGN']: possibly delisted; no timezone found
$ALXN: possibly delisted; no timezone found
$ALXN: possibly delisted; no timezone found

1 Failed download:
['ALXN']: possibly delisted; no timezone found
$ANTM: possibly delisted; no timezone found
$ANTM: possibly delisted; no timezone found

1 Failed download:
['ANTM']: possibly delisted; no timezone found
$ANET: possibly delisted; no price data found  (1d 2018-12-23 -> 2018-12-23)

1 Failed download:
['ANET']: possibly delisted; no price data found  (1d 2018-12-23 -> 2018-12-23)
$ARNC: possibly delisted; no timezone found
$ATVI: possibly delisted; no timezone found
$APC: possibly delisted; no price data found  (1d 2018-12-23 -> 2026-02-11) (Yahoo error = "Data doesn't exist for startDate = 1545541200, endDate = 1770786000")

1 Failed download:
['APC']: possibly delisted; no price data found  (1d 2018-12-23 -> 2026-02-11) (Yahoo error = "Data doesn't exist for startDate = 1545541200, endDate = 1770786000")
$ATVI: possibly delisted; no timezone found
$ARNC: possibly delisted; no timezone found

1 Failed download:
['ATVI']: possibly delisted; no timezone found

1 Failed download:
['ARNC']: possibly delisted; no timezone found
$ANSS: possibly delisted; no timezone found
$ANSS: possibly delisted; no timezone found

1 Failed download:
['ANSS']: possibly delisted; no timezone found
$BK: possibly delisted; no timezone found
$BK: possibly delisted; no timezone found
$BHGE: possibly delisted; no timezone found

1 Failed download:
$BHGE: possibly delisted; no timezone found
['BK']: possibly delisted; no timezone found

1 Failed download:
['BHGE']: possibly delisted; no timezone found
$BLL: possibly delisted; no timezone found
$BLL: possibly delisted; no timezone found

1 Failed download:
['BLL']: possibly delisted; no timezone found
$CBS: possibly delisted; no timezone found
$CBS: possibly delisted; no timezone found

1 Failed download:
['CBS']: possibly delisted; no timezone found
$CELG: possibly delisted; no timezone found
$CELG: possibly delisted; no timezone found
$CERN: possibly delisted; no timezone found

1 Failed download:
['CELG']: possibly delisted; no timezone found
$CERN: possibly delisted; no timezone found

1 Failed download:
['CERN']: possibly delisted; no timezone found
$CE: possibly delisted; no price data found  (1d 2018-12-23 -> 2018-12-23)

1 Failed download:
['CE']: possibly delisted; no price data found  (1d 2018-12-23 -> 2018-12-23)
$CMA: possibly delisted; no timezone found
$CMA: possibly delisted; no timezone found

1 Failed download:
['CMA']: possibly delisted; no timezone found
$COG: possibly delisted; no timezone found
$COG: possibly delisted; no timezone found

1 Failed download:
['COG']: possibly delisted; no timezone found
$CTL: possibly delisted; no timezone found
$CTL: possibly delisted; no timezone found

1 Failed download:
['CTL']: possibly delisted; no timezone found
$CTXS: possibly delisted; no timezone found
$CXO: possibly delisted; no timezone found
$CTXS: possibly delisted; no timezone found
$CXO: possibly delisted; no timezone found

1 Failed download:
['CTXS']: possibly delisted; no timezone found

1 Failed download:
['CXO']: possibly delisted; no timezone found
$DFS: possibly delisted; no timezone found
$DFS: possibly delisted; no timezone found

1 Failed download:
['DFS']: possibly delisted; no timezone found
$DISCA: possibly delisted; no timezone found
$DISCA: possibly delisted; no timezone found

1 Failed download:
['DISCA']: possibly delisted; no timezone found
$DISH: possibly delisted; no timezone found
$DISH: possibly delisted; no timezone found
$DRE: possibly delisted; no timezone found
$DISCK: possibly delisted; no timezone found

1 Failed download:
['DISH']: possibly delisted; no timezone found
$DRE: possibly delisted; no timezone found

1 Failed download:
['DRE']: possibly delisted; no timezone found
$DISCK: possibly delisted; no timezone found

1 Failed download:
['DISCK']: possibly delisted; no timezone found
$DWDP: possibly delisted; no timezone found
$DWDP: possibly delisted; no timezone found

1 Failed download:
['DWDP']: possibly delisted; no timezone found
$ETFC: possibly delisted; no timezone found
$ETFC: possibly delisted; no timezone found

1 Failed download:
['ETFC']: possibly delisted; no timezone found
$FB: possibly delisted; no price data found  (1d 2018-12-23 -> 2019-01-03) (Yahoo error = "Data doesn't exist for startDate = 1545541200, endDate = 1546491600")

1 Failed download:
['FB']: possibly delisted; no price data found  (1d 2018-12-23 -> 2019-01-03) (Yahoo error = "Data doesn't exist for startDate = 1545541200, endDate = 1546491600")
$FBHS: possibly delisted; no timezone found
$FBHS: possibly delisted; no timezone found

1 Failed download:
['FBHS']: possibly delisted; no timezone found
$FLIR: possibly delisted; no timezone found
$FLIR: possibly delisted; no timezone found
$FL: possibly delisted; no timezone found
$FL: possibly delisted; no timezone found

1 Failed download:
['FL']: possibly delisted; no timezone found

1 Failed download:
['FLIR']: possibly delisted; no timezone found
$FLT: possibly delisted; no timezone found
$FLT: possibly delisted; no timezone found

1 Failed download:
['FLT']: possibly delisted; no timezone found
$FRC: possibly delisted; no timezone found
$FOX: possibly delisted; no price data found  (1d 2018-12-23 -> 2019-03-12) (Yahoo error = "Data doesn't exist for startDate = 1545541200, endDate = 1552363200")
$FOXA: possibly delisted; no price data found  (1d 2018-12-23 -> 2019-03-11) (Yahoo error = "Data doesn't exist for startDate = 1545541200, endDate = 1552276800")

1 Failed download:
['FOXA']: possibly delisted; no price data found  (1d 2018-12-23 -> 2019-03-11) (Yahoo error = "Data doesn't exist for startDate = 1545541200, endDate = 1552276800")

1 Failed download:
['FOX']: possibly delisted; no price data found  (1d 2018-12-23 -> 2019-03-12) (Yahoo error = "Data doesn't exist for startDate = 1545541200, endDate = 1552363200")
$FRC: possibly delisted; no timezone found

1 Failed download:
['FRC']: possibly delisted; no timezone found
$FTNT: possibly delisted; no price data found  (1d 2018-12-23 -> 2018-12-23)

1 Failed download:
['FTNT']: possibly delisted; no price data found  (1d 2018-12-23 -> 2018-12-23)
$GPS: possibly delisted; no timezone found
$GPS: possibly delisted; no timezone found

1 Failed download:
['GPS']: possibly delisted; no timezone found
$HBI: possibly delisted; no timezone found
$HBI: possibly delisted; no timezone found

1 Failed download:
['HBI']: possibly delisted; no timezone found
$HCP: possibly delisted; no timezone found
$HCP: possibly delisted; no timezone found

1 Failed download:
['HCP']: possibly delisted; no timezone found
$HES: possibly delisted; no timezone found
$HES: possibly delisted; no timezone found
$HFC: possibly delisted; no timezone found

1 Failed download:
['HES']: possibly delisted; no timezone found
$HFC: possibly delisted; no timezone found

1 Failed download:
['HFC']: possibly delisted; no timezone found
$HOLX: possibly delisted; no timezone found
$HOLX: possibly delisted; no timezone found

1 Failed download:
['HOLX']: possibly delisted; no timezone found
$INFO: possibly delisted; no price data found  (1d 2018-12-23 -> 2019-01-03) (Yahoo error = "Data doesn't exist for startDate = 1545541200, endDate = 1546491600")

1 Failed download:
['INFO']: possibly delisted; no price data found  (1d 2018-12-23 -> 2019-01-03) (Yahoo error = "Data doesn't exist for startDate = 1545541200, endDate = 1546491600")
$IPG: possibly delisted; no timezone found
$IPG: possibly delisted; no timezone found

1 Failed download:
['IPG']: possibly delisted; no timezone found
$JEC: possibly delisted; no timezone found
$JEC: possibly delisted; no timezone found

1 Failed download:
['JEC']: possibly delisted; no timezone found
$JNPR: possibly delisted; no timezone found
$JWN: possibly delisted; no timezone found
$JNPR: possibly delisted; no timezone found

1 Failed download:
['JNPR']: possibly delisted; no timezone found
$JWN: possibly delisted; no timezone found

1 Failed download:
['JWN']: possibly delisted; no timezone found
$K: possibly delisted; no timezone found
$K: possibly delisted; no timezone found

1 Failed download:
['K']: possibly delisted; no timezone found
$KEYS: possibly delisted; no price data found  (1d 2018-12-23 -> 2018-12-23)

1 Failed download:
['KEYS']: possibly delisted; no price data found  (1d 2018-12-23 -> 2018-12-23)
$JKHY: possibly delisted; no price data found  (1d 2018-12-23 -> 2018-12-23)

1 Failed download:
['JKHY']: possibly delisted; no price data found  (1d 2018-12-23 -> 2018-12-23)
$KSU: possibly delisted; no timezone found
$KSU: possibly delisted; no timezone found

1 Failed download:
['KSU']: possibly delisted; no timezone found
$LB: possibly delisted; no price data found  (1d 2018-12-23 -> 2019-01-03) (Yahoo error = "Data doesn't exist for startDate = 1545541200, endDate = 1546491600")

1 Failed download:
['LB']: possibly delisted; no price data found  (1d 2018-12-23 -> 2019-01-03) (Yahoo error = "Data doesn't exist for startDate = 1545541200, endDate = 1546491600")
$LLL: possibly delisted; no timezone found
$LLL: possibly delisted; no timezone found

1 Failed download:
['LLL']: possibly delisted; no timezone found
$LW: possibly delisted; no price data found  (1d 2018-12-23 -> 2018-12-23)

1 Failed download:
['LW']: possibly delisted; no price data found  (1d 2018-12-23 -> 2018-12-23)
$MMC: possibly delisted; no timezone found
$MMC: possibly delisted; no timezone found

1 Failed download:
['MMC']: possibly delisted; no timezone found
$MRO: possibly delisted; no timezone found
$MRO: possibly delisted; no timezone found

1 Failed download:
['MRO']: possibly delisted; no timezone found
$MXIM: possibly delisted; no timezone found
$MXIM: possibly delisted; no timezone found

1 Failed download:
['MXIM']: possibly delisted; no timezone found
$MYL: possibly delisted; no timezone found
$MYL: possibly delisted; no timezone found

1 Failed download:
['MYL']: possibly delisted; no timezone found
$NBL: possibly delisted; no timezone found
$NBL: possibly delisted; no timezone found

1 Failed download:
['NBL']: possibly delisted; no timezone found
$NLSN: possibly delisted; no timezone found
$NLSN: possibly delisted; no timezone found

1 Failed download:
['NLSN']: possibly delisted; no timezone found
$NFX: possibly delisted; no price data found  (1d 2018-12-23 -> 2026-07-06) (Yahoo error = "Data doesn't exist for startDate = 1545541200, endDate = 1783310400")

1 Failed download:
['NFX']: possibly delisted; no price data found  (1d 2018-12-23 -> 2026-07-06) (Yahoo error = "Data doesn't exist for startDate = 1545541200, endDate = 1783310400")
$PBCT: possibly delisted; no timezone found
$PBCT: possibly delisted; no timezone found

1 Failed download:
['PBCT']: possibly delisted; no timezone found
$PKI: possibly delisted; no timezone found
$PKI: possibly delisted; no timezone found

1 Failed download:
['PKI']: possibly delisted; no timezone found
$PXD: possibly delisted; no timezone found
$PXD: possibly delisted; no timezone found

1 Failed download:
['PXD']: possibly delisted; no timezone found
$RE: possibly delisted; no timezone found
$RE: possibly delisted; no timezone found
$RHT: possibly delisted; no timezone found

1 Failed download:
['RE']: possibly delisted; no timezone found
$RHT: possibly delisted; no timezone found

1 Failed download:
['RHT']: possibly delisted; no timezone found
$RTN: possibly delisted; no timezone found
$RTN: possibly delisted; no timezone found

1 Failed download:
['RTN']: possibly delisted; no timezone found
$ROL: possibly delisted; no price data found  (1d 2018-12-23 -> 2018-12-23)

1 Failed download:
['ROL']: possibly delisted; no price data found  (1d 2018-12-23 -> 2018-12-23)
$SIVB: possibly delisted; no timezone found
$SIVB: possibly delisted; no timezone found

1 Failed download:
['SIVB']: possibly delisted; no timezone found
$SEE: possibly delisted; no timezone found
$SEE: possibly delisted; no timezone found

1 Failed download:
['SEE']: possibly delisted; no timezone found
$STI: possibly delisted; no price data found  (1d 2018-12-23 -> 2019-01-03) (Yahoo error = "Data doesn't exist for startDate = 1545541200, endDate = 1546491600")

1 Failed download:
['STI']: possibly delisted; no price data found  (1d 2018-12-23 -> 2019-01-03) (Yahoo error = "Data doesn't exist for startDate = 1545541200, endDate = 1546491600")
$SYMC: possibly delisted; no timezone found
$SYMC: possibly delisted; no timezone found

1 Failed download:
['SYMC']: possibly delisted; no timezone found
$TIF: possibly delisted; no timezone found
$TIF: possibly delisted; no timezone found

1 Failed download:
['TIF']: possibly delisted; no timezone found
$TSS: possibly delisted; no timezone found
$TSS: possibly delisted; no timezone found

1 Failed download:
['TSS']: possibly delisted; no timezone found
$TWTR: possibly delisted; no timezone found
$TWTR: possibly delisted; no timezone found

1 Failed download:
['TWTR']: possibly delisted; no timezone found
$TMK: possibly delisted; no timezone found
$TMK: possibly delisted; no timezone found

1 Failed download:
['TMK']: possibly delisted; no timezone found
$UTX: possibly delisted; no timezone found
$UTX: possibly delisted; no timezone found

1 Failed download:
['UTX']: possibly delisted; no timezone found
$VAR: possibly delisted; no timezone found
$VAR: possibly delisted; no timezone found

1 Failed download:
['VAR']: possibly delisted; no timezone found
$VIAB: possibly delisted; no timezone found
$VIAB: possibly delisted; no timezone found

1 Failed download:
['VIAB']: possibly delisted; no timezone found
$WBA: possibly delisted; no timezone found
$WCG: possibly delisted; no timezone found
$WCG: possibly delisted; no timezone found
$WBA: possibly delisted; no timezone found

1 Failed download:
['WCG']: possibly delisted; no timezone found

1 Failed download:
['WBA']: possibly delisted; no timezone found
$WLTW: possibly delisted; no timezone found
$WLTW: possibly delisted; no timezone found

1 Failed download:
['WLTW']: possibly delisted; no timezone found
$WRK: possibly delisted; no timezone found
$WRK: possibly delisted; no timezone found

1 Failed download:
['WRK']: possibly delisted; no timezone found
$XLNX: possibly delisted; no timezone found
$XEC: possibly delisted; no timezone found
$XEC: possibly delisted; no timezone found
$XLNX: possibly delisted; no timezone found

1 Failed download:
['XEC']: possibly delisted; no timezone found

1 Failed download:
['XLNX']: possibly delisted; no timezone found
$ILMN: possibly delisted; no price data found  (1d 2017-01-02 -> 2017-01-02)

1 Failed download:
['ILMN']: possibly delisted; no price data found  (1d 2017-01-02 -> 2017-01-02)
[h11]     [4/4] 2019-01-02: picks=['MRK', 'PFE', 'NEE'] (pool=40, 후보=19, 54.0s)
[h18]   새틀라이트 지표(전체, 정적보유): {'cumulative_return': 59.69, 'cagr': 25.34, 'mdd': -24.88, 'sharpe': 1.22, 'win_rate': 0.0, 'avg_holding_days': 0.0, 'trade_count': 0, 'profit_factor': 0.0, 'calmar': 1.02, 'avg_drawdown_days': 7.4}, 반기 리밸런싱 4회
[h18]   새틀라이트 실시간청산 재구축 중...
[h18]   실시간청산 지표(전체): {'cumulative_return': 55.83, 'cagr': 23.87, 'mdd': -16.71, 'sharpe': 1.46, 'win_rate': 0.0, 'avg_holding_days': 0.0, 'trade_count': 0, 'profit_factor': 0.0, 'calmar': 1.43, 'avg_drawdown_days': 7.7}, 조기청산 5/12
/workspaces/Quant/analysis/2026-08-22_regime_conditional_satellite_switch/h12_regime_switch.py:83: FutureWarning: Downcasting object dtype arrays on .fillna, .ffill, .bfill is deprecated and will change in a future version. Call result.infer_objects(copy=False) instead. To opt-in to the future behavior, set `pd.set_option('future.no_silent_downcasting', True)`
  regime_aligned = regime_bull_raw.reindex(trading_index).ffill()
/workspaces/Quant/analysis/2026-08-22_regime_conditional_satellite_switch/h12_regime_switch.py:84: FutureWarning: Downcasting object dtype arrays on .fillna, .ffill, .bfill is deprecated and will change in a future version. Call result.infer_objects(copy=False) instead. To opt-in to the future behavior, set `pd.set_option('future.no_silent_downcasting', True)`
  signal_lagged = regime_aligned.shift(1).fillna(False)  # 전일 신호를 오늘 적용(챔피언 관례와 동일)
[h18]   selloff_2018 완료 (222.9s)
[h18] === correction_2015_2016: 코어(17자산 챔피언) 구축 2014-06-01~2016-06-30 ===
$XLC: possibly delisted; no price data found  (1d 2013-04-27 -> 2018-06-18) (Yahoo error = "Data doesn't exist for startDate = 1367035200, endDate = 1529294400")
$XLRE: possibly delisted; no price data found  (1d 2013-04-27 -> 2015-10-07) (Yahoo error = "Data doesn't exist for startDate = 1367035200, endDate = 1444190400")

1 Failed download:
['XLRE']: possibly delisted; no price data found  (1d 2013-04-27 -> 2015-10-07) (Yahoo error = "Data doesn't exist for startDate = 1367035200, endDate = 1444190400")

1 Failed download:
['XLC']: possibly delisted; no price data found  (1d 2013-04-27 -> 2018-06-18) (Yahoo error = "Data doesn't exist for startDate = 1367035200, endDate = 1529294400")
[h18]   코어 지표(전체): {'cumulative_return': -5.79, 'cagr': -2.83, 'mdd': -16.82, 'sharpe': -0.19, 'win_rate': 0.0, 'avg_holding_days': 0.0, 'trade_count': 0, 'profit_factor': 0.0, 'calmar': -0.17, 'avg_drawdown_days': 14.6}
[h18]   새틀라이트(정적보유, point-in-time) 구축 중...
[h11]   반기 리밸런싱 4회(trend_following): ['2014-07-01', '2015-01-02', '2015-07-01', '2016-01-04']
$AABA: possibly delisted; no timezone found
$AABA: possibly delisted; no timezone found

1 Failed download:
['AABA']: possibly delisted; no timezone found
$ABC: possibly delisted; no timezone found
$ABC: possibly delisted; no timezone found

1 Failed download:
['ABC']: possibly delisted; no timezone found
$ADS: possibly delisted; no timezone found
$ADS: possibly delisted; no timezone found

1 Failed download:
['ADS']: possibly delisted; no timezone found
$AGN: possibly delisted; no timezone found
$AGN: possibly delisted; no timezone found

1 Failed download:
['AGN']: possibly delisted; no timezone found
$ADT: possibly delisted; no price data found  (1d 2014-06-21 -> 2018-01-18) (Yahoo error = "Data doesn't exist for startDate = 1403323200, endDate = 1516251600")
$ALTR: possibly delisted; no timezone found
$ALXN: possibly delisted; no timezone found
$ALXN: possibly delisted; no timezone found
$ALTR: possibly delisted; no timezone found

1 Failed download:
['ADT']: possibly delisted; no price data found  (1d 2014-06-21 -> 2018-01-18) (Yahoo error = "Data doesn't exist for startDate = 1403323200, endDate = 1516251600")

1 Failed download:
['ALTR']: possibly delisted; no timezone found

1 Failed download:
['ALXN']: possibly delisted; no timezone found
$ANTM: possibly delisted; no timezone found
$ANTM: possibly delisted; no timezone found

1 Failed download:
['ANTM']: possibly delisted; no timezone found
$APC: possibly delisted; no price data found  (1d 2014-06-21 -> 2026-02-11) (Yahoo error = "Data doesn't exist for startDate = 1403323200, endDate = 1770786000")

1 Failed download:
['APC']: possibly delisted; no price data found  (1d 2014-06-21 -> 2026-02-11) (Yahoo error = "Data doesn't exist for startDate = 1403323200, endDate = 1770786000")
$ARNC: possibly delisted; no timezone found
$AVP: possibly delisted; no timezone found
$ARNC: possibly delisted; no timezone found

1 Failed download:
['ARNC']: possibly delisted; no timezone found
$AVP: possibly delisted; no timezone found

1 Failed download:
['AVP']: possibly delisted; no timezone found
$ARG: possibly delisted; no price data found  (1d 1927-09-17 -> 2026-08-23)
$ARG: possibly delisted; no price data found  (1d 2014-06-21 -> 2014-07-02) (Yahoo error = "Data doesn't exist for startDate = 1403323200, endDate = 1404273600")

1 Failed download:
['ARG']: possibly delisted; no price data found  (1d 2014-06-21 -> 2014-07-02) (Yahoo error = "Data doesn't exist for startDate = 1403323200, endDate = 1404273600")
$BCR: possibly delisted; no price data found  (1d 1927-09-17 -> 2026-08-23)
$BCR: possibly delisted; no price data found  (1d 2014-06-21 -> 2014-07-02)

1 Failed download:
['BCR']: possibly delisted; no price data found  (1d 2014-06-21 -> 2014-07-02)
$BHGE: possibly delisted; no timezone found
$BHGE: possibly delisted; no timezone found

1 Failed download:
['BHGE']: possibly delisted; no timezone found
$BLL: possibly delisted; no timezone found
$BLL: possibly delisted; no timezone found

1 Failed download:
['BLL']: possibly delisted; no timezone found
$BK: possibly delisted; no timezone found
$BK: possibly delisted; no timezone found

1 Failed download:
['BK']: possibly delisted; no timezone found
$BTUUQ: possibly delisted; no price data found  (1d 1927-09-17 -> 2026-08-23)
$BTUUQ: possibly delisted; no price data found  (1d 2014-06-21 -> 2014-07-02)

1 Failed download:
['BTUUQ']: possibly delisted; no price data found  (1d 2014-06-21 -> 2014-07-02)
$CA: possibly delisted; no timezone found
$BRCM: possibly delisted; no price data found  (1d 1927-09-17 -> 2026-08-23)
$CA: possibly delisted; no timezone found

1 Failed download:
['CA']: possibly delisted; no timezone found
$BRCM: possibly delisted; no price data found  (1d 2014-06-21 -> 2014-07-02)

1 Failed download:
['BRCM']: possibly delisted; no price data found  (1d 2014-06-21 -> 2014-07-02)
$CCE: possibly delisted; no price data found  (1d 1927-09-17 -> 2026-08-23)
$CAM: possibly delisted; no price data found  (1d 2014-06-21 -> 2025-10-05) (Yahoo error = "Data doesn't exist for startDate = 1403323200, endDate = 1759636800")
$CBS: possibly delisted; no timezone found
$CCE: possibly delisted; no price data found  (1d 2014-06-21 -> 2014-07-02)

1 Failed download:
['CAM']: possibly delisted; no price data found  (1d 2014-06-21 -> 2025-10-05) (Yahoo error = "Data doesn't exist for startDate = 1403323200, endDate = 1759636800")

1 Failed download:
['CCE']: possibly delisted; no price data found  (1d 2014-06-21 -> 2014-07-02)
$CBS: possibly delisted; no timezone found

1 Failed download:
['CBS']: possibly delisted; no timezone found
$CELG: possibly delisted; no timezone found
$CELG: possibly delisted; no timezone found

1 Failed download:
$CERN: possibly delisted; no timezone found
['CELG']: possibly delisted; no timezone found
$CERN: possibly delisted; no timezone found

1 Failed download:
['CERN']: possibly delisted; no timezone found
$CHK: possibly delisted; no timezone found
$CHK: possibly delisted; no timezone found

1 Failed download:
['CHK']: possibly delisted; no timezone found
$CMA: possibly delisted; no timezone found
$CMA: possibly delisted; no timezone found

1 Failed download:
['CMA']: possibly delisted; no timezone found
$COG: possibly delisted; no timezone found
$COG: possibly delisted; no timezone found

1 Failed download:
['COG']: possibly delisted; no timezone found
$CTL: possibly delisted; no timezone found
$CTL: possibly delisted; no timezone found

1 Failed download:
['CTL']: possibly delisted; no timezone found
$CTXS: possibly delisted; no timezone found
$CTXS: possibly delisted; no timezone found

1 Failed download:
['CTXS']: possibly delisted; no timezone found
$DFS: possibly delisted; no timezone found
$DFS: possibly delisted; no timezone found

1 Failed download:
['DFS']: possibly delisted; no timezone found
$CVC: possibly delisted; no price data found  (1d 1927-09-17 -> 2026-08-23)
$CVC: possibly delisted; no price data found  (1d 2014-06-21 -> 2014-07-02)

1 Failed download:
['CVC']: possibly delisted; no price data found  (1d 2014-06-21 -> 2014-07-02)
$DISCA: possibly delisted; no timezone found
$DNB: possibly delisted; no timezone found
$DNR: possibly delisted; no timezone found
$DISCA: possibly delisted; no timezone found
$DO: possibly delisted; no timezone found

1 Failed download:
['DISCA']: possibly delisted; no timezone found
$DNB: possibly delisted; no timezone found

1 Failed download:
['DNB']: possibly delisted; no timezone found
$DNR: possibly delisted; no timezone found
$DO: possibly delisted; no timezone found

1 Failed download:
['DO']: possibly delisted; no timezone found

1 Failed download:
['DNR']: possibly delisted; no timezone found
$DTV: possibly delisted; no timezone found
$DTV: possibly delisted; no timezone found

1 Failed download:
['DTV']: possibly delisted; no timezone found
$DOW: possibly delisted; no price data found  (1d 2014-06-21 -> 2019-03-19) (Yahoo error = "Data doesn't exist for startDate = 1403323200, endDate = 1552968000")

1 Failed download:
['DOW']: possibly delisted; no price data found  (1d 2014-06-21 -> 2019-03-19) (Yahoo error = "Data doesn't exist for startDate = 1403323200, endDate = 1552968000")
$EA: possibly delisted; no price data found  (1d 2014-06-21 -> 2016-07-18) (Yahoo error = "Data doesn't exist for startDate = 1403323200, endDate = 1468814400")

1 Failed download:
['EA']: possibly delisted; no price data found  (1d 2014-06-21 -> 2016-07-18) (Yahoo error = "Data doesn't exist for startDate = 1403323200, endDate = 1468814400")
$EMC: possibly delisted; no price data found  (1d 2014-06-21 -> 2014-07-02) (Yahoo error = "Data doesn't exist for startDate = 1403323200, endDate = 1404273600")

1 Failed download:
['EMC']: possibly delisted; no price data found  (1d 2014-06-21 -> 2014-07-02) (Yahoo error = "Data doesn't exist for startDate = 1403323200, endDate = 1404273600")
$ESV: possibly delisted; no timezone found
$ETFC: possibly delisted; no timezone found
$ESV: possibly delisted; no timezone found
$ETFC: possibly delisted; no timezone found

1 Failed download:
['ESV']: possibly delisted; no timezone found

1 Failed download:
['ETFC']: possibly delisted; no timezone found
$FB: possibly delisted; no price data found  (1d 2014-06-21 -> 2014-07-02) (Yahoo error = "Data doesn't exist for startDate = 1403323200, endDate = 1404273600")

1 Failed download:
['FB']: possibly delisted; no price data found  (1d 2014-06-21 -> 2014-07-02) (Yahoo error = "Data doesn't exist for startDate = 1403323200, endDate = 1404273600")
$FLIR: possibly delisted; no timezone found
$FLIR: possibly delisted; no timezone found

1 Failed download:
['FLIR']: possibly delisted; no timezone found
$GAS: possibly delisted; no price data found  (1d 1927-09-17 -> 2026-08-23)
$FTR: possibly delisted; no timezone found
$GAS: possibly delisted; no price data found  (1d 2014-06-21 -> 2014-07-02)

1 Failed download:
['GAS']: possibly delisted; no price data found  (1d 2014-06-21 -> 2014-07-02)
$GGP: possibly delisted; no price data found  (1d 1927-09-17 -> 2026-08-23)
$FOXA: possibly delisted; no price data found  (1d 2014-06-21 -> 2019-03-11) (Yahoo error = "Data doesn't exist for startDate = 1403323200, endDate = 1552276800")

1 Failed download:
['FOXA']: possibly delisted; no price data found  (1d 2014-06-21 -> 2019-03-11) (Yahoo error = "Data doesn't exist for startDate = 1403323200, endDate = 1552276800")
$FTR: possibly delisted; no timezone found

1 Failed download:
['FTR']: possibly delisted; no timezone found
$GGP: possibly delisted; no price data found  (1d 2014-06-21 -> 2014-07-02)

1 Failed download:
['GGP']: possibly delisted; no price data found  (1d 2014-06-21 -> 2014-07-02)
$GMCR: possibly delisted; no price data found  (1d 1927-09-17 -> 2026-08-23)
$GMCR: possibly delisted; no price data found  (1d 2014-06-21 -> 2014-07-02)

1 Failed download:
['GMCR']: possibly delisted; no price data found  (1d 2014-06-21 -> 2014-07-02)
$GPS: possibly delisted; no timezone found
$GPS: possibly delisted; no timezone found

1 Failed download:
['GPS']: possibly delisted; no timezone found
$HAR: possibly delisted; no price data found  (1d 1927-09-17 -> 2026-08-23)
$HAR: possibly delisted; no price data found  (1d 2014-06-21 -> 2014-07-02)

1 Failed download:
['HAR']: possibly delisted; no price data found  (1d 2014-06-21 -> 2014-07-02)
$HCBK: possibly delisted; no price data found  (1d 1927-09-17 -> 2026-08-23)
$HCP: possibly delisted; no timezone found
$HES: possibly delisted; no timezone found
$HCP: possibly delisted; no timezone found

1 Failed download:
['HCP']: possibly delisted; no timezone found
$HES: possibly delisted; no timezone found

1 Failed download:
['HES']: possibly delisted; no timezone found
$HCBK: possibly delisted; no price data found  (1d 2014-06-21 -> 2014-07-02)

1 Failed download:
['HCBK']: possibly delisted; no price data found  (1d 2014-06-21 -> 2014-07-02)
$HOT: possibly delisted; no price data found  (1d 2014-06-21 -> 2014-07-02)

1 Failed download:
['HOT']: possibly delisted; no price data found  (1d 2014-06-21 -> 2014-07-02)
$HSP: possibly delisted; no price data found  (1d 1927-09-17 -> 2026-08-23)
$HSP: possibly delisted; no price data found  (1d 2014-06-21 -> 2014-07-02)

1 Failed download:
['HSP']: possibly delisted; no price data found  (1d 2014-06-21 -> 2014-07-02)
$IPG: possibly delisted; no timezone found
$IPG: possibly delisted; no timezone found

1 Failed download:
['IPG']: possibly delisted; no timezone found
$JEC: possibly delisted; no timezone found
$JEC: possibly delisted; no timezone found

1 Failed download:
['JEC']: possibly delisted; no timezone found
$JNPR: possibly delisted; no timezone found
$JNPR: possibly delisted; no timezone found

1 Failed download:
['JNPR']: possibly delisted; no timezone found
$JOY: possibly delisted; no price data found  (1d 1927-09-17 -> 2026-08-23)
$JWN: possibly delisted; no timezone found
$IR: possibly delisted; no price data found  (1d 2014-06-21 -> 2017-05-11) (Yahoo error = "Data doesn't exist for startDate = 1403323200, endDate = 1494475200")

1 Failed download:
['IR']: possibly delisted; no price data found  (1d 2014-06-21 -> 2017-05-11) (Yahoo error = "Data doesn't exist for startDate = 1403323200, endDate = 1494475200")
$JWN: possibly delisted; no timezone found
$K: possibly delisted; no timezone found

1 Failed download:
['JWN']: possibly delisted; no timezone found
$K: possibly delisted; no timezone found
$JOY: possibly delisted; no price data found  (1d 2014-06-21 -> 2014-07-02)

1 Failed download:
['K']: possibly delisted; no timezone found

1 Failed download:
['JOY']: possibly delisted; no price data found  (1d 2014-06-21 -> 2014-07-02)
$KORS: possibly delisted; no price data found  (1d 1927-09-17 -> 2026-08-23)
$KSU: possibly delisted; no timezone found
$KSU: possibly delisted; no timezone found

1 Failed download:
['KSU']: possibly delisted; no timezone found
$KORS: possibly delisted; no price data found  (1d 2014-06-21 -> 2014-07-02)

1 Failed download:
['KORS']: possibly delisted; no price data found  (1d 2014-06-21 -> 2014-07-02)
$LB: possibly delisted; no price data found  (1d 2014-06-21 -> 2014-07-02) (Yahoo error = "Data doesn't exist for startDate = 1403323200, endDate = 1404273600")

1 Failed download:
['LB']: possibly delisted; no price data found  (1d 2014-06-21 -> 2014-07-02) (Yahoo error = "Data doesn't exist for startDate = 1403323200, endDate = 1404273600")
$LLL: possibly delisted; no timezone found
$LLL: possibly delisted; no timezone found

1 Failed download:
['LLL']: possibly delisted; no timezone found
$LM: possibly delisted; no timezone found
$LM: possibly delisted; no timezone found

1 Failed download:
['LM']: possibly delisted; no timezone found
$LLTC: possibly delisted; no price data found  (1d 1927-09-17 -> 2026-08-23)
$LLTC: possibly delisted; no price data found  (1d 2014-06-21 -> 2014-07-02)

1 Failed download:
['LLTC']: possibly delisted; no price data found  (1d 2014-06-21 -> 2014-07-02)
$MMC: possibly delisted; no timezone found
$MJN: possibly delisted; no price data found  (1d 1927-09-17 -> 2026-08-23)
$MMC: possibly delisted; no timezone found

1 Failed download:
['MMC']: possibly delisted; no timezone found
$MJN: possibly delisted; no price data found  (1d 2014-06-21 -> 2014-07-02)

1 Failed download:
['MJN']: possibly delisted; no price data found  (1d 2014-06-21 -> 2014-07-02)
$MON: possibly delisted; no timezone found
$MON: possibly delisted; no timezone found

1 Failed download:
['MON']: possibly delisted; no timezone found
$MRO: possibly delisted; no timezone found
$MRO: possibly delisted; no timezone found

1 Failed download:
['MRO']: possibly delisted; no timezone found
$MYL: possibly delisted; no timezone found
$MYL: possibly delisted; no timezone found

1 Failed download:
['MYL']: possibly delisted; no timezone found
$NBL: possibly delisted; no timezone found
$NBL: possibly delisted; no timezone found

1 Failed download:
['NBL']: possibly delisted; no timezone found
$NE: possibly delisted; no price data found  (1d 2014-06-21 -> 2021-06-08) (Yahoo error = "Data doesn't exist for startDate = 1403323200, endDate = 1623124800")

1 Failed download:
['NE']: possibly delisted; no price data found  (1d 2014-06-21 -> 2021-06-08) (Yahoo error = "Data doesn't exist for startDate = 1403323200, endDate = 1623124800")
$NFX: possibly delisted; no price data found  (1d 2014-06-21 -> 2026-07-06) (Yahoo error = "Data doesn't exist for startDate = 1403323200, endDate = 1783310400")

1 Failed download:
['NFX']: possibly delisted; no price data found  (1d 2014-06-21 -> 2026-07-06) (Yahoo error = "Data doesn't exist for startDate = 1403323200, endDate = 1783310400")
$NLSN: possibly delisted; no timezone found
$NLSN: possibly delisted; no timezone found

1 Failed download:
['NLSN']: possibly delisted; no timezone found
$PCP: possibly delisted; no price data found  (1d 1927-09-17 -> 2026-08-23)
$PBCT: possibly delisted; no timezone found
$PBCT: possibly delisted; no timezone found

1 Failed download:
['PBCT']: possibly delisted; no timezone found
$PDCO: possibly delisted; no timezone found
$PCP: possibly delisted; no price data found  (1d 2014-06-21 -> 2014-07-02) (Yahoo error = "Data doesn't exist for startDate = 1403323200, endDate = 1404273600")

1 Failed download:
['PCP']: possibly delisted; no price data found  (1d 2014-06-21 -> 2014-07-02) (Yahoo error = "Data doesn't exist for startDate = 1403323200, endDate = 1404273600")
$PDCO: possibly delisted; no timezone found

1 Failed download:
['PDCO']: possibly delisted; no timezone found
$PCL: possibly delisted; no price data found  (1d 2014-06-21 -> 2014-07-02) (Yahoo error = "Data doesn't exist for startDate = 1403323200, endDate = 1404273600")

1 Failed download:
['PCL']: possibly delisted; no price data found  (1d 2014-06-21 -> 2014-07-02) (Yahoo error = "Data doesn't exist for startDate = 1403323200, endDate = 1404273600")
$PKI: possibly delisted; no timezone found
$PKI: possibly delisted; no timezone found

1 Failed download:
['PKI']: possibly delisted; no timezone found
$PLL: possibly delisted; no timezone found
$PLL: possibly delisted; no timezone found

1 Failed download:
['PLL']: possibly delisted; no timezone found
$POM: possibly delisted; no price data found  (1d 2014-06-21 -> 2014-07-02) (Yahoo error = "Data doesn't exist for startDate = 1403323200, endDate = 1404273600")

1 Failed download:
['POM']: possibly delisted; no price data found  (1d 2014-06-21 -> 2014-07-02) (Yahoo error = "Data doesn't exist for startDate = 1403323200, endDate = 1404273600")
$PX: possibly delisted; no timezone found
$RAI: possibly delisted; no price data found  (1d 1927-09-17 -> 2026-08-23)
$PXD: possibly delisted; no timezone found
$PX: possibly delisted; no timezone found
$RDC: possibly delisted; no timezone found

1 Failed download:
['PX']: possibly delisted; no timezone found
$RAI: possibly delisted; no price data found  (1d 2014-06-21 -> 2014-07-02)

1 Failed download:
['RAI']: possibly delisted; no price data found  (1d 2014-06-21 -> 2014-07-02)
$PXD: possibly delisted; no timezone found

1 Failed download:
['PXD']: possibly delisted; no timezone found
$RDC: possibly delisted; no timezone found

1 Failed download:
['RDC']: possibly delisted; no timezone found
$QEP: possibly delisted; no timezone found
$RHT: possibly delisted; no timezone found
$QEP: possibly delisted; no timezone found

1 Failed download:
['QEP']: possibly delisted; no timezone found
$RHT: possibly delisted; no timezone found

1 Failed download:
['RHT']: possibly delisted; no timezone found
$RTN: possibly delisted; no timezone found
$SEE: possibly delisted; no timezone found
$SIAL: possibly delisted; no price data found  (1d 1927-09-17 -> 2026-08-23)
$RTN: possibly delisted; no timezone found

1 Failed download:
['RTN']: possibly delisted; no timezone found
$SE: possibly delisted; no price data found  (1d 2014-06-21 -> 2014-07-02) (Yahoo error = "Data doesn't exist for startDate = 1403323200, endDate = 1404273600")

1 Failed download:
['SE']: possibly delisted; no price data found  (1d 2014-06-21 -> 2014-07-02) (Yahoo error = "Data doesn't exist for startDate = 1403323200, endDate = 1404273600")
$SEE: possibly delisted; no timezone found

1 Failed download:
['SEE']: possibly delisted; no timezone found
$SNI: possibly delisted; no price data found  (1d 1927-09-17 -> 2026-08-23)
$SIAL: possibly delisted; no price data found  (1d 2014-06-21 -> 2014-07-02)

1 Failed download:
['SIAL']: possibly delisted; no price data found  (1d 2014-06-21 -> 2014-07-02)
$SNI: possibly delisted; no price data found  (1d 2014-06-21 -> 2014-07-02)

1 Failed download:
['SNI']: possibly delisted; no price data found  (1d 2014-06-21 -> 2014-07-02)
$SRCL: possibly delisted; no timezone found
$SPLS: possibly delisted; no price data found  (1d 2014-06-21 -> 2026-01-15) (Yahoo error = "Data doesn't exist for startDate = 1403323200, endDate = 1768453200")

1 Failed download:
['SPLS']: possibly delisted; no price data found  (1d 2014-06-21 -> 2026-01-15) (Yahoo error = "Data doesn't exist for startDate = 1403323200, endDate = 1768453200")
$STJ: possibly delisted; no price data found  (1d 1927-09-17 -> 2026-08-23)
$SRCL: possibly delisted; no timezone found

1 Failed download:
['SRCL']: possibly delisted; no timezone found
$SNDK: possibly delisted; no price data found  (1d 2014-06-21 -> 2025-02-12) (Yahoo error = "Data doesn't exist for startDate = 1403323200, endDate = 1739336400")

1 Failed download:
['SNDK']: possibly delisted; no price data found  (1d 2014-06-21 -> 2025-02-12) (Yahoo error = "Data doesn't exist for startDate = 1403323200, endDate = 1739336400")
$STJ: possibly delisted; no price data found  (1d 2014-06-21 -> 2014-07-02)

1 Failed download:
['STJ']: possibly delisted; no price data found  (1d 2014-06-21 -> 2014-07-02)
$SYMC: possibly delisted; no timezone found
$STI: possibly delisted; no price data found  (1d 2014-06-21 -> 2014-07-02) (Yahoo error = "Data doesn't exist for startDate = 1403323200, endDate = 1404273600")

1 Failed download:
['STI']: possibly delisted; no price data found  (1d 2014-06-21 -> 2014-07-02) (Yahoo error = "Data doesn't exist for startDate = 1403323200, endDate = 1404273600")
$SYMC: possibly delisted; no timezone found

1 Failed download:
['SYMC']: possibly delisted; no timezone found
$TGNA: possibly delisted; no timezone found
$TGNA: possibly delisted; no timezone found

1 Failed download:
['TGNA']: possibly delisted; no timezone found
$TIF: possibly delisted; no timezone found
$TIF: possibly delisted; no timezone found
$TE: possibly delisted; no price data found  (1d 2014-06-21 -> 2014-07-02) (Yahoo error = "Data doesn't exist for startDate = 1403323200, endDate = 1404273600")

1 Failed download:

1 Failed download:
['TIF']: possibly delisted; no timezone found
['TE']: possibly delisted; no price data found  (1d 2014-06-21 -> 2014-07-02) (Yahoo error = "Data doesn't exist for startDate = 1403323200, endDate = 1404273600")
$TMK: possibly delisted; no timezone found
$TMK: possibly delisted; no timezone found

1 Failed download:
['TMK']: possibly delisted; no timezone found
$TWC: possibly delisted; no price data found  (1d 1927-09-17 -> 2026-08-23)
$TSS: possibly delisted; no timezone found
$TSS: possibly delisted; no timezone found

1 Failed download:
['TSS']: possibly delisted; no timezone found
$TWC: possibly delisted; no price data found  (1d 2014-06-21 -> 2014-07-02)

1 Failed download:
['TWC']: possibly delisted; no price data found  (1d 2014-06-21 -> 2014-07-02)
$VAR: possibly delisted; no timezone found
$UTX: possibly delisted; no timezone found

1 Failed download:
['UTX']: possibly delisted; no timezone found
$VAR: possibly delisted; no timezone found

1 Failed download:
['VAR']: possibly delisted; no timezone found

1 Failed download:
['VIAB']: YFRateLimitError('Too Many Requests. Rate limited. Try after a while.')

1 Failed download:
['WBA']: YFRateLimitError('Too Many Requests. Rate limited. Try after a while.')
$WFM: possibly delisted; no price data found  (1d 1927-09-17 -> 2026-08-23)
$WFM: possibly delisted; no price data found  (1d 2014-06-21 -> 2014-07-02)

1 Failed download:
['WFM']: possibly delisted; no price data found  (1d 2014-06-21 -> 2014-07-02)

1 Failed download:
['WIN']: YFRateLimitError('Too Many Requests. Rate limited. Try after a while.')

1 Failed download:
['WYND']: YFRateLimitError('Too Many Requests. Rate limited. Try after a while.')
$XLNX: possibly delisted; no timezone found
$XL: possibly delisted; no timezone found
$X: possibly delisted; no timezone found
$XLNX: possibly delisted; no timezone found
$XL: possibly delisted; no timezone found

1 Failed download:
['XLNX']: possibly delisted; no timezone found
$X: possibly delisted; no timezone found

1 Failed download:
['X']: possibly delisted; no timezone found

1 Failed download:
['XL']: possibly delisted; no timezone found

1 Failed download:
['XEC']: YFRateLimitError('Too Many Requests. Rate limited. Try after a while.')
[h11]     [1/4] 2014-07-01: picks=['NFLX', 'SLB', 'AAPL'] (pool=40, 후보=40, 59.8s)

1 Failed download:
['AABA']: YFRateLimitError('Too Many Requests. Rate limited. Try after a while.')
$ABC: possibly delisted; no timezone found
$ABC: possibly delisted; no timezone found

1 Failed download:
['ABC']: possibly delisted; no timezone found

1 Failed download:
['ADS']: YFRateLimitError('Too Many Requests. Rate limited. Try after a while.')

1 Failed download:
['ADT']: YFRateLimitError('Too Many Requests. Rate limited. Try after a while.')

1 Failed download:
['AGN']: YFRateLimitError('Too Many Requests. Rate limited. Try after a while.')

1 Failed download:
['ALTR']: YFRateLimitError('Too Many Requests. Rate limited. Try after a while.')
$ALXN: possibly delisted; no timezone found
$ALXN: possibly delisted; no timezone found

1 Failed download:
['ALXN']: possibly delisted; no timezone found

1 Failed download:
['ANTM']: YFRateLimitError('Too Many Requests. Rate limited. Try after a while.')
$ARG: possibly delisted; no price data found  (1d 1927-09-17 -> 2026-08-23)
$APC: possibly delisted; no price data found  (1d 2014-12-23 -> 2026-02-11) (Yahoo error = "Data doesn't exist for startDate = 1419310800, endDate = 1770786000")

1 Failed download:
['APC']: possibly delisted; no price data found  (1d 2014-12-23 -> 2026-02-11) (Yahoo error = "Data doesn't exist for startDate = 1419310800, endDate = 1770786000")

1 Failed download:
['ARG']: YFRateLimitError('Too Many Requests. Rate limited. Try after a while.')

1 Failed download:
['ARNC']: YFRateLimitError('Too Many Requests. Rate limited. Try after a while.')

1 Failed download:
['AVP']: YFRateLimitError('Too Many Requests. Rate limited. Try after a while.')
$BCR: possibly delisted; no price data found  (1d 1927-09-17 -> 2026-08-23)
$BCR: possibly delisted; no price data found  (1d 2014-12-23 -> 2015-01-03)

1 Failed download:
['BCR']: possibly delisted; no price data found  (1d 2014-12-23 -> 2015-01-03)

1 Failed download:
['BHGE']: YFRateLimitError('Too Many Requests. Rate limited. Try after a while.')
$BK: possibly delisted; no timezone found
$BK: possibly delisted; no timezone found

1 Failed download:
['BK']: possibly delisted; no timezone found
$BRCM: possibly delisted; no price data found  (1d 1927-09-17 -> 2026-08-23)
$BRCM: possibly delisted; no price data found  (1d 2014-12-23 -> 2015-01-03)

1 Failed download:
['BRCM']: possibly delisted; no price data found  (1d 2014-12-23 -> 2015-01-03)

1 Failed download:
['CA']: YFRateLimitError('Too Many Requests. Rate limited. Try after a while.')

1 Failed download:
['CAM']: YFRateLimitError('Too Many Requests. Rate limited. Try after a while.')
$BLL: possibly delisted; no timezone found
$BLL: possibly delisted; no timezone found

1 Failed download:
['BLL']: possibly delisted; no timezone found
$CCE: possibly delisted; no price data found  (1d 1927-09-17 -> 2026-08-23)

1 Failed download:
['CBS']: YFRateLimitError('Too Many Requests. Rate limited. Try after a while.')

1 Failed download:
['CERN']: YFRateLimitError('Too Many Requests. Rate limited. Try after a while.')
$CHK: possibly delisted; no timezone found
$CHK: possibly delisted; no timezone found

1 Failed download:
['CHK']: possibly delisted; no timezone found

1 Failed download:
['CMA']: YFRateLimitError('Too Many Requests. Rate limited. Try after a while.')
$CCE: possibly delisted; no price data found  (1d 2014-12-23 -> 2015-01-03)

1 Failed download:
['CCE']: possibly delisted; no price data found  (1d 2014-12-23 -> 2015-01-03)

1 Failed download:
['CELG']: YFRateLimitError('Too Many Requests. Rate limited. Try after a while.')

1 Failed download:
['COG']: YFRateLimitError('Too Many Requests. Rate limited. Try after a while.')

1 Failed download:
['CTL']: YFRateLimitError('Too Many Requests. Rate limited. Try after a while.')
$CVC: possibly delisted; no price data found  (1d 1927-09-17 -> 2026-08-23)
$CVC: possibly delisted; no price data found  (1d 2014-12-23 -> 2015-01-03)

1 Failed download:
['CVC']: possibly delisted; no price data found  (1d 2014-12-23 -> 2015-01-03)

1 Failed download:
['DFS']: YFRateLimitError('Too Many Requests. Rate limited. Try after a while.')
$CTXS: possibly delisted; no timezone found

1 Failed download:
['CTXS']: possibly delisted; no timezone found
$DISCK: possibly delisted; no timezone found
$DISCK: possibly delisted; no timezone found

1 Failed download:
['DISCK']: possibly delisted; no timezone found

1 Failed download:
['DISCA']: YFRateLimitError('Too Many Requests. Rate limited. Try after a while.')
$DNB: possibly delisted; no timezone found
$DO: possibly delisted; no timezone found
$DNB: possibly delisted; no timezone found

1 Failed download:
['DNB']: possibly delisted; no timezone found
$DO: possibly delisted; no timezone found

1 Failed download:
['DO']: possibly delisted; no timezone found

1 Failed download:
['DNR']: YFRateLimitError('Too Many Requests. Rate limited. Try after a while.')

1 Failed download:
['DTV']: YFRateLimitError('Too Many Requests. Rate limited. Try after a while.')
$DOW: possibly delisted; no price data found  (1d 2014-12-23 -> 2019-03-19) (Yahoo error = "Data doesn't exist for startDate = 1419310800, endDate = 1552968000")

1 Failed download:
['DOW']: possibly delisted; no price data found  (1d 2014-12-23 -> 2019-03-19) (Yahoo error = "Data doesn't exist for startDate = 1419310800, endDate = 1552968000")

1 Failed download:
['EA']: YFRateLimitError('Too Many Requests. Rate limited. Try after a while.')

1 Failed download:
['EMC']: YFRateLimitError('Too Many Requests. Rate limited. Try after a while.')
$ETFC: possibly delisted; no timezone found
$ETFC: possibly delisted; no timezone found

1 Failed download:
['ETFC']: possibly delisted; no timezone found

1 Failed download:
['ESV']: YFRateLimitError('Too Many Requests. Rate limited. Try after a while.')

1 Failed download:
['FLIR']: YFRateLimitError('Too Many Requests. Rate limited. Try after a while.')

1 Failed download:
['FB']: YFRateLimitError('Too Many Requests. Rate limited. Try after a while.')
$GAS: possibly delisted; no price data found  (1d 1927-09-17 -> 2026-08-23)
$GAS: possibly delisted; no price data found  (1d 2014-12-23 -> 2015-01-03)

1 Failed download:
['GAS']: possibly delisted; no price data found  (1d 2014-12-23 -> 2015-01-03)

1 Failed download:
['FTR']: YFRateLimitError('Too Many Requests. Rate limited. Try after a while.')
$FOXA: possibly delisted; no price data found  (1d 2014-12-23 -> 2019-03-11) (Yahoo error = "Data doesn't exist for startDate = 1419310800, endDate = 1552276800")

1 Failed download:
['FOXA']: possibly delisted; no price data found  (1d 2014-12-23 -> 2019-03-11) (Yahoo error = "Data doesn't exist for startDate = 1419310800, endDate = 1552276800")
$GMCR: possibly delisted; no price data found  (1d 1927-09-17 -> 2026-08-23)
$GMCR: possibly delisted; no price data found  (1d 2014-12-23 -> 2015-01-03)

1 Failed download:
['GMCR']: possibly delisted; no price data found  (1d 2014-12-23 -> 2015-01-03)
$GGP: possibly delisted; no price data found  (1d 1927-09-17 -> 2026-08-23)
$GGP: possibly delisted; no price data found  (1d 2014-12-23 -> 2015-01-03)

1 Failed download:
['GGP']: possibly delisted; no price data found  (1d 2014-12-23 -> 2015-01-03)

1 Failed download:
['GPS']: YFRateLimitError('Too Many Requests. Rate limited. Try after a while.')
$HAR: possibly delisted; no price data found  (1d 1927-09-17 -> 2026-08-23)
$HCBK: possibly delisted; no price data found  (1d 1927-09-17 -> 2026-08-23)
$HAR: possibly delisted; no price data found  (1d 2014-12-23 -> 2015-01-03)

1 Failed download:
['HAR']: possibly delisted; no price data found  (1d 2014-12-23 -> 2015-01-03)
$HCBK: possibly delisted; no price data found  (1d 2014-12-23 -> 2015-01-03)

1 Failed download:
['HCBK']: possibly delisted; no price data found  (1d 2014-12-23 -> 2015-01-03)
$HCP: possibly delisted; no timezone found

1 Failed download:
['HCP']: possibly delisted; no timezone found

1 Failed download:
['HES']: YFRateLimitError('Too Many Requests. Rate limited. Try after a while.')
$HSP: possibly delisted; no price data found  (1d 1927-09-17 -> 2026-08-23)
$HSP: possibly delisted; no price data found  (1d 2014-12-23 -> 2015-01-03)

1 Failed download:
['HSP']: possibly delisted; no price data found  (1d 2014-12-23 -> 2015-01-03)

1 Failed download:
['IPG']: YFRateLimitError('Too Many Requests. Rate limited. Try after a while.')

1 Failed download:
['IR']: YFRateLimitError('Too Many Requests. Rate limited. Try after a while.')
$JEC: possibly delisted; no timezone found

1 Failed download:
['JEC']: possibly delisted; no timezone found
$JOY: possibly delisted; no price data found  (1d 1927-09-17 -> 2026-08-23)

1 Failed download:
['JNPR']: YFRateLimitError('Too Many Requests. Rate limited. Try after a while.')
$JWN: possibly delisted; no timezone found
$JWN: possibly delisted; no timezone found

1 Failed download:
['JWN']: possibly delisted; no timezone found
$JOY: possibly delisted; no price data found  (1d 2014-12-23 -> 2015-01-03)
$K: possibly delisted; no timezone found

1 Failed download:
['JOY']: possibly delisted; no price data found  (1d 2014-12-23 -> 2015-01-03)
$K: possibly delisted; no timezone found

1 Failed download:
['K']: possibly delisted; no timezone found
$KORS: possibly delisted; no price data found  (1d 1927-09-17 -> 2026-08-23)
$KORS: possibly delisted; no price data found  (1d 2014-12-23 -> 2015-01-03)

1 Failed download:
['KORS']: possibly delisted; no price data found  (1d 2014-12-23 -> 2015-01-03)

1 Failed download:
['KSU']: YFRateLimitError('Too Many Requests. Rate limited. Try after a while.')
$LLTC: possibly delisted; no price data found  (1d 1927-09-17 -> 2026-08-23)
$LB: possibly delisted; no price data found  (1d 2014-12-23 -> 2015-01-03) (Yahoo error = "Data doesn't exist for startDate = 1419310800, endDate = 1420261200")
$LLTC: possibly delisted; no price data found  (1d 2014-12-23 -> 2015-01-03)

1 Failed download:

1 Failed download:
['LB']: possibly delisted; no price data found  (1d 2014-12-23 -> 2015-01-03) (Yahoo error = "Data doesn't exist for startDate = 1419310800, endDate = 1420261200")
['LLTC']: possibly delisted; no price data found  (1d 2014-12-23 -> 2015-01-03)
$LLL: possibly delisted; no timezone found
$LLL: possibly delisted; no timezone found

1 Failed download:
['LLL']: possibly delisted; no timezone found
$LVLT: possibly delisted; no price data found  (1d 1927-09-17 -> 2026-08-23)
$LVLT: possibly delisted; no price data found  (1d 2014-12-23 -> 2015-01-03)

1 Failed download:
['LVLT']: possibly delisted; no price data found  (1d 2014-12-23 -> 2015-01-03)

1 Failed download:
['LM']: YFRateLimitError('Too Many Requests. Rate limited. Try after a while.')
$MJN: possibly delisted; no price data found  (1d 1927-09-17 -> 2026-08-23)
$MJN: possibly delisted; no price data found  (1d 2014-12-23 -> 2015-01-03)

1 Failed download:
['MJN']: possibly delisted; no price data found  (1d 2014-12-23 -> 2015-01-03)
$MMC: possibly delisted; no timezone found

1 Failed download:
['MMC']: possibly delisted; no timezone found

1 Failed download:
['MNK']: YFRateLimitError('Too Many Requests. Rate limited. Try after a while.')
$MON: possibly delisted; no timezone found

1 Failed download:
['MON']: possibly delisted; no timezone found

1 Failed download:
['MRO']: YFRateLimitError('Too Many Requests. Rate limited. Try after a while.')

1 Failed download:
['NBL']: YFRateLimitError('Too Many Requests. Rate limited. Try after a while.')

1 Failed download:
['NE']: YFRateLimitError('Too Many Requests. Rate limited. Try after a while.')
$NFX: possibly delisted; no price data found  (1d 2014-12-23 -> 2026-07-06) (Yahoo error = "Data doesn't exist for startDate = 1419310800, endDate = 1783310400")

1 Failed download:
['NFX']: possibly delisted; no price data found  (1d 2014-12-23 -> 2026-07-06) (Yahoo error = "Data doesn't exist for startDate = 1419310800, endDate = 1783310400")

1 Failed download:
['NLSN']: YFRateLimitError('Too Many Requests. Rate limited. Try after a while.')
$MYL: possibly delisted; no timezone found

1 Failed download:
['MYL']: possibly delisted; no timezone found

1 Failed download:
['PBCT']: YFRateLimitError('Too Many Requests. Rate limited. Try after a while.')
$PCP: possibly delisted; no price data found  (1d 1927-09-17 -> 2026-08-23)

1 Failed download:
['PCL']: YFRateLimitError('Too Many Requests. Rate limited. Try after a while.')
$PDCO: possibly delisted; no timezone found
$PDCO: possibly delisted; no timezone found

1 Failed download:
['PDCO']: possibly delisted; no timezone found

1 Failed download:
['PCP']: YFRateLimitError('Too Many Requests. Rate limited. Try after a while.')
$PLL: possibly delisted; no timezone found
$PLL: possibly delisted; no timezone found

1 Failed download:
['PLL']: possibly delisted; no timezone found

1 Failed download:
['PKI']: YFRateLimitError('Too Many Requests. Rate limited. Try after a while.')

1 Failed download:
['POM']: YFRateLimitError('Too Many Requests. Rate limited. Try after a while.')
$QEP: possibly delisted; no timezone found
$RAI: possibly delisted; no price data found  (1d 1927-09-17 -> 2026-08-23)

1 Failed download:
['PXD']: YFRateLimitError('Too Many Requests. Rate limited. Try after a while.')
$QEP: possibly delisted; no timezone found
$PX: possibly delisted; no timezone found

1 Failed download:
['PX']: possibly delisted; no timezone found

1 Failed download:
['QEP']: possibly delisted; no timezone found
$RAI: possibly delisted; no price data found  (1d 2014-12-23 -> 2015-01-03)

1 Failed download:
['RAI']: possibly delisted; no price data found  (1d 2014-12-23 -> 2015-01-03)

1 Failed download:
['RHT']: YFRateLimitError('Too Many Requests. Rate limited. Try after a while.')

1 Failed download:
['RTN']: YFRateLimitError('Too Many Requests. Rate limited. Try after a while.')
$SIAL: possibly delisted; no price data found  (1d 1927-09-17 -> 2026-08-23)

1 Failed download:
['SE']: YFRateLimitError('Too Many Requests. Rate limited. Try after a while.')
$SEE: possibly delisted; no timezone found

1 Failed download:
['SEE']: possibly delisted; no timezone found
$SIAL: possibly delisted; no price data found  (1d 2014-12-23 -> 2015-01-03)

1 Failed download:
['SIAL']: possibly delisted; no price data found  (1d 2014-12-23 -> 2015-01-03)

1 Failed download:
['SCG']: YFRateLimitError('Too Many Requests. Rate limited. Try after a while.')
$SNI: possibly delisted; no price data found  (1d 1927-09-17 -> 2026-08-23)
$SNI: possibly delisted; no price data found  (1d 2014-12-23 -> 2015-01-03)

1 Failed download:
['SNI']: possibly delisted; no price data found  (1d 2014-12-23 -> 2015-01-03)

1 Failed download:
['SNDK']: YFRateLimitError('Too Many Requests. Rate limited. Try after a while.')
$SPLS: possibly delisted; no price data found  (1d 2014-12-23 -> 2026-01-15) (Yahoo error = "Data doesn't exist for startDate = 1419310800, endDate = 1768453200")
$STJ: possibly delisted; no price data found  (1d 1927-09-17 -> 2026-08-23)
$SRCL: possibly delisted; no timezone found

1 Failed download:
['SPLS']: possibly delisted; no price data found  (1d 2014-12-23 -> 2026-01-15) (Yahoo error = "Data doesn't exist for startDate = 1419310800, endDate = 1768453200")
$STJ: possibly delisted; no price data found  (1d 2014-12-23 -> 2015-01-03)
$SRCL: possibly delisted; no timezone found

1 Failed download:
['SRCL']: possibly delisted; no timezone found

1 Failed download:
['STJ']: possibly delisted; no price data found  (1d 2014-12-23 -> 2015-01-03)
$STI: possibly delisted; no price data found  (1d 2014-12-23 -> 2015-01-03) (Yahoo error = "Data doesn't exist for startDate = 1419310800, endDate = 1420261200")

1 Failed download:
['STI']: possibly delisted; no price data found  (1d 2014-12-23 -> 2015-01-03) (Yahoo error = "Data doesn't exist for startDate = 1419310800, endDate = 1420261200")

1 Failed download:
['SYMC']: YFRateLimitError('Too Many Requests. Rate limited. Try after a while.')

1 Failed download:
['TE']: YFRateLimitError('Too Many Requests. Rate limited. Try after a while.')
$TGNA: possibly delisted; no timezone found

1 Failed download:
['TGNA']: possibly delisted; no timezone found
$TIF: possibly delisted; no timezone found
$TIF: possibly delisted; no timezone found

1 Failed download:
['TIF']: possibly delisted; no timezone found

1 Failed download:
['TMK']: YFRateLimitError('Too Many Requests. Rate limited. Try after a while.')
$TWC: possibly delisted; no price data found  (1d 1927-09-17 -> 2026-08-23)

1 Failed download:
['TSS']: YFRateLimitError('Too Many Requests. Rate limited. Try after a while.')
$TWC: possibly delisted; no price data found  (1d 2014-12-23 -> 2015-01-03)

1 Failed download:
['TWC']: possibly delisted; no price data found  (1d 2014-12-23 -> 2015-01-03)

1 Failed download:
['VAR']: YFRateLimitError('Too Many Requests. Rate limited. Try after a while.')
$UTX: possibly delisted; no timezone found
$UTX: possibly delisted; no timezone found

1 Failed download:
['UTX']: possibly delisted; no timezone found

1 Failed download:
['VIAB']: YFRateLimitError('Too Many Requests. Rate limited. Try after a while.')
$WFM: possibly delisted; no price data found  (1d 1927-09-17 -> 2026-08-23)

1 Failed download:
['WBA']: YFRateLimitError('Too Many Requests. Rate limited. Try after a while.')
$WFM: possibly delisted; no price data found  (1d 2014-12-23 -> 2015-01-03)

1 Failed download:
['WFM']: possibly delisted; no price data found  (1d 2014-12-23 -> 2015-01-03)

1 Failed download:
['WIN']: YFRateLimitError('Too Many Requests. Rate limited. Try after a while.')

1 Failed download:
['WYND']: YFRateLimitError('Too Many Requests. Rate limited. Try after a while.')
$XEC: possibly delisted; no timezone found
$XEC: possibly delisted; no timezone found

1 Failed download:
['XEC']: possibly delisted; no timezone found
$XLNX: possibly delisted; no timezone found

1 Failed download:
['XL']: YFRateLimitError('Too Many Requests. Rate limited. Try after a while.')
$XLNX: possibly delisted; no timezone found

1 Failed download:
['XLNX']: possibly delisted; no timezone found
[h11]     [2/4] 2015-01-02: picks=['UNP', 'INTC', 'AVB'] (pool=40, 후보=33, 58.3s)
$ABC: possibly delisted; no timezone found
$ABC: possibly delisted; no timezone found

1 Failed download:
['ABC']: possibly delisted; no timezone found

1 Failed download:
['AABA']: YFRateLimitError('Too Many Requests. Rate limited. Try after a while.')

1 Failed download:
['ADS']: YFRateLimitError('Too Many Requests. Rate limited. Try after a while.')

1 Failed download:
['ADT']: YFRateLimitError('Too Many Requests. Rate limited. Try after a while.')

1 Failed download:
['AGN']: YFRateLimitError('Too Many Requests. Rate limited. Try after a while.')
$ALTR: possibly delisted; no timezone found

1 Failed download:
['ALTR']: possibly delisted; no timezone found

1 Failed download:
['ALXN']: YFRateLimitError('Too Many Requests. Rate limited. Try after a while.')

1 Failed download:
['ANTM']: YFRateLimitError('Too Many Requests. Rate limited. Try after a while.')

1 Failed download:
['APC']: YFRateLimitError('Too Many Requests. Rate limited. Try after a while.')
$ARG: possibly delisted; no price data found  (1d 1927-09-17 -> 2026-08-23)

1 Failed download:
['ARG']: YFRateLimitError('Too Many Requests. Rate limited. Try after a while.')

1 Failed download:
['ARNC']: YFRateLimitError('Too Many Requests. Rate limited. Try after a while.')
$BCR: possibly delisted; no price data found  (1d 1927-09-17 -> 2026-08-23)
$BCR: possibly delisted; no price data found  (1d 2015-06-21 -> 2015-07-02)

1 Failed download:
['BCR']: possibly delisted; no price data found  (1d 2015-06-21 -> 2015-07-02)
$BK: possibly delisted; no timezone found
$BK: possibly delisted; no timezone found

1 Failed download:
['BK']: possibly delisted; no timezone found

1 Failed download:
['BHGE']: YFRateLimitError('Too Many Requests. Rate limited. Try after a while.')
$BRCM: possibly delisted; no price data found  (1d 1927-09-17 -> 2026-08-23)
$CA: possibly delisted; no timezone found
$BRCM: possibly delisted; no price data found  (1d 2015-06-21 -> 2015-07-02)
$CA: possibly delisted; no timezone found

1 Failed download:
['CA']: possibly delisted; no timezone found

1 Failed download:
['BRCM']: possibly delisted; no price data found  (1d 2015-06-21 -> 2015-07-02)

1 Failed download:
['BLL']: YFRateLimitError('Too Many Requests. Rate limited. Try after a while.')
$BXLT: possibly delisted; no price data found  (1d 1927-09-17 -> 2026-08-23)
$BXLT: possibly delisted; no price data found  (1d 2015-06-21 -> 2015-07-02)

1 Failed download:
['BXLT']: possibly delisted; no price data found  (1d 2015-06-21 -> 2015-07-02)

1 Failed download:
['CAM']: YFRateLimitError('Too Many Requests. Rate limited. Try after a while.')
$CCE: possibly delisted; no price data found  (1d 1927-09-17 -> 2026-08-23)

1 Failed download:
['CBS']: YFRateLimitError('Too Many Requests. Rate limited. Try after a while.')
$CCE: possibly delisted; no price data found  (1d 2015-06-21 -> 2015-07-02)

1 Failed download:
['CCE']: possibly delisted; no price data found  (1d 2015-06-21 -> 2015-07-02)
$CHK: possibly delisted; no timezone found
$CELG: possibly delisted; no timezone found

1 Failed download:
['CELG']: possibly delisted; no timezone found
$CHK: possibly delisted; no timezone found

1 Failed download:
['CHK']: possibly delisted; no timezone found

1 Failed download:
['CERN']: YFRateLimitError('Too Many Requests. Rate limited. Try after a while.')

1 Failed download:
['CMA']: YFRateLimitError('Too Many Requests. Rate limited. Try after a while.')

1 Failed download:
['COG']: YFRateLimitError('Too Many Requests. Rate limited. Try after a while.')

1 Failed download:
['CTL']: YFRateLimitError('Too Many Requests. Rate limited. Try after a while.')
$CVC: possibly delisted; no price data found  (1d 1927-09-17 -> 2026-08-23)
$CVC: possibly delisted; no price data found  (1d 2015-06-21 -> 2015-07-02)

1 Failed download:
['CVC']: possibly delisted; no price data found  (1d 2015-06-21 -> 2015-07-02)

1 Failed download:
['CTXS']: YFRateLimitError('Too Many Requests. Rate limited. Try after a while.')

1 Failed download:
['DFS']: YFRateLimitError('Too Many Requests. Rate limited. Try after a while.')

1 Failed download:
['DISCK']: YFRateLimitError('Too Many Requests. Rate limited. Try after a while.')
$DISCA: possibly delisted; no timezone found
$DISCA: possibly delisted; no timezone found

1 Failed download:
['DISCA']: possibly delisted; no timezone found
$DO: possibly delisted; no timezone found
$DO: possibly delisted; no timezone found

1 Failed download:
['DO']: possibly delisted; no timezone found

1 Failed download:
['DNB']: YFRateLimitError('Too Many Requests. Rate limited. Try after a while.')

1 Failed download:
['DOW']: YFRateLimitError('Too Many Requests. Rate limited. Try after a while.')
$DTV: possibly delisted; no timezone found

1 Failed download:
['DTV']: possibly delisted; no timezone found

1 Failed download:
['EA']: YFRateLimitError('Too Many Requests. Rate limited. Try after a while.')

1 Failed download:
['EMC']: YFRateLimitError('Too Many Requests. Rate limited. Try after a while.')
$ETFC: possibly delisted; no timezone found
$ETFC: possibly delisted; no timezone found

1 Failed download:
['ETFC']: possibly delisted; no timezone found

1 Failed download:
['ESV']: YFRateLimitError('Too Many Requests. Rate limited. Try after a while.')

1 Failed download:
['FB']: YFRateLimitError('Too Many Requests. Rate limited. Try after a while.')

1 Failed download:
['FLIR']: YFRateLimitError('Too Many Requests. Rate limited. Try after a while.')

1 Failed download:
['FTR']: YFRateLimitError('Too Many Requests. Rate limited. Try after a while.')
$GGP: possibly delisted; no price data found  (1d 1927-09-17 -> 2026-08-23)

1 Failed download:
['FOXA']: YFRateLimitError('Too Many Requests. Rate limited. Try after a while.')
$GGP: possibly delisted; no price data found  (1d 2015-06-21 -> 2015-07-02)

1 Failed download:
['GGP']: possibly delisted; no price data found  (1d 2015-06-21 -> 2015-07-02)
$GMCR: possibly delisted; no price data found  (1d 1927-09-17 -> 2026-08-23)
$GMCR: possibly delisted; no price data found  (1d 2015-06-21 -> 2015-07-02)

1 Failed download:
['GMCR']: possibly delisted; no price data found  (1d 2015-06-21 -> 2015-07-02)
$GAS: possibly delisted; no price data found  (1d 1927-09-17 -> 2026-08-23)
$GAS: possibly delisted; no price data found  (1d 2015-06-21 -> 2015-07-02)

1 Failed download:
['GAS']: possibly delisted; no price data found  (1d 2015-06-21 -> 2015-07-02)

1 Failed download:
['GPS']: YFRateLimitError('Too Many Requests. Rate limited. Try after a while.')
$HAR: possibly delisted; no price data found  (1d 1927-09-17 -> 2026-08-23)
$HAR: possibly delisted; no price data found  (1d 2015-06-21 -> 2015-07-02)

1 Failed download:
['HAR']: possibly delisted; no price data found  (1d 2015-06-21 -> 2015-07-02)

1 Failed download:
['HBI']: YFRateLimitError('Too Many Requests. Rate limited. Try after a while.')

1 Failed download:
['HCP']: YFRateLimitError('Too Many Requests. Rate limited. Try after a while.')
$HES: possibly delisted; no timezone found
$HES: possibly delisted; no timezone found

1 Failed download:
['HES']: possibly delisted; no timezone found
$HCBK: possibly delisted; no price data found  (1d 1927-09-17 -> 2026-08-23)
$HCBK: possibly delisted; no price data found  (1d 2015-06-21 -> 2015-07-02)

1 Failed download:
['HCBK']: possibly delisted; no price data found  (1d 2015-06-21 -> 2015-07-02)
$HSP: possibly delisted; no price data found  (1d 1927-09-17 -> 2026-08-23)
$HSP: possibly delisted; no price data found  (1d 2015-06-21 -> 2015-07-02)

1 Failed download:
['HSP']: possibly delisted; no price data found  (1d 2015-06-21 -> 2015-07-02)

1 Failed download:
['IPG']: YFRateLimitError('Too Many Requests. Rate limited. Try after a while.')
$JEC: possibly delisted; no timezone found

1 Failed download:
['JEC']: possibly delisted; no timezone found
$JOY: possibly delisted; no price data found  (1d 1927-09-17 -> 2026-08-23)

1 Failed download:
['JNPR']: YFRateLimitError('Too Many Requests. Rate limited. Try after a while.')
$IR: possibly delisted; no price data found  (1d 2015-06-21 -> 2017-05-11) (Yahoo error = "Data doesn't exist for startDate = 1434859200, endDate = 1494475200")

1 Failed download:
['IR']: possibly delisted; no price data found  (1d 2015-06-21 -> 2017-05-11) (Yahoo error = "Data doesn't exist for startDate = 1434859200, endDate = 1494475200")
$JOY: possibly delisted; no price data found  (1d 2015-06-21 -> 2015-07-02)

1 Failed download:
['JOY']: possibly delisted; no price data found  (1d 2015-06-21 -> 2015-07-02)
$K: possibly delisted; no timezone found
$K: possibly delisted; no timezone found

1 Failed download:
['K']: possibly delisted; no timezone found
$KORS: possibly delisted; no price data found  (1d 1927-09-17 -> 2026-08-23)

1 Failed download:
['JWN']: YFRateLimitError('Too Many Requests. Rate limited. Try after a while.')
$KORS: possibly delisted; no price data found  (1d 2015-06-21 -> 2015-07-02)

1 Failed download:
['KORS']: possibly delisted; no price data found  (1d 2015-06-21 -> 2015-07-02)

1 Failed download:
['KSU']: YFRateLimitError('Too Many Requests. Rate limited. Try after a while.')
$LLTC: possibly delisted; no price data found  (1d 1927-09-17 -> 2026-08-23)
$LM: possibly delisted; no timezone found
$LB: possibly delisted; no price data found  (1d 2015-06-21 -> 2015-07-02) (Yahoo error = "Data doesn't exist for startDate = 1434859200, endDate = 1435809600")

1 Failed download:
['LB']: possibly delisted; no price data found  (1d 2015-06-21 -> 2015-07-02) (Yahoo error = "Data doesn't exist for startDate = 1434859200, endDate = 1435809600")
$LLTC: possibly delisted; no price data found  (1d 2015-06-21 -> 2015-07-02)

1 Failed download:
['LLTC']: possibly delisted; no price data found  (1d 2015-06-21 -> 2015-07-02)
$LM: possibly delisted; no timezone found

1 Failed download:
['LLL']: YFRateLimitError('Too Many Requests. Rate limited. Try after a while.')

1 Failed download:
['LM']: possibly delisted; no timezone found
$LVLT: possibly delisted; no price data found  (1d 1927-09-17 -> 2026-08-23)
$LVLT: possibly delisted; no price data found  (1d 2015-06-21 -> 2015-07-02)

1 Failed download:
['LVLT']: possibly delisted; no price data found  (1d 2015-06-21 -> 2015-07-02)
$MJN: possibly delisted; no price data found  (1d 1927-09-17 -> 2026-08-23)
$MJN: possibly delisted; no price data found  (1d 2015-06-21 -> 2015-07-02)

1 Failed download:
['MJN']: possibly delisted; no price data found  (1d 2015-06-21 -> 2015-07-02)
$MNK: possibly delisted; no timezone found
$MNK: possibly delisted; no timezone found

1 Failed download:
['MNK']: possibly delisted; no timezone found

1 Failed download:
['MMC']: YFRateLimitError('Too Many Requests. Rate limited. Try after a while.')
$MON: possibly delisted; no timezone found
$MON: possibly delisted; no timezone found

1 Failed download:
['MON']: possibly delisted; no timezone found

1 Failed download:
['MRO']: YFRateLimitError('Too Many Requests. Rate limited. Try after a while.')
$NBL: possibly delisted; no timezone found
$NBL: possibly delisted; no timezone found

1 Failed download:
['NBL']: possibly delisted; no timezone found

1 Failed download:
['MYL']: YFRateLimitError('Too Many Requests. Rate limited. Try after a while.')

1 Failed download:
['NE']: YFRateLimitError('Too Many Requests. Rate limited. Try after a while.')

1 Failed download:
['NFX']: YFRateLimitError('Too Many Requests. Rate limited. Try after a while.')
$NLSN: possibly delisted; no timezone found
$NLSN: possibly delisted; no timezone found

1 Failed download:
['NLSN']: possibly delisted; no timezone found

1 Failed download:
['PBCT']: YFRateLimitError('Too Many Requests. Rate limited. Try after a while.')
$PCP: possibly delisted; no price data found  (1d 1927-09-17 -> 2026-08-23)
$PCL: possibly delisted; no price data found  (1d 2015-06-21 -> 2015-07-02) (Yahoo error = "Data doesn't exist for startDate = 1434859200, endDate = 1435809600")

1 Failed download:
['PCL']: possibly delisted; no price data found  (1d 2015-06-21 -> 2015-07-02) (Yahoo error = "Data doesn't exist for startDate = 1434859200, endDate = 1435809600")
$PCP: possibly delisted; no price data found  (1d 2015-06-21 -> 2015-07-02) (Yahoo error = "Data doesn't exist for startDate = 1434859200, endDate = 1435809600")

1 Failed download:
['PCP']: possibly delisted; no price data found  (1d 2015-06-21 -> 2015-07-02) (Yahoo error = "Data doesn't exist for startDate = 1434859200, endDate = 1435809600")

1 Failed download:
['PDCO']: YFRateLimitError('Too Many Requests. Rate limited. Try after a while.')

1 Failed download:
['PKI']: YFRateLimitError('Too Many Requests. Rate limited. Try after a while.')
$PLL: possibly delisted; no timezone found
$PLL: possibly delisted; no timezone found

1 Failed download:
['PLL']: possibly delisted; no timezone found

1 Failed download:
['POM']: YFRateLimitError('Too Many Requests. Rate limited. Try after a while.')
$PX: possibly delisted; no timezone found

1 Failed download:
['PX']: possibly delisted; no timezone found

1 Failed download:
['PXD']: YFRateLimitError('Too Many Requests. Rate limited. Try after a while.')
$RAI: possibly delisted; no price data found  (1d 1927-09-17 -> 2026-08-23)
$RAI: possibly delisted; no price data found  (1d 2015-06-21 -> 2015-07-02)

1 Failed download:
['RAI']: possibly delisted; no price data found  (1d 2015-06-21 -> 2015-07-02)

1 Failed download:
['RHT']: YFRateLimitError('Too Many Requests. Rate limited. Try after a while.')

1 Failed download:
['RTN']: YFRateLimitError('Too Many Requests. Rate limited. Try after a while.')
$SIAL: possibly delisted; no price data found  (1d 1927-09-17 -> 2026-08-23)
$SCG: possibly delisted; no price data found  (1d 2015-06-21 -> 2015-07-15) (Yahoo error = "Data doesn't exist for startDate = 1434859200, endDate = 1436932800")

1 Failed download:
['SCG']: possibly delisted; no price data found  (1d 2015-06-21 -> 2015-07-15) (Yahoo error = "Data doesn't exist for startDate = 1434859200, endDate = 1436932800")
$SIAL: possibly delisted; no price data found  (1d 2015-06-21 -> 2015-07-02)

1 Failed download:
['SIAL']: possibly delisted; no price data found  (1d 2015-06-21 -> 2015-07-02)
$SNI: possibly delisted; no price data found  (1d 1927-09-17 -> 2026-08-23)

1 Failed download:
['SEE']: YFRateLimitError('Too Many Requests. Rate limited. Try after a while.')
$SE: possibly delisted; no price data found  (1d 2015-06-21 -> 2015-07-02) (Yahoo error = "Data doesn't exist for startDate = 1434859200, endDate = 1435809600")

1 Failed download:
['SE']: possibly delisted; no price data found  (1d 2015-06-21 -> 2015-07-02) (Yahoo error = "Data doesn't exist for startDate = 1434859200, endDate = 1435809600")
$SNI: possibly delisted; no price data found  (1d 2015-06-21 -> 2015-07-02)

1 Failed download:
['SNI']: possibly delisted; no price data found  (1d 2015-06-21 -> 2015-07-02)

1 Failed download:
['SNDK']: YFRateLimitError('Too Many Requests. Rate limited. Try after a while.')

1 Failed download:
['SRCL']: YFRateLimitError('Too Many Requests. Rate limited. Try after a while.')

1 Failed download:
['SPLS']: YFRateLimitError('Too Many Requests. Rate limited. Try after a while.')
$STJ: possibly delisted; no price data found  (1d 1927-09-17 -> 2026-08-23)
$STJ: possibly delisted; no price data found  (1d 2015-06-21 -> 2015-07-02)

1 Failed download:
['STJ']: possibly delisted; no price data found  (1d 2015-06-21 -> 2015-07-02)

1 Failed download:
['STI']: YFRateLimitError('Too Many Requests. Rate limited. Try after a while.')

1 Failed download:
['SYMC']: YFRateLimitError('Too Many Requests. Rate limited. Try after a while.')
$TGNA: possibly delisted; no timezone found
$TGNA: possibly delisted; no timezone found

1 Failed download:
['TGNA']: possibly delisted; no timezone found

1 Failed download:
['TE']: YFRateLimitError('Too Many Requests. Rate limited. Try after a while.')
$TIF: possibly delisted; no timezone found
$TIF: possibly delisted; no timezone found

1 Failed download:
['TIF']: possibly delisted; no timezone found

1 Failed download:
['TMK']: YFRateLimitError('Too Many Requests. Rate limited. Try after a while.')

1 Failed download:
['TSS']: YFRateLimitError('Too Many Requests. Rate limited. Try after a while.')
$TWC: possibly delisted; no price data found  (1d 1927-09-17 -> 2026-08-23)
$TWC: possibly delisted; no price data found  (1d 2015-06-21 -> 2015-07-02)

1 Failed download:
['TWC']: possibly delisted; no price data found  (1d 2015-06-21 -> 2015-07-02)
$VAR: possibly delisted; no timezone found
$VAR: possibly delisted; no timezone found

1 Failed download:
['VAR']: possibly delisted; no timezone found

1 Failed download:
['UTX']: YFRateLimitError('Too Many Requests. Rate limited. Try after a while.')

1 Failed download:
['VIAB']: YFRateLimitError('Too Many Requests. Rate limited. Try after a while.')

1 Failed download:
['WBA']: YFRateLimitError('Too Many Requests. Rate limited. Try after a while.')
$WFM: possibly delisted; no price data found  (1d 1927-09-17 -> 2026-08-23)
$WFM: possibly delisted; no price data found  (1d 2015-06-21 -> 2015-07-02)

1 Failed download:
['WFM']: possibly delisted; no price data found  (1d 2015-06-21 -> 2015-07-02)

1 Failed download:
['WYND']: YFRateLimitError('Too Many Requests. Rate limited. Try after a while.')
$XEC: possibly delisted; no timezone found
$XEC: possibly delisted; no timezone found

1 Failed download:
['XEC']: possibly delisted; no timezone found

1 Failed download:
['XL']: YFRateLimitError('Too Many Requests. Rate limited. Try after a while.')

1 Failed download:
['XLNX']: YFRateLimitError('Too Many Requests. Rate limited. Try after a while.')
[h11]     [3/4] 2015-07-01: picks=['NFLX', 'GILD', 'NKE'] (pool=40, 후보=37, 60.5s)
$ABC: possibly delisted; no timezone found
$ABC: possibly delisted; no timezone found

1 Failed download:
['ABC']: possibly delisted; no timezone found

1 Failed download:
['AABA']: YFRateLimitError('Too Many Requests. Rate limited. Try after a while.')

1 Failed download:
['ADS']: YFRateLimitError('Too Many Requests. Rate limited. Try after a while.')
$ADT: possibly delisted; no price data found  (1d 2015-12-25 -> 2018-01-18) (Yahoo error = "Data doesn't exist for startDate = 1451019600, endDate = 1516251600")

1 Failed download:
['ADT']: possibly delisted; no price data found  (1d 2015-12-25 -> 2018-01-18) (Yahoo error = "Data doesn't exist for startDate = 1451019600, endDate = 1516251600")

1 Failed download:
['AGN']: YFRateLimitError('Too Many Requests. Rate limited. Try after a while.')

1 Failed download:
['ALXN']: YFRateLimitError('Too Many Requests. Rate limited. Try after a while.')

1 Failed download:
['ANTM']: YFRateLimitError('Too Many Requests. Rate limited. Try after a while.')
$ARG: possibly delisted; no price data found  (1d 1927-09-17 -> 2026-08-23)

1 Failed download:
['ARNC']: YFRateLimitError('Too Many Requests. Rate limited. Try after a while.')
$ARG: possibly delisted; no price data found  (1d 2015-12-25 -> 2016-01-05) (Yahoo error = "Data doesn't exist for startDate = 1451019600, endDate = 1451970000")

1 Failed download:
['ARG']: possibly delisted; no price data found  (1d 2015-12-25 -> 2016-01-05) (Yahoo error = "Data doesn't exist for startDate = 1451019600, endDate = 1451970000")
$APC: possibly delisted; no price data found  (1d 2015-12-25 -> 2026-02-11) (Yahoo error = "Data doesn't exist for startDate = 1451019600, endDate = 1770786000")

1 Failed download:
['APC']: possibly delisted; no price data found  (1d 2015-12-25 -> 2026-02-11) (Yahoo error = "Data doesn't exist for startDate = 1451019600, endDate = 1770786000")

1 Failed download:
['ATVI']: YFRateLimitError('Too Many Requests. Rate limited. Try after a while.')
$BCR: possibly delisted; no price data found  (1d 1927-09-17 -> 2026-08-23)
$BCR: possibly delisted; no price data found  (1d 2015-12-25 -> 2016-01-05)

1 Failed download:
['BCR']: possibly delisted; no price data found  (1d 2015-12-25 -> 2016-01-05)
$BLL: possibly delisted; no timezone found

1 Failed download:
['BHGE']: YFRateLimitError('Too Many Requests. Rate limited. Try after a while.')
$BLL: possibly delisted; no timezone found

1 Failed download:
['BLL']: possibly delisted; no timezone found
$BRCM: possibly delisted; no price data found  (1d 1927-09-17 -> 2026-08-23)
$BRCM: possibly delisted; no price data found  (1d 2015-12-25 -> 2016-01-05)

1 Failed download:
['BRCM']: possibly delisted; no price data found  (1d 2015-12-25 -> 2016-01-05)
$BXLT: possibly delisted; no price data found  (1d 1927-09-17 -> 2026-08-23)
$BXLT: possibly delisted; no price data found  (1d 2015-12-25 -> 2016-01-05)

1 Failed download:
['BXLT']: possibly delisted; no price data found  (1d 2015-12-25 -> 2016-01-05)
$BK: possibly delisted; no timezone found

1 Failed download:
['BK']: possibly delisted; no timezone found

1 Failed download:
['CA']: YFRateLimitError('Too Many Requests. Rate limited. Try after a while.')

1 Failed download:
['CAM']: YFRateLimitError('Too Many Requests. Rate limited. Try after a while.')
$CCE: possibly delisted; no price data found  (1d 1927-09-17 -> 2026-08-23)
$CBS: possibly delisted; no timezone found
$CBS: possibly delisted; no timezone found

1 Failed download:
['CBS']: possibly delisted; no timezone found
$CCE: possibly delisted; no price data found  (1d 2015-12-25 -> 2016-01-05)

1 Failed download:
['CCE']: possibly delisted; no price data found  (1d 2015-12-25 -> 2016-01-05)
$CHK: possibly delisted; no timezone found
$CELG: possibly delisted; no timezone found
$CHK: possibly delisted; no timezone found

1 Failed download:
['CHK']: possibly delisted; no timezone found
$CELG: possibly delisted; no timezone found

1 Failed download:
['CELG']: possibly delisted; no timezone found

1 Failed download:
['CERN']: YFRateLimitError('Too Many Requests. Rate limited. Try after a while.')

1 Failed download:
['CMA']: YFRateLimitError('Too Many Requests. Rate limited. Try after a while.')

1 Failed download:
['COG']: YFRateLimitError('Too Many Requests. Rate limited. Try after a while.')
$CPGX: possibly delisted; no price data found  (1d 1927-09-17 -> 2026-08-23)
$CPGX: possibly delisted; no price data found  (1d 2015-12-25 -> 2016-01-05)

1 Failed download:
['CPGX']: possibly delisted; no price data found  (1d 2015-12-25 -> 2016-01-05)

1 Failed download:
['CSRA']: YFRateLimitError('Too Many Requests. Rate limited. Try after a while.')
$CVC: possibly delisted; no price data found  (1d 1927-09-17 -> 2026-08-23)
$CTL: possibly delisted; no timezone found
$CTL: possibly delisted; no timezone found

1 Failed download:
['CTL']: possibly delisted; no timezone found
$CTXS: possibly delisted; no timezone found
$CTXS: possibly delisted; no timezone found

1 Failed download:
['CTXS']: possibly delisted; no timezone found
$CVC: possibly delisted; no price data found  (1d 2015-12-25 -> 2016-01-05)

1 Failed download:
['CVC']: possibly delisted; no price data found  (1d 2015-12-25 -> 2016-01-05)
$DNB: possibly delisted; no timezone found
$DO: possibly delisted; no timezone found

1 Failed download:
['DISCK']: YFRateLimitError('Too Many Requests. Rate limited. Try after a while.')
$DNB: possibly delisted; no timezone found
$DO: possibly delisted; no timezone found

1 Failed download:

1 Failed download:
['DO']: possibly delisted; no timezone found
['DNB']: possibly delisted; no timezone found

1 Failed download:
['DFS']: YFRateLimitError('Too Many Requests. Rate limited. Try after a while.')

1 Failed download:
['DOW']: YFRateLimitError('Too Many Requests. Rate limited. Try after a while.')

1 Failed download:
['EA']: YFRateLimitError('Too Many Requests. Rate limited. Try after a while.')
$DISCA: possibly delisted; no timezone found
$DISCA: possibly delisted; no timezone found

1 Failed download:
['DISCA']: possibly delisted; no timezone found

1 Failed download:
['EMC']: YFRateLimitError('Too Many Requests. Rate limited. Try after a while.')
$ETFC: possibly delisted; no timezone found

1 Failed download:
['ESV']: YFRateLimitError('Too Many Requests. Rate limited. Try after a while.')
$ETFC: possibly delisted; no timezone found

1 Failed download:
['ETFC']: possibly delisted; no timezone found

1 Failed download:
['FB']: YFRateLimitError('Too Many Requests. Rate limited. Try after a while.')

1 Failed download:
['FLIR']: YFRateLimitError('Too Many Requests. Rate limited. Try after a while.')
$GAS: possibly delisted; no price data found  (1d 1927-09-17 -> 2026-08-23)

1 Failed download:
['FOXA']: YFRateLimitError('Too Many Requests. Rate limited. Try after a while.')
$GGP: possibly delisted; no price data found  (1d 1927-09-17 -> 2026-08-23)

1 Failed download:
['FTR']: YFRateLimitError('Too Many Requests. Rate limited. Try after a while.')
$FOX: possibly delisted; no price data found  (1d 2015-12-25 -> 2019-03-12) (Yahoo error = "Data doesn't exist for startDate = 1451019600, endDate = 1552363200")

1 Failed download:
['FOX']: possibly delisted; no price data found  (1d 2015-12-25 -> 2019-03-12) (Yahoo error = "Data doesn't exist for startDate = 1451019600, endDate = 1552363200")
$GMCR: possibly delisted; no price data found  (1d 1927-09-17 -> 2026-08-23)
$GGP: possibly delisted; no price data found  (1d 2015-12-25 -> 2016-01-05)

1 Failed download:
['GGP']: possibly delisted; no price data found  (1d 2015-12-25 -> 2016-01-05)
$GMCR: possibly delisted; no price data found  (1d 2015-12-25 -> 2016-01-05)

1 Failed download:
['GMCR']: possibly delisted; no price data found  (1d 2015-12-25 -> 2016-01-05)
$GAS: possibly delisted; no price data found  (1d 2015-12-25 -> 2016-01-05)

1 Failed download:
['GAS']: possibly delisted; no price data found  (1d 2015-12-25 -> 2016-01-05)

1 Failed download:
['GPS']: YFRateLimitError('Too Many Requests. Rate limited. Try after a while.')
$HAR: possibly delisted; no price data found  (1d 1927-09-17 -> 2026-08-23)
$HAR: possibly delisted; no price data found  (1d 2015-12-25 -> 2016-01-05)

1 Failed download:
['HAR']: possibly delisted; no price data found  (1d 2015-12-25 -> 2016-01-05)
$HBI: possibly delisted; no timezone found
$HBI: possibly delisted; no timezone found

1 Failed download:
['HBI']: possibly delisted; no timezone found

1 Failed download:
['HCP']: YFRateLimitError('Too Many Requests. Rate limited. Try after a while.')

1 Failed download:
['HES']: YFRateLimitError('Too Many Requests. Rate limited. Try after a while.')

1 Failed download:
['IPG']: YFRateLimitError('Too Many Requests. Rate limited. Try after a while.')

1 Failed download:
['IR']: YFRateLimitError('Too Many Requests. Rate limited. Try after a while.')
$JNPR: possibly delisted; no timezone found

1 Failed download:
['JEC']: YFRateLimitError('Too Many Requests. Rate limited. Try after a while.')
$JNPR: possibly delisted; no timezone found

1 Failed download:
['JNPR']: possibly delisted; no timezone found
$JWN: possibly delisted; no timezone found

1 Failed download:
['K']: YFRateLimitError('Too Many Requests. Rate limited. Try after a while.')
$JWN: possibly delisted; no timezone found

1 Failed download:
['JWN']: possibly delisted; no timezone found
$KORS: possibly delisted; no price data found  (1d 1927-09-17 -> 2026-08-23)
$KORS: possibly delisted; no price data found  (1d 2015-12-25 -> 2016-01-05)

1 Failed download:
['KORS']: possibly delisted; no price data found  (1d 2015-12-25 -> 2016-01-05)

1 Failed download:
['KSU']: YFRateLimitError('Too Many Requests. Rate limited. Try after a while.')

1 Failed download:
['LB']: YFRateLimitError('Too Many Requests. Rate limited. Try after a while.')
$LLTC: possibly delisted; no price data found  (1d 1927-09-17 -> 2026-08-23)
$LLTC: possibly delisted; no price data found  (1d 2015-12-25 -> 2016-01-05)
$LLL: possibly delisted; no timezone found

1 Failed download:
['LLTC']: possibly delisted; no price data found  (1d 2015-12-25 -> 2016-01-05)

1 Failed download:
['LLL']: possibly delisted; no timezone found
$LVLT: possibly delisted; no price data found  (1d 1927-09-17 -> 2026-08-23)

1 Failed download:
['LM']: YFRateLimitError('Too Many Requests. Rate limited. Try after a while.')
$LVLT: possibly delisted; no price data found  (1d 2015-12-25 -> 2016-01-05)

1 Failed download:
['LVLT']: possibly delisted; no price data found  (1d 2015-12-25 -> 2016-01-05)
$MJN: possibly delisted; no price data found  (1d 1927-09-17 -> 2026-08-23)
$MJN: possibly delisted; no price data found  (1d 2015-12-25 -> 2016-01-05)

1 Failed download:
['MJN']: possibly delisted; no price data found  (1d 2015-12-25 -> 2016-01-05)
$MNK: possibly delisted; no timezone found

1 Failed download:
['MMC']: YFRateLimitError('Too Many Requests. Rate limited. Try after a while.')
$MNK: possibly delisted; no timezone found

1 Failed download:
['MNK']: possibly delisted; no timezone found
$MON: possibly delisted; no timezone found
$MON: possibly delisted; no timezone found

1 Failed download:
['MON']: possibly delisted; no timezone found

1 Failed download:
['MRO']: YFRateLimitError('Too Many Requests. Rate limited. Try after a while.')
$MYL: possibly delisted; no timezone found

1 Failed download:
['MYL']: possibly delisted; no timezone found

1 Failed download:
['NBL']: YFRateLimitError('Too Many Requests. Rate limited. Try after a while.')

1 Failed download:
['NLSN']: YFRateLimitError('Too Many Requests. Rate limited. Try after a while.')

1 Failed download:
['NFX']: YFRateLimitError('Too Many Requests. Rate limited. Try after a while.')

1 Failed download:
['PBCT']: YFRateLimitError('Too Many Requests. Rate limited. Try after a while.')
$PCP: possibly delisted; no price data found  (1d 1927-09-17 -> 2026-08-23)

1 Failed download:
['PCP']: YFRateLimitError('Too Many Requests. Rate limited. Try after a while.')
$PDCO: possibly delisted; no timezone found
$PDCO: possibly delisted; no timezone found
$PCL: possibly delisted; no price data found  (1d 2015-12-25 -> 2016-01-05) (Yahoo error = "Data doesn't exist for startDate = 1451019600, endDate = 1451970000")

1 Failed download:
['PDCO']: possibly delisted; no timezone found

1 Failed download:
['PCL']: possibly delisted; no price data found  (1d 2015-12-25 -> 2016-01-05) (Yahoo error = "Data doesn't exist for startDate = 1451019600, endDate = 1451970000")

1 Failed download:
['PKI']: YFRateLimitError('Too Many Requests. Rate limited. Try after a while.')

1 Failed download:
['POM']: YFRateLimitError('Too Many Requests. Rate limited. Try after a while.')
$PX: possibly delisted; no timezone found
$PX: possibly delisted; no timezone found

1 Failed download:
['PX']: possibly delisted; no timezone found
$RAI: possibly delisted; no price data found  (1d 1927-09-17 -> 2026-08-23)

1 Failed download:
['PXD']: YFRateLimitError('Too Many Requests. Rate limited. Try after a while.')
$RAI: possibly delisted; no price data found  (1d 2015-12-25 -> 2016-01-05)

1 Failed download:
['RAI']: possibly delisted; no price data found  (1d 2015-12-25 -> 2016-01-05)

1 Failed download:
['RHT']: YFRateLimitError('Too Many Requests. Rate limited. Try after a while.')

1 Failed download:
['RTN']: YFRateLimitError('Too Many Requests. Rate limited. Try after a while.')

1 Failed download:
['SE']: YFRateLimitError('Too Many Requests. Rate limited. Try after a while.')
$SEE: possibly delisted; no timezone found
$SEE: possibly delisted; no timezone found

1 Failed download:
['SEE']: possibly delisted; no timezone found
$SNI: possibly delisted; no price data found  (1d 1927-09-17 -> 2026-08-23)
$SNI: possibly delisted; no price data found  (1d 2015-12-25 -> 2016-01-05)

1 Failed download:
['SNI']: possibly delisted; no price data found  (1d 2015-12-25 -> 2016-01-05)

1 Failed download:
['SNDK']: YFRateLimitError('Too Many Requests. Rate limited. Try after a while.')
$STJ: possibly delisted; no price data found  (1d 1927-09-17 -> 2026-08-23)
$STJ: possibly delisted; no price data found  (1d 2015-12-25 -> 2016-01-05)

1 Failed download:
['STJ']: possibly delisted; no price data found  (1d 2015-12-25 -> 2016-01-05)

1 Failed download:
['SRCL']: YFRateLimitError('Too Many Requests. Rate limited. Try after a while.')

1 Failed download:
['SPLS']: YFRateLimitError('Too Many Requests. Rate limited. Try after a while.')
$STI: possibly delisted; no price data found  (1d 2015-12-25 -> 2016-01-05) (Yahoo error = "Data doesn't exist for startDate = 1451019600, endDate = 1451970000")

1 Failed download:
['STI']: possibly delisted; no price data found  (1d 2015-12-25 -> 2016-01-05) (Yahoo error = "Data doesn't exist for startDate = 1451019600, endDate = 1451970000")

1 Failed download:
['SYMC']: YFRateLimitError('Too Many Requests. Rate limited. Try after a while.')

1 Failed download:
['TE']: YFRateLimitError('Too Many Requests. Rate limited. Try after a while.')
$TGNA: possibly delisted; no timezone found
$TIF: possibly delisted; no timezone found
$TIF: possibly delisted; no timezone found

1 Failed download:
['TIF']: possibly delisted; no timezone found
$TGNA: possibly delisted; no timezone found

1 Failed download:
['TGNA']: possibly delisted; no timezone found

1 Failed download:
['TMK']: YFRateLimitError('Too Many Requests. Rate limited. Try after a while.')
$TWC: possibly delisted; no price data found  (1d 1927-09-17 -> 2026-08-23)
$TWC: possibly delisted; no price data found  (1d 2015-12-25 -> 2016-01-05)

1 Failed download:
['TWC']: possibly delisted; no price data found  (1d 2015-12-25 -> 2016-01-05)

1 Failed download:
['TSS']: YFRateLimitError('Too Many Requests. Rate limited. Try after a while.')
$UTX: possibly delisted; no timezone found

1 Failed download:
['UTX']: possibly delisted; no timezone found
$VAR: possibly delisted; no timezone found

1 Failed download:
['VAR']: possibly delisted; no timezone found

1 Failed download:
['VIAB']: YFRateLimitError('Too Many Requests. Rate limited. Try after a while.')
$WFM: possibly delisted; no price data found  (1d 1927-09-17 -> 2026-08-23)

1 Failed download:
['WBA']: YFRateLimitError('Too Many Requests. Rate limited. Try after a while.')
$WFM: possibly delisted; no price data found  (1d 2015-12-25 -> 2016-01-05)

1 Failed download:
['WFM']: possibly delisted; no price data found  (1d 2015-12-25 -> 2016-01-05)

1 Failed download:
['WRK']: YFRateLimitError('Too Many Requests. Rate limited. Try after a while.')
$XEC: possibly delisted; no timezone found
$XEC: possibly delisted; no timezone found

1 Failed download:
['XEC']: possibly delisted; no timezone found

1 Failed download:
['WYND']: YFRateLimitError('Too Many Requests. Rate limited. Try after a while.')
$XLNX: possibly delisted; no timezone found
$XLNX: possibly delisted; no timezone found

1 Failed download:
['XLNX']: possibly delisted; no timezone found

1 Failed download:
['XL']: YFRateLimitError('Too Many Requests. Rate limited. Try after a while.')
[h11]     [4/4] 2016-01-04: picks=['AMZN', 'GOOGL', 'GOOG'] (pool=40, 후보=38, 58.6s)
[h18]   새틀라이트 지표(전체, 정적보유): {'cumulative_return': -21.19, 'cagr': -10.84, 'mdd': -31.92, 'sharpe': -0.39, 'win_rate': 0.0, 'avg_holding_days': 0.0, 'trade_count': 0, 'profit_factor': 0.0, 'calmar': -0.34, 'avg_drawdown_days': 17.0}, 반기 리밸런싱 4회
[h18]   새틀라이트 실시간청산 재구축 중...
$NFLX: possibly delisted; no price data found  (1d 2012-07-01 -> 2012-07-01)
$GOOG: possibly delisted; no price data found  (1d 2012-07-01 -> 2012-07-01)

1 Failed download:

1 Failed download:
['GOOG']: possibly delisted; no price data found  (1d 2012-07-01 -> 2012-07-01)
['NFLX']: possibly delisted; no price data found  (1d 2012-07-01 -> 2012-07-01)
[h18]   실시간청산 지표(전체): {'cumulative_return': -21.97, 'cagr': -11.27, 'mdd': -24.02, 'sharpe': -0.66, 'win_rate': 0.0, 'avg_holding_days': 0.0, 'trade_count': 0, 'profit_factor': 0.0, 'calmar': -0.47, 'avg_drawdown_days': 17.0}, 조기청산 7/12
/workspaces/Quant/analysis/2026-08-22_regime_conditional_satellite_switch/h12_regime_switch.py:84: FutureWarning: Downcasting object dtype arrays on .fillna, .ffill, .bfill is deprecated and will change in a future version. Call result.infer_objects(copy=False) instead. To opt-in to the future behavior, set `pd.set_option('future.no_silent_downcasting', True)`
  signal_lagged = regime_aligned.shift(1).fillna(False)  # 전일 신호를 오늘 적용(챔피언 관례와 동일)
[h18]   correction_2015_2016 완료 (238.8s)
[h18] 저장 완료: /workspaces/Quant/.claude/worktrees/agent-a89b994c40fc5c1e7/analysis/2026-08-23_crisis_sample_expansion_and_risk_frontier/h18_results.json (총 693s)
[h18]   gfc_2008: A_sharpe=-0.21 B_sharpe=0.28 B>=A(sharpe)=True B<=A(mdd)=True
[h18]   correction_2015_2016: A_sharpe=-1.7 B_sharpe=-1.76 B>=A(sharpe)=False B<=A(mdd)=True
[h18]   selloff_2018: A_sharpe=-1.67 B_sharpe=-1.86 B>=A(sharpe)=False B<=A(mdd)=True
[h18]   bear_2022: A_sharpe=0.2 B_sharpe=0.18 B>=A(sharpe)=False B<=A(mdd)=True
[h18]   covid_2020: A_sharpe=0.04 B_sharpe=-0.44 B>=A(sharpe)=False B<=A(mdd)=True
